txn_id,reference_id,amount,date,narration
BTXN4090456905,RZP7638970971,12052.21,2026-07-09,UPI-RAZORPAY SOFTWARE PVT LTD-RZP7638970971
BTXN5691145512,RZP6491417851,28516.42,2026-07-14,RTGS-RZP6491417851-RAZORPAY SOFTWARE PVT LTD
BTXN4528828126,RZP1314597900,13760.42,2026-07-05,UPI-RAZORPAY SOFTWARE PVT LTD-RZP1314597900
BTXN8458467240,RZP1048567099,9958.35,2026-07-13,RTGS-RZP1048567099-RAZORPAY SOFTWARE PVT LTD
BTXN2714965285,RZP2655137747,30396.30,2026-07-01,IMPS/RZP2655137747/RAZORPAY SETTLEMENT
BTXN5462774644,RZP6693980037,30146.88,2026-07-07,IMPS/RZP6693980037/RAZORPAY SETTLEMENT
BTXN9232015048,RZP5975477610,17707.23,2026-07-12,NEFT CR-RZP5975477610-RAZORPAY
BTXN7325721923,RZP5585931958,32372.64,2026-07-11,NEFT CR-RZP5585931958-RAZORPAY
BTXN9527364106,RZP5738557978,49603.76,2026-07-04,RTGS-RZP5738557978-RAZORPAY SOFTWARE PVT LTD
BTXN5086982564,RZP1818440615,67936.68,2026-07-08,IMPS/RZP1818440615/RAZORPAY SETTLEMENT
BTXN6744739311,RZP4644958316,659.78,2026-07-05,RTGS-RZP4644958316-RAZORPAY SOFTWARE PVT LTD
BTXN4470864519,RZP5592764774,1402.72,2026-07-11,NEFT CR-RZP5592764774-RAZORPAY
BTXN6387133174,RZP3438830691,30180.94,2026-07-12,NEFT CR-RZP3438830691-RAZORPAY
BTXN4963756929,RZP8023357726,73180.76,2026-07-04,RTGS-RZP8023357726-RAZORPAY SOFTWARE PVT LTD
BTXN2852934216,RZP1716275768,31687.61,2026-07-13,RTGS-RZP1716275768-RAZORPAY SOFTWARE PVT LTD
BTXN2143625802,RZP9984650935,53601.37,2026-07-07,NEFT CR-RZP9984650935-RAZORPAY
BTXN4164809357,RZP9856660350,33576.46,2026-07-15,UPI-RAZORPAY SETTLEMENT ORDER 660350
BTXN3046572593,RZP2297295374,20073.06,2026-07-15,NEFT CR-RZP2297295374-RAZORPAY
BTXN2244218045,RZP7650335767,63845.70,2026-07-06,UPI-RAZORPAY SOFTWARE PVT LTD-RZP7650335767
BTXN8374629365,RZP8218535338,57673.07,2026-07-15,NEFT CR-RZP8218535338-RAZORPAY
BTXN8710494605,RZP1525289999,24234.89,2026-07-01,IMPS/RZP1525289999/RAZORPAY SETTLEMENT
BTXN5256367304,RZP8870201728,47502.99,2026-07-08,NEFT CR-RZP8870201728-RAZORPAY
BTXN4161579327,RZP1321967414,13379.08,2026-07-03,NEFT CR-RZP1321967414-RAZORPAY
BTXN7055241800,RZP7617792765,64959.77,2026-07-15,NEFT CR-RZP7617792765-RAZORPAY
BTXN6685131324,RZP4280149722,46066.85,2026-07-06,UPI-RAZORPAY SOFTWARE PVT LTD-RZP4280149722
BTXN9646319363,RZP3984852250,6098.26,2026-07-08,UPI-RAZORPAY SOFTWARE PVT LTD-RZP3984852250
BTXN4230436008,RZP7389486339,25716.42,2026-07-02,NEFT CR-RZP7389486339-RAZORPAY
BTXN5996853335,RZP6292656672,24911.64,2026-07-15,UPI-RAZORPAY SOFTWARE PVT LTD-RZP6292656672
BTXN7331424008,RZP6143275843,15234.54,2026-07-05,SALARY CREDIT XYZ CORP
BTXN9873730018,RZP4843294715,1664.42,2026-07-09,ZOMATO ONLINE ORDER
BTXN8762012604,RZP6002856890,65658.75,2026-07-06,UPI-RAZORPAY SOFTWARE PVT LTD-RZP6002856890
BTXN8694232598,RZP9561438586,34353.19,2026-07-04,NEFT CR-RZP9561438586-RAZORPAY
BTXN9985808321,RZP6297464,14738.33,2026-07-05,UPI-RAZORPAY SETTLEMENT ORDER 464722
BTXN5483407610,RZP2069630090,29354.12,2026-07-12,NEFT CR-RZP2069630090-RAZORPAY
BTXN7717326751,RZP1704485464,16908.07,2026-07-02,RTGS-RZP1704485464-RAZORPAY SOFTWARE PVT LTD
BTXN5078647432,RZP9156527614,34187.14,2026-07-03,RTGS-RZP9156527614-RAZORPAY SOFTWARE PVT LTD
BTXN8807176995,RZP2884979115,52557.29,2026-07-09,RTGS-RZP2884979115-RAZORPAY SOFTWARE PVT LTD
BTXN7366715296,RZP6892349406,45647.09,2026-07-06,UPI-RAZORPAY SOFTWARE PVT LTD-RZP6892349406
BTXN2049084564,RZP7047269832,8391.71,2026-07-07,NETFLIX SUBSCRIPTION
BTXN8099306121,RZP1050893026,53431.06,2026-07-07,NEFT CR-RZP1050893026-RAZORPAY
BTXN3087226931,RZP4211566169,28417.23,2026-07-15,RTGS-RZP4211566169-RAZORPAY SOFTWARE PVT LTD
BTXN3060786466,RZP7628062687,13190.25,2026-07-09,NEFT CR-RZP7628062687-RAZORPAY
BTXN6302946647,RZP4100296751,60901.50,2026-07-01,RTGS-RZP4100296751-RAZORPAY SOFTWARE PVT LTD
BTXN5815999549,RZP9260707155,56027.01,2026-07-05,IMPS/RZP9260707155/RAZORPAY SETTLEMENT
BTXN5081499111,RZP7229502736,18324.41,2026-07-03,UPI-RAZORPAY SOFTWARE PVT LTD-RZP7229502736
BTXN3144063281,RZP3351762983,66126.79,2026-07-11,NEFT CR-RZP3351762983-RAZORPAY
BTXN8459765292,RZP7907524350,45160.05,2026-07-09,RTGS-RZP7907524350-RAZORPAY SOFTWARE PVT LTD
BTXN7827384148,RZP9551366213,23092.88,2026-07-08,UPI-RAZORPAY SOFTWARE PVT LTD-RZP9551366213
BTXN4642197907,RZP2852408227,71191.15,2026-07-15,IMPS/RZP2852408227/RAZORPAY SETTLEMENT
BTXN7283143895,RZP3875932424,55582.84,2026-07-12,RTGS-RZP3875932424-RAZORPAY SOFTWARE PVT LTD
BTXN6467874677,RZP6403774259,21584.24,2026-07-07,IMPS/RZP6403774259/RAZORPAY SETTLEMENT
BTXN5719458685,RZP8066167622,29151.33,2026-07-09,NEFT CR-RZP8066167622-RAZORPAY
BTXN3079537716,RZP7584730597,41197.35,2026-07-11,IMPS/RZP7584730597/RAZORPAY SETTLEMENT
BTXN4713257096,RZP8275716596,4552.75,2026-07-01,RTGS-RZP8275716596-RAZORPAY SOFTWARE PVT LTD
BTXN3845805571,RZP8586619000,59042.93,2026-07-14,NEFT CR-RZP8586619000-RAZORPAY
BTXN1103282092,RZP8113629894,56488.56,2026-07-07,RTGS-RZP8113629894-RAZORPAY SOFTWARE PVT LTD
BTXN1262036500,RZP4463742154,14940.41,2026-07-06,NEFT CR-RZP4463742154-RAZORPAY
BTXN3951141302,RZP6581602725,28022.63,2026-07-01,UPI-RAZORPAY SOFTWARE PVT LTD-RZP6581602725
BTXN5837868670,RZP5961049043,31217.77,2026-07-10,IMPS/RZP5961049043/RAZORPAY SETTLEMENT
BTXN8185416963,RZP8207050623,7476.38,2026-07-08,ELECTRICITY BILL AUTOPAY
BTXN9251215764,RZP7627754407,70089.42,2026-07-01,NEFT CR-RZP7627754407-RAZORPAY
BTXN9234522630,RZP4078148444,64167.30,2026-07-07,NEFT CR-RZP4078148444-RAZORPAY
BTXN7657378385,RZP8479397526,56839.29,2026-07-06,IMPS/RZP8479397526/RAZORPAY SETTLEMENT
BTXN1962119236,RZP2376436752,1879.56,2026-07-13,ATM WDL DEL
BTXN7623993181,RZP6893167206,73771.70,2026-07-13,IMPS/RZP6893167206/RAZORPAY SETTLEMENT
BTXN9801312301,RZP9212959154,57629.73,2026-07-09,UPI-RAZORPAY SOFTWARE PVT LTD-RZP9212959154
BTXN7584026064,RZP1443926824,60261.34,2026-07-15,NEFT CR-RZP1443926824-RAZORPAY
BTXN9909257076,RZP1182758417,16250.57,2026-07-14,RTGS-RZP1182758417-RAZORPAY SOFTWARE PVT LTD
BTXN7093583669,RZP8354173416,54222.22,2026-07-14,NEFT CR-RZP8354173416-RAZORPAY
BTXN7233497275,RZP7264335871,19023.98,2026-07-03,IMPS/RZP7264335871/RAZORPAY SETTLEMENT
BTXN7555256315,RZP7619972357,45848.16,2026-07-02,UPI-RAZORPAY SOFTWARE PVT LTD-RZP7619972357
BTXN7437867947,rzp3355038067,71174.49,2026-07-06,UPI-RAZORPAY SETTLEMENT ORDER 038067
BTXN6773485372,RZP9785613691,11971.65,2026-07-05,IMPS/RZP9785613691/RAZORPAY SETTLEMENT
BTXN1041960043,RZP9148064715,8566.19,2026-07-07,RTGS-RZP9148064715-RAZORPAY SOFTWARE PVT LTD
BTXN9661397875,RZP7515993285,1889.17,2026-07-15,IMPS/RZP7515993285/RAZORPAY SETTLEMENT
BTXN1597296237,RZP6933776673,41111.35,2026-07-11,NEFT CR-RZP6933776673-RAZORPAY
BTXN9919902664,RZP6846152492,47900.41,2026-07-06,UPI-RAZORPAY SOFTWARE PVT LTD-RZP6846152492
BTXN9951195763,RZP4826492627,29045.77,2026-07-12,RTGS-RZP4826492627-RAZORPAY SOFTWARE PVT LTD
BTXN4459761909,RZP8144935375,12649.62,2026-07-12,RTGS-RZP8144935375-RAZORPAY SOFTWARE PVT LTD
BTXN7112493808,RZP7490269556,30142.02,2026-07-13,NEFT CR-RZP7490269556-RAZORPAY
BTXN5824742813,RZP4723546916,44985.29,2026-07-11,IMPS/RZP4723546916/RAZORPAY SETTLEMENT
BTXN5801462032,RZP9894308703,6321.71,2026-07-13,IMPS/RZP9894308703/RAZORPAY SETTLEMENT
BTXN7305101214,RZP9516893896,21699.84,2026-07-11,RTGS-RZP9516893896-RAZORPAY SOFTWARE PVT LTD
BTXN3698707455,RZP2425995983,41396.93,2026-07-11,RTGS-RZP2425995983-RAZORPAY SOFTWARE PVT LTD
BTXN2577876842,RZP9749791813,19916.60,2026-07-11,RTGS-RZP9749791813-RAZORPAY SOFTWARE PVT LTD
BTXN1863113671,RZP9079148790,17800.03,2026-07-02,NETFLIX SUBSCRIPTION
BTXN2128333901,RZP2928216289,36955.14,2026-07-07,RTGS-RZP2928216289-RAZORPAY SOFTWARE PVT LTD
BTXN6587310418,RZP3752190352,10258.86,2026-07-01,NEFT CR-RZP3752190352-RAZORPAY
BTXN8715509817,RZP8560195954,23530.48,2026-07-12,IMPS/RZP8560195954/RAZORPAY SETTLEMENT
BTXN6074562019,RZP7158568902,11550.90,2026-07-08,UPI-RAZORPAY SOFTWARE PVT LTD-RZP7158568902
BTXN8920443666,RZP6156744006,34955.26,2026-07-04,NEFT CR-RZP6156744006-RAZORPAY
BTXN1020039169,RZP5736461116,51930.83,2026-07-08,UPI-RAZORPAY SOFTWARE PVT LTD-RZP5736461116
BTXN1692447546,RZP6936124697,44183.69,2026-07-14,UPI-RAZORPAY SOFTWARE PVT LTD-RZP6936124697
BTXN8340948569,RZP5021153897,33621.04,2026-07-04,UPI-RAZORPAY SOFTWARE PVT LTD-RZP5021153897
BTXN4786265850,RZP1780778941,12061.78,2026-07-10,NEFT CR-RZP1780778941-RAZORPAY
BTXN2573817755,RZP1221459606,29030.15,2026-07-08,UPI-RAZORPAY SOFTWARE PVT LTD-RZP1221459606
BTXN6153771059,RZP2398806247,58533.66,2026-07-06,NEFT CR-RZP2398806247-RAZORPAY
BTXN5940762586,RZP7574249203,53306.83,2026-07-04,IMPS/RZP7574249203/RAZORPAY SETTLEMENT
BTXN1375896352,RZP3023823583,2935.00,2026-07-05,IMPS/RZP3023823583/RAZORPAY SETTLEMENT
BTXN7840857862,RZP9827390296,5394.09,2026-07-02,UPI-RAZORPAY SOFTWARE PVT LTD-RZP9827390296
BTXN9691448741,RZP9631473880,39651.16,2026-07-05,RTGS-RZP9631473880-RAZORPAY SOFTWARE PVT LTD
BTXN8138060772,rzp9468359626,44524.49,2026-07-18,NEFT CR RAZORPAY SOFTWARE-359626
BTXN6439529984,RZP8272708551,46664.61,2026-07-17,NEFT CR-RZP8272708551-RAZORPAY
BTXN6769110814,RZP8266159318,65459.58,2026-07-15,UPI-RAZORPAY SOFTWARE PVT LTD-RZP8266159318
BTXN9554334057,RZP2872470641,15404.46,2026-07-07,ELECTRICITY BILL AUTOPAY
BTXN2598707452,RZP3102545536,5401.29,2026-07-01,NETFLIX SUBSCRIPTION
BTXN4908326782,RZP5724120707,17236.22,2026-07-04,IMPS/RZP5724120707/RAZORPAY SETTLEMENT
BTXN9594979797,RZP3388708199,39411.31,2026-07-01,UPI-RAZORPAY SOFTWARE PVT LTD-RZP3388708199
BTXN8636380004,RZP7446355231,29175.59,2026-07-08,RTGS-RZP7446355231-RAZORPAY SOFTWARE PVT LTD
BTXN5094870236,rzp8489977737,3233.13,2026-07-08,IMPS/RZP/977737/PAYOUT
BTXN7809282757,RZP7245511471,23698.81,2026-07-03,IMPS/RZP7245511471/RAZORPAY SETTLEMENT
BTXN3931997465,RZP3591527330,58322.93,2026-07-04,IMPS/RZP3591527330/RAZORPAY SETTLEMENT
BTXN9377132432,RZP7156150908,63678.74,2026-07-06,NEFT CR-RZP7156150908-RAZORPAY
BTXN5795643793,RZP4955764901,24991.07,2026-07-07,IMPS/RZP4955764901/RAZORPAY SETTLEMENT
BTXN7435660685,RZP2751873919,53074.11,2026-07-07,UPI-RAZORPAY SOFTWARE PVT LTD-RZP2751873919
BTXN6838817044,RZP1805004194,39074.59,2026-07-14,UPI-RAZORPAY SOFTWARE PVT LTD-RZP1805004194
BTXN1719792989,RZP7470108123,59526.02,2026-07-08,RTGS-RZP7470108123-RAZORPAY SOFTWARE PVT LTD
BTXN2155876547,RZP6239629045,64467.82,2026-07-05,RTGS-RZP6239629045-RAZORPAY SOFTWARE PVT LTD
BTXN1314326915,RZP9247849179,22927.48,2026-07-11,IMPS/RZP9247849179/RAZORPAY SETTLEMENT
BTXN6994941019,RZP9364920252,7986.86,2026-07-05,UPI-RAZORPAY SOFTWARE PVT LTD-RZP9364920252
BTXN9493400366,RZP1195472006,19397.44,2026-07-10,RTGS-RZP1195472006-RAZORPAY SOFTWARE PVT LTD
BTXN6782533106,RZP5014149,26327.25,2026-07-17,UPI-RAZORPAY SETTLEMENT ORDER 149408
BTXN2023383044,RZP3415279486,41453.30,2026-07-12,IMPS/RZP3415279486/RAZORPAY SETTLEMENT
BTXN5274903791,RZP6495146097,37095.38,2026-07-04,UPI-RAZORPAY SOFTWARE PVT LTD-RZP6495146097
BTXN6651018198,RZP9390725864,32154.03,2026-07-10,RTGS-RZP9390725864-RAZORPAY SOFTWARE PVT LTD
BTXN7459679307,RZP1732964800,10133.55,2026-07-02,IRCTC TICKET BOOKING
BTXN6097341120,RZP6875597607,66766.75,2026-07-12,RTGS-RZP6875597607-RAZORPAY SOFTWARE PVT LTD
BTXN5423699106,RZP1706087750,16172.86,2026-07-10,UPI-RAZORPAY SOFTWARE PVT LTD-RZP1706087750
BTXN1072676769,RZP8001112710,72278.65,2026-07-02,UPI-RAZORPAY SOFTWARE PVT LTD-RZP8001112710
BTXN7165225785,RZP7195265200,42480.12,2026-07-13,UPI-RAZORPAY SOFTWARE PVT LTD-RZP7195265200
BTXN9146417926,RZP2313042822,47410.01,2026-07-06,IMPS/RZP2313042822/RAZORPAY SETTLEMENT
BTXN5185382543,RZP1561049427,33070.15,2026-07-01,UPI-RAZORPAY SOFTWARE PVT LTD-RZP1561049427
BTXN5617917582,RZP8421960057,48848.67,2026-07-16,RTGS-RZP8421960057-RAZORPAY SOFTWARE PVT LTD
BTXN7073999451,RZP8546667091,36180.82,2026-07-02,UPI-RAZORPAY SOFTWARE PVT LTD-RZP8546667091
BTXN9649635759,RZP4138750794,36234.37,2026-07-09,UPI-RAZORPAY SOFTWARE PVT LTD-RZP4138750794
BTXN8181693747,RZP2013809459,2848.71,2026-07-09,NEFT CR-RZP2013809459-RAZORPAY
BTXN3753772144,RZP9260858638,64890.77,2026-07-03,IMPS/RZP9260858638/RAZORPAY SETTLEMENT
BTXN8067314364,RZP4807263862,61490.91,2026-07-05,UPI-RAZORPAY SOFTWARE PVT LTD-RZP4807263862
BTXN1268211135,RZP9312125622,41709.73,2026-07-03,RTGS-RZP9312125622-RAZORPAY SOFTWARE PVT LTD
BTXN5869507093,RZP2764722942,70650.04,2026-07-13,NEFT CR RAZORPAY SOFTWARE-722942
BTXN9252069439,RZP5686001149,25595.42,2026-07-10,RTGS-RZP5686001149-RAZORPAY SOFTWARE PVT LTD
BTXN2156110378,RZP9576227156,11464.85,2026-07-06,ATM WDL BLR
BTXN6765086231,RZP2632786090,40824.21,2026-07-05,NEFT CR-RZP2632786090-RAZORPAY
BTXN7983143830,RZP2809998995,27963.06,2026-07-13,NEFT CR-RZP2809998995-RAZORPAY
BTXN7721862659,RZP1037928,32523.52,2026-07-05,IMPS/RZP/928817/PAYOUT
BTXN5933680247,RZP5515015754,31251.82,2026-07-08,RTGS-RZP5515015754-RAZORPAY SOFTWARE PVT LTD
BTXN7752955351,RZP5638256548,56428.27,2026-07-05,RTGS-RZP5638256548-RAZORPAY SOFTWARE PVT LTD
BTXN6914154822,RZP7728340058,40334.54,2026-07-15,UPI-RAZORPAY SOFTWARE PVT LTD-RZP7728340058
BTXN8884825488,RZP2502349980,13653.24,2026-07-03,IMPS/RZP2502349980/RAZORPAY SETTLEMENT
BTXN9592888093,RZP5127566492,25845.11,2026-07-06,RTGS-RZP5127566492-RAZORPAY SOFTWARE PVT LTD
BTXN5464230177,RZP7014612828,65480.58,2026-07-02,IMPS/RZP7014612828/RAZORPAY SETTLEMENT
BTXN5129169349,RZP7512827545,70814.07,2026-07-04,UPI-RAZORPAY SOFTWARE PVT LTD-RZP7512827545
BTXN8109529734,RZP6235005958,25107.82,2026-07-02,IMPS/RZP6235005958/RAZORPAY SETTLEMENT
BTXN1807753719,RZP8382494022,15601.05,2026-07-05,UPI-RAZORPAY SOFTWARE PVT LTD-RZP8382494022
BTXN6252300497,RZP6512507057,23329.91,2026-07-08,NEFT CR-RZP6512507057-RAZORPAY
BTXN6346154041,RZP1397731536,28598.15,2026-07-01,UPI-RAZORPAY SOFTWARE PVT LTD-RZP1397731536
BTXN8691614105,RZP1203929635,4147.52,2026-07-05,UPI-RAZORPAY SETTLEMENT ORDER 929653
BTXN4977188145,RZP2894156520,62020.74,2026-07-11,UPI-RAZORPAY SOFTWARE PVT LTD-RZP2894156520
BTXN7529678452,RZP1657675888,52291.81,2026-07-11,UPI-RAZORPAY SOFTWARE PVT LTD-RZP1657675888
BTXN7094598442,RZP2762549480,11212.47,2026-07-14,NEFT CR-RZP2762549480-RAZORPAY
BTXN3127065046,RZP1673707631,55671.31,2026-07-06,RTGS-RZP1673707631-RAZORPAY SOFTWARE PVT LTD
BTXN3657382737,RZP4550049,53403.65,2026-07-11,NEFT CR RAZORPAY SOFTWARE-049870
BTXN3664231157,RZP2962867987,54329.24,2026-07-05,RTGS-RZP2962867987-RAZORPAY SOFTWARE PVT LTD
BTXN5566993537,RZP9248046539,8913.84,2026-07-07,RTGS-RZP9248046539-RAZORPAY SOFTWARE PVT LTD
BTXN6152968605,RZP1001237473,10171.37,2026-07-04,NEFT CR-RZP1001237473-RAZORPAY
BTXN8818634175,RZP6542396697,4718.29,2026-07-05,ATM WDL BLR
BTXN1585561968,RZP5941543250,15516.89,2026-07-02,UPI-RAZORPAY SOFTWARE PVT LTD-RZP5941543250
BTXN4378817220,RZP8428794253,25734.04,2026-07-05,RTGS-RZP8428794253-RAZORPAY SOFTWARE PVT LTD
BTXN6057476790,RZP3408732062,17878.56,2026-07-06,SALARY CREDIT XYZ CORP
BTXN2297501345,RZP9114346734,5298.64,2026-07-05,NEFT CR-RZP9114346734-RAZORPAY
BTXN4531905278,RZP6552925907,33431.39,2026-07-08,NEFT CR RAZORPAY SOFTWARE-925097
BTXN5853407612,RZP6988219883,74021.49,2026-07-09,RTGS-RZP6988219883-RAZORPAY SOFTWARE PVT LTD
BTXN9918692345,RZP2737684747,22780.05,2026-07-05,RTGS-RZP2737684747-RAZORPAY SOFTWARE PVT LTD
BTXN6564579551,RZP8131923452,51216.30,2026-07-12,UPI-RAZORPAY SOFTWARE PVT LTD-RZP8131923452
BTXN5097803386,RZP7759644247,8656.32,2026-07-02,IMPS/RZP7759644247/RAZORPAY SETTLEMENT
BTXN7893447569,RZP5471158508,68224.22,2026-07-10,NEFT CR-RZP5471158508-RAZORPAY
BTXN6385000447,RZP8892047261,8296.73,2026-07-14,RTGS-RZP8892047261-RAZORPAY SOFTWARE PVT LTD
BTXN1761092907,rzp6336147893,9400.53,2026-07-18,UPI-RAZORPAY SETTLEMENT ORDER 147893
BTXN4018214765,RZP5671989213,4204.00,2026-07-11,SALARY CREDIT XYZ CORP
BTXN8499062381,RZP1197451689,29989.64,2026-07-07,NEFT CR-RZP1197451689-RAZORPAY
BTXN6588165856,RZP3874905728,74311.53,2026-07-11,NEFT CR-RZP3874905728-RAZORPAY
BTXN6876084541,RZ8P793636880,26204.16,2026-07-15,IMPS/RZP/636880/PAYOUT
BTXN1677178553,RZP1359553016,60809.33,2026-07-03,UPI-RAZORPAY SOFTWARE PVT LTD-RZP1359553016
BTXN5084320126,RZP9628187213,59739.17,2026-07-06,IMPS/RZP9628187213/RAZORPAY SETTLEMENT
BTXN4658080160,RZP7371573279,32950.30,2026-07-12,IMPS/RZP7371573279/RAZORPAY SETTLEMENT
BTXN4657464840,RZP9509420556,24917.66,2026-07-12,UPI-RAZORPAY SOFTWARE PVT LTD-RZP9509420556
BTXN2293997583,RZP9138769588,8123.34,2026-07-05,IMPS/RZP9138769588/RAZORPAY SETTLEMENT
BTXN7881810863,RZP2557256960,52391.23,2026-07-16,IMPS/RZP2557256960/RAZORPAY SETTLEMENT
BTXN7706849336,RZP8870563721,561.77,2026-07-12,NETFLIX SUBSCRIPTION
BTXN7425901764,RZP6670327534,29740.38,2026-07-15,NEFT CR-RZP6670327534-RAZORPAY
BTXN5046355935,RZP3779323071,27496.73,2026-07-16,RTGS-RZP3779323071-RAZORPAY SOFTWARE PVT LTD
BTXN3023781108,RZP7636326022,10645.71,2026-07-09,IMPS/RZP7636326022/RAZORPAY SETTLEMENT
BTXN7442128592,RZP5222538505,73747.17,2026-07-14,IMPS/RZP5222538505/RAZORPAY SETTLEMENT
BTXN5796744687,RZP6002926903,70529.89,2026-07-07,NEFT CR-RZP6002926903-RAZORPAY
BTXN8741569352,RZP8381858171,10082.80,2026-07-16,IMPS/RZP8381858171/RAZORPAY SETTLEMENT
BTXN3099500153,RZP6001648993,64159.21,2026-07-08,UPI-RAZORPAY SOFTWARE PVT LTD-RZP6001648993
BTXN9350709115,RZP4167339238,25283.54,2026-07-11,IMPS/RZP4167339238/RAZORPAY SETTLEMENT
BTXN2791181634,RZP7919113337,7007.24,2026-07-07,RTGS-RZP7919113337-RAZORPAY SOFTWARE PVT LTD
BTXN4021334216,RZP3114311975,57124.72,2026-07-09,RTGS-RZP3114311975-RAZORPAY SOFTWARE PVT LTD
BTXN1291892607,RZP9672637319,57532.48,2026-07-08,UPI-RAZORPAY SOFTWARE PVT LTD-RZP9672637319
BTXN1278256123,RZP4116574332,67936.50,2026-07-09,UPI-RAZORPAY SOFTWARE PVT LTD-RZP4116574332
BTXN3238126936,RZP7072268003,58548.10,2026-07-12,NEFT CR-RZP7072268003-RAZORPAY
BTXN3747834523,RZP2388864124,11659.87,2026-07-01,RTGS-RZP2388864124-RAZORPAY SOFTWARE PVT LTD
BTXN7788472575,RZP3424668677,47715.06,2026-07-08,IMPS/RZP3424668677/RAZORPAY SETTLEMENT
BTXN7116160487,RZP6644602561,9665.67,2026-07-15,SWIGGY ORDER PAYMENT
BTXN8857720987,RZP3161637381,1309.63,2026-07-14,RTGS-RZP3161637381-RAZORPAY SOFTWARE PVT LTD
BTXN3900306678,RZP2110517,57849.68,2026-07-06,UPI-RAZORPAY SETTLEMENT ORDER 517587
BTXN4151673958,RZP9688612692,70359.44,2026-07-11,NEFT CR-RZP9688612692-RAZORPAY
BTXN4566989850,RZP3482396015,9911.48,2026-07-14,IMPS/RZP3482396015/RAZORPAY SETTLEMENT
BTXN8946619620,RZP8639466425,62376.51,2026-07-14,RTGS-RZP8639466425-RAZORPAY SOFTWARE PVT LTD
BTXN5010777156,RZP2410559481,45457.57,2026-07-15,RTGS-RZP2410559481-RAZORPAY SOFTWARE PVT LTD
BTXN2609749781,RZP4780149583,22432.75,2026-07-06,RTGS-RZP4780149583-RAZORPAY SOFTWARE PVT LTD
BTXN1977515194,RZP3021598245,15368.18,2026-07-15,RTGS-RZP3021598245-RAZORPAY SOFTWARE PVT LTD
BTXN5926796457,RZP1137548263,5738.57,2026-07-09,AMAZON RETAIL PAYMENT
BTXN7651960431,RZP7127387421,58059.06,2026-07-06,RTGS-RZP7127387421-RAZORPAY SOFTWARE PVT LTD
BTXN2994997823,RZP9424701836,38900.67,2026-07-12,IMPS/RZP9424701836/RAZORPAY SETTLEMENT
BTXN1827962737,RZP7100142170,10570.77,2026-07-13,NEFT CR-RZP7100142170-RAZORPAY
BTXN1526562378,RZ1P295400928,66588.66,2026-07-07,UPI-RAZORPAY SETTLEMENT ORDER 400928
BTXN1258155182,RZP8517664054,7959.59,2026-07-04,IMPS/RZP8517664054/RAZORPAY SETTLEMENT
BTXN4613425662,RZP4315255399,7977.38,2026-07-11,UPI-RAZORPAY SOFTWARE PVT LTD-RZP4315255399
BTXN9278908818,RZP7991832714,12448.89,2026-07-15,SALARY CREDIT XYZ CORP
BTXN8073149109,RZP5377604860,11474.23,2026-07-09,IMPS/RZP5377604860/RAZORPAY SETTLEMENT
BTXN9714938728,RZP6578549798,63774.34,2026-07-11,IMPS/RZP6578549798/RAZORPAY SETTLEMENT
BTXN8826647819,RZP7849812526,64618.76,2026-07-05,RTGS-RZP7849812526-RAZORPAY SOFTWARE PVT LTD
BTXN8213611206,RZP9349365063,69207.50,2026-07-13,NEFT CR-RZP9349365063-RAZORPAY
BTXN1193949527,RZP7756143270,50923.88,2026-07-15,IMPS/RZP7756143270/RAZORPAY SETTLEMENT
BTXN7591021980,RZP5145260536,8946.12,2026-07-08,IMPS/RZP5145260536/RAZORPAY SETTLEMENT
BTXN1703537025,RZP9757061274,30130.46,2026-07-11,RTGS-RZP9757061274-RAZORPAY SOFTWARE PVT LTD
BTXN1431970432,RZP8223117031,7404.37,2026-07-13,IMPS/RZP8223117031/RAZORPAY SETTLEMENT
BTXN9950913099,RZP4143505110,40079.51,2026-07-07,NEFT CR-RZP4143505110-RAZORPAY
BTXN7900791548,RZP4214205090,1528.65,2026-07-08,ATM WDL DEL
BTXN3453031341,RZP8443895283,5219.65,2026-07-13,ZOMATO ONLINE ORDER
BTXN6970733012,RZP6191004361,54156.49,2026-07-12,UPI-RAZORPAY SOFTWARE PVT LTD-RZP6191004361
BTXN8784388673,RZP8349809233,55687.18,2026-07-15,RTGS-RZP8349809233-RAZORPAY SOFTWARE PVT LTD
BTXN4267352240,RZP8632247161,9803.49,2026-07-12,ATM WDL BLR
BTXN1967100189,RZP5434873419,19799.08,2026-07-10,UPI-RAZORPAY SOFTWARE PVT LTD-RZP5434873419
BTXN9276453454,RZP3320107489,25148.20,2026-07-01,RTGS-RZP3320107489-RAZORPAY SOFTWARE PVT LTD
BTXN1127492028,RZP7214043851,52903.88,2026-07-10,IMPS/RZP7214043851/RAZORPAY SETTLEMENT
BTXN1445673941,RZP8587894248,73640.23,2026-07-04,NEFT CR-RZP8587894248-RAZORPAY
BTXN8351279458,RZP4095681282,3763.93,2026-07-04,RTGS-RZP4095681282-RAZORPAY SOFTWARE PVT LTD
BTXN3138451229,RZP8590051005,31690.81,2026-07-13,NEFT CR-RZP8590051005-RAZORPAY
BTXN9288826391,RZP3351122452,19640.68,2026-07-15,IMPS/RZP/124252/PAYOUT
BTXN4105677950,RZP3804234284,2401.13,2026-07-06,UPI-RAZORPAY SOFTWARE PVT LTD-RZP3804234284
BTXN8323259253,RZP4513783102,49237.67,2026-07-13,RTGS-RZP4513783102-RAZORPAY SOFTWARE PVT LTD
BTXN3386045501,RZP6380145199,39246.22,2026-07-13,NEFT CR-RZP6380145199-RAZORPAY
BTXN5621476133,RZP8541030049,59043.33,2026-07-14,UPI-RAZORPAY SOFTWARE PVT LTD-RZP8541030049
BTXN6250675355,RZP9822814329,13964.71,2026-07-01,NEFT CR-RZP9822814329-RAZORPAY
BTXN9663705815,RZP2224447441,43331.53,2026-07-05,RTGS-RZP2224447441-RAZORPAY SOFTWARE PVT LTD
BTXN6485741440,RZP5101650214,13658.71,2026-07-15,IMPS/RZP5101650214/RAZORPAY SETTLEMENT
BTXN3485846714,RZP3561565685,71344.98,2026-07-13,RTGS-RZP3561565685-RAZORPAY SOFTWARE PVT LTD
BTXN8127372046,RZP9614632998,66261.37,2026-07-04,NEFT CR-RZP9614632998-RAZORPAY
BTXN2002601296,RZP4050237649,13757.16,2026-07-12,UPI-RAZORPAY SOFTWARE PVT LTD-RZP4050237649
BTXN6008592160,RZP3884049458,8866.04,2026-07-09,ZOMATO ONLINE ORDER
BTXN5385913137,RZP4560994202,14573.94,2026-07-12,RTGS-RZP4560994202-RAZORPAY SOFTWARE PVT LTD
BTXN7369118672,RZP6791027463,26058.47,2026-07-13,NEFT CR-RZP6791027463-RAZORPAY
BTXN9035116959,RZP6771618081,9517.63,2026-07-16,IMPS/RZP6771618081/RAZORPAY SETTLEMENT
BTXN5185986383,RZP9670121816,50654.46,2026-07-13,RTGS-RZP9670121816-RAZORPAY SOFTWARE PVT LTD
BTXN1460515948,RZP6691888184,34298.92,2026-07-06,IMPS/RZP6691888184/RAZORPAY SETTLEMENT
BTXN3993121885,RZP4206011215,34289.91,2026-07-06,NEFT CR-RZP4206011215-RAZORPAY
BTXN2255494061,RZP6849798054,71351.13,2026-07-15,UPI-RAZORPAY SOFTWARE PVT LTD-RZP6849798054
BTXN4400697308,RZP1040830454,20323.02,2026-07-01,UPI-RAZORPAY SOFTWARE PVT LTD-RZP1040830454
BTXN7072386491,RZP8728765718,47395.06,2026-07-19,IMPS/RZP/865718/PAYOUT
BTXN3228001003,RZP4315873227,54943.12,2026-07-06,NEFT CR-RZP4315873227-RAZORPAY
BTXN6607309411,RZP8745615759,4654.15,2026-07-10,NETFLIX SUBSCRIPTION
BTXN8284364219,RZP3058886402,35239.02,2026-07-11,UPI-RAZORPAY SOFTWARE PVT LTD-RZP3058886402
BTXN3990114705,RZP1661767672,50467.24,2026-07-04,IMPS/RZP1661767672/RAZORPAY SETTLEMENT
BTXN6324395451,RZP3708864438,42458.40,2026-07-09,NEFT CR-RZP3708864438-RAZORPAY
BTXN7056287557,RZP5926424537,4264.58,2026-07-12,IRCTC TICKET BOOKING
BTXN2758472708,RZP5945423597,35504.74,2026-07-08,NEFT CR-RZP5945423597-RAZORPAY
BTXN2383328067,RZP1718221777,24789.88,2026-07-13,IMPS/RZP1718221777/RAZORPAY SETTLEMENT
BTXN2462222211,RZP6223262065,61479.10,2026-07-04,RTGS-RZP6223262065-RAZORPAY SOFTWARE PVT LTD
BTXN5786565002,RZP9424057322,34330.02,2026-07-17,UPI-RAZORPAY SOFTWARE PVT LTD-RZP9424057322
BTXN1414607096,RZP8000914789,45039.24,2026-07-09,RTGS-RZP8000914789-RAZORPAY SOFTWARE PVT LTD
BTXN9992713245,RZP3013470187,32685.42,2026-07-10,RTGS-RZP3013470187-RAZORPAY SOFTWARE PVT LTD
BTXN3286111925,RZP7190683193,35724.73,2026-07-07,RTGS-RZP7190683193-RAZORPAY SOFTWARE PVT LTD
BTXN9902875244,RZP8633387715,40661.05,2026-07-08,UPI-RAZORPAY SOFTWARE PVT LTD-RZP8633387715
BTXN8877363639,RZP2305836698,65735.04,2026-07-09,UPI-RAZORPAY SOFTWARE PVT LTD-RZP2305836698
BTXN4108867593,RZP4121913903,5458.16,2026-07-06,IMPS/RZP/113903/PAYOUT
BTXN7577815847,RZP5528674657,54339.80,2026-07-02,UPI-RAZORPAY SOFTWARE PVT LTD-RZP5528674657
BTXN8351137276,RZP6039787621,1829.35,2026-07-02,RTGS-RZP6039787621-RAZORPAY SOFTWARE PVT LTD
BTXN8307488740,RZP8646236268,52200.35,2026-07-11,NEFT CR-RZP8646236268-RAZORPAY
BTXN5430009225,RZP4837552127,9058.35,2026-07-13,ATM WDL MUM
BTXN5924133087,RZP4886562824,27752.42,2026-07-12,UPI-RAZORPAY SOFTWARE PVT LTD-RZP4886562824
BTXN2054410127,rzp1706114977,51920.14,2026-07-12,NEFT CR RAZORPAY SOFTWARE-114977
BTXN3099446917,RZP2802388710,7422.66,2026-07-08,ELECTRICITY BILL AUTOPAY
BTXN4958087064,RZP2410688654,68372.54,2026-07-15,IMPS/RZP2410688654/RAZORPAY SETTLEMENT
BTXN3037564969,RZP5808216311,7138.38,2026-07-07,RTGS-RZP5808216311-RAZORPAY SOFTWARE PVT LTD
BTXN5189867664,RZP4130758449,51912.10,2026-07-02,IMPS/RZP4130758449/RAZORPAY SETTLEMENT
BTXN8610169802,RZP5760268716,27674.96,2026-07-10,RTGS-RZP5760268716-RAZORPAY SOFTWARE PVT LTD
BTXN5448575583,RZP3655924687,66645.31,2026-07-13,RTGS-RZP3655924687-RAZORPAY SOFTWARE PVT LTD
BTXN9919328337,RZP4123099194,44895.71,2026-07-07,IMPS/RZP/099194/PAYOUT
BTXN5041674054,rzp2269300407,33446.90,2026-07-11,IMPS/RZP/300407/PAYOUT
BTXN2936895390,RZP9064215671,7188.58,2026-07-14,NEFT CR-RZP9064215671-RAZORPAY
BTXN8871829128,RZP2752065915,62267.24,2026-07-03,RTGS-RZP2752065915-RAZORPAY SOFTWARE PVT LTD
BTXN2711913377,RZP7772317078,26388.47,2026-07-14,UPI-RAZORPAY SOFTWARE PVT LTD-RZP7772317078
BTXN3973103622,RZP2196158442,70033.48,2026-07-09,NEFT CR-RZP2196158442-RAZORPAY
BTXN4985734426,RZP8127827623,19410.64,2026-07-10,UPI-RAZORPAY SOFTWARE PVT LTD-RZP8127827623
BTXN1606298920,RZP9105079674,27790.88,2026-07-11,UPI-RAZORPAY SOFTWARE PVT LTD-RZP9105079674
BTXN4114469844,RZP7754013674,7088.58,2026-07-13,UPI-RAZORPAY SOFTWARE PVT LTD-RZP7754013674
BTXN4581759746,RZP1571577634,42390.70,2026-07-06,RTGS-RZP1571577634-RAZORPAY SOFTWARE PVT LTD
BTXN4669935914,RZP1222303373,18462.10,2026-07-04,UPI-RAZORPAY SOFTWARE PVT LTD-RZP1222303373
BTXN5412866242,RZP2478538226,62905.21,2026-07-05,UPI-RAZORPAY SOFTWARE PVT LTD-RZP2478538226
BTXN2774920001,RZP7688846683,36102.04,2026-07-13,NEFT CR-RZP7688846683-RAZORPAY
BTXN5722128421,RZP6348386628,24881.40,2026-07-06,NEFT CR RAZORPAY SOFTWARE-836628
BTXN8969097897,RZP9730449971,28104.48,2026-07-08,RTGS-RZP9730449971-RAZORPAY SOFTWARE PVT LTD
BTXN2358945892,RZP9207624837,30868.64,2026-07-08,RTGS-RZP9207624837-RAZORPAY SOFTWARE PVT LTD
BTXN9773000884,RZP7224806815,21074.66,2026-07-02,RTGS-RZP7224806815-RAZORPAY SOFTWARE PVT LTD
BTXN8792122716,RZP6047405755,39162.81,2026-07-08,IMPS/RZP6047405755/RAZORPAY SETTLEMENT
BTXN6322747344,RZP8417131,14222.02,2026-07-17,NEFT CR RAZORPAY SOFTWARE-131388
BTXN3351434383,RZP7127731419,68706.23,2026-07-01,RTGS-RZP7127731419-RAZORPAY SOFTWARE PVT LTD
BTXN5916093622,RZP9632590108,58838.89,2026-07-10,NEFT CR-RZP9632590108-RAZORPAY
BTXN9414458664,RZP1796176498,33119.76,2026-07-07,UPI-RAZORPAY SOFTWARE PVT LTD-RZP1796176498
BTXN3920477878,RZP6050489648,32107.59,2026-07-12,NEFT CR-RZP6050489648-RAZORPAY
BTXN2885042034,RZP9576673728,19046.31,2026-07-13,UPI-RAZORPAY SOFTWARE PVT LTD-RZP9576673728
BTXN4665399447,RZP4100395865,62673.19,2026-07-14,RTGS-RZP4100395865-RAZORPAY SOFTWARE PVT LTD
BTXN7513313069,RZP5774369519,67856.61,2026-07-09,NEFT CR-RZP5774369519-RAZORPAY
BTXN3067425162,RZP4883437469,17938.52,2026-07-07,SWIGGY ORDER PAYMENT
BTXN5738967614,RZP5468317287,44203.94,2026-07-10,IMPS/RZP5468317287/RAZORPAY SETTLEMENT
BTXN1082140117,RZP9166381136,27264.19,2026-07-04,NEFT CR-RZP9166381136-RAZORPAY
BTXN5876962247,RZP2372969823,4973.15,2026-07-04,UPI-RAZORPAY SOFTWARE PVT LTD-RZP2372969823
BTXN4367382040,RZP6268097086,9838.14,2026-07-03,UPI-RAZORPAY SOFTWARE PVT LTD-RZP6268097086
BTXN7387487516,RZP9656360037,14580.38,2026-07-07,IMPS/RZP9656360037/RAZORPAY SETTLEMENT
BTXN2141600678,RZP2223635199,10459.18,2026-07-07,IMPS/RZP2223635199/RAZORPAY SETTLEMENT
BTXN8736588986,RZP9053417049,63973.15,2026-07-04,IMPS/RZP9053417049/RAZORPAY SETTLEMENT
BTXN2343721468,RZP2682321,53060.60,2026-07-09,NEFT CR RAZORPAY SOFTWARE-321222
BTXN6326637542,RZP5947799132,71346.71,2026-07-01,IMPS/RZP5947799132/RAZORPAY SETTLEMENT
BTXN7152793984,RZP6481660359,62797.71,2026-07-07,IMPS/RZP6481660359/RAZORPAY SETTLEMENT
BTXN4149022054,RZP3095269219,24097.10,2026-07-09,IMPS/RZP3095269219/RAZORPAY SETTLEMENT
BTXN9740106658,RZP7140242630,24476.35,2026-07-10,RTGS-RZP7140242630-RAZORPAY SOFTWARE PVT LTD
BTXN4828805948,RZP8511143137,35531.04,2026-07-08,IMPS/RZP8511143137/RAZORPAY SETTLEMENT
BTXN9476076392,RZP2439200321,71957.46,2026-07-07,NEFT CR-RZP2439200321-RAZORPAY
BTXN4333226400,RZP1793438791,50547.06,2026-07-05,IMPS/RZP1793438791/RAZORPAY SETTLEMENT
BTXN9383228541,RZP6058526241,49990.65,2026-07-10,RTGS-RZP6058526241-RAZORPAY SOFTWARE PVT LTD
BTXN5012449532,RZP5375044139,21401.65,2026-07-04,IMPS/RZP5375044139/RAZORPAY SETTLEMENT
BTXN9148983645,RZP6734684958,73340.58,2026-07-14,NEFT CR-RZP6734684958-RAZORPAY
BTXN4902749039,RZP3403413753,4181.48,2026-07-08,IMPS/RZP3403413753/RAZORPAY SETTLEMENT
BTXN8894940812,RZP9394125004,1579.77,2026-07-01,RTGS-RZP9394125004-RAZORPAY SOFTWARE PVT LTD
BTXN1122739479,RZP9252417606,71433.89,2026-07-09,NEFT CR-RZP9252417606-RAZORPAY
BTXN3458445754,RZP9456677210,12037.54,2026-07-15,ATM WDL DEL
BTXN6882974712,RZP6575728829,288.63,2026-07-09,ELECTRICITY BILL AUTOPAY
BTXN3794547232,RZP6276774390,51051.73,2026-07-08,IMPS/RZP6276774390/RAZORPAY SETTLEMENT
BTXN8905175883,RZP2112321066,14291.16,2026-07-09,ATM WDL DEL
BTXN2682585939,RZP9381295712,7225.59,2026-07-13,NEFT CR-RZP9381295712-RAZORPAY
BTXN5740056414,RZP7047021967,2726.50,2026-07-03,ELECTRICITY BILL AUTOPAY
BTXN1142722557,RZP1818603331,66345.57,2026-07-11,UPI-RAZORPAY SOFTWARE PVT LTD-RZP1818603331
BTXN4121407135,RZP7569103921,3251.52,2026-07-09,NEFT CR-RZP7569103921-RAZORPAY
BTXN7125414007,RZP4677628841,49896.90,2026-07-09,NEFT CR-RZP4677628841-RAZORPAY
BTXN9020682851,RZP1719780744,56061.52,2026-07-15,UPI-RAZORPAY SOFTWARE PVT LTD-RZP1719780744
BTXN3642900640,RZP8858766173,52357.36,2026-07-03,RTGS-RZP8858766173-RAZORPAY SOFTWARE PVT LTD
BTXN3463637803,RZP5220287391,60308.53,2026-07-08,NEFT CR-RZP5220287391-RAZORPAY
BTXN9072232553,RZP1425117333,6479.24,2026-07-06,AMAZON RETAIL PAYMENT
BTXN7008973602,RZP8542589747,28158.47,2026-07-15,UPI-RAZORPAY SOFTWARE PVT LTD-RZP8542589747
BTXN1846543203,rzp1716666139,40219.80,2026-07-19,UPI-RAZORPAY SETTLEMENT ORDER 666139
BTXN2993950950,RZP3924700076,51086.64,2026-07-10,IMPS/RZP3924700076/RAZORPAY SETTLEMENT
BTXN5634076661,RZP9316609031,43167.21,2026-07-04,RTGS-RZP9316609031-RAZORPAY SOFTWARE PVT LTD
BTXN7437114980,RZP8467706552,3486.93,2026-07-10,RTGS-RZP8467706552-RAZORPAY SOFTWARE PVT LTD
BTXN8099880573,RZP3660345628,64981.41,2026-07-01,RTGS-RZP3660345628-RAZORPAY SOFTWARE PVT LTD
BTXN6997128965,RZP2744994214,21513.02,2026-07-15,NEFT CR-RZP2744994214-RAZORPAY
BTXN2714413545,RZP3816641201,69991.92,2026-07-06,RTGS-RZP3816641201-RAZORPAY SOFTWARE PVT LTD
BTXN5576725712,RZP3881894879,21456.98,2026-07-08,NEFT CR-RZP3881894879-RAZORPAY
BTXN6090039527,RZP9062515042,4678.46,2026-07-09,IRCTC TICKET BOOKING
BTXN8440784470,RZP9432070587,31914.72,2026-07-11,UPI-RAZORPAY SOFTWARE PVT LTD-RZP9432070587
BTXN9065847078,RZP4580989585,19017.11,2026-07-01,IMPS/RZP4580989585/RAZORPAY SETTLEMENT
BTXN2905921322,RZP9987838924,55077.27,2026-07-14,NEFT CR-RZP9987838924-RAZORPAY
BTXN8367286784,RZP2506878485,9819.46,2026-07-11,IMPS/RZP2506878485/RAZORPAY SETTLEMENT
BTXN6892864288,RZP5272659048,57768.20,2026-07-02,RTGS-RZP5272659048-RAZORPAY SOFTWARE PVT LTD
BTXN9936929466,RZP8590042059,17807.92,2026-07-07,IRCTC TICKET BOOKING
BTXN6455321132,RZP6582539557,49233.39,2026-07-06,RTGS-RZP6582539557-RAZORPAY SOFTWARE PVT LTD
BTXN9507631903,RZP2918494404,8906.70,2026-07-15,NEFT CR-RZP2918494404-RAZORPAY
BTXN7410526196,RZP8589504374,45235.70,2026-07-04,NEFT CR-RZP8589504374-RAZORPAY
BTXN9412214649,RZP2375745,2562.08,2026-07-15,IMPS/RZP/745837/PAYOUT
BTXN6918142780,RZP9745223103,58558.44,2026-07-12,UPI-RAZORPAY SOFTWARE PVT LTD-RZP9745223103
BTXN5946771778,RZP1702364767,43327.55,2026-07-03,NEFT CR-RZP1702364767-RAZORPAY
BTXN9196686397,RZP2065477404,16381.90,2026-07-08,NEFT CR-RZP2065477404-RAZORPAY
BTXN5998766673,RZP5073408648,68287.34,2026-07-14,RTGS-RZP5073408648-RAZORPAY SOFTWARE PVT LTD
BTXN6570637448,RZP8446181,39610.42,2026-07-14,IMPS/RZP/181226/PAYOUT
BTXN5394421360,RZP7757582563,6733.37,2026-07-11,IMPS/RZP7757582563/RAZORPAY SETTLEMENT
BTXN2404177686,RZP6629913550,56214.98,2026-07-03,IMPS/RZP6629913550/RAZORPAY SETTLEMENT
BTXN5137524575,RZP7078480648,65011.86,2026-07-06,RTGS-RZP7078480648-RAZORPAY SOFTWARE PVT LTD
BTXN8011113122,RZP8350384902,62221.89,2026-07-13,RTGS-RZP8350384902-RAZORPAY SOFTWARE PVT LTD
BTXN5161054913,RZP9361799107,30069.43,2026-07-15,IMPS/RZP/799107/PAYOUT
BTXN6539856155,RZP8581891316,54874.02,2026-07-09,NEFT CR-RZP8581891316-RAZORPAY
BTXN2945981052,RZP4820232679,18362.15,2026-07-09,UPI-RAZORPAY SOFTWARE PVT LTD-RZP4820232679
BTXN7990165022,RZP1932846334,55846.04,2026-07-02,RTGS-RZP1932846334-RAZORPAY SOFTWARE PVT LTD
BTXN6116948801,RZP8126127696,29479.84,2026-07-06,UPI-RAZORPAY SOFTWARE PVT LTD-RZP8126127696
BTXN6586086197,RZP6169618627,63894.79,2026-07-11,IMPS/RZP6169618627/RAZORPAY SETTLEMENT
BTXN5612645121,RZP2300656317,19324.79,2026-07-03,RTGS-RZP2300656317-RAZORPAY SOFTWARE PVT LTD
BTXN7732671016,RZP1808644367,3114.76,2026-07-17,RTGS-RZP1808644367-RAZORPAY SOFTWARE PVT LTD
BTXN9960957575,RZP9061615990,65019.40,2026-07-13,IMPS/RZP9061615990/RAZORPAY SETTLEMENT
BTXN7192423780,RZP6600100279,16158.61,2026-07-13,IMPS/RZP6600100279/RAZORPAY SETTLEMENT
BTXN7983646120,RZP8808191168,19165.45,2026-07-12,IMPS/RZP8808191168/RAZORPAY SETTLEMENT
BTXN2040745164,RZP2924878393,13692.43,2026-07-05,ZOMATO ONLINE ORDER
BTXN7724309477,RZP6187004041,1620.83,2026-07-07,UPI-RAZORPAY SOFTWARE PVT LTD-RZP6187004041
BTXN6274085057,RZP3464761545,37297.34,2026-07-14,UPI-RAZORPAY SOFTWARE PVT LTD-RZP3464761545
BTXN5648063448,RZP2654593890,63453.21,2026-07-12,IMPS/RZP2654593890/RAZORPAY SETTLEMENT
BTXN7384440186,RZP8456864082,34219.92,2026-07-12,IMPS/RZP8456864082/RAZORPAY SETTLEMENT
BTXN2646358214,RZP8905044610,37992.49,2026-07-06,RTGS-RZP8905044610-RAZORPAY SOFTWARE PVT LTD
BTXN7004964045,RZP8239941612,41062.71,2026-07-11,IMPS/RZP8239941612/RAZORPAY SETTLEMENT
BTXN4999673414,RZP7346211863,58724.87,2026-07-15,NEFT CR-RZP7346211863-RAZORPAY
BTXN9517358781,RZP9835863,30977.66,2026-07-11,IMPS/RZP/863895/PAYOUT
BTXN6654275321,RZP5671505977,54443.52,2026-07-10,IMPS/RZP5671505977/RAZORPAY SETTLEMENT
BTXN3718004140,RZP8616097483,30066.11,2026-07-06,IMPS/RZP8616097483/RAZORPAY SETTLEMENT
BTXN1132253344,RZP4041684774,4929.87,2026-07-02,IRCTC TICKET BOOKING
BTXN8913915028,RZP3214080278,24933.46,2026-07-10,IMPS/RZP3214080278/RAZORPAY SETTLEMENT
BTXN4129590603,RZP4268086727,3790.71,2026-07-12,IMPS/RZP4268086727/RAZORPAY SETTLEMENT
BTXN2163272440,RZP9274419863,4448.68,2026-07-15,IMPS/RZP9274419863/RAZORPAY SETTLEMENT
BTXN5244695293,RZP5640621735,51034.25,2026-07-08,RTGS-RZP5640621735-RAZORPAY SOFTWARE PVT LTD
BTXN4730678544,rzp6299205568,4389.03,2026-07-05,NEFT CR RAZORPAY SOFTWARE-205568
BTXN8563762472,RZP7180795339,16367.81,2026-07-06,UPI-RAZORPAY SOFTWARE PVT LTD-RZP7180795339
BTXN1229722522,RZP8097393,74663.07,2026-07-16,IMPS/RZP/393224/PAYOUT
BTXN4374031460,RZP9592696377,25939.60,2026-07-10,RTGS-RZP9592696377-RAZORPAY SOFTWARE PVT LTD
BTXN5806670747,RZP6341902689,11845.60,2026-07-12,ATM WDL DEL
BTXN1499171238,RZP3990405949,19640.34,2026-07-07,NETFLIX SUBSCRIPTION
BTXN1136981950,RZP5428986,14214.14,2026-07-09,NEFT CR RAZORPAY SOFTWARE-986126
BTXN7549200467,RZP1368126213,17909.30,2026-07-10,ATM WDL MUM
BTXN5381672895,RZP9909087713,38777.55,2026-07-03,UPI-RAZORPAY SOFTWARE PVT LTD-RZP9909087713
BTXN1795470153,RZP4279916677,49363.11,2026-07-01,RTGS-RZP4279916677-RAZORPAY SOFTWARE PVT LTD
BTXN9707519292,RZP6073675245,44100.16,2026-07-05,IMPS/RZP6073675245/RAZORPAY SETTLEMENT
BTXN4384375283,RZP5949948022,51088.48,2026-07-11,UPI-RAZORPAY SOFTWARE PVT LTD-RZP5949948022
BTXN8886380788,RZP7978336578,1587.46,2026-07-09,IRCTC TICKET BOOKING
BTXN5349915910,RZP5483592897,41655.15,2026-07-03,NEFT CR-RZP5483592897-RAZORPAY
BTXN9475427046,RZP6165085672,36246.55,2026-07-11,RTGS-RZP6165085672-RAZORPAY SOFTWARE PVT LTD
BTXN3256081364,RZP1602031131,24273.24,2026-07-10,RTGS-RZP1602031131-RAZORPAY SOFTWARE PVT LTD
BTXN4811205292,RZP3056698664,61820.97,2026-07-04,UPI-RAZORPAY SOFTWARE PVT LTD-RZP3056698664
BTXN8315017360,RZP5069469871,58175.76,2026-07-04,RTGS-RZP5069469871-RAZORPAY SOFTWARE PVT LTD
BTXN2335341910,RZP7002325259,5227.74,2026-07-02,NEFT CR-RZP7002325259-RAZORPAY
BTXN1891929137,RZP8016131033,64053.25,2026-07-11,NEFT CR-RZP8016131033-RAZORPAY
BTXN6062097187,RZP5123203639,51085.06,2026-07-13,UPI-RAZORPAY SOFTWARE PVT LTD-RZP5123203639
BTXN2062994474,RZP5954207902,74437.45,2026-07-07,RTGS-RZP5954207902-RAZORPAY SOFTWARE PVT LTD
BTXN3988251428,RZP2002553400,19325.48,2026-07-06,IMPS/RZP2002553400/RAZORPAY SETTLEMENT
BTXN3334609632,RZP9618439056,66459.66,2026-07-11,UPI-RAZORPAY SETTLEMENT ORDER 430956
BTXN1807017913,RZP1875258405,72718.40,2026-07-15,IMPS/RZP1875258405/RAZORPAY SETTLEMENT
BTXN2985486830,RZP6209647296,40040.17,2026-07-12,RTGS-RZP6209647296-RAZORPAY SOFTWARE PVT LTD
BTXN1267442170,RZP3787141666,53967.42,2026-07-14,NEFT CR-RZP3787141666-RAZORPAY
BTXN6204841183,RZP3690058,15612.42,2026-07-15,IMPS/RZP/058119/PAYOUT
BTXN3962326900,RZP4129005354,4919.24,2026-07-15,IMPS/RZP4129005354/RAZORPAY SETTLEMENT
BTXN9924456994,RZP8111191488,17226.39,2026-07-04,RTGS-RZP8111191488-RAZORPAY SOFTWARE PVT LTD
BTXN5316064498,RZP6188781811,22385.97,2026-07-05,RTGS-RZP6188781811-RAZORPAY SOFTWARE PVT LTD
BTXN1817906089,RZP4810468370,10221.16,2026-07-12,UPI-RAZORPAY SOFTWARE PVT LTD-RZP4810468370
BTXN7403138032,RZP2253067850,17098.11,2026-07-14,IMPS/RZP2253067850/RAZORPAY SETTLEMENT
BTXN9292212704,RZP9003433479,8461.77,2026-07-05,SALARY CREDIT XYZ CORP
BTXN6622221695,RZP3714326854,9762.70,2026-07-04,RTGS-RZP3714326854-RAZORPAY SOFTWARE PVT LTD
BTXN8431480059,RZP1066244679,38416.01,2026-07-04,IMPS/RZP1066244679/RAZORPAY SETTLEMENT
BTXN2516185223,RZP3538289414,15961.41,2026-07-03,UPI-RAZORPAY SOFTWARE PVT LTD-RZP3538289414
BTXN9192268608,RZP9650030224,4662.84,2026-07-07,IMPS/RZP9650030224/RAZORPAY SETTLEMENT
BTXN8413150072,RZP7689102549,71698.98,2026-07-15,NEFT CR RAZORPAY SOFTWARE-120549
BTXN7695238797,RZP1678178119,2772.66,2026-07-11,RTGS-RZP1678178119-RAZORPAY SOFTWARE PVT LTD
BTXN6694576287,RZP3252763333,45816.15,2026-07-01,RTGS-RZP3252763333-RAZORPAY SOFTWARE PVT LTD
BTXN4575042630,RZP8375047239,1319.53,2026-07-11,ELECTRICITY BILL AUTOPAY
BTXN8195386804,RZP4708336250,50712.55,2026-07-05,NEFT CR RAZORPAY SOFTWARE-336205
BTXN7789396664,RZP8511822049,1029.21,2026-07-04,ELECTRICITY BILL AUTOPAY
BTXN3672911638,RZP2469293337,67304.09,2026-07-01,RTGS-RZP2469293337-RAZORPAY SOFTWARE PVT LTD
BTXN9400666399,RZP6233206426,16940.19,2026-07-02,UPI-RAZORPAY SOFTWARE PVT LTD-RZP6233206426
BTXN4872521694,RZP5904796921,29766.98,2026-07-06,IMPS/RZP5904796921/RAZORPAY SETTLEMENT
BTXN1957625387,RZP3465196171,25240.97,2026-07-14,RTGS-RZP3465196171-RAZORPAY SOFTWARE PVT LTD
BTXN5149075560,RZP6100717104,34898.19,2026-07-06,IMPS/RZP6100717104/RAZORPAY SETTLEMENT
BTXN6749782732,RZP9605919334,26978.90,2026-07-11,IMPS/RZP9605919334/RAZORPAY SETTLEMENT
BTXN6375522704,RZP6920691967,44282.07,2026-07-15,UPI-RAZORPAY SOFTWARE PVT LTD-RZP6920691967
BTXN2428915696,RZP6210158419,11851.24,2026-07-11,UPI-RAZORPAY SOFTWARE PVT LTD-RZP6210158419
BTXN8168394616,RZP2007192464,1449.83,2026-07-02,UPI-RAZORPAY SOFTWARE PVT LTD-RZP2007192464
BTXN7172066739,RZP3685760051,62603.63,2026-07-13,IMPS/RZP3685760051/RAZORPAY SETTLEMENT
BTXN3469841149,RZP4259968558,853.54,2026-07-01,NETFLIX SUBSCRIPTION
BTXN6211604267,RZP6300607425,49333.65,2026-07-12,UPI-RAZORPAY SOFTWARE PVT LTD-RZP6300607425
BTXN5533716033,RZP6113301509,5993.55,2026-07-15,IMPS/RZP6113301509/RAZORPAY SETTLEMENT
BTXN2352018428,RZP8418176416,64733.57,2026-07-12,UPI-RAZORPAY SOFTWARE PVT LTD-RZP8418176416
BTXN1523326383,RZP7168099428,50002.09,2026-07-02,IMPS/RZP7168099428/RAZORPAY SETTLEMENT
BTXN8263007482,RZP4516911409,69294.03,2026-07-08,IMPS/RZP4516911409/RAZORPAY SETTLEMENT
BTXN4362971360,RZP6007220626,56653.85,2026-07-10,NEFT CR-RZP6007220626-RAZORPAY
BTXN8816681105,RZP4212203479,43767.41,2026-07-09,NEFT CR-RZP4212203479-RAZORPAY
BTXN8646958756,ZRP7499979945,12481.66,2026-07-12,NEFT CR RAZORPAY SOFTWARE-979945
BTXN1405330575,RZP3896538580,31839.64,2026-07-11,IMPS/RZP3896538580/RAZORPAY SETTLEMENT
BTXN5221176036,RZP1585657584,21514.90,2026-07-14,UPI-RAZORPAY SETTLEMENT ORDER 655784
BTXN9188990448,RZP6767488473,40370.75,2026-07-05,RTGS-RZP6767488473-RAZORPAY SOFTWARE PVT LTD
BTXN1799143346,RZP4612640114,18764.94,2026-07-06,SALARY CREDIT XYZ CORP
BTXN9639245200,RZP6947530309,44893.69,2026-07-08,IMPS/RZP6947530309/RAZORPAY SETTLEMENT
BTXN3765510100,RZP3036655062,3341.19,2026-07-03,UPI-RAZORPAY SOFTWARE PVT LTD-RZP3036655062
BTXN8150869292,RZP8948239995,71697.30,2026-07-05,IMPS/RZP8948239995/RAZORPAY SETTLEMENT
BTXN8612165250,RZP2301072326,32109.13,2026-07-05,NEFT CR-RZP2301072326-RAZORPAY
BTXN9549250209,RZP9376541581,29361.49,2026-07-02,IMPS/RZP9376541581/RAZORPAY SETTLEMENT
BTXN4955326477,RZP6942290,34787.23,2026-07-08,UPI-RAZORPAY SETTLEMENT ORDER 290086
BTXN4148132768,RZP3522139422,49801.54,2026-07-15,RTGS-RZP3522139422-RAZORPAY SOFTWARE PVT LTD
BTXN1700641785,RZP5061737765,36824.74,2026-07-06,RTGS-RZP5061737765-RAZORPAY SOFTWARE PVT LTD
BTXN1400605699,RZP1737530290,44804.73,2026-07-04,IMPS/RZP1737530290/RAZORPAY SETTLEMENT
BTXN5461085968,RZP5170235520,25164.52,2026-07-06,IMPS/RZP5170235520/RAZORPAY SETTLEMENT
BTXN8150485169,RZP6538681143,34322.94,2026-07-13,IMPS/RZP6538681143/RAZORPAY SETTLEMENT
BTXN7829437656,RZP1443690134,61334.37,2026-07-10,IMPS/RZP/390134/PAYOUT
BTXN8069459895,RZP7812328180,68848.43,2026-07-02,UPI-RAZORPAY SOFTWARE PVT LTD-RZP7812328180
BTXN7041486642,RZP3107721699,10183.95,2026-07-04,ATM WDL CHN
BTXN2940028539,RZP7109428566,46178.50,2026-07-01,NEFT CR-RZP7109428566-RAZORPAY
BTXN2398887792,RZP5820707213,70038.66,2026-07-09,UPI-RAZORPAY SOFTWARE PVT LTD-RZP5820707213
BTXN7264237251,RZP8631522247,5028.70,2026-07-15,NEFT CR-RZP8631522247-RAZORPAY
BTXN8947884469,RZP6854562,73215.68,2026-07-06,IMPS/RZP/562483/PAYOUT
BTXN9375159824,RZP2256429596,21157.62,2026-07-08,IMPS/RZP2256429596/RAZORPAY SETTLEMENT
BTXN7133260987,RZP4918891148,69039.75,2026-07-11,RTGS-RZP4918891148-RAZORPAY SOFTWARE PVT LTD
BTXN6059168627,RZP6939076506,25282.78,2026-07-01,IMPS/RZP6939076506/RAZORPAY SETTLEMENT
BTXN9462359905,RZP9293333507,44074.39,2026-07-03,RTGS-RZP9293333507-RAZORPAY SOFTWARE PVT LTD
BTXN9247541311,RZP8068363430,58801.01,2026-07-16,RTGS-RZP8068363430-RAZORPAY SOFTWARE PVT LTD
BTXN3307946396,RZP6195148443,19227.94,2026-07-10,RTGS-RZP6195148443-RAZORPAY SOFTWARE PVT LTD
BTXN8574225793,RZP6652562754,12870.90,2026-07-12,ELECTRICITY BILL AUTOPAY
BTXN7730887902,RZP3868048462,14023.39,2026-07-07,RTGS-RZP3868048462-RAZORPAY SOFTWARE PVT LTD
BTXN1423433695,RZP6769479646,38109.95,2026-07-04,NEFT CR-RZP6769479646-RAZORPAY
BTXN2850914417,RZP8801332977,617.60,2026-07-02,RTGS-RZP8801332977-RAZORPAY SOFTWARE PVT LTD
BTXN6844214403,RZP3183906124,44150.24,2026-07-15,RTGS-RZP3183906124-RAZORPAY SOFTWARE PVT LTD
BTXN1298737106,RZP3303082117,72997.12,2026-07-07,UPI-RAZORPAY SOFTWARE PVT LTD-RZP3303082117
BTXN8004648499,RZP5517571428,55545.02,2026-07-08,RTGS-RZP5517571428-RAZORPAY SOFTWARE PVT LTD
BTXN5782010478,rzp6469102307,59404.40,2026-07-18,IMPS/RZP/102307/PAYOUT
BTXN3753020051,RZP2178758213,47064.17,2026-07-10,UPI-RAZORPAY SOFTWARE PVT LTD-RZP2178758213
BTXN6299302677,RZP9067968378,19602.34,2026-07-07,RTGS-RZP9067968378-RAZORPAY SOFTWARE PVT LTD
BTXN2307967576,RZP1959494596,48846.50,2026-07-16,NEFT CR-RZP1959494596-RAZORPAY
BTXN5344083406,RZP6415031531,18046.33,2026-07-13,IMPS/RZP6415031531/RAZORPAY SETTLEMENT
BTXN5411536783,RZP2347057452,4843.38,2026-07-10,SALARY CREDIT XYZ CORP
BTXN4778902256,RZP1034475778,7477.13,2026-07-15,NEFT CR-RZP1034475778-RAZORPAY
BTXN1267698902,RZP6746860557,19935.64,2026-07-06,UPI-RAZORPAY SOFTWARE PVT LTD-RZP6746860557
BTXN2298136522,RZP7625503428,8958.80,2026-07-07,ATM WDL DEL
BTXN6469458472,RZP4027526473,51922.87,2026-07-08,IMPS/RZP4027526473/RAZORPAY SETTLEMENT
BTXN8077769560,RZP5017720320,24666.10,2026-07-14,NEFT CR-RZP5017720320-RAZORPAY
BTXN8537887700,rzp8448077194,5436.81,2026-07-06,NEFT CR RAZORPAY SOFTWARE-077194
BTXN7678655886,RZP9171407544,47723.42,2026-07-15,RTGS-RZP9171407544-RAZORPAY SOFTWARE PVT LTD
BTXN3945727414,RZP3993802804,10934.05,2026-07-06,ATM WDL DEL
BTXN4192207535,rzp1056581789,30584.21,2026-07-07,UPI-RAZORPAY SETTLEMENT ORDER 581789
BTXN9861449701,RZP3898400928,35625.03,2026-07-10,IMPS/RZP3898400928/RAZORPAY SETTLEMENT
BTXN6940874431,RZP7271156216,46375.21,2026-07-01,UPI-RAZORPAY SOFTWARE PVT LTD-RZP7271156216
BTXN1759899905,RZP8948459904,39830.23,2026-07-07,RTGS-RZP8948459904-RAZORPAY SOFTWARE PVT LTD
BTXN6609132187,RZP6762623035,8273.38,2026-07-01,AMAZON RETAIL PAYMENT
BTXN4217152506,RZP8912935292,15902.51,2026-07-12,IMPS/RZP8912935292/RAZORPAY SETTLEMENT
BTXN5058996803,RZP6022993811,7625.11,2026-07-08,NEFT CR-RZP6022993811-RAZORPAY
BTXN9631418847,RZP7533012869,580.40,2026-07-09,IRCTC TICKET BOOKING
BTXN4989509333,RZP9529604340,20459.53,2026-07-07,NEFT CR-RZP9529604340-RAZORPAY
BTXN6852458093,RZP3579188798,11528.85,2026-07-08,IMPS/RZP3579188798/RAZORPAY SETTLEMENT
BTXN2023472588,RZP3190619653,59574.99,2026-07-07,UPI-RAZORPAY SOFTWARE PVT LTD-RZP3190619653
BTXN9769878938,RZP4578515141,15518.52,2026-07-07,RTGS-RZP4578515141-RAZORPAY SOFTWARE PVT LTD
BTXN4434727725,RZP5431005078,2271.55,2026-07-12,IMPS/RZP5431005078/RAZORPAY SETTLEMENT
BTXN2300347998,RZP7911193831,41622.19,2026-07-02,NEFT CR-RZP7911193831-RAZORPAY
BTXN2206176822,RZP4826479754,12948.30,2026-07-01,ATM WDL MUM
BTXN3619120223,RZP6173942150,30394.48,2026-07-14,RTGS-RZP6173942150-RAZORPAY SOFTWARE PVT LTD
BTXN9672945146,RZP6757305963,58648.93,2026-07-14,NEFT CR-RZP6757305963-RAZORPAY
BTXN8906763723,RZP7998565225,69641.69,2026-07-14,IMPS/RZP7998565225/RAZORPAY SETTLEMENT
BTXN5447210683,RZP3964203509,19707.78,2026-07-15,RTGS-RZP3964203509-RAZORPAY SOFTWARE PVT LTD
BTXN1383680131,RZP5664293812,47823.29,2026-07-11,RTGS-RZP5664293812-RAZORPAY SOFTWARE PVT LTD
BTXN7843244893,RZP8740288977,15973.82,2026-07-02,SWIGGY ORDER PAYMENT
BTXN4338343409,RZP7904638936,6486.86,2026-07-01,SALARY CREDIT XYZ CORP
BTXN8851838021,RZP1990305666,45310.97,2026-07-06,UPI-RAZORPAY SOFTWARE PVT LTD-RZP1990305666
BTXN3170137829,RZP1100595644,66828.79,2026-07-09,IMPS/RZP1100595644/RAZORPAY SETTLEMENT
BTXN1966028695,RZP4263011082,73391.76,2026-07-04,RTGS-RZP4263011082-RAZORPAY SOFTWARE PVT LTD
BTXN9389116887,RZP5120528117,57318.23,2026-07-14,NEFT CR-RZP5120528117-RAZORPAY
BTXN7022468889,RZP5178229051,61466.31,2026-07-14,RTGS-RZP5178229051-RAZORPAY SOFTWARE PVT LTD
BTXN5364351115,RZP2660370935,57754.46,2026-07-07,NEFT CR-RZP2660370935-RAZORPAY
BTXN4524134708,RZP1858932011,1694.86,2026-07-01,UPI-RAZORPAY SOFTWARE PVT LTD-RZP1858932011
BTXN9221193810,RZP5245734387,7540.30,2026-07-04,IMPS/RZP5245734387/RAZORPAY SETTLEMENT
BTXN2276754230,RZP3383204632,27971.66,2026-07-09,IMPS/RZP3383204632/RAZORPAY SETTLEMENT
BTXN6071650973,RZP2447152204,6793.51,2026-07-03,ZOMATO ONLINE ORDER
BTXN3386032569,RZP8677949,56512.97,2026-07-05,IMPS/RZP/949129/PAYOUT
BTXN7656594304,RZP8404623394,8898.73,2026-07-01,IMPS/RZP8404623394/RAZORPAY SETTLEMENT
BTXN4046721250,RZP2120191249,31775.78,2026-07-12,RTGS-RZP2120191249-RAZORPAY SOFTWARE PVT LTD
BTXN8674292092,RZP7772224977,11985.03,2026-07-15,NEFT CR-RZP7772224977-RAZORPAY
BTXN1825784607,RZP5459202046,33280.58,2026-07-03,UPI-RAZORPAY SOFTWARE PVT LTD-RZP5459202046
BTXN8486951364,RZP6066133966,46053.50,2026-07-04,UPI-RAZORPAY SOFTWARE PVT LTD-RZP6066133966
BTXN3577849657,RZP2205948901,9905.83,2026-07-05,NEFT CR-RZP2205948901-RAZORPAY
BTXN3844069730,RZP1134481372,11646.47,2026-07-14,UPI-RAZORPAY SOFTWARE PVT LTD-RZP1134481372
BTXN5581636795,RZP8465694993,23744.80,2026-07-02,RTGS-RZP8465694993-RAZORPAY SOFTWARE PVT LTD
BTXN8218146534,RZP5959736235,49042.41,2026-07-05,IMPS/RZP5959736235/RAZORPAY SETTLEMENT
BTXN7247886041,RZP2982979741,4246.21,2026-07-07,IMPS/RZP2982979741/RAZORPAY SETTLEMENT
BTXN2632235074,RZP6798709289,15448.37,2026-07-11,UPI-RAZORPAY SOFTWARE PVT LTD-RZP6798709289
BTXN6679076361,RZP1668381922,7797.29,2026-07-09,NEFT CR-RZP1668381922-RAZORPAY
BTXN6540664910,RZP5729438874,18104.31,2026-07-09,IMPS/RZP5729438874/RAZORPAY SETTLEMENT
BTXN9639044885,RZP6731159892,66044.54,2026-07-07,RTGS-RZP6731159892-RAZORPAY SOFTWARE PVT LTD
BTXN6545970956,RZP9182543558,44957.06,2026-07-01,NEFT CR-RZP9182543558-RAZORPAY
BTXN1497451839,RZP5300502773,7374.07,2026-07-12,IMPS/RZP5300502773/RAZORPAY SETTLEMENT
BTXN2093385931,RZP1543587330,41530.94,2026-07-14,RTGS-RZP1543587330-RAZORPAY SOFTWARE PVT LTD
BTXN1492300084,RZP1691293717,16948.70,2026-07-14,IMPS/RZP1691293717/RAZORPAY SETTLEMENT
BTXN3082029167,RZP9548551869,60762.74,2026-07-10,UPI-RAZORPAY SOFTWARE PVT LTD-RZP9548551869
BTXN2948517122,RZP8581737261,65402.07,2026-07-13,IMPS/RZP8581737261/RAZORPAY SETTLEMENT
BTXN9863620453,RZP2366484208,16988.61,2026-07-01,IMPS/RZP2366484208/RAZORPAY SETTLEMENT
BTXN2399288029,RZP4072442924,64976.69,2026-07-03,UPI-RAZORPAY SOFTWARE PVT LTD-RZP4072442924
BTXN3214349110,RZP8290447398,44778.17,2026-07-12,RTGS-RZP8290447398-RAZORPAY SOFTWARE PVT LTD
BTXN5298375878,RZP8229916046,65687.86,2026-07-07,RTGS-RZP8229916046-RAZORPAY SOFTWARE PVT LTD
BTXN7393066425,RZP7278741979,28836.80,2026-07-15,UPI-RAZORPAY SOFTWARE PVT LTD-RZP7278741979
BTXN1183949013,RZP6676720920,66901.12,2026-07-14,NEFT CR RAZORPAY SOFTWARE-270920
BTXN7838261601,RZP5061452304,7902.02,2026-07-04,IMPS/RZP5061452304/RAZORPAY SETTLEMENT
BTXN4187988846,RZP5659467369,33159.93,2026-07-13,RTGS-RZP5659467369-RAZORPAY SOFTWARE PVT LTD
BTXN7776803903,RZP9230811646,72193.83,2026-07-10,RTGS-RZP9230811646-RAZORPAY SOFTWARE PVT LTD
BTXN8534977387,RZP4423198820,5006.59,2026-07-05,RTGS-RZP4423198820-RAZORPAY SOFTWARE PVT LTD
BTXN7423156991,RZP3749145286,48223.79,2026-07-15,IMPS/RZP3749145286/RAZORPAY SETTLEMENT
BTXN9920983443,RZP1208785402,61042.64,2026-07-01,NEFT CR-RZP1208785402-RAZORPAY
BTXN3165440111,RZP8196375720,58278.63,2026-07-08,IMPS/RZP8196375720/RAZORPAY SETTLEMENT
BTXN4569226393,RZP3102241403,31490.21,2026-07-11,NEFT CR-RZP3102241403-RAZORPAY
BTXN2683269674,RZP3901232981,8391.56,2026-07-01,UPI-RAZORPAY SOFTWARE PVT LTD-RZP3901232981
BTXN3519606776,RZP9624355690,41103.89,2026-07-02,UPI-RAZORPAY SOFTWARE PVT LTD-RZP9624355690
BTXN4714151179,RZP8830461508,37087.44,2026-07-08,RTGS-RZP8830461508-RAZORPAY SOFTWARE PVT LTD
BTXN3305328106,RZP4355785660,69052.36,2026-07-07,IMPS/RZP4355785660/RAZORPAY SETTLEMENT
BTXN4342320890,RZP5886151815,72543.12,2026-07-11,RTGS-RZP5886151815-RAZORPAY SOFTWARE PVT LTD
BTXN2510138154,RZP3557760409,16931.34,2026-07-08,SWIGGY ORDER PAYMENT
BTXN5884526046,RZP9243445818,64225.73,2026-07-08,RTGS-RZP9243445818-RAZORPAY SOFTWARE PVT LTD
BTXN6091343716,RZP1105593729,51497.47,2026-07-06,IMPS/RZP1105593729/RAZORPAY SETTLEMENT
BTXN9003180763,RZP8630958773,2253.44,2026-07-12,NEFT CR-RZP8630958773-RAZORPAY
BTXN6520103410,RZP6002078344,660.58,2026-07-07,IMPS/RZP6002078344/RAZORPAY SETTLEMENT
BTXN6874525389,RZP4411836935,17368.93,2026-07-03,ATM WDL BLR
BTXN7156673260,rzp6109155930,19751.12,2026-07-12,IMPS/RZP/155930/PAYOUT
BTXN2426129087,RZP7871377065,73615.48,2026-07-12,RTGS-RZP7871377065-RAZORPAY SOFTWARE PVT LTD
BTXN6048485625,RZP9590792535,3994.69,2026-07-11,NETFLIX SUBSCRIPTION
BTXN1928959255,rzp7297285532,52781.05,2026-07-05,IMPS/RZP/285532/PAYOUT
BTXN8835052729,RZP3515554824,70399.84,2026-07-01,IMPS/RZP3515554824/RAZORPAY SETTLEMENT
BTXN8218076107,RZP8867100560,24163.42,2026-07-08,IMPS/RZP8867100560/RAZORPAY SETTLEMENT
BTXN2607201922,RZP2821400851,46464.58,2026-07-15,NEFT CR-RZP2821400851-RAZORPAY
BTXN7145452819,rzp7247558610,6026.22,2026-07-20,IMPS/RZP/558610/PAYOUT
BTXN1246124348,RZP8144923174,61683.31,2026-07-14,UPI-RAZORPAY SOFTWARE PVT LTD-RZP8144923174
BTXN3581238431,RZP3838528933,2402.72,2026-07-15,NETFLIX SUBSCRIPTION
BTXN3431577796,RZP9757832771,49583.86,2026-07-01,RTGS-RZP9757832771-RAZORPAY SOFTWARE PVT LTD
BTXN2778840868,RZP6217995981,43131.62,2026-07-11,NEFT CR-RZP6217995981-RAZORPAY
BTXN4583634258,rzp7457617384,9366.34,2026-07-15,NEFT CR RAZORPAY SOFTWARE-617384
BTXN7509987993,RZP8445866403,19086.68,2026-07-10,NEFT CR-RZP8445866403-RAZORPAY
BTXN5573270633,RZP9670604014,40641.97,2026-07-12,IMPS/RZP9670604014/RAZORPAY SETTLEMENT
BTXN4742681842,RZP3027520221,13375.20,2026-07-09,RTGS-RZP3027520221-RAZORPAY SOFTWARE PVT LTD
BTXN9639436133,RZP6405751774,72020.12,2026-07-06,RTGS-RZP6405751774-RAZORPAY SOFTWARE PVT LTD
BTXN6397968519,RZP3262043800,26310.47,2026-07-15,IMPS/RZP3262043800/RAZORPAY SETTLEMENT
BTXN6302526119,RZP8242590036,59816.95,2026-07-04,UPI-RAZORPAY SOFTWARE PVT LTD-RZP8242590036
BTXN1405252800,RZP5582701199,12042.03,2026-07-07,ATM WDL HYD
BTXN1550079742,rzp1357187384,33362.98,2026-07-19,UPI-RAZORPAY SETTLEMENT ORDER 187384
BTXN9836009997,RZP7839849039,52006.43,2026-07-04,UPI-RAZORPAY SOFTWARE PVT LTD-RZP7839849039
BTXN6670808189,RZP6415780814,13904.53,2026-07-01,RTGS-RZP6415780814-RAZORPAY SOFTWARE PVT LTD
BTXN2850735859,RZP6458278562,29306.11,2026-07-12,RTGS-RZP6458278562-RAZORPAY SOFTWARE PVT LTD
BTXN4608705574,RZP1336150210,29054.51,2026-07-06,IMPS/RZP1336150210/RAZORPAY SETTLEMENT
BTXN5810564767,RZP9732070589,10443.43,2026-07-01,NEFT CR-RZP9732070589-RAZORPAY
BTXN1714686964,rzp4609915427,13994.80,2026-07-07,NEFT CR RAZORPAY SOFTWARE-915427
BTXN7265006905,RZP8752438396,39223.42,2026-07-06,UPI-RAZORPAY SOFTWARE PVT LTD-RZP8752438396
BTXN8513658137,RZP9360064116,40977.48,2026-07-14,UPI-RAZORPAY SOFTWARE PVT LTD-RZP9360064116
BTXN2657365938,RZP6977525103,48639.65,2026-07-13,NEFT CR-RZP6977525103-RAZORPAY
BTXN9745140845,RZP8249171610,64215.42,2026-07-04,NEFT CR-RZP8249171610-RAZORPAY
BTXN2875666914,RZP2563601145,31369.95,2026-07-08,RTGS-RZP2563601145-RAZORPAY SOFTWARE PVT LTD
BTXN6928678489,RZP8578226896,45670.67,2026-07-13,NEFT CR-RZP8578226896-RAZORPAY
BTXN2409566298,RZP3075764,14898.71,2026-07-09,IMPS/RZP/764056/PAYOUT
BTXN9197434797,RZP8820673474,40619.52,2026-07-14,IMPS/RZP8820673474/RAZORPAY SETTLEMENT
BTXN9484128800,RZP8739143112,74919.98,2026-07-01,NEFT CR-RZP8739143112-RAZORPAY
BTXN4237888620,RZP3536398089,22216.83,2026-07-09,NEFT CR-RZP3536398089-RAZORPAY
BTXN1028293433,RZP4518268770,9662.27,2026-07-04,RTGS-RZP4518268770-RAZORPAY SOFTWARE PVT LTD
BTXN1071808601,RZP3167771879,30118.08,2026-07-15,NEFT CR-RZP3167771879-RAZORPAY
BTXN1651493993,RZP9658394325,18110.31,2026-07-11,AMAZON RETAIL PAYMENT
BTXN5653888632,RZP1543000117,68146.09,2026-07-09,UPI-RAZORPAY SOFTWARE PVT LTD-RZP1543000117
BTXN9767014040,RZP6488443158,12450.59,2026-07-11,IRCTC TICKET BOOKING
BTXN2573108158,RZP5918809898,45781.60,2026-07-04,RTGS-RZP5918809898-RAZORPAY SOFTWARE PVT LTD
BTXN3223123466,RZP2700002,52660.36,2026-07-18,NEFT CR RAZORPAY SOFTWARE-002857
BTXN9226667183,RZP4005632094,14092.71,2026-07-08,RTGS-RZP4005632094-RAZORPAY SOFTWARE PVT LTD
BTXN5738090865,RZP6588900266,16481.47,2026-07-03,ELECTRICITY BILL AUTOPAY
BTXN5269619462,RZP7533091849,30573.00,2026-07-05,IMPS/RZP7533091849/RAZORPAY SETTLEMENT
BTXN1152310009,rzp2650206183,68631.65,2026-07-07,NEFT CR RAZORPAY SOFTWARE-206183
BTXN5311368868,RZP9416438681,5394.44,2026-07-12,UPI-RAZORPAY SOFTWARE PVT LTD-RZP9416438681
BTXN5753436964,RZP1793833723,61615.99,2026-07-13,UPI-RAZORPAY SOFTWARE PVT LTD-RZP1793833723
BTXN7772643171,rzp2818572538,39306.96,2026-07-13,NEFT CR RAZORPAY SOFTWARE-572538
BTXN2711473498,RZP6225147,15001.94,2026-07-08,IMPS/RZP/147843/PAYOUT
BTXN4553838018,RZP8952539476,22199.56,2026-07-13,UPI-RAZORPAY SOFTWARE PVT LTD-RZP8952539476
BTXN1744374366,RZP4860111577,26462.95,2026-07-04,NEFT CR-RZP4860111577-RAZORPAY
BTXN7054478014,RZP1817666224,14309.18,2026-07-13,ZOMATO ONLINE ORDER
BTXN9540752170,RZP3558700091,37030.12,2026-07-18,IMPS/RZP/070091/PAYOUT
BTXN5671342799,RZP6560088577,16055.03,2026-07-05,UPI-RAZORPAY SOFTWARE PVT LTD-RZP6560088577
BTXN5142122483,RZP4403105235,74910.12,2026-07-02,NEFT CR-RZP4403105235-RAZORPAY
BTXN9386459366,RZP3753406032,32981.49,2026-07-06,NEFT CR-RZP3753406032-RAZORPAY
BTXN6597934134,RZP5473896017,60445.37,2026-07-12,NEFT CR-RZP5473896017-RAZORPAY
BTXN1332843511,RZP2316333341,20681.69,2026-07-05,NEFT CR-RZP2316333341-RAZORPAY
BTXN5705491685,RZP4520399955,36899.80,2026-07-08,UPI-RAZORPAY SOFTWARE PVT LTD-RZP4520399955
BTXN8266252438,RZP2696227959,1491.19,2026-07-11,RTGS-RZP2696227959-RAZORPAY SOFTWARE PVT LTD
BTXN4906234933,RZP8533161531,44119.05,2026-07-09,NEFT CR-RZP8533161531-RAZORPAY
BTXN9372711075,RZP4322820022,64785.94,2026-07-09,NEFT CR-RZP4322820022-RAZORPAY
BTXN7050717297,RZP4497694488,14330.03,2026-07-01,NEFT CR-RZP4497694488-RAZORPAY
BTXN5655887998,RZP2342726255,30752.98,2026-07-09,IMPS/RZP2342726255/RAZORPAY SETTLEMENT
BTXN6608065785,RZP6085045823,51478.21,2026-07-06,NEFT CR-RZP6085045823-RAZORPAY
BTXN9539471582,RZP2757901716,38662.36,2026-07-11,NEFT CR-RZP2757901716-RAZORPAY
BTXN1618363554,RZP6108775785,59441.22,2026-07-08,RTGS-RZP6108775785-RAZORPAY SOFTWARE PVT LTD
BTXN3130006033,RZP6581875190,24982.12,2026-07-02,RTGS-RZP6581875190-RAZORPAY SOFTWARE PVT LTD
BTXN6523317920,RZP8155321918,15060.89,2026-07-10,IMPS/RZP8155321918/RAZORPAY SETTLEMENT
BTXN1637195351,RZP8383635018,72493.84,2026-07-06,NEFT CR-RZP8383635018-RAZORPAY
BTXN1629176876,RZP9200079312,16093.35,2026-07-01,NEFT CR-RZP9200079312-RAZORPAY
BTXN1413599241,RZP6919372698,10349.88,2026-07-01,NEFT CR-RZP6919372698-RAZORPAY
BTXN6550818482,RZP4713579684,47410.16,2026-07-07,UPI-RAZORPAY SETTLEMENT ORDER 579648
BTXN2517780595,RZP8173518192,19301.49,2026-07-15,ELECTRICITY BILL AUTOPAY
BTXN9771852156,RZP9621245992,32160.93,2026-07-09,IMPS/RZP9621245992/RAZORPAY SETTLEMENT
BTXN4486956337,RZP7471862847,33106.25,2026-07-01,NEFT CR-RZP7471862847-RAZORPAY
BTXN2071315950,RZP3143469194,548.12,2026-07-09,SWIGGY ORDER PAYMENT
BTXN6917700491,RZP6502466,50149.15,2026-07-15,UPI-RAZORPAY SETTLEMENT ORDER 466761
BTXN2372322277,RZP9318010743,10977.93,2026-07-12,UPI-RAZORPAY SOFTWARE PVT LTD-RZP9318010743
BTXN4920727411,RZP4236956651,41063.44,2026-07-08,IMPS/RZP4236956651/RAZORPAY SETTLEMENT
BTXN9814163290,RZP2943226840,2867.36,2026-07-09,IMPS/RZP2943226840/RAZORPAY SETTLEMENT
BTXN7872090713,RZP8092994480,14532.83,2026-07-09,NEFT CR-RZP8092994480-RAZORPAY
BTXN2464281980,RZP4591319205,594.57,2026-07-14,AMAZON RETAIL PAYMENT
BTXN2553128358,RZP9515506639,60545.86,2026-07-05,NEFT CR-RZP9515506639-RAZORPAY
BTXN6869891456,RZP6114259949,70170.08,2026-07-09,IMPS/RZP6114259949/RAZORPAY SETTLEMENT
BTXN9468815204,RZP9687438327,21318.55,2026-07-13,IMPS/RZP/433827/PAYOUT
BTXN8999963054,RZP3305920746,27751.58,2026-07-04,RTGS-RZP3305920746-RAZORPAY SOFTWARE PVT LTD
BTXN3071838879,RZP8608819956,58103.23,2026-07-15,NEFT CR-RZP8608819956-RAZORPAY
BTXN2051498308,RZP7551924927,15965.48,2026-07-17,NEFT CR RAZORPAY SOFTWARE-924297
BTXN4022346220,RZP3553008988,17569.44,2026-07-07,RTGS-RZP3553008988-RAZORPAY SOFTWARE PVT LTD
BTXN9572540558,rzp4573254442,35077.18,2026-07-13,UPI-RAZORPAY SETTLEMENT ORDER 254442
BTXN4470249239,RZP7711463369,39218.08,2026-07-11,RTGS-RZP7711463369-RAZORPAY SOFTWARE PVT LTD
BTXN6731603476,RZP4330319077,66132.61,2026-07-02,UPI-RAZORPAY SOFTWARE PVT LTD-RZP4330319077
BTXN8804262046,RZP4313946500,6977.00,2026-07-15,IMPS/RZP4313946500/RAZORPAY SETTLEMENT
BTXN8466366649,RZP8719061831,18458.13,2026-07-08,ELECTRICITY BILL AUTOPAY
BTXN7047751331,RZP6350945065,1072.84,2026-07-11,NEFT CR-RZP6350945065-RAZORPAY
BTXN6964887772,RZP7163874305,6637.97,2026-07-01,RTGS-RZP7163874305-RAZORPAY SOFTWARE PVT LTD
BTXN7845603959,RZP7442497323,60359.55,2026-07-05,UPI-RAZORPAY SOFTWARE PVT LTD-RZP7442497323
BTXN2668153018,RZP3463819175,23051.93,2026-07-04,RTGS-RZP3463819175-RAZORPAY SOFTWARE PVT LTD
BTXN7293246999,RZP2975276611,39912.51,2026-07-09,UPI-RAZORPAY SOFTWARE PVT LTD-RZP2975276611
BTXN4689004614,RZP6253598941,42349.77,2026-07-10,NEFT CR-RZP6253598941-RAZORPAY
BTXN2593401547,RZP7766983535,7272.34,2026-07-04,AMAZON RETAIL PAYMENT
BTXN4684249425,RZP7423157355,13201.06,2026-07-02,IMPS/RZP7423157355/RAZORPAY SETTLEMENT
BTXN8536205444,RZP1650987897,39447.15,2026-07-12,NEFT CR-RZP1650987897-RAZORPAY
BTXN2099719776,RZP2524228529,36125.82,2026-07-14,RTGS-RZP2524228529-RAZORPAY SOFTWARE PVT LTD
BTXN3868535050,RZP4133391767,18060.58,2026-07-02,IMPS/RZP4133391767/RAZORPAY SETTLEMENT
BTXN6804806710,RZP7298051668,46909.78,2026-07-13,RTGS-RZP7298051668-RAZORPAY SOFTWARE PVT LTD
BTXN6322966499,RZP7520692807,17779.91,2026-07-16,IMPS/RZP7520692807/RAZORPAY SETTLEMENT
BTXN9645298482,RZP4960647262,6095.58,2026-07-08,AMAZON RETAIL PAYMENT
BTXN1739985985,RZP9048161614,16185.41,2026-07-10,NETFLIX SUBSCRIPTION
BTXN2786860929,RZP5306063987,31869.55,2026-07-08,UPI-RAZORPAY SOFTWARE PVT LTD-RZP5306063987
BTXN4723474875,RZP5517226989,6680.77,2026-07-03,UPI-RAZORPAY SOFTWARE PVT LTD-RZP5517226989
BTXN1887673367,RZP1480141284,5653.48,2026-07-15,SWIGGY ORDER PAYMENT
BTXN3578005933,RZP5684288373,12265.91,2026-07-08,IMPS/RZP5684288373/RAZORPAY SETTLEMENT
BTXN7368666052,RZP6866976974,47424.92,2026-07-02,RTGS-RZP6866976974-RAZORPAY SOFTWARE PVT LTD
BTXN6493800024,RZP9691572571,14888.17,2026-07-06,IMPS/RZP9691572571/RAZORPAY SETTLEMENT
BTXN4191092794,RZP8054648702,52390.54,2026-07-10,UPI-RAZORPAY SOFTWARE PVT LTD-RZP8054648702
BTXN7259612265,rzp8679870763,15227.72,2026-07-08,IMPS/RZP/870763/PAYOUT
BTXN1889973462,RZP2983614385,40204.73,2026-07-15,IMPS/RZP2983614385/RAZORPAY SETTLEMENT
BTXN1368605032,RZP7295896324,48365.09,2026-07-15,RTGS-RZP7295896324-RAZORPAY SOFTWARE PVT LTD
BTXN5893567592,RZP4055556160,19415.36,2026-07-04,SALARY CREDIT XYZ CORP
BTXN6179745972,RZP6930993187,32204.81,2026-07-15,NEFT CR-RZP6930993187-RAZORPAY
BTXN8279868906,RZP4240654098,3649.84,2026-07-10,SWIGGY ORDER PAYMENT
BTXN2299419063,RZP7937506534,2622.54,2026-07-01,UPI-RAZORPAY SOFTWARE PVT LTD-RZP7937506534
BTXN4030482810,RZP3315496427,44310.65,2026-07-07,IMPS/RZP3315496427/RAZORPAY SETTLEMENT
BTXN8191720011,RZP4306964267,34471.11,2026-07-05,IMPS/RZP4306964267/RAZORPAY SETTLEMENT
BTXN8289800644,RZP9376277483,24883.05,2026-07-01,UPI-RAZORPAY SOFTWARE PVT LTD-RZP9376277483
BTXN7250909901,RZP9278007251,13484.94,2026-07-16,IMPS/RZP/007251/PAYOUT
BTXN5143603382,RZP4833102044,43055.16,2026-07-13,IMPS/RZP4833102044/RAZORPAY SETTLEMENT
BTXN1153582036,RZP8311045279,42190.42,2026-07-05,IMPS/RZP8311045279/RAZORPAY SETTLEMENT
BTXN9559426798,RZP9401892,8175.79,2026-07-16,IMPS/RZP/892821/PAYOUT
BTXN5209093740,RZP6787504582,1123.68,2026-07-06,ELECTRICITY BILL AUTOPAY
BTXN8998080862,RZP2966500767,10593.97,2026-07-01,RTGS-RZP2966500767-RAZORPAY SOFTWARE PVT LTD
BTXN5823637708,RZP9743665547,2669.73,2026-07-07,IMPS/RZP9743665547/RAZORPAY SETTLEMENT
BTXN1999913493,RZP5176136758,21517.53,2026-07-03,RTGS-RZP5176136758-RAZORPAY SOFTWARE PVT LTD
BTXN7359027407,RZP6239379170,11332.75,2026-07-02,SWIGGY ORDER PAYMENT
BTXN5928179792,RZP5840337184,32654.13,2026-07-05,RTGS-RZP5840337184-RAZORPAY SOFTWARE PVT LTD
BTXN2428438739,rzp5055409024,4983.50,2026-07-05,IMPS/RZP/409024/PAYOUT
BTXN8471499716,RZP8236361108,19670.84,2026-07-14,RTGS-RZP8236361108-RAZORPAY SOFTWARE PVT LTD
BTXN5023690335,RZP2250048929,23808.92,2026-07-10,IMPS/RZP2250048929/RAZORPAY SETTLEMENT
BTXN7767204942,RZP2869146971,34782.17,2026-07-14,IMPS/RZP2869146971/RAZORPAY SETTLEMENT
BTXN4133565632,RZP3356668998,65965.13,2026-07-03,UPI-RAZORPAY SOFTWARE PVT LTD-RZP3356668998
BTXN5762556543,RZP7054811399,2376.84,2026-07-15,SALARY CREDIT XYZ CORP
BTXN8780412247,RZP4781795386,14995.91,2026-07-02,ELECTRICITY BILL AUTOPAY
BTXN9635795733,RZP3832146632,25302.46,2026-07-01,NEFT CR-RZP3832146632-RAZORPAY
BTXN4194750455,RZP4096212543,8177.31,2026-07-08,SWIGGY ORDER PAYMENT
BTXN5204910390,RZP8019235213,48099.27,2026-07-10,UPI-RAZORPAY SOFTWARE PVT LTD-RZP8019235213
BTXN7561068269,RZP2471960675,33828.22,2026-07-13,IMPS/RZP2471960675/RAZORPAY SETTLEMENT
BTXN6970307272,RZP7340367905,35981.83,2026-07-13,NEFT CR-RZP7340367905-RAZORPAY
BTXN3391213688,RZP1718887876,17568.83,2026-07-10,IMPS/RZP1718887876/RAZORPAY SETTLEMENT
BTXN5450448343,RZP3409724895,27489.13,2026-07-13,RTGS-RZP3409724895-RAZORPAY SOFTWARE PVT LTD
BTXN6127819018,rzp1317408830,1162.39,2026-07-07,UPI-RAZORPAY SETTLEMENT ORDER 408830
BTXN1293955985,RZP8628947857,19353.07,2026-07-02,IMPS/RZP8628947857/RAZORPAY SETTLEMENT
BTXN2770032700,RZP6212001597,11029.20,2026-07-02,RTGS-RZP6212001597-RAZORPAY SOFTWARE PVT LTD
BTXN2057894517,RZP5683007179,47648.75,2026-07-05,RTGS-RZP5683007179-RAZORPAY SOFTWARE PVT LTD
BTXN5719070490,RZP2397112924,2524.25,2026-07-01,IMPS/RZP2397112924/RAZORPAY SETTLEMENT
BTXN2667594635,RZP5546169804,23543.14,2026-07-05,NEFT CR-RZP5546169804-RAZORPAY
BTXN1832200813,RZP6773756545,16311.46,2026-07-04,SWIGGY ORDER PAYMENT
BTXN8158958884,RZP6479773898,55090.92,2026-07-06,RTGS-RZP6479773898-RAZORPAY SOFTWARE PVT LTD
BTXN7274527392,RZP4132662340,42399.05,2026-07-12,NEFT CR-RZP4132662340-RAZORPAY
BTXN2651798309,RZP5039995214,395.46,2026-07-08,SWIGGY ORDER PAYMENT
BTXN4238859559,RZP5888635716,2238.39,2026-07-15,SALARY CREDIT XYZ CORP
BTXN4652816122,RZP7127465254,53269.46,2026-07-04,NEFT CR-RZP7127465254-RAZORPAY
BTXN6195698079,RZP9689404464,14281.86,2026-07-09,UPI-RAZORPAY SOFTWARE PVT LTD-RZP9689404464
BTXN1904497739,RZP2566722083,28850.82,2026-07-05,NEFT CR-RZP2566722083-RAZORPAY
BTXN7254211279,RZP8757341686,1586.27,2026-07-06,IMPS/RZP8757341686/RAZORPAY SETTLEMENT
BTXN4737767336,RZP8240871374,41505.52,2026-07-06,IMPS/RZP8240871374/RAZORPAY SETTLEMENT
BTXN9281022257,RZP3182777545,61241.26,2026-07-14,UPI-RAZORPAY SOFTWARE PVT LTD-RZP3182777545
BTXN2317723211,RZP8102515984,52111.26,2026-07-01,UPI-RAZORPAY SOFTWARE PVT LTD-RZP8102515984
BTXN1534372271,RZP5417903963,66538.12,2026-07-15,RTGS-RZP5417903963-RAZORPAY SOFTWARE PVT LTD
BTXN6811610014,RZP2116723521,36576.11,2026-07-05,UPI-RAZORPAY SOFTWARE PVT LTD-RZP2116723521
BTXN7621812095,RZP2754016563,60909.08,2026-07-14,NEFT CR-RZP2754016563-RAZORPAY
BTXN9481789608,RZP4196586790,14877.24,2026-07-10,IMPS/RZP4196586790/RAZORPAY SETTLEMENT
BTXN2817865363,RZP4890628295,1915.79,2026-07-04,NEFT CR-RZP4890628295-RAZORPAY
BTXN3872920236,RZP7975160454,50964.30,2026-07-15,NEFT CR-RZP7975160454-RAZORPAY
BTXN4672214312,RZP3592596823,59321.25,2026-07-11,NEFT CR-RZP3592596823-RAZORPAY
BTXN2794412714,RZP5032334601,12920.39,2026-07-11,IMPS/RZP5032334601/RAZORPAY SETTLEMENT
BTXN5656072826,RZP5094929449,62534.53,2026-07-07,IMPS/RZP5094929449/RAZORPAY SETTLEMENT
BTXN1155575014,RPZ7615303505,21592.58,2026-07-07,UPI-RAZORPAY SETTLEMENT ORDER 303505
BTXN2243180493,RZP8689212949,61053.53,2026-07-04,NEFT CR-RZP8689212949-RAZORPAY
BTXN1678500147,RZP6385791669,19521.84,2026-07-01,RTGS-RZP6385791669-RAZORPAY SOFTWARE PVT LTD
BTXN5694868658,RZP2654538541,14678.30,2026-07-05,SALARY CREDIT XYZ CORP
BTXN8224000028,RZP9181643366,34978.53,2026-07-03,RTGS-RZP9181643366-RAZORPAY SOFTWARE PVT LTD
BTXN9501707946,RZP8183812977,9010.66,2026-07-11,RTGS-RZP8183812977-RAZORPAY SOFTWARE PVT LTD
BTXN5921252890,RZP8600723288,13109.52,2026-07-06,RTGS-RZP8600723288-RAZORPAY SOFTWARE PVT LTD
BTXN3857274115,RZP1192969175,63976.32,2026-07-03,NEFT CR-RZP1192969175-RAZORPAY
BTXN2535349454,RZP9773364425,63389.75,2026-07-06,RTGS-RZP9773364425-RAZORPAY SOFTWARE PVT LTD
BTXN8599339588,RZP6560129869,49705.60,2026-07-02,RTGS-RZP6560129869-RAZORPAY SOFTWARE PVT LTD
BTXN2105380085,RZP9730871840,61079.03,2026-07-07,UPI-RAZORPAY SOFTWARE PVT LTD-RZP9730871840
BTXN8135677691,RZP5111602541,47172.39,2026-07-12,RTGS-RZP5111602541-RAZORPAY SOFTWARE PVT LTD
BTXN6959388322,RZP3356325184,31168.38,2026-07-15,UPI-RAZORPAY SOFTWARE PVT LTD-RZP3356325184
BTXN7686305985,RZP7960047252,23105.56,2026-07-15,UPI-RAZORPAY SETTLEMENT ORDER 047252
BTXN7031887683,RZP4178630930,9577.45,2026-07-08,ELECTRICITY BILL AUTOPAY
BTXN8346261022,RZP4225481850,32413.23,2026-07-09,NEFT CR-RZP4225481850-RAZORPAY
BTXN2076695131,RZP7652264884,48528.25,2026-07-02,IMPS/RZP7652264884/RAZORPAY SETTLEMENT
BTXN3385087249,RZP6505496098,23068.36,2026-07-01,NEFT CR-RZP6505496098-RAZORPAY
BTXN3728783673,RZP6899920286,34012.21,2026-07-14,NEFT CR-RZP6899920286-RAZORPAY
BTXN5182545496,RZP7191696152,68840.74,2026-07-08,NEFT CR-RZP7191696152-RAZORPAY
BTXN5366403528,RZP5050256703,63367.88,2026-07-05,UPI-RAZORPAY SOFTWARE PVT LTD-RZP5050256703
BTXN6709827988,RZP3968050530,31908.58,2026-07-02,NEFT CR-RZP3968050530-RAZORPAY
BTXN2033759163,RZP9901992480,44256.81,2026-07-12,IMPS/RZP9901992480/RAZORPAY SETTLEMENT
BTXN6618084394,RZP1644630523,65226.98,2026-07-03,UPI-RAZORPAY SOFTWARE PVT LTD-RZP1644630523
BTXN7981999751,RZP4266400036,36087.79,2026-07-02,NEFT CR-RZP4266400036-RAZORPAY
BTXN9060184184,RZP7771065861,26825.95,2026-07-02,NEFT CR-RZP7771065861-RAZORPAY
BTXN3043151824,RZP2593160889,6490.28,2026-07-03,SWIGGY ORDER PAYMENT
BTXN7241175457,RZP5639013227,47424.72,2026-07-02,IMPS/RZP5639013227/RAZORPAY SETTLEMENT
BTXN5766912859,RZP7284403924,46391.69,2026-07-17,UPI-RAZORPAY SOFTWARE PVT LTD-RZP7284403924
BTXN9899209385,RZP2839999414,38232.93,2026-07-12,IMPS/RZP2839999414/RAZORPAY SETTLEMENT
BTXN7845071320,RZP6330015657,64952.11,2026-07-06,NEFT CR-RZP6330015657-RAZORPAY
BTXN4099396689,RZP5074288018,49394.80,2026-07-02,RTGS-RZP5074288018-RAZORPAY SOFTWARE PVT LTD
BTXN4983792114,RZP9830029,32213.53,2026-07-19,UPI-RAZORPAY SETTLEMENT ORDER 029779
BTXN9329218020,RZP8924753743,12583.75,2026-07-01,RTGS-RZP8924753743-RAZORPAY SOFTWARE PVT LTD
BTXN8281641403,RZP8544878538,10439.01,2026-07-06,IMPS/RZP8544878538/RAZORPAY SETTLEMENT
BTXN8334508438,RZP5802728,52917.42,2026-07-11,UPI-RAZORPAY SETTLEMENT ORDER 728633
BTXN1771514551,RZP3973530331,8915.13,2026-07-06,RTGS-RZP3973530331-RAZORPAY SOFTWARE PVT LTD
BTXN4794413097,RZP1355664715,17970.56,2026-07-15,IMPS/RZP/664715/PAYOUT
BTXN2183652756,RZP8962695,33292.88,2026-07-15,NEFT CR RAZORPAY SOFTWARE-695259
BTXN2012707425,RZP9762113365,65465.17,2026-07-04,UPI-RAZORPAY SOFTWARE PVT LTD-RZP9762113365
BTXN8590566349,RZP2166456447,19900.91,2026-07-10,ELECTRICITY BILL AUTOPAY
BTXN2067491658,RZP2543616795,6561.12,2026-07-09,NEFT CR-RZP2543616795-RAZORPAY
BTXN9740924080,RZP3690714075,10280.14,2026-07-14,NEFT CR-RZP3690714075-RAZORPAY
BTXN6086196525,RZP4161657788,10306.98,2026-07-03,NETFLIX SUBSCRIPTION
BTXN2274870688,RZP6267323906,69643.14,2026-07-11,UPI-RAZORPAY SOFTWARE PVT LTD-RZP6267323906
BTXN5693756540,RZP5888015939,14503.81,2026-07-04,IMPS/RZP5888015939/RAZORPAY SETTLEMENT
BTXN7639654460,RZP3673821219,68974.20,2026-07-11,RTGS-RZP3673821219-RAZORPAY SOFTWARE PVT LTD
BTXN2383529893,RZP6139449116,50953.15,2026-07-02,IMPS/RZP6139449116/RAZORPAY SETTLEMENT
BTXN8898648667,RZP7312258069,41327.16,2026-07-10,UPI-RAZORPAY SETTLEMENT ORDER 258096
BTXN3751352041,RZP9142473153,27438.99,2026-07-08,UPI-RAZORPAY SOFTWARE PVT LTD-RZP9142473153
BTXN7430282958,RZP1931813889,18358.26,2026-07-07,IMPS/RZP1931813889/RAZORPAY SETTLEMENT
BTXN9043865672,RZP2443380696,69491.27,2026-07-08,IMPS/RZP2443380696/RAZORPAY SETTLEMENT
BTXN1407301249,RZP1826503417,7123.56,2026-07-08,SALARY CREDIT XYZ CORP
BTXN8596269637,RZP3779577854,35344.52,2026-07-10,RTGS-RZP3779577854-RAZORPAY SOFTWARE PVT LTD
BTXN4955979599,RZP1221676593,35344.17,2026-07-13,UPI-RAZORPAY SOFTWARE PVT LTD-RZP1221676593
BTXN3884048776,RZP9826016716,55746.08,2026-07-14,RTGS-RZP9826016716-RAZORPAY SOFTWARE PVT LTD
BTXN9313016347,RZP5675815887,8702.58,2026-07-09,RTGS-RZP5675815887-RAZORPAY SOFTWARE PVT LTD
BTXN4096929463,RZP6585931285,70586.79,2026-07-14,RTGS-RZP6585931285-RAZORPAY SOFTWARE PVT LTD
BTXN5257599196,RZP8492919885,25850.69,2026-07-10,IMPS/RZP8492919885/RAZORPAY SETTLEMENT
BTXN8428129738,RZP9093857039,25990.20,2026-07-07,IMPS/RZP9093857039/RAZORPAY SETTLEMENT
BTXN2368222063,RZP6237241692,2571.61,2026-07-04,AMAZON RETAIL PAYMENT
BTXN1980390738,RZP5261608307,68752.94,2026-07-08,UPI-RAZORPAY SOFTWARE PVT LTD-RZP5261608307
BTXN3843556882,RZP9010017485,2684.40,2026-07-12,ELECTRICITY BILL AUTOPAY
BTXN7183125377,RZP9715198114,47150.38,2026-07-07,UPI-RAZORPAY SOFTWARE PVT LTD-RZP9715198114
BTXN6944993484,RZP5093296976,2086.08,2026-07-14,UPI-RAZORPAY SOFTWARE PVT LTD-RZP5093296976
BTXN8750872949,RZP7385424494,46578.20,2026-07-10,IMPS/RZP7385424494/RAZORPAY SETTLEMENT
BTXN6981540935,RZP3719032171,60332.57,2026-07-09,RTGS-RZP3719032171-RAZORPAY SOFTWARE PVT LTD
BTXN7083067988,RZP7682327733,3992.87,2026-07-06,RTGS-RZP7682327733-RAZORPAY SOFTWARE PVT LTD
BTXN8815946677,RZP9157850969,53528.85,2026-07-12,UPI-RAZORPAY SETTLEMENT ORDER 850969
BTXN7775042294,RZP2755318059,43432.66,2026-07-02,RTGS-RZP2755318059-RAZORPAY SOFTWARE PVT LTD
BTXN8285786023,RZP1104906255,18740.77,2026-07-08,UPI-RAZORPAY SOFTWARE PVT LTD-RZP1104906255
BTXN2767773656,RZP7279889,74524.21,2026-07-11,UPI-RAZORPAY SETTLEMENT ORDER 889765
BTXN2124420145,RZP6108275915,13937.56,2026-07-13,NEFT CR-RZP6108275915-RAZORPAY
BTXN1195335609,RZP7438596807,4055.40,2026-07-15,NEFT CR-RZP7438596807-RAZORPAY
BTXN1296616046,RZP9922764539,67238.36,2026-07-08,UPI-RAZORPAY SOFTWARE PVT LTD-RZP9922764539
BTXN7703312637,RZP8146970650,50935.26,2026-07-09,IMPS/RZP8146970650/RAZORPAY SETTLEMENT
BTXN2243432379,RZP9464343643,36929.47,2026-07-16,NEFT CR-RZP9464343643-RAZORPAY
BTXN1695506654,RZP5363292596,987.96,2026-07-03,NEFT CR-RZP5363292596-RAZORPAY
BTXN6566400913,RZP4948558158,71396.95,2026-07-07,IMPS/RZP4948558158/RAZORPAY SETTLEMENT
BTXN9542360878,RZP1440818457,12696.81,2026-07-12,NETFLIX SUBSCRIPTION
BTXN4557315473,RZP7627958969,14029.48,2026-07-15,IMPS/RZP7627958969/RAZORPAY SETTLEMENT
BTXN7204034025,RZP3013367681,1875.73,2026-07-13,NEFT CR-RZP3013367681-RAZORPAY
BTXN4522031180,RZP1945661083,69015.97,2026-07-05,RTGS-RZP1945661083-RAZORPAY SOFTWARE PVT LTD
BTXN7191366764,RZP2818723094,63577.69,2026-07-10,RTGS-RZP2818723094-RAZORPAY SOFTWARE PVT LTD
BTXN1059504177,RZP2132786,67829.33,2026-07-05,NEFT CR RAZORPAY SOFTWARE-786480
BTXN8953926967,RZP9943371755,37137.15,2026-07-06,NEFT CR-RZP9943371755-RAZORPAY
BTXN4431492528,ZRP7312103425,14934.88,2026-07-13,UPI-RAZORPAY SETTLEMENT ORDER 103425
BTXN1205665083,RZP2229511931,19088.02,2026-07-03,UPI-RAZORPAY SOFTWARE PVT LTD-RZP2229511931
BTXN9599885296,RZP9007189787,39892.99,2026-07-10,RTGS-RZP9007189787-RAZORPAY SOFTWARE PVT LTD
BTXN4413015641,RZP6300539676,16602.86,2026-07-12,RTGS-RZP6300539676-RAZORPAY SOFTWARE PVT LTD
BTXN8025397565,RZP8194669427,37703.77,2026-07-13,RTGS-RZP8194669427-RAZORPAY SOFTWARE PVT LTD
BTXN3365255336,RZP9969743629,31044.85,2026-07-11,UPI-RAZORPAY SOFTWARE PVT LTD-RZP9969743629
BTXN4346258017,RZP7848090570,37973.42,2026-07-08,RTGS-RZP7848090570-RAZORPAY SOFTWARE PVT LTD
BTXN1295678014,RZP7488857684,12995.27,2026-07-11,IMPS/RZP7488857684/RAZORPAY SETTLEMENT
BTXN6518865400,RZP8701306769,11752.13,2026-07-09,RTGS-RZP8701306769-RAZORPAY SOFTWARE PVT LTD
BTXN7480667587,RZP9880035879,59311.52,2026-07-04,NEFT CR-RZP9880035879-RAZORPAY
BTXN5768406211,RZP7252503368,25766.84,2026-07-15,NEFT CR-RZP7252503368-RAZORPAY
BTXN8589772320,RZP3688605130,1667.08,2026-07-03,AMAZON RETAIL PAYMENT
BTXN7408528281,RZP7620897296,5506.51,2026-07-05,SWIGGY ORDER PAYMENT
BTXN4766466385,RZP4698593479,19920.44,2026-07-13,RTGS-RZP4698593479-RAZORPAY SOFTWARE PVT LTD
BTXN7035698933,RZP8440712218,19614.09,2026-07-14,AMAZON RETAIL PAYMENT
BTXN6798623914,RZP8163309371,8770.21,2026-07-01,IMPS/RZP8163309371/RAZORPAY SETTLEMENT
BTXN1964164911,RZP7075215899,14050.75,2026-07-15,RTGS-RZP7075215899-RAZORPAY SOFTWARE PVT LTD
BTXN7124347457,RZP5484337988,40348.17,2026-07-15,IMPS/RZP5484337988/RAZORPAY SETTLEMENT
BTXN5253126856,RZP9789042402,52179.63,2026-07-02,NEFT CR-RZP9789042402-RAZORPAY
BTXN3770939734,RZP4719242291,53187.04,2026-07-10,IMPS/RZP4719242291/RAZORPAY SETTLEMENT
BTXN3692648838,RZP4097780045,74042.16,2026-07-04,NEFT CR-RZP4097780045-RAZORPAY
BTXN9270942506,RZP6665159648,56163.91,2026-07-10,IMPS/RZP6665159648/RAZORPAY SETTLEMENT
BTXN2184550307,RZP7696498138,51576.00,2026-07-14,IMPS/RZP7696498138/RAZORPAY SETTLEMENT
BTXN2632761581,RZP7289563278,6391.32,2026-07-15,IMPS/RZP7289563278/RAZORPAY SETTLEMENT
BTXN5251278085,RZP5517090527,10969.08,2026-07-04,AMAZON RETAIL PAYMENT
BTXN5261489099,RZP6629841284,34182.91,2026-07-15,NEFT CR RAZORPAY SOFTWARE-841248
BTXN8831074656,RZP1373794889,64868.50,2026-07-09,RTGS-RZP1373794889-RAZORPAY SOFTWARE PVT LTD
BTXN8178444361,RZP1568633319,44562.04,2026-07-09,RTGS-RZP1568633319-RAZORPAY SOFTWARE PVT LTD
BTXN4154342191,RZP1821328222,61139.70,2026-07-16,IMPS/RZP1821328222/RAZORPAY SETTLEMENT
BTXN3538378062,RZP2303848283,58839.87,2026-07-12,NEFT CR-RZP2303848283-RAZORPAY
BTXN5313240729,RZP6943710665,32939.30,2026-07-06,IMPS/RZP6943710665/RAZORPAY SETTLEMENT
BTXN5115068398,RZP6051515351,51094.98,2026-07-11,IMPS/RZP6051515351/RAZORPAY SETTLEMENT
BTXN4904268170,RZP9958599,7764.11,2026-07-18,NEFT CR RAZORPAY SOFTWARE-599912
BTXN6707275915,rzp8697345343,23590.81,2026-07-09,UPI-RAZORPAY SETTLEMENT ORDER 345343
BTXN5185627761,RZP1991832025,44859.74,2026-07-02,IMPS/RZP1991832025/RAZORPAY SETTLEMENT
BTXN1598701076,RZP6221841473,56240.13,2026-07-03,NEFT CR-RZP6221841473-RAZORPAY
BTXN6012246059,RZP7425524442,1878.45,2026-07-11,RTGS-RZP7425524442-RAZORPAY SOFTWARE PVT LTD
BTXN1099837896,RZP3701152041,27115.09,2026-07-03,IMPS/RZP3701152041/RAZORPAY SETTLEMENT
BTXN6683066445,RZP6544503163,38307.81,2026-07-15,RTGS-RZP6544503163-RAZORPAY SOFTWARE PVT LTD
BTXN2105137057,RZP1660112321,9050.59,2026-07-15,ATM WDL CHN
BTXN6532043071,RZP7981077394,57119.29,2026-07-04,IMPS/RZP7981077394/RAZORPAY SETTLEMENT
BTXN7425385771,RZP4551266859,36111.04,2026-07-11,UPI-RAZORPAY SOFTWARE PVT LTD-RZP4551266859
BTXN3125845585,RZP2463583017,7974.23,2026-07-14,NETFLIX SUBSCRIPTION
BTXN1773338452,RZP4419410162,22355.90,2026-07-06,RTGS-RZP4419410162-RAZORPAY SOFTWARE PVT LTD
BTXN4474507662,RZP4019659295,7483.94,2026-07-05,ZOMATO ONLINE ORDER
BTXN4938866528,RZP1706081175,55137.91,2026-07-17,IMPS/RZP/081175/PAYOUT
BTXN9574438969,RZP4656813109,42883.17,2026-07-10,RTGS-RZP4656813109-RAZORPAY SOFTWARE PVT LTD
BTXN9702246354,RZP5462968603,60359.80,2026-07-01,IMPS/RZP5462968603/RAZORPAY SETTLEMENT
BTXN3772001298,RZP1867562781,21220.70,2026-07-05,NEFT CR-RZP1867562781-RAZORPAY
BTXN8730278383,RZP7822053923,67123.21,2026-07-14,RTGS-RZP7822053923-RAZORPAY SOFTWARE PVT LTD
BTXN3370970711,RZP1160420219,56302.19,2026-07-05,NEFT CR-RZP1160420219-RAZORPAY
BTXN4725225940,RZP2245247655,24081.49,2026-07-09,NEFT CR-RZP2245247655-RAZORPAY
BTXN3298437001,RZP8426796879,30121.59,2026-07-12,UPI-RAZORPAY SOFTWARE PVT LTD-RZP8426796879
BTXN6340709950,RZP6504891350,52645.50,2026-07-08,RTGS-RZP6504891350-RAZORPAY SOFTWARE PVT LTD
BTXN6689805567,RZP7944713401,68508.19,2026-07-07,NEFT CR-RZP7944713401-RAZORPAY
BTXN9399427907,RZP3078934504,27842.32,2026-07-16,IMPS/RZP/934540/PAYOUT
BTXN9925818085,RZ3P144781268,73127.67,2026-07-05,NEFT CR RAZORPAY SOFTWARE-781268
BTXN3497771728,RZP9692569,10965.32,2026-07-11,NEFT CR RAZORPAY SOFTWARE-569954
BTXN8271614252,RZP3982450134,54430.51,2026-07-12,UPI-RAZORPAY SOFTWARE PVT LTD-RZP3982450134
BTXN6562743336,RZP7602908750,40315.26,2026-07-06,UPI-RAZORPAY SOFTWARE PVT LTD-RZP7602908750
BTXN5632753983,RZP4627032705,18627.08,2026-07-10,RTGS-RZP4627032705-RAZORPAY SOFTWARE PVT LTD
BTXN2613318874,RZP2688923407,11038.94,2026-07-04,NEFT CR RAZORPAY SOFTWARE-923407
BTXN5094179575,RZP6692985438,20029.83,2026-07-15,UPI-RAZORPAY SETTLEMENT ORDER 985438
BTXN8173168060,RZP3316631273,56200.87,2026-07-12,UPI-RAZORPAY SOFTWARE PVT LTD-RZP3316631273
BTXN2661048768,RZP9958317746,3310.28,2026-07-09,ZOMATO ONLINE ORDER
BTXN2480529256,RZP7905926102,57845.38,2026-07-10,NEFT CR-RZP7905926102-RAZORPAY
BTXN3351768489,RZP9053376113,43463.46,2026-07-12,NEFT CR-RZP9053376113-RAZORPAY
BTXN4029989711,RZP8542719066,28831.77,2026-07-08,UPI-RAZORPAY SOFTWARE PVT LTD-RZP8542719066
BTXN5848214955,RZP5172847,51563.00,2026-07-16,NEFT CR RAZORPAY SOFTWARE-847747
BTXN2390764362,RZP3534420942,59809.07,2026-07-12,RTGS-RZP3534420942-RAZORPAY SOFTWARE PVT LTD
BTXN7707488200,RZP7523083519,14006.56,2026-07-09,RTGS-RZP7523083519-RAZORPAY SOFTWARE PVT LTD
BTXN3555040867,RZP4978638053,34682.36,2026-07-06,NEFT CR-RZP4978638053-RAZORPAY
BTXN9862976486,RZP4324575173,5806.85,2026-07-12,IMPS/RZP4324575173/RAZORPAY SETTLEMENT
BTXN4274431220,RZP6216128818,1877.36,2026-07-09,IMPS/RZP6216128818/RAZORPAY SETTLEMENT
BTXN1153131383,RZP4497016550,21428.05,2026-07-15,NEFT CR-RZP4497016550-RAZORPAY
BTXN2678276347,RZP9007187284,51368.15,2026-07-08,UPI-RAZORPAY SOFTWARE PVT LTD-RZP9007187284
BTXN5125032122,RZP9422285317,22014.15,2026-07-03,UPI-RAZORPAY SOFTWARE PVT LTD-RZP9422285317
BTXN2063932262,RZ5P899811854,34478.72,2026-07-10,UPI-RAZORPAY SETTLEMENT ORDER 811854
BTXN5884644836,RZP9328505702,14757.86,2026-07-02,ZOMATO ONLINE ORDER
BTXN1325471606,RZP6144170398,11220.01,2026-07-09,NEFT CR-RZP6144170398-RAZORPAY
BTXN6634220266,RZP3732376123,33647.60,2026-07-10,UPI-RAZORPAY SOFTWARE PVT LTD-RZP3732376123
BTXN6651171956,RZP8815260652,19748.60,2026-07-05,ATM WDL DEL
BTXN1992294298,RZP8839710218,67014.54,2026-07-08,NEFT CR-RZP8839710218-RAZORPAY
BTXN6271255585,RZP8417335599,45510.54,2026-07-02,IMPS/RZP8417335599/RAZORPAY SETTLEMENT
BTXN8354842828,RZP2656410692,18446.44,2026-07-08,IMPS/RZP2656410692/RAZORPAY SETTLEMENT
BTXN1920245979,RZP8859777,55138.10,2026-07-11,UPI-RAZORPAY SETTLEMENT ORDER 777395
BTXN1008496900,RZP5357436824,67748.35,2026-07-01,NEFT CR-RZP5357436824-RAZORPAY
BTXN8037560591,RZP3408017,11005.78,2026-07-15,IMPS/RZP/017966/PAYOUT
BTXN7038841740,RZP7556078550,61233.47,2026-07-05,RTGS-RZP7556078550-RAZORPAY SOFTWARE PVT LTD
BTXN2307415796,RZP8527398522,66543.09,2026-07-14,RTGS-RZP8527398522-RAZORPAY SOFTWARE PVT LTD
BTXN2165692664,RZP5978925443,1756.38,2026-07-01,ZOMATO ONLINE ORDER
BTXN1313788388,RZP4623032046,50375.47,2026-07-13,IMPS/RZP/032406/PAYOUT
BTXN9047875135,RZP1865292436,37814.09,2026-07-13,NEFT CR-RZP1865292436-RAZORPAY
BTXN4001065194,RZP1644661427,17211.02,2026-07-11,UPI-RAZORPAY SOFTWARE PVT LTD-RZP1644661427
BTXN3157448702,RZP8793571863,12151.36,2026-07-10,IRCTC TICKET BOOKING
BTXN5774483398,RZP4486324021,52454.42,2026-07-13,UPI-RAZORPAY SOFTWARE PVT LTD-RZP4486324021
BTXN2974208537,RZP4929633791,29080.43,2026-07-06,RTGS-RZP4929633791-RAZORPAY SOFTWARE PVT LTD
BTXN2812044807,RZP1436611598,45418.07,2026-07-01,RTGS-RZP1436611598-RAZORPAY SOFTWARE PVT LTD
BTXN7760193616,RZP6102944734,34799.37,2026-07-16,UPI-RAZORPAY SOFTWARE PVT LTD-RZP6102944734
BTXN9460701413,RZP2693876917,49551.70,2026-07-02,UPI-RAZORPAY SOFTWARE PVT LTD-RZP2693876917
BTXN4996589311,RZP1806582912,19985.55,2026-07-06,UPI-RAZORPAY SOFTWARE PVT LTD-RZP1806582912
BTXN5846135598,RZP9675837468,39058.25,2026-07-13,RTGS-RZP9675837468-RAZORPAY SOFTWARE PVT LTD
BTXN8390078971,RZP1877208,69139.62,2026-07-15,UPI-RAZORPAY SETTLEMENT ORDER 208569
BTXN4058586237,RZP7774635934,7163.93,2026-07-02,ZOMATO ONLINE ORDER
BTXN1363516573,RZP5705762224,15410.58,2026-07-09,NEFT CR-RZP5705762224-RAZORPAY
BTXN7628198290,ZRP1470600932,15558.85,2026-07-14,IMPS/RZP/600932/PAYOUT
BTXN9491645474,RZP9585423887,20784.06,2026-07-02,NEFT CR-RZP9585423887-RAZORPAY
BTXN2602631087,RZP8374788515,18407.60,2026-07-03,RTGS-RZP8374788515-RAZORPAY SOFTWARE PVT LTD
BTXN8117332578,RZP8494634323,10492.53,2026-07-14,UPI-RAZORPAY SOFTWARE PVT LTD-RZP8494634323
BTXN6223381234,RZP2807359239,14315.59,2026-07-13,SWIGGY ORDER PAYMENT
BTXN2075185078,RZP7765294022,53439.02,2026-07-12,RTGS-RZP7765294022-RAZORPAY SOFTWARE PVT LTD
BTXN9205885404,RZP2163335100,56042.44,2026-07-04,IMPS/RZP2163335100/RAZORPAY SETTLEMENT
BTXN5828499841,RZP7002586487,9583.75,2026-07-02,SALARY CREDIT XYZ CORP
BTXN1635149757,RZP3519243506,56860.83,2026-07-07,NEFT CR-RZP3519243506-RAZORPAY
BTXN8754311363,RZP9996903027,73977.88,2026-07-01,NEFT CR-RZP9996903027-RAZORPAY
BTXN7819123830,RZP8650926113,24678.37,2026-07-11,IMPS/RZP8650926113/RAZORPAY SETTLEMENT
BTXN5908611606,RZP4907502088,68314.27,2026-07-14,IMPS/RZP4907502088/RAZORPAY SETTLEMENT
BTXN8493206384,rzp4315743127,67093.26,2026-07-06,UPI-RAZORPAY SETTLEMENT ORDER 743127
BTXN7432202279,RZP1006313891,38725.43,2026-07-14,RTGS-RZP1006313891-RAZORPAY SOFTWARE PVT LTD
BTXN9834999739,RZP7228098909,65866.94,2026-07-11,UPI-RAZORPAY SOFTWARE PVT LTD-RZP7228098909
BTXN4299731884,RZP2028208174,28826.74,2026-07-01,RTGS-RZP2028208174-RAZORPAY SOFTWARE PVT LTD
BTXN9791235126,RZP7154789504,30364.87,2026-07-05,RTGS-RZP7154789504-RAZORPAY SOFTWARE PVT LTD
BTXN8080115266,RZP5381327427,64072.26,2026-07-05,NEFT CR-RZP5381327427-RAZORPAY
BTXN6481159074,RZP1210806141,12133.07,2026-07-10,IMPS/RZP1210806141/RAZORPAY SETTLEMENT
BTXN1679026596,RZP6389864974,17527.48,2026-07-06,IMPS/RZP6389864974/RAZORPAY SETTLEMENT
BTXN5334769475,RZP8679232444,14380.22,2026-07-12,IMPS/RZP8679232444/RAZORPAY SETTLEMENT
BTXN1755507859,RZP7434542918,28198.28,2026-07-11,UPI-RAZORPAY SOFTWARE PVT LTD-RZP7434542918
BTXN3738568701,RZP1240140248,19740.34,2026-07-03,RTGS-RZP1240140248-RAZORPAY SOFTWARE PVT LTD
BTXN6066408834,RZP9945062264,9906.29,2026-07-05,NEFT CR-RZP9945062264-RAZORPAY
BTXN7286821862,RZP6516346512,11300.51,2026-07-17,UPI-RAZORPAY SOFTWARE PVT LTD-RZP6516346512
BTXN6324725145,RZP8108208295,46374.54,2026-07-07,UPI-RAZORPAY SOFTWARE PVT LTD-RZP8108208295
BTXN1522709173,RZP1492264809,68298.04,2026-07-09,RTGS-RZP1492264809-RAZORPAY SOFTWARE PVT LTD
BTXN3522545423,RZP8277194571,24187.39,2026-07-07,NEFT CR-RZP8277194571-RAZORPAY
BTXN6552184869,RZP2983672651,17417.66,2026-07-07,UPI-RAZORPAY SOFTWARE PVT LTD-RZP2983672651
BTXN6499979300,RZP5988675273,61199.25,2026-07-10,IMPS/RZP5988675273/RAZORPAY SETTLEMENT
BTXN9729892636,RZP2874633140,35154.19,2026-07-15,IMPS/RZP/633140/PAYOUT
BTXN4715676144,RZP3533063852,6354.34,2026-07-13,SWIGGY ORDER PAYMENT
BTXN8959749221,RZP1460227315,44622.10,2026-07-03,NEFT CR-RZP1460227315-RAZORPAY
BTXN8954079867,RZP9405436,67675.07,2026-07-09,UPI-RAZORPAY SETTLEMENT ORDER 436792
BTXN8622869139,RZP8663887985,55275.45,2026-07-09,NEFT CR-RZP8663887985-RAZORPAY
BTXN3897029581,RZP5761868398,1713.05,2026-07-07,ZOMATO ONLINE ORDER
BTXN7865700573,RZP5125050927,17078.07,2026-07-14,NEFT CR-RZP5125050927-RAZORPAY
BTXN6265756641,RZP7979204873,44786.86,2026-07-02,IMPS/RZP7979204873/RAZORPAY SETTLEMENT
BTXN4246463398,RZP8540115274,65653.56,2026-07-05,UPI-RAZORPAY SOFTWARE PVT LTD-RZP8540115274
BTXN3333714386,RZP2240533297,43255.25,2026-07-12,IMPS/RZP/033297/PAYOUT
BTXN3111814708,RZP9328142690,22862.76,2026-07-14,NEFT CR-RZP9328142690-RAZORPAY
BTXN8122518348,RZP4943880259,10129.49,2026-07-13,ZOMATO ONLINE ORDER
BTXN9834257560,rzp5550022301,74575.53,2026-07-09,UPI-RAZORPAY SETTLEMENT ORDER 022301
BTXN9318934953,RZP3384842301,44741.46,2026-07-13,IMPS/RZP3384842301/RAZORPAY SETTLEMENT
BTXN4057181753,RZP6198328080,64640.23,2026-07-09,UPI-RAZORPAY SOFTWARE PVT LTD-RZP6198328080
BTXN1901802786,RZP9111653512,67453.02,2026-07-16,UPI-RAZORPAY SOFTWARE PVT LTD-RZP9111653512
BTXN7405856143,RZP1141131770,41971.66,2026-07-14,IMPS/RZP1141131770/RAZORPAY SETTLEMENT
BTXN1711086984,RZP7104670057,55981.58,2026-07-04,RTGS-RZP7104670057-RAZORPAY SOFTWARE PVT LTD
BTXN8913163154,RZP9752866700,72868.54,2026-07-01,RTGS-RZP9752866700-RAZORPAY SOFTWARE PVT LTD
BTXN5499785681,rzp1468603718,1387.47,2026-07-06,NEFT CR RAZORPAY SOFTWARE-603718
BTXN2877670384,RZP6878098571,66276.79,2026-07-12,IMPS/RZP6878098571/RAZORPAY SETTLEMENT
BTXN8537002793,RZP7329335818,21863.49,2026-07-03,UPI-RAZORPAY SOFTWARE PVT LTD-RZP7329335818
BTXN2846465000,RZP7073872915,16559.89,2026-07-09,UPI-RAZORPAY SOFTWARE PVT LTD-RZP7073872915
BTXN5243253355,RZP8131455756,22762.26,2026-07-02,RTGS-RZP8131455756-RAZORPAY SOFTWARE PVT LTD
BTXN5920524913,RZP2746244541,64917.56,2026-07-11,IMPS/RZP2746244541/RAZORPAY SETTLEMENT
BTXN5896117581,RZP1282134910,9500.72,2026-07-03,NETFLIX SUBSCRIPTION
BTXN5012495153,RZP5175255343,25100.14,2026-07-03,NEFT CR-RZP5175255343-RAZORPAY
BTXN2441334497,RZP5079447483,32969.08,2026-07-08,UPI-RAZORPAY SOFTWARE PVT LTD-RZP5079447483
BTXN3083205683,RZP4298635055,44726.71,2026-07-03,UPI-RAZORPAY SOFTWARE PVT LTD-RZP4298635055
BTXN6878040037,RZP9402752879,54381.68,2026-07-06,RTGS-RZP9402752879-RAZORPAY SOFTWARE PVT LTD
BTXN8981215277,RZP9634673210,38306.56,2026-07-11,RTGS-RZP9634673210-RAZORPAY SOFTWARE PVT LTD
BTXN8314057296,RZP6171846709,46716.41,2026-07-07,UPI-RAZORPAY SOFTWARE PVT LTD-RZP6171846709
BTXN1943200696,RZP4080249396,46281.98,2026-07-01,UPI-RAZORPAY SOFTWARE PVT LTD-RZP4080249396
BTXN1611556292,RZP1283681483,66384.76,2026-07-15,UPI-RAZORPAY SOFTWARE PVT LTD-RZP1283681483
BTXN4067853612,RZP2248867120,36818.49,2026-07-08,RTGS-RZP2248867120-RAZORPAY SOFTWARE PVT LTD
BTXN5281907480,RZP8418332121,8244.20,2026-07-09,NEFT CR-RZP8418332121-RAZORPAY
BTXN6782924800,RZP2475762828,21097.77,2026-07-07,RTGS-RZP2475762828-RAZORPAY SOFTWARE PVT LTD
BTXN3980778392,RZP2636957258,73089.63,2026-07-11,UPI-RAZORPAY SOFTWARE PVT LTD-RZP2636957258
BTXN9731467398,RZP5526221,34022.09,2026-07-16,NEFT CR RAZORPAY SOFTWARE-221176
BTXN9202582000,RZP3252262370,34372.44,2026-07-06,UPI-RAZORPAY SOFTWARE PVT LTD-RZP3252262370
BTXN6934726436,RZP8028148838,8115.94,2026-07-07,NETFLIX SUBSCRIPTION
BTXN7144517355,RZP9230296484,38022.31,2026-07-12,UPI-RAZORPAY SOFTWARE PVT LTD-RZP9230296484
BTXN2261537795,RZP3646075263,13181.48,2026-07-02,IMPS/RZP3646075263/RAZORPAY SETTLEMENT
BTXN9257901913,rzp2638844388,17026.27,2026-07-06,IMPS/RZP/844388/PAYOUT
BTXN1086468077,RZP1777956948,42422.20,2026-07-06,UPI-RAZORPAY SOFTWARE PVT LTD-RZP1777956948
BTXN9417830987,RZP3076510954,39375.34,2026-07-05,IMPS/RZP3076510954/RAZORPAY SETTLEMENT
BTXN4586585443,RZP6455040306,44767.93,2026-07-07,NEFT CR-RZP6455040306-RAZORPAY
BTXN1457092001,RZP6892565421,32175.17,2026-07-03,NEFT CR-RZP6892565421-RAZORPAY
BTXN3446933793,RZP4931934683,9009.10,2026-07-15,ZOMATO ONLINE ORDER
BTXN5701391966,RZP4490762350,14113.71,2026-07-12,IMPS/RZP4490762350/RAZORPAY SETTLEMENT
BTXN9364544838,RZP7586101102,3703.35,2026-07-14,RTGS-RZP7586101102-RAZORPAY SOFTWARE PVT LTD
BTXN1328681328,RZP8109356121,10273.89,2026-07-12,IMPS/RZP8109356121/RAZORPAY SETTLEMENT
BTXN5273811235,RZP7423886944,63880.87,2026-07-14,UPI-RAZORPAY SETTLEMENT ORDER 886494
BTXN6277058839,RZP3616294455,14121.30,2026-07-01,ZOMATO ONLINE ORDER
BTXN9045966937,RZP4081467801,45575.69,2026-07-10,UPI-RAZORPAY SOFTWARE PVT LTD-RZP4081467801
BTXN6762361623,RZP4544364423,17620.98,2026-07-12,RTGS-RZP4544364423-RAZORPAY SOFTWARE PVT LTD
BTXN2669743840,RZP1829326917,54120.56,2026-07-10,NEFT CR-RZP1829326917-RAZORPAY
BTXN1992072895,RZP4764125171,26744.99,2026-07-15,RTGS-RZP4764125171-RAZORPAY SOFTWARE PVT LTD
BTXN7614463949,RZP5870220303,71127.39,2026-07-14,IMPS/RZP5870220303/RAZORPAY SETTLEMENT
BTXN3455054143,RZP8970258559,2116.75,2026-07-14,IMPS/RZP8970258559/RAZORPAY SETTLEMENT
BTXN2000418046,RZP9851300294,66817.43,2026-07-12,RTGS-RZP9851300294-RAZORPAY SOFTWARE PVT LTD
BTXN7333127341,RPZ7593588964,43807.02,2026-07-07,UPI-RAZORPAY SETTLEMENT ORDER 588964
BTXN3996113836,RZP5810820556,12853.87,2026-07-11,UPI-RAZORPAY SOFTWARE PVT LTD-RZP5810820556
BTXN4308027795,RZP9440952157,29667.96,2026-07-04,IMPS/RZP9440952157/RAZORPAY SETTLEMENT
BTXN3347715190,RZP8138636081,37023.65,2026-07-05,IMPS/RZP8138636081/RAZORPAY SETTLEMENT
BTXN1752281823,RZP4195279456,70194.76,2026-07-04,NEFT CR-RZP4195279456-RAZORPAY
BTXN1648033865,RZP3310771284,7179.20,2026-07-14,AMAZON RETAIL PAYMENT
BTXN5151065390,RZP1971888397,25260.73,2026-07-04,RTGS-RZP1971888397-RAZORPAY SOFTWARE PVT LTD
BTXN7241095520,RZP9629869335,39609.13,2026-07-14,UPI-RAZORPAY SOFTWARE PVT LTD-RZP9629869335
BTXN8700751517,RZP9789500415,2085.37,2026-07-05,UPI-RAZORPAY SOFTWARE PVT LTD-RZP9789500415
BTXN8124170077,RZP2889305280,44636.91,2026-07-13,IMPS/RZP2889305280/RAZORPAY SETTLEMENT
BTXN2121139613,RZP8576810359,1439.41,2026-07-01,IMPS/RZP8576810359/RAZORPAY SETTLEMENT
BTXN2837151252,rzp6716813732,51092.96,2026-07-17,IMPS/RZP/813732/PAYOUT
BTXN7738538362,RZP5927217668,17987.20,2026-07-13,UPI-RAZORPAY SOFTWARE PVT LTD-RZP5927217668
BTXN1606430907,RZP4929542463,1223.81,2026-07-12,UPI-RAZORPAY SETTLEMENT ORDER 542463
BTXN9663024857,RZP1777748641,68397.03,2026-07-05,UPI-RAZORPAY SOFTWARE PVT LTD-RZP1777748641
BTXN7663237365,RZP3334942645,37372.23,2026-07-12,IMPS/RZP3334942645/RAZORPAY SETTLEMENT
BTXN6163003692,RZP3676815058,49430.76,2026-07-12,UPI-RAZORPAY SOFTWARE PVT LTD-RZP3676815058
BTXN9079487246,RZP7856161487,9066.36,2026-07-05,IMPS/RZP7856161487/RAZORPAY SETTLEMENT
BTXN4559184883,RZP9737440352,24350.38,2026-07-09,UPI-RAZORPAY SOFTWARE PVT LTD-RZP9737440352
BTXN4953144588,RZP5173107724,39688.15,2026-07-10,NEFT CR-RZP5173107724-RAZORPAY
BTXN2636995340,rzp1705029361,65392.61,2026-07-14,IMPS/RZP/029361/PAYOUT
BTXN3039164674,RZP1886823531,65348.46,2026-07-05,RTGS-RZP1886823531-RAZORPAY SOFTWARE PVT LTD
BTXN5227243184,RZP8013226008,38066.43,2026-07-14,NEFT CR-RZP8013226008-RAZORPAY
BTXN6856712561,RZP7692416881,51923.55,2026-07-10,UPI-RAZORPAY SOFTWARE PVT LTD-RZP7692416881
BTXN6401844042,RZP5708580756,55972.19,2026-07-05,IMPS/RZP5708580756/RAZORPAY SETTLEMENT
BTXN2723504965,RZP5852195828,36719.05,2026-07-09,RTGS-RZP5852195828-RAZORPAY SOFTWARE PVT LTD
BTXN1798112150,RZP2346922426,4235.60,2026-07-08,NEFT CR-RZP2346922426-RAZORPAY
BTXN8907926438,RZP4653316,41523.76,2026-07-11,NEFT CR RAZORPAY SOFTWARE-316493
BTXN5692698971,RZP9378307592,16602.42,2026-07-05,NEFT CR-RZP9378307592-RAZORPAY
BTXN4779815813,RZP6159675706,60396.88,2026-07-01,UPI-RAZORPAY SOFTWARE PVT LTD-RZP6159675706
BTXN7403360396,RZP5943011,23986.96,2026-07-15,UPI-RAZORPAY SETTLEMENT ORDER 011485
BTXN9879447023,RZP1153768720,39919.53,2026-07-06,IMPS/RZP1153768720/RAZORPAY SETTLEMENT
BTXN9001105648,RZP8480299706,1349.88,2026-07-07,RTGS-RZP8480299706-RAZORPAY SOFTWARE PVT LTD
BTXN7926652524,RZP9561936242,8511.62,2026-07-10,IMPS/RZP9561936242/RAZORPAY SETTLEMENT
BTXN4422048585,RZP8593250984,45530.80,2026-07-03,UPI-RAZORPAY SOFTWARE PVT LTD-RZP8593250984
BTXN4048500685,RZP5311497955,47569.72,2026-07-06,NEFT CR-RZP5311497955-RAZORPAY
BTXN7365769418,RZP6718386472,8670.76,2026-07-03,UPI-RAZORPAY SOFTWARE PVT LTD-RZP6718386472
BTXN8031053243,RZP2248985201,2894.18,2026-07-15,IMPS/RZP2248985201/RAZORPAY SETTLEMENT
BTXN3085340367,RZP2326501892,25743.24,2026-07-09,NEFT CR RAZORPAY SOFTWARE-508192
BTXN1496324694,RZP1494651996,30137.55,2026-07-11,NEFT CR-RZP1494651996-RAZORPAY
BTXN9471561561,RZP8945948887,61856.56,2026-07-09,IMPS/RZP/948887/PAYOUT
BTXN9200916086,RZP4848703118,24336.58,2026-07-13,UPI-RAZORPAY SOFTWARE PVT LTD-RZP4848703118
BTXN1812389135,RZP5933645448,60834.27,2026-07-02,UPI-RAZORPAY SOFTWARE PVT LTD-RZP5933645448
BTXN5340791929,rzp6919916546,16759.29,2026-07-11,NEFT CR RAZORPAY SOFTWARE-916546
BTXN3741553291,RZP1893610716,54479.80,2026-07-09,UPI-RAZORPAY SOFTWARE PVT LTD-RZP1893610716
BTXN6845729114,RZP7401499984,45436.30,2026-07-09,UPI-RAZORPAY SOFTWARE PVT LTD-RZP7401499984
BTXN6141911540,RZP8660751,13508.09,2026-07-16,UPI-RAZORPAY SETTLEMENT ORDER 751294
BTXN6068782187,RZP3583917327,66999.61,2026-07-12,IMPS/RZP3583917327/RAZORPAY SETTLEMENT
BTXN2902865667,RZP8990154528,58488.10,2026-07-13,UPI-RAZORPAY SOFTWARE PVT LTD-RZP8990154528
BTXN5568566095,RZP8599202198,11820.73,2026-07-11,ATM WDL CHN
BTXN9713720840,RZP5341842641,19943.60,2026-07-03,IMPS/RZP5341842641/RAZORPAY SETTLEMENT
BTXN3489410271,RZP8006764304,29473.19,2026-07-04,IMPS/RZP8006764304/RAZORPAY SETTLEMENT
BTXN5147636412,RZP2344275311,4964.97,2026-07-08,NEFT CR-RZP2344275311-RAZORPAY
BTXN8987143855,RZP5625202119,53043.51,2026-07-05,IMPS/RZP5625202119/RAZORPAY SETTLEMENT
BTXN4379808334,RZP7320734760,39141.76,2026-07-02,RTGS-RZP7320734760-RAZORPAY SOFTWARE PVT LTD
BTXN6538759198,RZP5256493527,30482.59,2026-07-01,UPI-RAZORPAY SOFTWARE PVT LTD-RZP5256493527
BTXN7541749055,RZP5535719338,59189.50,2026-07-01,RTGS-RZP5535719338-RAZORPAY SOFTWARE PVT LTD
BTXN3567737273,RZP8312316146,26163.21,2026-07-07,NEFT CR-RZP8312316146-RAZORPAY
BTXN3996990953,RZP3751506408,70615.69,2026-07-08,NEFT CR-RZP3751506408-RAZORPAY
BTXN7545576799,RZP9976901533,15873.68,2026-07-14,UPI-RAZORPAY SOFTWARE PVT LTD-RZP9976901533
BTXN9424629562,RZP4393607063,60363.46,2026-07-07,UPI-RAZORPAY SOFTWARE PVT LTD-RZP4393607063
BTXN3814963909,RZP7114060331,26448.94,2026-07-06,IMPS/RZP7114060331/RAZORPAY SETTLEMENT
BTXN6051411662,RZP1833199729,49067.09,2026-07-15,IMPS/RZP1833199729/RAZORPAY SETTLEMENT
BTXN3838312175,RZP4263038233,41820.31,2026-07-16,IMPS/RZP/038323/PAYOUT
BTXN1096032573,RZP5920497609,55499.14,2026-07-04,IMPS/RZP5920497609/RAZORPAY SETTLEMENT
BTXN1169618086,RZP9832077152,68742.13,2026-07-04,IMPS/RZP9832077152/RAZORPAY SETTLEMENT
BTXN5498661025,RZP3340396932,17769.78,2026-07-03,ELECTRICITY BILL AUTOPAY
BTXN8356755404,RZP8683031255,1839.19,2026-07-01,SALARY CREDIT XYZ CORP
BTXN8559492339,RZP5539334777,44504.39,2026-07-05,RTGS-RZP5539334777-RAZORPAY SOFTWARE PVT LTD
BTXN4413520679,RZP4411040931,73475.03,2026-07-01,NEFT CR-RZP4411040931-RAZORPAY
BTXN3022150839,RZP7201050925,6545.92,2026-07-05,UPI-RAZORPAY SOFTWARE PVT LTD-RZP7201050925
BTXN8991154686,RZP5333009936,66088.66,2026-07-03,IMPS/RZP5333009936/RAZORPAY SETTLEMENT
BTXN4849412401,RZP7687184154,24216.01,2026-07-04,IMPS/RZP7687184154/RAZORPAY SETTLEMENT
BTXN9814388068,RZP2907050257,17221.41,2026-07-07,NEFT CR-RZP2907050257-RAZORPAY
BTXN9101828680,RZP5682923514,40795.74,2026-07-03,IMPS/RZP5682923514/RAZORPAY SETTLEMENT
BTXN9837993556,RZP9064406333,46704.23,2026-07-08,NEFT CR-RZP9064406333-RAZORPAY
BTXN8789539025,RZP8182521593,12008.99,2026-07-17,UPI-RAZORPAY SOFTWARE PVT LTD-RZP8182521593
BTXN2812134512,RZP8110847979,61892.89,2026-07-01,NEFT CR-RZP8110847979-RAZORPAY
BTXN8390644349,RZP9216867868,57047.28,2026-07-13,NEFT CR-RZP9216867868-RAZORPAY
BTXN5089664247,RZP6381045602,2815.61,2026-07-10,NEFT CR-RZP6381045602-RAZORPAY
BTXN6836564507,RZP9705742,32958.99,2026-07-11,UPI-RAZORPAY SETTLEMENT ORDER 742431
BTXN2604184254,RZP1798119492,17068.66,2026-07-04,NEFT CR-RZP1798119492-RAZORPAY
BTXN3204297399,RZP3908576,11345.96,2026-07-05,NEFT CR RAZORPAY SOFTWARE-576810
BTXN9497936558,RZP6570373764,61215.00,2026-07-08,RTGS-RZP6570373764-RAZORPAY SOFTWARE PVT LTD
BTXN1954089244,rzp9441395237,43826.73,2026-07-09,NEFT CR RAZORPAY SOFTWARE-395237
BTXN1233415299,RZP8924675684,9882.22,2026-07-11,UPI-RAZORPAY SOFTWARE PVT LTD-RZP8924675684
BTXN7434516713,RZP6813847021,37881.68,2026-07-06,IMPS/RZP6813847021/RAZORPAY SETTLEMENT
BTXN4345658771,RZP1948937453,54920.12,2026-07-14,UPI-RAZORPAY SOFTWARE PVT LTD-RZP1948937453
BTXN3062838013,RZP5306899362,46368.68,2026-07-07,UPI-RAZORPAY SOFTWARE PVT LTD-RZP5306899362
BTXN7678038261,RZP4411938731,36253.97,2026-07-08,NEFT CR-RZP4411938731-RAZORPAY
BTXN7444495071,RZP1336069787,33219.71,2026-07-12,UPI-RAZORPAY SOFTWARE PVT LTD-RZP1336069787
BTXN1065857791,RZP6227046160,16062.24,2026-07-15,IMPS/RZP6227046160/RAZORPAY SETTLEMENT
BTXN7247417924,rzp3938159927,507.48,2026-07-19,IMPS/RZP/159927/PAYOUT
BTXN3485172357,RZP5826234,4370.20,2026-07-20,IMPS/RZP/234030/PAYOUT
BTXN8975271491,RZP5171336708,35762.43,2026-07-06,NEFT CR-RZP5171336708-RAZORPAY
BTXN6563847647,RZP8525128669,7084.86,2026-07-06,RTGS-RZP8525128669-RAZORPAY SOFTWARE PVT LTD
BTXN9611877740,RZP2670209278,61779.57,2026-07-09,RTGS-RZP2670209278-RAZORPAY SOFTWARE PVT LTD
BTXN9183045296,RZP8239429931,58163.39,2026-07-13,UPI-RAZORPAY SOFTWARE PVT LTD-RZP8239429931
BTXN9032081845,RZP7479329648,74768.74,2026-07-14,RTGS-RZP7479329648-RAZORPAY SOFTWARE PVT LTD
BTXN5117248077,RZP4959218902,47250.19,2026-07-09,UPI-RAZORPAY SOFTWARE PVT LTD-RZP4959218902
BTXN1808086778,RZP5351850734,12148.39,2026-07-02,NEFT CR-RZP5351850734-RAZORPAY
BTXN6838366088,RZP9671989317,5875.99,2026-07-05,IMPS/RZP9671989317/RAZORPAY SETTLEMENT
BTXN8447463180,RZP9395294304,36752.54,2026-07-12,NEFT CR-RZP9395294304-RAZORPAY
BTXN5522120947,RZP6667987217,65934.64,2026-07-03,IMPS/RZP6667987217/RAZORPAY SETTLEMENT
BTXN7251034460,RZP5840960618,53480.72,2026-07-03,UPI-RAZORPAY SOFTWARE PVT LTD-RZP5840960618
BTXN3159668272,RZP9615270274,54161.28,2026-07-02,UPI-RAZORPAY SOFTWARE PVT LTD-RZP9615270274
BTXN5824092354,RZP5818143357,30639.52,2026-07-03,NEFT CR-RZP5818143357-RAZORPAY
BTXN9581277987,RZP8112195365,37079.66,2026-07-09,RTGS-RZP8112195365-RAZORPAY SOFTWARE PVT LTD
BTXN1668263323,RZP4999620208,36521.13,2026-07-09,IMPS/RZP4999620208/RAZORPAY SETTLEMENT
BTXN5027953302,RZP2276236347,50712.00,2026-07-10,IMPS/RZP2276236347/RAZORPAY SETTLEMENT
BTXN4560527466,RZP8927901031,9684.80,2026-07-05,NEFT CR-RZP8927901031-RAZORPAY
BTXN1622886632,RZP5272799191,19848.27,2026-07-06,IRCTC TICKET BOOKING
BTXN3684140577,RZP7098849168,36373.18,2026-07-05,NEFT CR-RZP7098849168-RAZORPAY
BTXN7889966457,RZP3761607938,16267.66,2026-07-10,NEFT CR-RZP3761607938-RAZORPAY
BTXN5720039825,RZP8185934283,66179.48,2026-07-04,NEFT CR-RZP8185934283-RAZORPAY
BTXN6091778948,RZP2602857356,74393.26,2026-07-14,IMPS/RZP2602857356/RAZORPAY SETTLEMENT
BTXN8510506350,RZP2076343427,53327.92,2026-07-03,IMPS/RZP2076343427/RAZORPAY SETTLEMENT
BTXN7752737928,RZP6645930781,16158.46,2026-07-14,UPI-RAZORPAY SOFTWARE PVT LTD-RZP6645930781
BTXN6974959934,RZP8981576848,25455.07,2026-07-05,UPI-RAZORPAY SOFTWARE PVT LTD-RZP8981576848
BTXN5530327273,RZP8969600302,60893.18,2026-07-14,RTGS-RZP8969600302-RAZORPAY SOFTWARE PVT LTD
BTXN2217484313,RZP9306644101,12291.49,2026-07-07,SALARY CREDIT XYZ CORP
BTXN7890924624,RZP2728395890,35769.69,2026-07-13,UPI-RAZORPAY SOFTWARE PVT LTD-RZP2728395890
BTXN2969663672,RZP9241197574,60950.97,2026-07-01,RTGS-RZP9241197574-RAZORPAY SOFTWARE PVT LTD
BTXN3103842437,RZP1172659520,14354.11,2026-07-02,ELECTRICITY BILL AUTOPAY
BTXN3634002314,RZP1288002861,25703.58,2026-07-08,RTGS-RZP1288002861-RAZORPAY SOFTWARE PVT LTD
BTXN1449055216,RZP4679211513,25389.43,2026-07-08,IMPS/RZP4679211513/RAZORPAY SETTLEMENT
BTXN3179371871,RZP1394103590,44650.98,2026-07-14,NEFT CR-RZP1394103590-RAZORPAY
BTXN5815137711,RZP3792844,5767.76,2026-07-05,UPI-RAZORPAY SETTLEMENT ORDER 844045
BTXN1792328392,RZP7309122230,8646.12,2026-07-04,UPI-RAZORPAY SOFTWARE PVT LTD-RZP7309122230
BTXN8140402148,RZP1729702479,15025.14,2026-07-12,UPI-RAZORPAY SOFTWARE PVT LTD-RZP1729702479
BTXN2831251866,RZP7081908543,67280.92,2026-07-15,UPI-RAZORPAY SOFTWARE PVT LTD-RZP7081908543
BTXN7159443143,RZP4592782865,36650.86,2026-07-10,RTGS-RZP4592782865-RAZORPAY SOFTWARE PVT LTD
BTXN1650824723,RZP5281215083,19006.37,2026-07-12,ZOMATO ONLINE ORDER
BTXN3448957357,RZP6811431142,57551.37,2026-07-10,RTGS-RZP6811431142-RAZORPAY SOFTWARE PVT LTD
BTXN1001073081,RZP9780543329,3425.67,2026-07-11,ELECTRICITY BILL AUTOPAY
BTXN5241083889,RZP6324545983,11099.68,2026-07-12,RTGS-RZP6324545983-RAZORPAY SOFTWARE PVT LTD
BTXN9499273982,RZP9872437496,20309.19,2026-07-15,NEFT CR-RZP9872437496-RAZORPAY
BTXN1441793921,RZP6873359599,71266.72,2026-07-15,IMPS/RZP6873359599/RAZORPAY SETTLEMENT
BTXN6635084724,RZP9257219107,13335.81,2026-07-13,NEFT CR-RZP9257219107-RAZORPAY
BTXN2351955749,RZP2768843874,3612.24,2026-07-15,NEFT CR-RZP2768843874-RAZORPAY
BTXN1404985744,RZP7033153366,57193.08,2026-07-08,UPI-RAZORPAY SOFTWARE PVT LTD-RZP7033153366
BTXN1919093859,RZP1534464557,14573.75,2026-07-09,UPI-RAZORPAY SOFTWARE PVT LTD-RZP1534464557
BTXN2752536389,RZP1439080604,7003.64,2026-07-07,RTGS-RZP1439080604-RAZORPAY SOFTWARE PVT LTD
BTXN1132301288,RZP9851544303,47291.03,2026-07-08,NEFT CR-RZP9851544303-RAZORPAY
BTXN2164213595,rzp7605779277,12153.58,2026-07-16,IMPS/RZP/779277/PAYOUT
BTXN5365409541,RZP9430468809,32512.61,2026-07-10,IMPS/RZP9430468809/RAZORPAY SETTLEMENT
BTXN9482209575,RZP6366452952,3267.31,2026-07-14,RTGS-RZP6366452952-RAZORPAY SOFTWARE PVT LTD
BTXN4679815234,RZP7674017947,22148.90,2026-07-14,RTGS-RZP7674017947-RAZORPAY SOFTWARE PVT LTD
BTXN2843223554,RZP1802558618,21444.84,2026-07-02,IMPS/RZP1802558618/RAZORPAY SETTLEMENT
BTXN2121869776,RZP9125733677,9684.84,2026-07-03,RTGS-RZP9125733677-RAZORPAY SOFTWARE PVT LTD
BTXN3100976852,RZP3187141812,63218.04,2026-07-03,UPI-RAZORPAY SOFTWARE PVT LTD-RZP3187141812
BTXN2895822452,RZP3780006745,21625.66,2026-07-08,RTGS-RZP3780006745-RAZORPAY SOFTWARE PVT LTD
BTXN9362797147,RZP9943277531,66614.80,2026-07-06,IMPS/RZP9943277531/RAZORPAY SETTLEMENT
BTXN6552131311,RZP5549966649,16220.06,2026-07-11,RTGS-RZP5549966649-RAZORPAY SOFTWARE PVT LTD
BTXN3797777978,RZP8227785613,55576.91,2026-07-12,NEFT CR-RZP8227785613-RAZORPAY
BTXN7533920023,RZP9908142289,51751.35,2026-07-15,UPI-RAZORPAY SOFTWARE PVT LTD-RZP9908142289
BTXN8925520026,RZP7818568548,48100.93,2026-07-07,IMPS/RZP7818568548/RAZORPAY SETTLEMENT
BTXN7098378530,RZP9885692677,46312.21,2026-07-03,RTGS-RZP9885692677-RAZORPAY SOFTWARE PVT LTD
BTXN5275062212,RZP6202017883,22233.19,2026-07-13,IMPS/RZP6202017883/RAZORPAY SETTLEMENT
BTXN4768959508,RZP7919799704,23954.13,2026-07-04,IMPS/RZP7919799704/RAZORPAY SETTLEMENT
BTXN5508114872,RZP6441299586,54879.15,2026-07-07,RTGS-RZP6441299586-RAZORPAY SOFTWARE PVT LTD
BTXN4353306624,RZP1294298383,43157.70,2026-07-12,IMPS/RZP1294298383/RAZORPAY SETTLEMENT
BTXN3632888180,RZP8354747441,5935.78,2026-07-04,RTGS-RZP8354747441-RAZORPAY SOFTWARE PVT LTD
BTXN6890407426,RZP5814084647,43096.47,2026-07-01,NEFT CR-RZP5814084647-RAZORPAY
BTXN1535502069,RZP4665927028,28894.41,2026-07-02,UPI-RAZORPAY SOFTWARE PVT LTD-RZP4665927028
BTXN2438766792,rzp9947359933,69761.10,2026-07-05,NEFT CR RAZORPAY SOFTWARE-359933
BTXN5930217252,RZP2274746271,11323.38,2026-07-02,NEFT CR-RZP2274746271-RAZORPAY
BTXN9680748528,RZP9914042820,72027.31,2026-07-10,NEFT CR-RZP9914042820-RAZORPAY
BTXN1431733973,RZP4408682285,68463.33,2026-07-01,UPI-RAZORPAY SOFTWARE PVT LTD-RZP4408682285
BTXN3238948176,rzp4604169265,73236.05,2026-07-20,NEFT CR RAZORPAY SOFTWARE-169265
BTXN2619143674,RZP6434194365,74869.97,2026-07-07,UPI-RAZORPAY SOFTWARE PVT LTD-RZP6434194365
BTXN5564410662,RZP6307762804,73762.75,2026-07-03,UPI-RAZORPAY SOFTWARE PVT LTD-RZP6307762804
BTXN6762397304,RZP6586251175,11871.51,2026-07-06,ZOMATO ONLINE ORDER
BTXN3019837431,RZP6007955742,10242.43,2026-07-06,SWIGGY ORDER PAYMENT
BTXN6277882131,RZP2872032592,45417.21,2026-07-07,NEFT CR-RZP2872032592-RAZORPAY
BTXN6064824125,RZP2379097773,4191.13,2026-07-06,RTGS-RZP2379097773-RAZORPAY SOFTWARE PVT LTD
BTXN5372286134,RZP1637592770,15357.26,2026-07-15,NETFLIX SUBSCRIPTION
BTXN5931598292,RZP8631325732,60351.58,2026-07-08,NEFT CR RAZORPAY SOFTWARE-325372
BTXN4241435535,RZP2108140123,5957.24,2026-07-04,RTGS-RZP2108140123-RAZORPAY SOFTWARE PVT LTD
BTXN5157824739,RZP1212565292,29959.73,2026-07-08,UPI-RAZORPAY SETTLEMENT ORDER 655292
BTXN4113189468,RZP5794170675,13804.03,2026-07-12,RTGS-RZP5794170675-RAZORPAY SOFTWARE PVT LTD
BTXN1046864165,RZP4716564100,3125.46,2026-07-04,UPI-RAZORPAY SOFTWARE PVT LTD-RZP4716564100
BTXN5003784239,RZP7096039997,48572.46,2026-07-04,IMPS/RZP7096039997/RAZORPAY SETTLEMENT
BTXN3311256997,RZP4871676777,50616.63,2026-07-07,RTGS-RZP4871676777-RAZORPAY SOFTWARE PVT LTD
BTXN4181095275,RZP2715523894,5587.85,2026-07-15,NEFT CR-RZP2715523894-RAZORPAY
BTXN3486825295,RZP5819900353,17691.49,2026-07-03,NEFT CR-RZP5819900353-RAZORPAY
BTXN4863461116,RZP6266589423,14254.69,2026-07-11,IMPS/RZP6266589423/RAZORPAY SETTLEMENT
BTXN3736531909,RZP4007429005,62110.24,2026-07-07,RTGS-RZP4007429005-RAZORPAY SOFTWARE PVT LTD
BTXN4184779984,RZP7053466375,17276.99,2026-07-02,ZOMATO ONLINE ORDER
BTXN4425861808,RZP3018913750,28129.26,2026-07-05,UPI-RAZORPAY SETTLEMENT ORDER 917350
BTXN7968010747,RZP9276176628,3480.12,2026-07-12,IMPS/RZP9276176628/RAZORPAY SETTLEMENT
BTXN1673116725,RZP5306194532,38335.65,2026-07-04,RTGS-RZP5306194532-RAZORPAY SOFTWARE PVT LTD
BTXN3487952241,RZP5868420839,54507.49,2026-07-04,RTGS-RZP5868420839-RAZORPAY SOFTWARE PVT LTD
BTXN9406856970,RZP6918085781,18121.68,2026-07-12,UPI-RAZORPAY SOFTWARE PVT LTD-RZP6918085781
BTXN8807396546,RZP6880284932,6930.18,2026-07-11,UPI-RAZORPAY SOFTWARE PVT LTD-RZP6880284932
BTXN4232557668,RZP6848258538,60510.42,2026-07-13,RTGS-RZP6848258538-RAZORPAY SOFTWARE PVT LTD
BTXN7395643479,RZP6957660257,33049.43,2026-07-10,UPI-RAZORPAY SOFTWARE PVT LTD-RZP6957660257
BTXN5293062004,rzp6479772149,23072.86,2026-07-09,IMPS/RZP/772149/PAYOUT
BTXN1190937149,RZP9547622613,33951.06,2026-07-01,IMPS/RZP9547622613/RAZORPAY SETTLEMENT
BTXN1021537349,RZP4671376399,9231.93,2026-07-06,IMPS/RZP4671376399/RAZORPAY SETTLEMENT
BTXN9860947836,RZP6830867063,2732.33,2026-07-10,NEFT CR-RZP6830867063-RAZORPAY
BTXN4825817293,RZP6950306892,34678.50,2026-07-03,RTGS-RZP6950306892-RAZORPAY SOFTWARE PVT LTD
BTXN9923866164,RZP3452433662,10855.42,2026-07-02,RTGS-RZP3452433662-RAZORPAY SOFTWARE PVT LTD
BTXN7565100636,RZP2884939143,65414.63,2026-07-02,NEFT CR-RZP2884939143-RAZORPAY
BTXN1275986559,RZP5462755741,48846.35,2026-07-09,RTGS-RZP5462755741-RAZORPAY SOFTWARE PVT LTD
BTXN9337073414,RZP4647241972,5231.96,2026-07-07,NEFT CR-RZP4647241972-RAZORPAY
BTXN8337524336,RZP9095481986,63227.32,2026-07-03,UPI-RAZORPAY SOFTWARE PVT LTD-RZP9095481986
BTXN5090028822,RZP1623408541,73486.01,2026-07-04,NEFT CR-RZP1623408541-RAZORPAY
BTXN8754687354,RZP3991528284,26389.26,2026-07-11,IMPS/RZP3991528284/RAZORPAY SETTLEMENT
BTXN9900059888,RZP4235480178,53857.04,2026-07-15,UPI-RAZORPAY SOFTWARE PVT LTD-RZP4235480178
BTXN3200605745,RZP3747283564,56811.10,2026-07-11,NEFT CR-RZP3747283564-RAZORPAY
BTXN1110239423,RZP4847730548,34799.04,2026-07-06,NEFT CR-RZP4847730548-RAZORPAY
BTXN4409016344,RZP5145330871,59626.54,2026-07-10,IMPS/RZP5145330871/RAZORPAY SETTLEMENT
BTXN6214859796,RZP7116517046,69488.25,2026-07-11,RTGS-RZP7116517046-RAZORPAY SOFTWARE PVT LTD
BTXN6396012960,RZP4024785642,152.81,2026-07-15,SWIGGY ORDER PAYMENT
BTXN4667174464,RPZ5924498758,37470.65,2026-07-05,IMPS/RZP/498758/PAYOUT
BTXN4115542660,RZP7123651519,55360.41,2026-07-10,RTGS-RZP7123651519-RAZORPAY SOFTWARE PVT LTD
BTXN8668612808,RZP9553859182,11563.07,2026-07-05,SALARY CREDIT XYZ CORP
BTXN6383802605,RZP5719328110,69089.89,2026-07-13,UPI-RAZORPAY SOFTWARE PVT LTD-RZP5719328110
BTXN2832954296,RZP8049441942,23645.70,2026-07-02,RTGS-RZP8049441942-RAZORPAY SOFTWARE PVT LTD
BTXN5705556700,RZP9396884047,55201.09,2026-07-03,NEFT CR-RZP9396884047-RAZORPAY
BTXN4875297093,RZP7540648414,850.90,2026-07-04,ZOMATO ONLINE ORDER
BTXN2479832366,RZP2119731304,10487.93,2026-07-07,UPI-RAZORPAY SOFTWARE PVT LTD-RZP2119731304
BTXN4383351718,RZP1431642828,48507.13,2026-07-14,RTGS-RZP1431642828-RAZORPAY SOFTWARE PVT LTD
BTXN3944684102,RZP9175223055,21749.23,2026-07-06,RTGS-RZP9175223055-RAZORPAY SOFTWARE PVT LTD
BTXN7331428964,RZ9P858153252,66924.15,2026-07-07,UPI-RAZORPAY SETTLEMENT ORDER 153252
BTXN8939746381,RZP2433875095,8148.43,2026-07-14,RTGS-RZP2433875095-RAZORPAY SOFTWARE PVT LTD
BTXN4763928633,RZP6284745480,37791.15,2026-07-06,IMPS/RZP6284745480/RAZORPAY SETTLEMENT
BTXN4627063659,RZP6926213236,16793.96,2026-07-08,SWIGGY ORDER PAYMENT
BTXN1061506313,RZP2505707,46381.33,2026-07-07,NEFT CR RAZORPAY SOFTWARE-707075
BTXN1054053426,RZP1178218170,19172.79,2026-07-18,UPI-RAZORPAY SETTLEMENT ORDER 218170
BTXN3341286640,RZP1919139222,14273.97,2026-07-14,RTGS-RZP1919139222-RAZORPAY SOFTWARE PVT LTD
BTXN8926719921,RZP7310084111,48879.74,2026-07-05,RTGS-RZP7310084111-RAZORPAY SOFTWARE PVT LTD
BTXN1642007038,RZP3677612467,15748.86,2026-07-14,NEFT CR-RZP3677612467-RAZORPAY
BTXN4794327780,RZP4652885723,7529.91,2026-07-14,NEFT CR-RZP4652885723-RAZORPAY
BTXN7010107441,RZP4528309813,8844.88,2026-07-08,NETFLIX SUBSCRIPTION
BTXN2492278119,RZP8132898308,43000.80,2026-07-12,RTGS-RZP8132898308-RAZORPAY SOFTWARE PVT LTD
BTXN2684371781,RZP3707013363,49985.48,2026-07-11,IMPS/RZP3707013363/RAZORPAY SETTLEMENT
BTXN9986530535,RZP7370264712,60036.44,2026-07-07,RTGS-RZP7370264712-RAZORPAY SOFTWARE PVT LTD
BTXN2259619997,RZP5494319197,48475.24,2026-07-04,IMPS/RZP5494319197/RAZORPAY SETTLEMENT
BTXN3797814888,RZP2579162223,13784.99,2026-07-04,NEFT CR-RZP2579162223-RAZORPAY
BTXN8416153220,RZP2375489059,29599.67,2026-07-12,RTGS-RZP2375489059-RAZORPAY SOFTWARE PVT LTD
BTXN2820567704,RZP4707372201,9325.56,2026-07-07,UPI-RAZORPAY SOFTWARE PVT LTD-RZP4707372201
BTXN9206652204,RZP4746177,17987.86,2026-07-19,UPI-RAZORPAY SETTLEMENT ORDER 177697
BTXN9318793788,RZP7550043232,72176.81,2026-07-09,IMPS/RZP7550043232/RAZORPAY SETTLEMENT
BTXN5317456982,RZP3500134621,47369.12,2026-07-11,UPI-RAZORPAY SOFTWARE PVT LTD-RZP3500134621
BTXN7653670466,RZP8534365221,7277.63,2026-07-10,NETFLIX SUBSCRIPTION
BTXN3032971126,RZP3269069059,31939.34,2026-07-06,UPI-RAZORPAY SOFTWARE PVT LTD-RZP3269069059
BTXN7694492850,RZP6151077813,70625.72,2026-07-13,IMPS/RZP/077813/PAYOUT
BTXN8519224538,RZP3569521270,43968.16,2026-07-14,IMPS/RZP3569521270/RAZORPAY SETTLEMENT
BTXN1615206079,RZP6036952268,23275.78,2026-07-05,UPI-RAZORPAY SOFTWARE PVT LTD-RZP6036952268
BTXN3523555561,RZP1173417196,6642.97,2026-07-08,IMPS/RZP1173417196/RAZORPAY SETTLEMENT
BTXN6151688714,RZP4142963107,68850.80,2026-07-15,RTGS-RZP4142963107-RAZORPAY SOFTWARE PVT LTD
BTXN6218484323,RZP7895255573,7888.80,2026-07-12,UPI-RAZORPAY SOFTWARE PVT LTD-RZP7895255573
BTXN8354773713,RZP8172065401,4358.41,2026-07-08,IMPS/RZP8172065401/RAZORPAY SETTLEMENT
BTXN7343406479,RZP6934617493,551.54,2026-07-05,UPI-RAZORPAY SOFTWARE PVT LTD-RZP6934617493
BTXN2549484123,RZP9846793958,28366.69,2026-07-05,UPI-RAZORPAY SOFTWARE PVT LTD-RZP9846793958
BTXN9135679214,RZP3058163609,40174.70,2026-07-14,RTGS-RZP3058163609-RAZORPAY SOFTWARE PVT LTD
BTXN3071888568,RZP7859670746,33452.55,2026-07-08,RTGS-RZP7859670746-RAZORPAY SOFTWARE PVT LTD
BTXN8194597143,RZP2869969722,57715.53,2026-07-05,NEFT CR-RZP2869969722-RAZORPAY
BTXN2239621607,RZP5499090640,55080.33,2026-07-03,IMPS/RZP5499090640/RAZORPAY SETTLEMENT
BTXN2370205303,RZP4146796542,49362.21,2026-07-07,UPI-RAZORPAY SOFTWARE PVT LTD-RZP4146796542
BTXN5542698809,RZP2709737140,30099.42,2026-07-02,RTGS-RZP2709737140-RAZORPAY SOFTWARE PVT LTD
BTXN7668434075,RZP8385505320,21672.01,2026-07-04,NEFT CR-RZP8385505320-RAZORPAY
BTXN6177452419,RZP5383941015,38313.17,2026-07-07,RTGS-RZP5383941015-RAZORPAY SOFTWARE PVT LTD
BTXN8791183272,RZP9856363546,58934.63,2026-07-04,UPI-RAZORPAY SOFTWARE PVT LTD-RZP9856363546
BTXN7844667918,RZP1584821121,3766.84,2026-07-08,UPI-RAZORPAY SOFTWARE PVT LTD-RZP1584821121
BTXN5030218650,RZP5114434189,6473.55,2026-07-13,IMPS/RZP5114434189/RAZORPAY SETTLEMENT
BTXN8317619798,RZP4272162158,51185.47,2026-07-10,UPI-RAZORPAY SOFTWARE PVT LTD-RZP4272162158
BTXN1561334253,RZP1567942708,46498.17,2026-07-06,UPI-RAZORPAY SOFTWARE PVT LTD-RZP1567942708
BTXN3693916084,RZP1827752234,3679.35,2026-07-02,RTGS-RZP1827752234-RAZORPAY SOFTWARE PVT LTD
BTXN2642270644,RZP7152564962,27879.64,2026-07-08,IMPS/RZP7152564962/RAZORPAY SETTLEMENT
BTXN9986384992,RZP3925158297,19444.46,2026-07-10,NEFT CR-RZP3925158297-RAZORPAY
BTXN6830671474,RZP8876335861,7655.15,2026-07-09,RTGS-RZP8876335861-RAZORPAY SOFTWARE PVT LTD
BTXN4914132717,RZP2665670746,14090.75,2026-07-06,IMPS/RZP2665670746/RAZORPAY SETTLEMENT
BTXN9893164929,RZP8773546379,73840.09,2026-07-10,IMPS/RZP8773546379/RAZORPAY SETTLEMENT
BTXN1040475553,RZP9703237864,49016.55,2026-07-06,UPI-RAZORPAY SOFTWARE PVT LTD-RZP9703237864
BTXN2760169250,RZP3360311082,4747.47,2026-07-15,RTGS-RZP3360311082-RAZORPAY SOFTWARE PVT LTD
BTXN7127924323,RZP6411636401,37716.35,2026-07-02,NEFT CR-RZP6411636401-RAZORPAY
BTXN4208964711,RZP5010545458,52308.57,2026-07-14,IMPS/RZP5010545458/RAZORPAY SETTLEMENT
BTXN7546240535,RZP3602486829,43014.77,2026-07-09,RTGS-RZP3602486829-RAZORPAY SOFTWARE PVT LTD
BTXN6249296016,RZP8878260466,8654.35,2026-07-10,NEFT CR RAZORPAY SOFTWARE-206466
BTXN2084848406,RZP5099357,71928.25,2026-07-14,NEFT CR RAZORPAY SOFTWARE-357796
BTXN7498247045,RZP3318745459,51906.25,2026-07-04,RTGS-RZP3318745459-RAZORPAY SOFTWARE PVT LTD
BTXN9117217602,RZP5483504793,43239.83,2026-07-10,RTGS-RZP5483504793-RAZORPAY SOFTWARE PVT LTD
BTXN5258934569,RZP1670872861,21312.56,2026-07-04,NEFT CR-RZP1670872861-RAZORPAY
BTXN8251608605,RZP8639170637,8845.09,2026-07-03,UPI-RAZORPAY SOFTWARE PVT LTD-RZP8639170637
BTXN8857247603,RZP7322664459,16190.98,2026-07-06,NEFT CR-RZP7322664459-RAZORPAY
BTXN1963415929,RZP1191237069,41075.84,2026-07-02,RTGS-RZP1191237069-RAZORPAY SOFTWARE PVT LTD
BTXN1608721669,RZP2219522575,30653.11,2026-07-07,UPI-RAZORPAY SETTLEMENT ORDER 922575
BTXN5776865874,RZP7048222608,5125.31,2026-07-02,ZOMATO ONLINE ORDER
BTXN8002154568,RZP7703727299,8114.62,2026-07-03,NEFT CR-RZP7703727299-RAZORPAY
BTXN1437544708,RZP6736793866,30512.61,2026-07-13,NEFT CR RAZORPAY SOFTWARE-793866
BTXN4096743855,RZP4497167,2676.01,2026-07-17,UPI-RAZORPAY SETTLEMENT ORDER 167740
BTXN5889351240,rzp1459884583,1792.61,2026-07-15,UPI-RAZORPAY SETTLEMENT ORDER 884583
BTXN6336171726,RZP2349406919,72360.81,2026-07-06,IMPS/RZP2349406919/RAZORPAY SETTLEMENT
BTXN8392686945,RZP8373594699,14750.92,2026-07-12,AMAZON RETAIL PAYMENT
BTXN2508654691,RZP8649534322,74603.96,2026-07-04,RTGS-RZP8649534322-RAZORPAY SOFTWARE PVT LTD
BTXN5108932916,RZP7703957637,74860.15,2026-07-08,RTGS-RZP7703957637-RAZORPAY SOFTWARE PVT LTD
BTXN6648458139,RZP1476910050,67679.83,2026-07-03,RTGS-RZP1476910050-RAZORPAY SOFTWARE PVT LTD
BTXN2025716670,RZP1835046420,39839.53,2026-07-09,NEFT CR-RZP1835046420-RAZORPAY
BTXN2945231142,RZP6958303331,48368.29,2026-07-04,UPI-RAZORPAY SOFTWARE PVT LTD-RZP6958303331
BTXN6040405160,RZP7914730523,56442.33,2026-07-06,NEFT CR-RZP7914730523-RAZORPAY
BTXN4033244205,RZP8778067010,29396.35,2026-07-12,NEFT CR-RZP8778067010-RAZORPAY
BTXN7191825941,RZP7332834814,23726.26,2026-07-09,IMPS/RZP7332834814/RAZORPAY SETTLEMENT
BTXN2000532713,RZP6122145332,3794.54,2026-07-07,UPI-RAZORPAY SOFTWARE PVT LTD-RZP6122145332
BTXN2831109959,RZP2698333797,30821.21,2026-07-04,NEFT CR-RZP2698333797-RAZORPAY
BTXN5658351000,RZP2262003579,71961.77,2026-07-15,UPI-RAZORPAY SOFTWARE PVT LTD-RZP2262003579
BTXN4201153872,RZP1410129871,40756.94,2026-07-12,IMPS/RZP1410129871/RAZORPAY SETTLEMENT
BTXN2331177198,RZP8811265,51716.46,2026-07-17,NEFT CR RAZORPAY SOFTWARE-265881
BTXN8543897337,RZP5183755567,46427.04,2026-07-14,RTGS-RZP5183755567-RAZORPAY SOFTWARE PVT LTD
BTXN1530308940,RZP2353784115,65712.77,2026-07-11,NEFT CR-RZP2353784115-RAZORPAY
BTXN8147486165,RZP1400649355,4886.07,2026-07-13,NEFT CR-RZP1400649355-RAZORPAY
BTXN6722128879,RZP7901804302,31576.87,2026-07-14,IMPS/RZP7901804302/RAZORPAY SETTLEMENT
BTXN6618098259,RZP7239777742,69375.46,2026-07-03,UPI-RAZORPAY SOFTWARE PVT LTD-RZP7239777742
BTXN5227321985,RZP4675127536,6630.92,2026-07-13,ZOMATO ONLINE ORDER
BTXN4228379629,RZP7450913292,48093.30,2026-07-02,UPI-RAZORPAY SOFTWARE PVT LTD-RZP7450913292
BTXN1529710537,RZP9656805484,51624.91,2026-07-13,IMPS/RZP9656805484/RAZORPAY SETTLEMENT
BTXN3396741601,RZP8406392737,31614.38,2026-07-11,UPI-RAZORPAY SOFTWARE PVT LTD-RZP8406392737
BTXN9989041722,RZP7159386618,18351.53,2026-07-10,IMPS/RZP7159386618/RAZORPAY SETTLEMENT
BTXN1033774017,RZP5434046660,13591.25,2026-07-02,RTGS-RZP5434046660-RAZORPAY SOFTWARE PVT LTD
BTXN1428335739,RZP3693808016,34127.03,2026-07-13,UPI-RAZORPAY SOFTWARE PVT LTD-RZP3693808016
BTXN9952125442,RZP3153356179,71850.32,2026-07-08,UPI-RAZORPAY SOFTWARE PVT LTD-RZP3153356179
BTXN2436168615,RZP8730150450,72624.91,2026-07-06,IMPS/RZP8730150450/RAZORPAY SETTLEMENT
BTXN5577485214,RZP8286145992,43275.58,2026-07-06,NEFT CR-RZP8286145992-RAZORPAY
BTXN9095567323,RZP4614617257,13219.35,2026-07-07,RTGS-RZP4614617257-RAZORPAY SOFTWARE PVT LTD
BTXN8901600076,RZP7196997698,31320.61,2026-07-14,UPI-RAZORPAY SOFTWARE PVT LTD-RZP7196997698
BTXN1199447370,RZP9773795424,15904.67,2026-07-15,IMPS/RZP9773795424/RAZORPAY SETTLEMENT
BTXN1836495269,RZP3272452599,58531.94,2026-07-04,UPI-RAZORPAY SOFTWARE PVT LTD-RZP3272452599
BTXN2076641775,RZP6901593535,3255.34,2026-07-10,ELECTRICITY BILL AUTOPAY
BTXN1126094010,RZP1684149575,74508.21,2026-07-16,RTGS-RZP1684149575-RAZORPAY SOFTWARE PVT LTD
BTXN7616854389,RZP6919093334,71837.46,2026-07-08,IMPS/RZP6919093334/RAZORPAY SETTLEMENT
BTXN2434788933,RZP2135083646,44518.61,2026-07-09,NEFT CR-RZP2135083646-RAZORPAY
BTXN5290749893,RZP4554622884,4490.58,2026-07-02,ATM WDL BLR
BTXN7607288921,RZP7816728481,52334.38,2026-07-05,IMPS/RZP7816728481/RAZORPAY SETTLEMENT
BTXN2223569887,RZP4378889151,14056.12,2026-07-13,IMPS/RZP4378889151/RAZORPAY SETTLEMENT
BTXN1765622731,RZP9204079853,46040.50,2026-07-07,RTGS-RZP9204079853-RAZORPAY SOFTWARE PVT LTD
BTXN5301219154,RZP9749017610,61138.76,2026-07-09,IMPS/RZP9749017610/RAZORPAY SETTLEMENT
BTXN4337644657,RZP8602605839,19671.58,2026-07-13,UPI-RAZORPAY SOFTWARE PVT LTD-RZP8602605839
BTXN1144093943,RZP9792224000,31134.19,2026-07-06,NEFT CR-RZP9792224000-RAZORPAY
BTXN3179690806,RZP5163411930,1980.47,2026-07-15,IMPS/RZP5163411930/RAZORPAY SETTLEMENT
BTXN7006192917,RZP7302604314,16766.62,2026-07-02,RTGS-RZP7302604314-RAZORPAY SOFTWARE PVT LTD
BTXN7952088903,RZP8768187845,26138.21,2026-07-03,NEFT CR-RZP8768187845-RAZORPAY
BTXN5648613587,RZP5819823396,13355.11,2026-07-03,IRCTC TICKET BOOKING
BTXN1906269283,RZP6611268864,48569.68,2026-07-01,RTGS-RZP6611268864-RAZORPAY SOFTWARE PVT LTD
BTXN3362547149,RZP5176211663,13170.66,2026-07-05,IRCTC TICKET BOOKING
BTXN2538040889,RZP6498346695,58100.73,2026-07-08,NEFT CR-RZP6498346695-RAZORPAY
BTXN1492855428,RZP9074959380,67975.96,2026-07-08,RTGS-RZP9074959380-RAZORPAY SOFTWARE PVT LTD
BTXN5474078391,RZP9150728001,26845.45,2026-07-01,UPI-RAZORPAY SOFTWARE PVT LTD-RZP9150728001
BTXN2513178575,RZP5029841962,41837.26,2026-07-02,RTGS-RZP5029841962-RAZORPAY SOFTWARE PVT LTD
BTXN5276768063,RZP2501256162,14142.83,2026-07-13,UPI-RAZORPAY SOFTWARE PVT LTD-RZP2501256162
BTXN5231665002,RZP4101308249,30921.54,2026-07-10,IMPS/RZP4101308249/RAZORPAY SETTLEMENT
BTXN7701311403,RZP7515495410,20555.77,2026-07-08,UPI-RAZORPAY SOFTWARE PVT LTD-RZP7515495410
BTXN9557538383,RZP5767150338,3364.64,2026-07-03,UPI-RAZORPAY SOFTWARE PVT LTD-RZP5767150338
BTXN1701666774,RZP8909063683,4854.18,2026-07-04,IMPS/RZP8909063683/RAZORPAY SETTLEMENT
BTXN7287678427,rzp5991370793,41474.57,2026-07-19,UPI-RAZORPAY SETTLEMENT ORDER 370793
BTXN3619094295,RZP3775094726,3416.09,2026-07-12,RTGS-RZP3775094726-RAZORPAY SOFTWARE PVT LTD
BTXN7848445660,RZP5940847548,29973.19,2026-07-08,RTGS-RZP5940847548-RAZORPAY SOFTWARE PVT LTD
BTXN8020555638,RZP5667106418,31376.29,2026-07-09,IMPS/RZP5667106418/RAZORPAY SETTLEMENT
BTXN2664876543,RZP6751050163,27343.57,2026-07-14,RTGS-RZP6751050163-RAZORPAY SOFTWARE PVT LTD
BTXN1118795820,RZP6582150441,4005.22,2026-07-09,NEFT CR-RZP6582150441-RAZORPAY
BTXN4133661881,RZP6276339732,25750.41,2026-07-08,RTGS-RZP6276339732-RAZORPAY SOFTWARE PVT LTD
BTXN3574787709,RZP5988224112,64438.51,2026-07-15,RTGS-RZP5988224112-RAZORPAY SOFTWARE PVT LTD
BTXN4500991909,RZP4969899,50732.74,2026-07-20,IMPS/RZP/899609/PAYOUT
BTXN7735501682,RZP6765748353,51844.96,2026-07-06,RTGS-RZP6765748353-RAZORPAY SOFTWARE PVT LTD
BTXN5482740815,RZP1244313440,4720.77,2026-07-08,NEFT CR-RZP1244313440-RAZORPAY
BTXN1770926081,RZP2006550165,71224.33,2026-07-12,IMPS/RZP2006550165/RAZORPAY SETTLEMENT
BTXN4928896844,RZP7925771792,42156.65,2026-07-17,NEFT CR-RZP7925771792-RAZORPAY
BTXN4369529638,RZP8707604670,6172.23,2026-07-04,ELECTRICITY BILL AUTOPAY
BTXN9819373637,RZP7794142030,67491.49,2026-07-13,IMPS/RZP7794142030/RAZORPAY SETTLEMENT
BTXN6021033226,RZP6192036449,5059.41,2026-07-05,IMPS/RZP6192036449/RAZORPAY SETTLEMENT
BTXN1219371464,ZRP3891029981,14137.28,2026-07-13,UPI-RAZORPAY SETTLEMENT ORDER 029981
BTXN8951337937,RZP5155797974,16181.69,2026-07-06,ATM WDL DEL
BTXN4352342737,RZP1817657540,14279.12,2026-07-13,NEFT CR-RZP1817657540-RAZORPAY
BTXN5239891444,RZP9737874336,66366.27,2026-07-06,NEFT CR-RZP9737874336-RAZORPAY
BTXN2936464400,RZP6036958650,19837.23,2026-07-13,RTGS-RZP6036958650-RAZORPAY SOFTWARE PVT LTD
BTXN8876572482,RZP8921441013,63900.24,2026-07-10,UPI-RAZORPAY SETTLEMENT ORDER 441013
BTXN1163278106,RZP3648879593,20099.01,2026-07-03,NEFT CR-RZP3648879593-RAZORPAY
BTXN5509915131,RZP2777772747,46861.24,2026-07-14,NEFT CR-RZP2777772747-RAZORPAY
BTXN9993332740,RZP6677277274,1310.78,2026-07-09,UPI-RAZORPAY SOFTWARE PVT LTD-RZP6677277274
BTXN3717490693,RZP4722925897,64285.11,2026-07-13,NEFT CR-RZP4722925897-RAZORPAY
BTXN4592043803,RZP6352599207,57030.61,2026-07-07,UPI-RAZORPAY SOFTWARE PVT LTD-RZP6352599207
BTXN7165196742,RZP2243449857,43945.63,2026-07-05,NEFT CR-RZP2243449857-RAZORPAY
BTXN9732066667,RZP6134241134,59931.55,2026-07-09,RTGS-RZP6134241134-RAZORPAY SOFTWARE PVT LTD
BTXN4980370594,RZP5841604071,27094.10,2026-07-04,IMPS/RZP5841604071/RAZORPAY SETTLEMENT
BTXN3102178268,RZP5443219015,4211.27,2026-07-02,AMAZON RETAIL PAYMENT
BTXN1207517782,RZP7769996878,8452.21,2026-07-09,UPI-RAZORPAY SOFTWARE PVT LTD-RZP7769996878
BTXN1233903914,RZP6263212814,26777.02,2026-07-05,RTGS-RZP6263212814-RAZORPAY SOFTWARE PVT LTD
BTXN9851745355,RZP3090237817,14647.39,2026-07-04,UPI-RAZORPAY SOFTWARE PVT LTD-RZP3090237817
BTXN5976520898,RZP2233452270,54749.59,2026-07-14,NEFT CR-RZP2233452270-RAZORPAY
BTXN4386736808,RZP8299171232,53439.81,2026-07-08,NEFT CR-RZP8299171232-RAZORPAY
BTXN4357138100,RZP4452419330,71099.39,2026-07-13,NEFT CR-RZP4452419330-RAZORPAY
BTXN9189063575,RZP7671984156,57524.76,2026-07-06,UPI-RAZORPAY SOFTWARE PVT LTD-RZP7671984156
BTXN3693012756,RZP5078543414,16514.54,2026-07-12,IMPS/RZP5078543414/RAZORPAY SETTLEMENT
BTXN2516888774,RZP3848077598,64402.84,2026-07-03,NEFT CR-RZP3848077598-RAZORPAY
BTXN6969491347,RPZ5314408852,4115.24,2026-07-16,IMPS/RZP/408852/PAYOUT
BTXN8951327104,RZP3140479361,26293.11,2026-07-14,NEFT CR-RZP3140479361-RAZORPAY
BTXN3751251659,RPZ2388650841,53569.64,2026-07-18,UPI-RAZORPAY SETTLEMENT ORDER 650841
BTXN1319467154,RZP2493630644,9550.73,2026-07-13,RTGS-RZP2493630644-RAZORPAY SOFTWARE PVT LTD
BTXN9348027180,RZP1990196813,74471.75,2026-07-03,NEFT CR-RZP1990196813-RAZORPAY
BTXN1172684301,RZP3476546913,61176.24,2026-07-10,UPI-RAZORPAY SOFTWARE PVT LTD-RZP3476546913
BTXN3750262009,RZP7077473249,4680.38,2026-07-17,IMPS/RZP7077473249/RAZORPAY SETTLEMENT
BTXN5907917027,RZP7812160747,55178.04,2026-07-13,UPI-RAZORPAY SOFTWARE PVT LTD-RZP7812160747
BTXN4293334422,RZP1784851029,14021.57,2026-07-04,IMPS/RZP1784851029/RAZORPAY SETTLEMENT
BTXN7637262986,RZP2518944242,45911.78,2026-07-04,UPI-RAZORPAY SOFTWARE PVT LTD-RZP2518944242
BTXN3224597355,RZP7353638232,68245.31,2026-07-10,NEFT CR-RZP7353638232-RAZORPAY
BTXN5919214402,RZP3740051478,30480.92,2026-07-09,UPI-RAZORPAY SOFTWARE PVT LTD-RZP3740051478
BTXN3433005905,RZP7332377394,61946.77,2026-07-05,IMPS/RZP7332377394/RAZORPAY SETTLEMENT
BTXN8343972092,RZP5178604256,43468.67,2026-07-01,UPI-RAZORPAY SOFTWARE PVT LTD-RZP5178604256
BTXN9989082153,RZP8142142573,6771.33,2026-07-04,ATM WDL MUM
BTXN4296344958,RZP9020002737,13207.23,2026-07-14,RTGS-RZP9020002737-RAZORPAY SOFTWARE PVT LTD
BTXN6979676351,RZP6496054316,70758.50,2026-07-04,NEFT CR-RZP6496054316-RAZORPAY
BTXN4735313433,RZP3424843951,5611.46,2026-07-13,NEFT CR-RZP3424843951-RAZORPAY
BTXN8285892694,RZP3503447154,69398.42,2026-07-05,UPI-RAZORPAY SOFTWARE PVT LTD-RZP3503447154
BTXN5366149622,rzp1208847956,47814.74,2026-07-14,UPI-RAZORPAY SETTLEMENT ORDER 847956
BTXN2161242492,RZP8329844566,73109.26,2026-07-12,NEFT CR-RZP8329844566-RAZORPAY
BTXN7803046121,RZP5514491160,40156.51,2026-07-13,IMPS/RZP5514491160/RAZORPAY SETTLEMENT
BTXN9871215460,RZP9178112634,66096.14,2026-07-05,IMPS/RZP/812634/PAYOUT
BTXN5898083244,RZP2655042314,62232.84,2026-07-08,UPI-RAZORPAY SOFTWARE PVT LTD-RZP2655042314
BTXN3591697043,RZP9678391344,32004.49,2026-07-15,NEFT CR-RZP9678391344-RAZORPAY
BTXN3729283184,RZP9120243954,5213.82,2026-07-09,NEFT CR-RZP9120243954-RAZORPAY
BTXN9004017228,RZP1816045580,42572.90,2026-07-10,UPI-RAZORPAY SOFTWARE PVT LTD-RZP1816045580
BTXN8194528779,RZP3124520522,32207.10,2026-07-05,NEFT CR-RZP3124520522-RAZORPAY
BTXN9368648908,RZP7213404215,15572.88,2026-07-14,IMPS/RZP7213404215/RAZORPAY SETTLEMENT
BTXN8446676790,RZP4343748592,35430.73,2026-07-09,RTGS-RZP4343748592-RAZORPAY SOFTWARE PVT LTD
BTXN8358996577,RZP6131503960,58533.91,2026-07-01,UPI-RAZORPAY SOFTWARE PVT LTD-RZP6131503960
BTXN1784914375,RZP8929501319,46669.33,2026-07-10,NEFT CR-RZP8929501319-RAZORPAY
BTXN9126228933,RZP8312328869,33031.39,2026-07-14,UPI-RAZORPAY SOFTWARE PVT LTD-RZP8312328869
BTXN2162653432,RZP2810212755,655.35,2026-07-10,ELECTRICITY BILL AUTOPAY
BTXN3893690545,RZP3801672762,13041.10,2026-07-03,UPI-RAZORPAY SOFTWARE PVT LTD-RZP3801672762
BTXN1963600559,RZP5882136683,17934.84,2026-07-12,NEFT CR-RZP5882136683-RAZORPAY
BTXN2264988128,RZP3605959759,72669.04,2026-07-02,RTGS-RZP3605959759-RAZORPAY SOFTWARE PVT LTD
BTXN5634629838,RZP4323766654,66270.05,2026-07-12,IMPS/RZP4323766654/RAZORPAY SETTLEMENT
BTXN1045209478,RZP2313673108,8903.85,2026-07-15,ELECTRICITY BILL AUTOPAY
BTXN7293891893,RZP5045561553,13468.79,2026-07-08,NEFT CR-RZP5045561553-RAZORPAY
BTXN3195515047,RZP2845875398,62290.31,2026-07-11,UPI-RAZORPAY SOFTWARE PVT LTD-RZP2845875398
BTXN3962958940,RZP3361388464,20246.72,2026-07-14,RTGS-RZP3361388464-RAZORPAY SOFTWARE PVT LTD
BTXN8189090003,RZP8717900667,37997.02,2026-07-03,IMPS/RZP8717900667/RAZORPAY SETTLEMENT
BTXN6671131377,RZP8941003769,57846.61,2026-07-04,RTGS-RZP8941003769-RAZORPAY SOFTWARE PVT LTD
BTXN2738191271,RZP4052954032,24190.08,2026-07-02,NEFT CR-RZP4052954032-RAZORPAY
BTXN9505939531,RZP1637884643,20721.93,2026-07-03,UPI-RAZORPAY SOFTWARE PVT LTD-RZP1637884643
BTXN9114948856,RZP1602701908,73836.34,2026-07-11,IMPS/RZP1602701908/RAZORPAY SETTLEMENT
BTXN4171556706,RZP5276196720,23261.90,2026-07-02,UPI-RAZORPAY SOFTWARE PVT LTD-RZP5276196720
BTXN4782052441,RZP2857228002,6484.42,2026-07-14,RTGS-RZP2857228002-RAZORPAY SOFTWARE PVT LTD
BTXN2236665809,RZP2876657706,5848.87,2026-07-04,IMPS/RZP2876657706/RAZORPAY SETTLEMENT
BTXN2560740847,RZP1697222939,66816.53,2026-07-13,NEFT CR-RZP1697222939-RAZORPAY
BTXN7115654897,RZP5893847048,18893.83,2026-07-14,IMPS/RZP5893847048/RAZORPAY SETTLEMENT
BTXN5663076330,RZP3681869740,65192.97,2026-07-03,UPI-RAZORPAY SOFTWARE PVT LTD-RZP3681869740
BTXN7945366914,RZP9912995,69564.45,2026-07-09,IMPS/RZP/995732/PAYOUT
BTXN5050851541,RZP3688996563,71214.10,2026-07-11,UPI-RAZORPAY SOFTWARE PVT LTD-RZP3688996563
BTXN3866038358,RZP5098119270,6906.45,2026-07-04,AMAZON RETAIL PAYMENT
BTXN8806371697,RZP6059762573,40020.81,2026-07-10,NEFT CR-RZP6059762573-RAZORPAY
BTXN8543193130,RZP7232435041,40281.65,2026-07-07,NEFT CR-RZP7232435041-RAZORPAY
BTXN8584955873,RZP7532243279,63167.83,2026-07-12,UPI-RAZORPAY SOFTWARE PVT LTD-RZP7532243279
BTXN3758772661,RZP2819016550,26918.45,2026-07-01,RTGS-RZP2819016550-RAZORPAY SOFTWARE PVT LTD
BTXN6695183060,RZP7414480314,74433.03,2026-07-09,UPI-RAZORPAY SOFTWARE PVT LTD-RZP7414480314
BTXN4229810052,rzp6121328003,19696.68,2026-07-17,IMPS/RZP/328003/PAYOUT
BTXN2353339523,RZP5718653551,15124.24,2026-07-08,UPI-RAZORPAY SOFTWARE PVT LTD-RZP5718653551
BTXN9095930681,RZP8311430395,46507.63,2026-07-03,RTGS-RZP8311430395-RAZORPAY SOFTWARE PVT LTD
BTXN6817783456,RZP9310958,47253.89,2026-07-07,UPI-RAZORPAY SETTLEMENT ORDER 958762
BTXN6698204494,RZP4838109500,8246.60,2026-07-10,UPI-RAZORPAY SOFTWARE PVT LTD-RZP4838109500
BTXN5766611704,RZP2991697919,68255.74,2026-07-11,UPI-RAZORPAY SETTLEMENT ORDER 967919
BTXN7496840977,RZP2240950598,41294.44,2026-07-05,NEFT CR-RZP2240950598-RAZORPAY
BTXN3724389697,RZP1144549503,19314.43,2026-07-13,SWIGGY ORDER PAYMENT
BTXN1642092656,RZP7387999354,54259.04,2026-07-12,RTGS-RZP7387999354-RAZORPAY SOFTWARE PVT LTD
BTXN9963378640,RZP3603226158,12881.57,2026-07-11,IMPS/RZP3603226158/RAZORPAY SETTLEMENT
BTXN1189542592,RZP3169758976,56014.64,2026-07-10,UPI-RAZORPAY SOFTWARE PVT LTD-RZP3169758976
BTXN6329745021,RZP5172437265,6700.57,2026-07-09,UPI-RAZORPAY SOFTWARE PVT LTD-RZP5172437265
BTXN6330946868,RZP2732217382,208.06,2026-07-10,ATM WDL DEL
BTXN8407269537,RZP3697656248,47295.66,2026-07-07,IMPS/RZP3697656248/RAZORPAY SETTLEMENT
BTXN5601873247,RZP4186424477,63272.73,2026-07-01,NEFT CR-RZP4186424477-RAZORPAY
BTXN2188479771,RZP9852525027,43243.33,2026-07-09,IMPS/RZP9852525027/RAZORPAY SETTLEMENT
BTXN8640071470,RZP6594560174,52805.53,2026-07-05,RTGS-RZP6594560174-RAZORPAY SOFTWARE PVT LTD
BTXN6340134175,RZP3523981175,31599.94,2026-07-10,NEFT CR-RZP3523981175-RAZORPAY
BTXN9786762153,RZP7875317351,18276.43,2026-07-04,NEFT CR-RZP7875317351-RAZORPAY
BTXN9598423898,RZP2779309008,20834.57,2026-07-19,NEFT CR RAZORPAY SOFTWARE-039008
BTXN8374152955,RZP2984593,68658.92,2026-07-19,UPI-RAZORPAY SETTLEMENT ORDER 593158
BTXN9027522423,RZP2960059942,8230.54,2026-07-08,NEFT CR-RZP2960059942-RAZORPAY
BTXN6270142719,RZP6707178905,28042.87,2026-07-14,IMPS/RZP6707178905/RAZORPAY SETTLEMENT
BTXN5932073933,RZP3326257337,40493.31,2026-07-15,RTGS-RZP3326257337-RAZORPAY SOFTWARE PVT LTD
BTXN9198171939,RZP3238603951,43527.42,2026-07-15,UPI-RAZORPAY SOFTWARE PVT LTD-RZP3238603951
BTXN4956141161,RZP6367328793,32916.33,2026-07-03,RTGS-RZP6367328793-RAZORPAY SOFTWARE PVT LTD
BTXN1488012783,RZP4434669423,38117.28,2026-07-15,RTGS-RZP4434669423-RAZORPAY SOFTWARE PVT LTD
BTXN4165613703,RZP2210365220,38216.59,2026-07-12,UPI-RAZORPAY SOFTWARE PVT LTD-RZP2210365220
BTXN3663679060,RZP5408826028,52633.44,2026-07-04,NEFT CR-RZP5408826028-RAZORPAY
BTXN4794844127,RZP6143649872,20117.86,2026-07-13,UPI-RAZORPAY SETTLEMENT ORDER 694872
BTXN6612701536,RZP3693254688,5528.67,2026-07-16,IMPS/RZP3693254688/RAZORPAY SETTLEMENT
BTXN1475305327,RZP5895723294,56158.29,2026-07-01,IMPS/RZP5895723294/RAZORPAY SETTLEMENT
BTXN4057608184,rzp3663444028,59099.52,2026-07-08,UPI-RAZORPAY SETTLEMENT ORDER 444028
BTXN5455048748,RZP9614798245,3984.88,2026-07-01,NEFT CR-RZP9614798245-RAZORPAY
BTXN5306903384,RZP6536109918,43788.46,2026-07-06,NEFT CR-RZP6536109918-RAZORPAY
BTXN3117179317,RZP3483301247,69914.03,2026-07-06,RTGS-RZP3483301247-RAZORPAY SOFTWARE PVT LTD
BTXN9558483771,RZP5292557368,33468.94,2026-07-01,NEFT CR-RZP5292557368-RAZORPAY
BTXN6836869063,RZP2215125515,31683.50,2026-07-10,RTGS-RZP2215125515-RAZORPAY SOFTWARE PVT LTD
BTXN3033766015,RZP8407773828,60630.76,2026-07-14,NEFT CR-RZP8407773828-RAZORPAY
BTXN5550707820,RZP5375213257,15721.07,2026-07-13,AMAZON RETAIL PAYMENT
BTXN5164153877,RZ8P665681853,69008.92,2026-07-11,IMPS/RZP/681853/PAYOUT
BTXN2489706030,RZP1996234,28449.97,2026-07-16,UPI-RAZORPAY SETTLEMENT ORDER 234975
BTXN4266280363,RZP9187540554,54283.23,2026-07-06,RTGS-RZP9187540554-RAZORPAY SOFTWARE PVT LTD
BTXN6015569817,RZP3888145791,59914.60,2026-07-15,IMPS/RZP3888145791/RAZORPAY SETTLEMENT
BTXN4444532908,RZP4347848051,23013.50,2026-07-05,UPI-RAZORPAY SOFTWARE PVT LTD-RZP4347848051
BTXN8948386023,RZP4492006273,19483.02,2026-07-03,ZOMATO ONLINE ORDER
BTXN5086545432,RZP2496521991,22709.59,2026-07-09,RTGS-RZP2496521991-RAZORPAY SOFTWARE PVT LTD
BTXN3598804887,RZP9526732296,45555.44,2026-07-09,NEFT CR-RZP9526732296-RAZORPAY
BTXN4117866106,RZP3347416190,61058.90,2026-07-07,RTGS-RZP3347416190-RAZORPAY SOFTWARE PVT LTD
BTXN8903138410,RZP4281494603,8326.12,2026-07-11,AMAZON RETAIL PAYMENT
BTXN7948421561,RZP3358506487,70790.97,2026-07-03,UPI-RAZORPAY SOFTWARE PVT LTD-RZP3358506487
BTXN5993149652,RZP4125270590,59758.70,2026-07-16,NEFT CR-RZP4125270590-RAZORPAY
BTXN9532593594,RZP4668931881,10733.71,2026-07-04,IMPS/RZP4668931881/RAZORPAY SETTLEMENT
BTXN3600813794,RZP1385303298,4406.45,2026-07-09,IRCTC TICKET BOOKING
BTXN6375963846,RZP2697220620,43072.90,2026-07-05,IMPS/RZP2697220620/RAZORPAY SETTLEMENT
BTXN7915241580,RZP7561522279,23404.64,2026-07-06,RTGS-RZP7561522279-RAZORPAY SOFTWARE PVT LTD
BTXN2940497840,RZP9127434590,3604.20,2026-07-15,RTGS-RZP9127434590-RAZORPAY SOFTWARE PVT LTD
BTXN2321373053,RZP8682089735,1272.93,2026-07-08,NEFT CR-RZP8682089735-RAZORPAY
BTXN9856061839,RZP9660615461,8995.15,2026-07-14,ZOMATO ONLINE ORDER
BTXN5601308887,RZP3029025252,54856.38,2026-07-10,IMPS/RZP/025522/PAYOUT
BTXN8757585120,RZP6540575491,1235.79,2026-07-10,NEFT CR-RZP6540575491-RAZORPAY
BTXN8101173003,RZP3077949924,3616.41,2026-07-07,NETFLIX SUBSCRIPTION
BTXN1830555701,RZP4371726543,66639.48,2026-07-19,IMPS/RZP/726453/PAYOUT
BTXN4313017620,RZP9930660587,3464.59,2026-07-03,UPI-RAZORPAY SOFTWARE PVT LTD-RZP9930660587
BTXN9502107279,RZP3277178882,59896.06,2026-07-08,IMPS/RZP3277178882/RAZORPAY SETTLEMENT
BTXN1909948433,RZP1382878819,69439.35,2026-07-07,RTGS-RZP1382878819-RAZORPAY SOFTWARE PVT LTD
BTXN3706940603,RZP8032584042,49278.58,2026-07-12,NEFT CR-RZP8032584042-RAZORPAY
BTXN7227060331,RZP4168798960,7684.28,2026-07-01,NEFT CR-RZP4168798960-RAZORPAY
BTXN9236106051,RZP3105036849,66035.61,2026-07-01,UPI-RAZORPAY SOFTWARE PVT LTD-RZP3105036849
BTXN7181695654,RZP7994186236,8274.37,2026-07-10,RTGS-RZP7994186236-RAZORPAY SOFTWARE PVT LTD
BTXN4006240351,RZP1957900422,16736.59,2026-07-05,UPI-RAZORPAY SOFTWARE PVT LTD-RZP1957900422
BTXN4137680824,RZP9884267,57174.67,2026-07-07,UPI-RAZORPAY SETTLEMENT ORDER 267716
BTXN9503145548,RZP4712064103,1921.34,2026-07-14,RTGS-RZP4712064103-RAZORPAY SOFTWARE PVT LTD
BTXN5934467961,RZP2023093452,972.70,2026-07-12,SWIGGY ORDER PAYMENT
BTXN3944590867,RZP9952834998,55372.57,2026-07-08,NEFT CR-RZP9952834998-RAZORPAY
BTXN3119212740,RZP6167253991,71059.77,2026-07-10,UPI-RAZORPAY SOFTWARE PVT LTD-RZP6167253991
BTXN6116503204,RZP9572802993,63417.21,2026-07-12,NEFT CR RAZORPAY SOFTWARE-802939
BTXN6381673774,RZP1236329792,8752.17,2026-07-01,IMPS/RZP1236329792/RAZORPAY SETTLEMENT
BTXN5965249795,RZP5254263850,33894.99,2026-07-12,UPI-RAZORPAY SOFTWARE PVT LTD-RZP5254263850
BTXN1162117256,RZP8140582362,17897.35,2026-07-09,RTGS-RZP8140582362-RAZORPAY SOFTWARE PVT LTD
BTXN8635204733,RZP1892734101,29855.72,2026-07-05,NEFT CR-RZP1892734101-RAZORPAY
BTXN6548765012,RZP9476215612,60420.09,2026-07-11,IMPS/RZP9476215612/RAZORPAY SETTLEMENT
BTXN9652454523,RZP7405299536,529.85,2026-07-08,ZOMATO ONLINE ORDER
BTXN2955139212,RZP2024862905,23975.88,2026-07-02,NEFT CR-RZP2024862905-RAZORPAY
BTXN6758410617,RZP2062324303,15418.87,2026-07-10,IMPS/RZP2062324303/RAZORPAY SETTLEMENT
BTXN8703401929,RZP2470508648,73326.32,2026-07-11,IMPS/RZP2470508648/RAZORPAY SETTLEMENT
BTXN9388467387,RZP1941105018,32874.87,2026-07-15,UPI-RAZORPAY SOFTWARE PVT LTD-RZP1941105018
BTXN8803595257,RZP2812051376,4473.44,2026-07-13,SWIGGY ORDER PAYMENT
BTXN6590805267,RZP5293841406,14480.40,2026-07-09,RTGS-RZP5293841406-RAZORPAY SOFTWARE PVT LTD
BTXN3365629273,RZP2301617959,9916.26,2026-07-16,IMPS/RZP/167959/PAYOUT
BTXN4909199720,RZP4162014755,41715.36,2026-07-07,RTGS-RZP4162014755-RAZORPAY SOFTWARE PVT LTD
BTXN2233111084,RZP9366183864,4427.17,2026-07-02,IRCTC TICKET BOOKING
BTXN5586244176,RZP6281747586,4895.25,2026-07-19,UPI-RAZORPAY SETTLEMENT ORDER 774586
BTXN8408432735,RZP4303373458,49884.32,2026-07-09,NEFT CR-RZP4303373458-RAZORPAY
BTXN3113940595,RZP8016989534,4050.15,2026-07-06,ELECTRICITY BILL AUTOPAY
BTXN4256744288,RZP3533258221,5465.19,2026-07-09,IMPS/RZP/528221/PAYOUT
BTXN3734357353,RZP3503945864,6837.51,2026-07-06,UPI-RAZORPAY SOFTWARE PVT LTD-RZP3503945864
BTXN6643723526,RZP1406907,11926.75,2026-07-15,UPI-RAZORPAY SETTLEMENT ORDER 907715
BTXN5068935438,RZP8086049236,51098.24,2026-07-06,IMPS/RZP8086049236/RAZORPAY SETTLEMENT
BTXN7398322497,RZP8555242692,48381.18,2026-07-09,IMPS/RZP8555242692/RAZORPAY SETTLEMENT
BTXN9391882993,RZP2426527399,72673.76,2026-07-14,IMPS/RZP2426527399/RAZORPAY SETTLEMENT
BTXN1261954959,RZP2138833,37957.88,2026-07-04,NEFT CR RAZORPAY SOFTWARE-833561
BTXN2296502486,RZP7190276026,550.36,2026-07-07,NEFT CR-RZP7190276026-RAZORPAY
BTXN3294868026,RZP3590013765,3230.20,2026-07-04,RTGS-RZP3590013765-RAZORPAY SOFTWARE PVT LTD
BTXN3971600805,RZP7921338606,57416.85,2026-07-14,NEFT CR-RZP7921338606-RAZORPAY
BTXN3211387246,RZP1682536038,32171.01,2026-07-07,RTGS-RZP1682536038-RAZORPAY SOFTWARE PVT LTD
BTXN1993974205,RZP1857462274,64894.08,2026-07-07,RTGS-RZP1857462274-RAZORPAY SOFTWARE PVT LTD
BTXN1718625803,RZP9107574572,58682.57,2026-07-06,RTGS-RZP9107574572-RAZORPAY SOFTWARE PVT LTD
BTXN1803765932,RZP6516791284,8952.34,2026-07-05,ZOMATO ONLINE ORDER
BTXN9745995146,RZP7959153537,34975.43,2026-07-10,RTGS-RZP7959153537-RAZORPAY SOFTWARE PVT LTD
BTXN5987264631,RZP7642757045,1899.86,2026-07-07,NETFLIX SUBSCRIPTION
BTXN4721810600,RZP1327569745,42604.34,2026-07-03,NEFT CR-RZP1327569745-RAZORPAY
BTXN9949069966,RZP7587494767,40169.35,2026-07-14,NEFT CR-RZP7587494767-RAZORPAY
BTXN5469309919,RZP2184869617,12912.54,2026-07-07,UPI-RAZORPAY SOFTWARE PVT LTD-RZP2184869617
BTXN4464400459,RZP4320616088,20603.15,2026-07-02,NEFT CR-RZP4320616088-RAZORPAY
BTXN4329446784,RZP9747372233,19915.92,2026-07-15,RTGS-RZP9747372233-RAZORPAY SOFTWARE PVT LTD
BTXN8011943488,RZP6372734694,31638.52,2026-07-13,NEFT CR-RZP6372734694-RAZORPAY
BTXN8178917089,RZP2158500766,11503.27,2026-07-10,IMPS/RZP2158500766/RAZORPAY SETTLEMENT
BTXN4535855298,RZP4035639663,12474.98,2026-07-11,UPI-RAZORPAY SOFTWARE PVT LTD-RZP4035639663
BTXN8835337134,RZP0861072376,47389.59,2026-07-07,UPI-RAZORPAY SETTLEMENT ORDER 072376
BTXN2721959126,RZP2601198885,37902.05,2026-07-15,UPI-RAZORPAY SOFTWARE PVT LTD-RZP2601198885
BTXN9842255707,RZP6328685524,11579.71,2026-07-03,UPI-RAZORPAY SOFTWARE PVT LTD-RZP6328685524
BTXN5043120297,RZP6128268873,66588.50,2026-07-01,IMPS/RZP6128268873/RAZORPAY SETTLEMENT
BTXN8624519536,RZP8987030580,15599.13,2026-07-08,UPI-RAZORPAY SOFTWARE PVT LTD-RZP8987030580
BTXN3632200990,RZP5234644463,64126.56,2026-07-06,RTGS-RZP5234644463-RAZORPAY SOFTWARE PVT LTD
BTXN4804135649,RZP7878818522,65104.30,2026-07-15,RTGS-RZP7878818522-RAZORPAY SOFTWARE PVT LTD
BTXN2674403355,RZP6894561436,22608.50,2026-07-02,RTGS-RZP6894561436-RAZORPAY SOFTWARE PVT LTD
BTXN9677561687,RZP9003106855,42819.68,2026-07-15,RTGS-RZP9003106855-RAZORPAY SOFTWARE PVT LTD
BTXN4052624141,RZP4918602800,51068.36,2026-07-03,RTGS-RZP4918602800-RAZORPAY SOFTWARE PVT LTD
BTXN5372442899,RZP7663269168,65133.11,2026-07-03,NEFT CR-RZP7663269168-RAZORPAY
BTXN4708226461,RZP5299171297,48438.46,2026-07-06,UPI-RAZORPAY SOFTWARE PVT LTD-RZP5299171297
BTXN8299146480,RZP2024542722,35780.30,2026-07-02,NEFT CR-RZP2024542722-RAZORPAY
BTXN4856410134,RZP7744664242,20772.44,2026-07-08,RTGS-RZP7744664242-RAZORPAY SOFTWARE PVT LTD
BTXN3744350556,RZP3532927334,39703.73,2026-07-04,NEFT CR-RZP3532927334-RAZORPAY
BTXN6851935721,RZP4166384981,19704.45,2026-07-11,AMAZON RETAIL PAYMENT
BTXN7673403019,RZP7646835735,8606.40,2026-07-15,NEFT CR-RZP7646835735-RAZORPAY
BTXN5168793922,RZP4445256330,24636.77,2026-07-08,RTGS-RZP4445256330-RAZORPAY SOFTWARE PVT LTD
BTXN9971242562,RZP5240916663,17208.77,2026-07-10,ZOMATO ONLINE ORDER
BTXN2354594774,RZP9847505,55957.34,2026-07-18,IMPS/RZP/505152/PAYOUT
BTXN4257835472,RZP2276787636,9338.56,2026-07-09,NETFLIX SUBSCRIPTION
BTXN3064926434,RZP1179980106,68046.48,2026-07-11,UPI-RAZORPAY SOFTWARE PVT LTD-RZP1179980106
BTXN8355760638,RZP1654291617,70244.60,2026-07-14,IMPS/RZP1654291617/RAZORPAY SETTLEMENT
BTXN7691077708,RZP6546701239,54717.32,2026-07-01,IMPS/RZP6546701239/RAZORPAY SETTLEMENT
BTXN1873191606,RZP1002713886,3921.36,2026-07-06,RTGS-RZP1002713886-RAZORPAY SOFTWARE PVT LTD
BTXN6659216463,RZP6939404805,1624.09,2026-07-02,ZOMATO ONLINE ORDER
BTXN3253904127,RZP2739755884,22726.09,2026-07-12,RTGS-RZP2739755884-RAZORPAY SOFTWARE PVT LTD
BTXN5693307665,RZP2193448329,16540.88,2026-07-13,IMPS/RZP2193448329/RAZORPAY SETTLEMENT
BTXN1850953344,RZP7499935462,42066.23,2026-07-04,IMPS/RZP7499935462/RAZORPAY SETTLEMENT
BTXN7541630572,RZP8737575544,22879.30,2026-07-03,IMPS/RZP8737575544/RAZORPAY SETTLEMENT
BTXN3608830865,RZP2437500650,370.50,2026-07-10,ELECTRICITY BILL AUTOPAY
BTXN5257921054,RZP9644152643,61445.08,2026-07-14,RTGS-RZP9644152643-RAZORPAY SOFTWARE PVT LTD
BTXN1115170841,RZP1376390042,10565.99,2026-07-04,UPI-RAZORPAY SOFTWARE PVT LTD-RZP1376390042
BTXN5943144151,RZP5863278531,52322.96,2026-07-02,RTGS-RZP5863278531-RAZORPAY SOFTWARE PVT LTD
BTXN5758202336,RZP8401828320,45270.17,2026-07-08,RTGS-RZP8401828320-RAZORPAY SOFTWARE PVT LTD
BTXN6960442782,RZP7259936730,64992.37,2026-07-07,UPI-RAZORPAY SOFTWARE PVT LTD-RZP7259936730
BTXN3583310753,RZP4476764605,67121.00,2026-07-09,UPI-RAZORPAY SOFTWARE PVT LTD-RZP4476764605
BTXN1094084288,RZP6772816128,7581.39,2026-07-15,IMPS/RZP6772816128/RAZORPAY SETTLEMENT
BTXN4855291509,RZP3184914084,2084.31,2026-07-09,UPI-RAZORPAY SOFTWARE PVT LTD-RZP3184914084
BTXN5916249024,RZP6569704411,45358.18,2026-07-13,UPI-RAZORPAY SOFTWARE PVT LTD-RZP6569704411
BTXN2075951553,RZP6298063721,48476.94,2026-07-13,UPI-RAZORPAY SOFTWARE PVT LTD-RZP6298063721
BTXN4495069054,RZP8750666705,58176.37,2026-07-07,IMPS/RZP8750666705/RAZORPAY SETTLEMENT
BTXN6476360727,RZP9026439798,24720.82,2026-07-07,RTGS-RZP9026439798-RAZORPAY SOFTWARE PVT LTD
BTXN9018585366,RZP1385657489,1681.05,2026-07-11,NEFT CR-RZP1385657489-RAZORPAY
BTXN6294461020,RZP8592882418,48039.51,2026-07-13,IMPS/RZP/882148/PAYOUT
BTXN1591719508,RZP9667651430,36421.91,2026-07-07,RTGS-RZP9667651430-RAZORPAY SOFTWARE PVT LTD
BTXN9605369769,RZP4424324949,31669.99,2026-07-07,IMPS/RZP4424324949/RAZORPAY SETTLEMENT
BTXN9124797181,RZP4193329835,33745.49,2026-07-01,RTGS-RZP4193329835-RAZORPAY SOFTWARE PVT LTD
BTXN2903859651,RZP9236181438,55249.28,2026-07-08,IMPS/RZP9236181438/RAZORPAY SETTLEMENT
BTXN6633407890,rzp1601113419,65845.37,2026-07-17,IMPS/RZP/113419/PAYOUT
BTXN1030997317,rzp8032869390,15009.34,2026-07-06,UPI-RAZORPAY SETTLEMENT ORDER 869390
BTXN2202379878,RZP9123931646,2819.03,2026-07-11,IMPS/RZP9123931646/RAZORPAY SETTLEMENT
BTXN5554492534,rzp7253642881,2971.69,2026-07-18,UPI-RAZORPAY SETTLEMENT ORDER 642881
BTXN5745556748,RZP4757520378,12548.42,2026-07-04,ZOMATO ONLINE ORDER
BTXN8228609138,RZP8666520990,13622.22,2026-07-02,IMPS/RZP8666520990/RAZORPAY SETTLEMENT
BTXN1995137068,RZP3489007575,11035.72,2026-07-13,RTGS-RZP3489007575-RAZORPAY SOFTWARE PVT LTD
BTXN3286205964,RZP2173609562,33329.02,2026-07-03,NEFT CR-RZP2173609562-RAZORPAY
BTXN3408589620,RZP1778068163,17416.11,2026-07-04,RTGS-RZP1778068163-RAZORPAY SOFTWARE PVT LTD
BTXN4301528280,RZP6783186815,28652.42,2026-07-07,RTGS-RZP6783186815-RAZORPAY SOFTWARE PVT LTD
BTXN2465412144,RZP3645190427,53639.50,2026-07-01,IMPS/RZP3645190427/RAZORPAY SETTLEMENT
BTXN2008716202,RZP4027173701,58139.29,2026-07-08,RTGS-RZP4027173701-RAZORPAY SOFTWARE PVT LTD
BTXN2234753324,RZP5775717296,48886.48,2026-07-08,UPI-RAZORPAY SOFTWARE PVT LTD-RZP5775717296
BTXN7806577146,RZP7041157,32533.72,2026-07-12,IMPS/RZP/157743/PAYOUT
BTXN2354011260,RZP8700802495,21045.59,2026-07-14,NEFT CR-RZP8700802495-RAZORPAY
BTXN3044206825,RZP5695059044,609.72,2026-07-08,UPI-RAZORPAY SOFTWARE PVT LTD-RZP5695059044
BTXN6255915982,RZP6486624196,56896.95,2026-07-08,NEFT CR-RZP6486624196-RAZORPAY
BTXN8894871946,RZP2143351305,43778.64,2026-07-11,RTGS-RZP2143351305-RAZORPAY SOFTWARE PVT LTD
BTXN2064536520,RZP1921560,42866.93,2026-07-12,NEFT CR RAZORPAY SOFTWARE-560299
BTXN3981279224,RZP7366750668,5421.47,2026-07-04,RTGS-RZP7366750668-RAZORPAY SOFTWARE PVT LTD
BTXN1021209729,RZP6594352061,5618.98,2026-07-09,RTGS-RZP6594352061-RAZORPAY SOFTWARE PVT LTD
BTXN2372311271,RZP1604085098,10608.42,2026-07-03,IMPS/RZP1604085098/RAZORPAY SETTLEMENT
BTXN4329762082,RZP6464755344,19995.93,2026-07-01,ZOMATO ONLINE ORDER
BTXN4496360755,RZP2291930285,58985.47,2026-07-13,NEFT CR-RZP2291930285-RAZORPAY
BTXN9487623694,RZP3951594483,47023.03,2026-07-13,NEFT CR-RZP3951594483-RAZORPAY
BTXN4201278742,RZP7531704552,58307.41,2026-07-07,RTGS-RZP7531704552-RAZORPAY SOFTWARE PVT LTD
BTXN3352283837,RZP4486203607,23416.16,2026-07-05,RTGS-RZP4486203607-RAZORPAY SOFTWARE PVT LTD
BTXN3734252963,RZP9173043235,58292.70,2026-07-04,IMPS/RZP9173043235/RAZORPAY SETTLEMENT
BTXN4013279581,RZP3175651815,35590.05,2026-07-01,IMPS/RZP3175651815/RAZORPAY SETTLEMENT
BTXN8033172680,RZP9743831553,41407.86,2026-07-14,UPI-RAZORPAY SOFTWARE PVT LTD-RZP9743831553
BTXN5329969639,RZP6947815096,31773.72,2026-07-08,UPI-RAZORPAY SOFTWARE PVT LTD-RZP6947815096
BTXN5819402750,RZP5823128922,65320.18,2026-07-04,IMPS/RZP5823128922/RAZORPAY SETTLEMENT
BTXN9084688219,RZP9833968573,56927.04,2026-07-03,RTGS-RZP9833968573-RAZORPAY SOFTWARE PVT LTD
BTXN2678199759,RZP3075003588,3461.59,2026-07-12,UPI-RAZORPAY SOFTWARE PVT LTD-RZP3075003588
BTXN6719736115,RZP3422182038,42718.85,2026-07-14,RTGS-RZP3422182038-RAZORPAY SOFTWARE PVT LTD
BTXN2654917886,RZP1684044771,34934.81,2026-07-02,UPI-RAZORPAY SOFTWARE PVT LTD-RZP1684044771
BTXN3341857514,RZP8478607503,64567.73,2026-07-03,UPI-RAZORPAY SOFTWARE PVT LTD-RZP8478607503
BTXN7235355255,RZP1224416555,57801.65,2026-07-06,RTGS-RZP1224416555-RAZORPAY SOFTWARE PVT LTD
BTXN7067081166,rzp2698726041,8859.85,2026-07-19,NEFT CR RAZORPAY SOFTWARE-726041
BTXN9201578233,RZP5550509093,46313.74,2026-07-04,IMPS/RZP5550509093/RAZORPAY SETTLEMENT
BTXN8091088248,RZP5650178544,48536.79,2026-07-09,RTGS-RZP5650178544-RAZORPAY SOFTWARE PVT LTD
BTXN3021882571,RZP5600924309,15090.06,2026-07-15,UPI-RAZORPAY SOFTWARE PVT LTD-RZP5600924309
BTXN5640343455,RZP2952011578,41690.98,2026-07-11,RTGS-RZP2952011578-RAZORPAY SOFTWARE PVT LTD
BTXN5539982457,RZP9126688524,45253.58,2026-07-13,UPI-RAZORPAY SOFTWARE PVT LTD-RZP9126688524
BTXN1703166164,rzp4992380832,71832.98,2026-07-14,IMPS/RZP/380832/PAYOUT
BTXN2950212154,RZP2347951178,6572.19,2026-07-07,NEFT CR-RZP2347951178-RAZORPAY
BTXN2353176743,RZP4126931245,17203.52,2026-07-13,NEFT CR-RZP4126931245-RAZORPAY
BTXN6412639751,RZP9726908278,51423.60,2026-07-15,UPI-RAZORPAY SOFTWARE PVT LTD-RZP9726908278
BTXN7533468257,RZP5481232849,69840.03,2026-07-11,UPI-RAZORPAY SOFTWARE PVT LTD-RZP5481232849
BTXN5076591809,RZP8398132070,73092.89,2026-07-11,RTGS-RZP8398132070-RAZORPAY SOFTWARE PVT LTD
BTXN6773938304,RZP3280772748,1834.75,2026-07-01,NEFT CR-RZP3280772748-RAZORPAY
BTXN2744658221,RZP6408092298,19985.24,2026-07-14,UPI-RAZORPAY SOFTWARE PVT LTD-RZP6408092298
BTXN4928726409,RZP6107053685,9971.58,2026-07-10,NEFT CR-RZP6107053685-RAZORPAY
BTXN6903812379,RZP7375355204,55411.07,2026-07-14,NEFT CR-RZP7375355204-RAZORPAY
BTXN1884300678,RZP3098578259,14408.56,2026-07-02,RTGS-RZP3098578259-RAZORPAY SOFTWARE PVT LTD
BTXN5680718584,RZP1340022998,74361.44,2026-07-11,UPI-RAZORPAY SOFTWARE PVT LTD-RZP1340022998
BTXN8721678779,RZP5110025709,46905.64,2026-07-06,UPI-RAZORPAY SOFTWARE PVT LTD-RZP5110025709
BTXN5706656785,RZP7076426,43561.05,2026-07-14,IMPS/RZP/426728/PAYOUT
BTXN1774057257,rzp4206735573,47640.37,2026-07-06,IMPS/RZP/735573/PAYOUT
BTXN1354541492,RZP3337881664,14783.76,2026-07-02,RTGS-RZP3337881664-RAZORPAY SOFTWARE PVT LTD
BTXN1671680169,RZP8235930367,69602.59,2026-07-04,NEFT CR-RZP8235930367-RAZORPAY
BTXN9452990436,RZP7117532733,48116.50,2026-07-10,IMPS/RZP7117532733/RAZORPAY SETTLEMENT
BTXN2196963451,RZP3464975279,39944.76,2026-07-07,IMPS/RZP3464975279/RAZORPAY SETTLEMENT
BTXN1211396443,RZP2337295283,23488.37,2026-07-08,UPI-RAZORPAY SOFTWARE PVT LTD-RZP2337295283
BTXN3652628333,RZP7357380596,21525.64,2026-07-02,RTGS-RZP7357380596-RAZORPAY SOFTWARE PVT LTD
BTXN8239758632,RZP4410261901,53146.29,2026-07-05,NEFT CR-RZP4410261901-RAZORPAY
BTXN9283915264,RZP2050974589,21045.98,2026-07-06,IMPS/RZP2050974589/RAZORPAY SETTLEMENT
BTXN6629634262,RZP2297031421,74316.00,2026-07-12,IMPS/RZP2297031421/RAZORPAY SETTLEMENT
BTXN9081993976,RZP4755245285,16864.79,2026-07-01,IMPS/RZP4755245285/RAZORPAY SETTLEMENT
BTXN8350176071,RZP4063773386,44666.91,2026-07-12,IMPS/RZP4063773386/RAZORPAY SETTLEMENT
BTXN9507402260,RZP4772755971,11323.45,2026-07-15,IMPS/RZP/755917/PAYOUT
BTXN9608564548,RZP7229869819,49555.02,2026-07-09,NEFT CR-RZP7229869819-RAZORPAY
BTXN3243454164,RZP5263701409,15786.44,2026-07-01,RTGS-RZP5263701409-RAZORPAY SOFTWARE PVT LTD
BTXN8579994207,RZP1407024125,21098.29,2026-07-13,UPI-RAZORPAY SOFTWARE PVT LTD-RZP1407024125
BTXN8281599450,RZP9603940861,24957.85,2026-07-10,RTGS-RZP9603940861-RAZORPAY SOFTWARE PVT LTD
BTXN3512685637,RZP5565157714,7010.74,2026-07-13,RTGS-RZP5565157714-RAZORPAY SOFTWARE PVT LTD
BTXN6625832588,RZP8296159199,63578.95,2026-07-04,UPI-RAZORPAY SOFTWARE PVT LTD-RZP8296159199
BTXN7072495084,RZP7080024940,34205.28,2026-07-02,RTGS-RZP7080024940-RAZORPAY SOFTWARE PVT LTD
BTXN2144204940,RZP5091816537,36784.21,2026-07-15,NEFT CR-RZP5091816537-RAZORPAY
BTXN6468071295,RZP1061607195,6914.10,2026-07-04,RTGS-RZP1061607195-RAZORPAY SOFTWARE PVT LTD
BTXN8891278070,RZP6303380496,3403.72,2026-07-12,NEFT CR-RZP6303380496-RAZORPAY
BTXN8074054985,RZP6818596587,64102.35,2026-07-06,IMPS/RZP6818596587/RAZORPAY SETTLEMENT
BTXN5225050022,RZP5150983544,18052.21,2026-07-01,UPI-RAZORPAY SOFTWARE PVT LTD-RZP5150983544
BTXN5011818064,RZP7286566712,12850.16,2026-07-09,SWIGGY ORDER PAYMENT
BTXN9926688104,RZP9120788398,4439.62,2026-07-06,ZOMATO ONLINE ORDER
BTXN7403911621,RZP9754446168,3858.74,2026-07-08,IMPS/RZP9754446168/RAZORPAY SETTLEMENT
BTXN2388890968,RZP9077968691,60986.01,2026-07-05,UPI-RAZORPAY SOFTWARE PVT LTD-RZP9077968691
BTXN9423487473,RZP2101969620,45560.00,2026-07-07,NEFT CR-RZP2101969620-RAZORPAY
BTXN3609173520,RZP3992397591,39648.66,2026-07-07,UPI-RAZORPAY SOFTWARE PVT LTD-RZP3992397591
BTXN8528289186,RZP3407096630,27953.71,2026-07-09,IMPS/RZP3407096630/RAZORPAY SETTLEMENT
BTXN8064319924,RZP3343259163,1974.61,2026-07-14,RTGS-RZP3343259163-RAZORPAY SOFTWARE PVT LTD
BTXN3896616779,RZP2502227409,12532.64,2026-07-03,RTGS-RZP2502227409-RAZORPAY SOFTWARE PVT LTD
BTXN9673218600,RZP2786207807,54419.03,2026-07-14,RTGS-RZP2786207807-RAZORPAY SOFTWARE PVT LTD
BTXN4688003560,RZP4384918000,10594.85,2026-07-05,IRCTC TICKET BOOKING
BTXN5704170329,RZP4253668332,44373.92,2026-07-09,RTGS-RZP4253668332-RAZORPAY SOFTWARE PVT LTD
BTXN3668616333,RZP3799264931,56690.37,2026-07-04,NEFT CR-RZP3799264931-RAZORPAY
BTXN4124520973,RZP8190602705,72314.42,2026-07-13,IMPS/RZP8190602705/RAZORPAY SETTLEMENT
BTXN2693481167,RZP3384755175,72954.49,2026-07-13,UPI-RAZORPAY SOFTWARE PVT LTD-RZP3384755175
BTXN6369934500,RZP9978754431,72228.45,2026-07-15,IMPS/RZP9978754431/RAZORPAY SETTLEMENT
BTXN3822523268,RZP7550503261,52844.25,2026-07-16,RTGS-RZP7550503261-RAZORPAY SOFTWARE PVT LTD
BTXN2269599392,RZP2898173685,11739.71,2026-07-06,UPI-RAZORPAY SOFTWARE PVT LTD-RZP2898173685
BTXN1943043793,RZP1848959,15454.37,2026-07-09,IMPS/RZP/959686/PAYOUT
BTXN1930932228,RZP2587252085,51029.16,2026-07-04,UPI-RAZORPAY SOFTWARE PVT LTD-RZP2587252085
BTXN3180675140,RZP4981177467,12822.79,2026-07-04,UPI-RAZORPAY SOFTWARE PVT LTD-RZP4981177467
BTXN2242063492,RZP9056867510,58854.29,2026-07-14,NEFT CR-RZP9056867510-RAZORPAY
BTXN3325714757,RZP2456222474,50577.73,2026-07-07,IMPS/RZP2456222474/RAZORPAY SETTLEMENT
BTXN8940122758,RZP3116369208,73806.84,2026-07-07,IMPS/RZP3116369208/RAZORPAY SETTLEMENT
BTXN3219484640,RZP1100806839,23925.31,2026-07-15,UPI-RAZORPAY SOFTWARE PVT LTD-RZP1100806839
BTXN2270214126,RZP8828880201,14998.52,2026-07-12,IRCTC TICKET BOOKING
BTXN3783290795,RZP8877444318,12617.73,2026-07-06,NEFT CR-RZP8877444318-RAZORPAY
BTXN3418860540,RZP5254215023,68390.63,2026-07-02,UPI-RAZORPAY SOFTWARE PVT LTD-RZP5254215023
BTXN2103226166,RZP1837170502,58886.30,2026-07-01,NEFT CR-RZP1837170502-RAZORPAY
BTXN8816798528,RZP8638133827,10217.62,2026-07-03,ELECTRICITY BILL AUTOPAY
BTXN1962960506,RZP7914398496,56821.10,2026-07-13,IMPS/RZP7914398496/RAZORPAY SETTLEMENT
BTXN6085142328,RZP1158887936,74683.06,2026-07-16,IMPS/RZP1158887936/RAZORPAY SETTLEMENT
BTXN2415202648,RZP4880791466,48343.78,2026-07-04,NEFT CR-RZP4880791466-RAZORPAY
BTXN2457536663,RZP8793205440,22903.86,2026-07-07,UPI-RAZORPAY SOFTWARE PVT LTD-RZP8793205440
BTXN2809331583,RZP7548696054,10768.09,2026-07-08,RTGS-RZP7548696054-RAZORPAY SOFTWARE PVT LTD
BTXN6768809746,RZP7051440357,64336.97,2026-07-10,NEFT CR-RZP7051440357-RAZORPAY
BTXN4031980587,RZP4397602901,26854.32,2026-07-05,NEFT CR RAZORPAY SOFTWARE-702901
BTXN8634537580,RZP5443309007,46558.30,2026-07-11,NEFT CR-RZP5443309007-RAZORPAY
BTXN1754561584,RZP8253688093,46412.06,2026-07-11,IMPS/RZP8253688093/RAZORPAY SETTLEMENT
BTXN8039384586,RZP9357636067,74374.50,2026-07-14,IMPS/RZP9357636067/RAZORPAY SETTLEMENT
BTXN4992587486,RZP4597123710,44492.71,2026-07-06,IMPS/RZP/723710/PAYOUT
BTXN8873081313,RZP9824076491,58864.88,2026-07-17,NEFT CR-RZP9824076491-RAZORPAY
BTXN1538504511,RZP7016762718,31608.89,2026-07-03,IMPS/RZP7016762718/RAZORPAY SETTLEMENT
BTXN6884368627,RZP9134633903,69035.99,2026-07-07,IMPS/RZP9134633903/RAZORPAY SETTLEMENT
BTXN4498054328,RZP8083175325,13478.10,2026-07-09,IMPS/RZP8083175325/RAZORPAY SETTLEMENT
BTXN6543067347,RZP9842184922,60694.94,2026-07-09,IMPS/RZP9842184922/RAZORPAY SETTLEMENT
BTXN9168552451,RZP1508716447,10363.26,2026-07-12,IRCTC TICKET BOOKING
BTXN7522186733,RZP6559524388,33489.99,2026-07-15,UPI-RAZORPAY SOFTWARE PVT LTD-RZP6559524388
BTXN2764265618,RZP4734910807,73567.71,2026-07-04,RTGS-RZP4734910807-RAZORPAY SOFTWARE PVT LTD
BTXN7481739217,RZP1746037541,38171.40,2026-07-13,IMPS/RZP1746037541/RAZORPAY SETTLEMENT
BTXN5969043107,RZP3261538155,37861.70,2026-07-13,RTGS-RZP3261538155-RAZORPAY SOFTWARE PVT LTD
BTXN2262086313,RZP3268469919,9956.25,2026-07-14,UPI-RAZORPAY SOFTWARE PVT LTD-RZP3268469919
BTXN7577758569,RZP8891417109,64546.25,2026-07-03,IMPS/RZP8891417109/RAZORPAY SETTLEMENT
BTXN9225368829,RZP9063480483,22830.28,2026-07-13,IMPS/RZP9063480483/RAZORPAY SETTLEMENT
BTXN5817029129,RZP3847186016,44407.90,2026-07-06,NEFT CR RAZORPAY SOFTWARE-186061
BTXN3348586092,RZP3588264313,47586.60,2026-07-06,UPI-RAZORPAY SOFTWARE PVT LTD-RZP3588264313
BTXN3640000669,RZP2767365766,23312.86,2026-07-14,IMPS/RZP2767365766/RAZORPAY SETTLEMENT
BTXN8714926942,RZP3442596476,74534.79,2026-07-07,IMPS/RZP3442596476/RAZORPAY SETTLEMENT
BTXN9740017641,RZP8591060151,63437.95,2026-07-03,RTGS-RZP8591060151-RAZORPAY SOFTWARE PVT LTD
BTXN4571913130,RZP3787281376,4643.03,2026-07-03,NEFT CR-RZP3787281376-RAZORPAY
BTXN7071605941,RZP2408775627,21102.02,2026-07-08,RTGS-RZP2408775627-RAZORPAY SOFTWARE PVT LTD
BTXN2663958417,RZP8353842159,66815.21,2026-07-06,UPI-RAZORPAY SOFTWARE PVT LTD-RZP8353842159
BTXN9619482682,RZP2532021093,22848.74,2026-07-11,UPI-RAZORPAY SOFTWARE PVT LTD-RZP2532021093
BTXN2622555846,RZP3521601954,14222.10,2026-07-03,UPI-RAZORPAY SOFTWARE PVT LTD-RZP3521601954
BTXN6779237855,RZP1555707002,61176.15,2026-07-03,UPI-RAZORPAY SOFTWARE PVT LTD-RZP1555707002
BTXN9444143872,RZP5067400473,60319.20,2026-07-05,IMPS/RZP5067400473/RAZORPAY SETTLEMENT
BTXN1070033276,RZP2616787577,37505.72,2026-07-01,NEFT CR-RZP2616787577-RAZORPAY
BTXN6948776379,RZP1560353165,22292.62,2026-07-04,RTGS-RZP1560353165-RAZORPAY SOFTWARE PVT LTD
BTXN4339059315,RZP1069027317,67579.67,2026-07-11,IMPS/RZP1069027317/RAZORPAY SETTLEMENT
BTXN1250448443,RZP3186739367,20989.92,2026-07-10,UPI-RAZORPAY SOFTWARE PVT LTD-RZP3186739367
BTXN7675318539,rzp9840903987,69237.26,2026-07-12,UPI-RAZORPAY SETTLEMENT ORDER 903987
BTXN8325314080,RZP3103352406,1595.49,2026-07-11,IMPS/RZP3103352406/RAZORPAY SETTLEMENT
BTXN6646397167,RZP9094859,18403.88,2026-07-17,IMPS/RZP/859824/PAYOUT
BTXN2694917952,RZP5026998075,62184.19,2026-07-07,UPI-RAZORPAY SOFTWARE PVT LTD-RZP5026998075
BTXN9462122700,RZP5621536018,26977.51,2026-07-10,RTGS-RZP5621536018-RAZORPAY SOFTWARE PVT LTD
BTXN3990552168,RZP6631408741,42261.67,2026-07-02,IMPS/RZP6631408741/RAZORPAY SETTLEMENT
BTXN4683565426,RZP9669731147,14992.05,2026-07-15,AMAZON RETAIL PAYMENT
BTXN6632842745,RZP2926870597,66461.52,2026-07-06,UPI-RAZORPAY SOFTWARE PVT LTD-RZP2926870597
BTXN6712518265,RZP7798194615,15169.78,2026-07-12,SWIGGY ORDER PAYMENT
BTXN3293952088,RZP4874177786,10508.72,2026-07-04,NETFLIX SUBSCRIPTION
BTXN9692384914,RZP2383641852,45523.09,2026-07-14,UPI-RAZORPAY SOFTWARE PVT LTD-RZP2383641852
BTXN8951070357,RZP9658463073,66883.05,2026-07-07,NEFT CR-RZP9658463073-RAZORPAY
BTXN5153991571,RZP2008441755,41701.80,2026-07-09,UPI-RAZORPAY SOFTWARE PVT LTD-RZP2008441755
BTXN3666405738,RZP7032714895,67697.03,2026-07-02,IMPS/RZP7032714895/RAZORPAY SETTLEMENT
BTXN8894638247,RZP3213244110,59719.94,2026-07-02,RTGS-RZP3213244110-RAZORPAY SOFTWARE PVT LTD
BTXN2682482133,RZP3025030698,64554.84,2026-07-10,NEFT CR-RZP3025030698-RAZORPAY
BTXN5638379165,RZP5505788456,16943.85,2026-07-12,UPI-RAZORPAY SOFTWARE PVT LTD-RZP5505788456
BTXN4773734025,RZP9898728604,8022.80,2026-07-14,UPI-RAZORPAY SOFTWARE PVT LTD-RZP9898728604
BTXN6231876065,RZP3206652215,55114.39,2026-07-14,RTGS-RZP3206652215-RAZORPAY SOFTWARE PVT LTD
BTXN8790122996,RZP2621593120,26432.37,2026-07-04,UPI-RAZORPAY SOFTWARE PVT LTD-RZP2621593120
BTXN1504765618,RZP9173418640,43961.18,2026-07-01,NEFT CR-RZP9173418640-RAZORPAY
BTXN8784566068,RZP1185010792,4076.25,2026-07-05,UPI-RAZORPAY SOFTWARE PVT LTD-RZP1185010792
BTXN1449001247,RZP8916859335,5820.83,2026-07-10,UPI-RAZORPAY SOFTWARE PVT LTD-RZP8916859335
BTXN9878741651,RZP9882006182,21236.19,2026-07-10,UPI-RAZORPAY SOFTWARE PVT LTD-RZP9882006182
BTXN4448261174,RZP2943508587,58441.04,2026-07-06,IMPS/RZP2943508587/RAZORPAY SETTLEMENT
BTXN4129908120,RZP8873563115,19208.20,2026-07-08,NEFT CR-RZP8873563115-RAZORPAY
BTXN1013417859,RZP5707588546,56977.37,2026-07-13,UPI-RAZORPAY SOFTWARE PVT LTD-RZP5707588546
BTXN5713131525,RZP8518239142,37421.60,2026-07-05,UPI-RAZORPAY SOFTWARE PVT LTD-RZP8518239142
BTXN9855728370,RZP2579418510,64073.11,2026-07-07,UPI-RAZORPAY SOFTWARE PVT LTD-RZP2579418510
BTXN9355304132,RZP3817018257,36990.21,2026-07-05,NEFT CR-RZP3817018257-RAZORPAY
BTXN4755317390,RZP5058172647,12800.93,2026-07-01,UPI-RAZORPAY SOFTWARE PVT LTD-RZP5058172647
BTXN1062793539,rzp3644590514,74452.03,2026-07-16,UPI-RAZORPAY SETTLEMENT ORDER 590514
BTXN8311709805,RZP5993075788,60640.28,2026-07-12,NEFT CR-RZP5993075788-RAZORPAY
BTXN7510754619,RZP4844004616,1958.28,2026-07-11,AMAZON RETAIL PAYMENT
BTXN7201751659,RZP9129441366,30089.60,2026-07-12,NEFT CR-RZP9129441366-RAZORPAY
BTXN4892771003,RZP4834464625,48889.92,2026-07-13,UPI-RAZORPAY SOFTWARE PVT LTD-RZP4834464625
BTXN4764928170,RZP9284496534,6954.59,2026-07-09,RTGS-RZP9284496534-RAZORPAY SOFTWARE PVT LTD
BTXN2144197944,RZP4458777526,8371.06,2026-07-06,RTGS-RZP4458777526-RAZORPAY SOFTWARE PVT LTD
BTXN8267386395,RZP7750341800,1957.06,2026-07-05,ELECTRICITY BILL AUTOPAY
BTXN1042362717,RZP9200146508,58466.29,2026-07-03,NEFT CR-RZP9200146508-RAZORPAY
BTXN6176794336,RZP6321546247,55226.67,2026-07-14,IMPS/RZP6321546247/RAZORPAY SETTLEMENT
BTXN3818317229,RZP7013187705,748.63,2026-07-14,IMPS/RZP7013187705/RAZORPAY SETTLEMENT
BTXN2160795429,RZP4123560792,41979.59,2026-07-07,UPI-RAZORPAY SOFTWARE PVT LTD-RZP4123560792
BTXN7467073633,RZP3708842947,5563.61,2026-07-03,UPI-RAZORPAY SOFTWARE PVT LTD-RZP3708842947
BTXN8224403543,RZP7115071593,60805.68,2026-07-04,IMPS/RZP7115071593/RAZORPAY SETTLEMENT
BTXN1866351732,RZP7935843605,25619.90,2026-07-02,RTGS-RZP7935843605-RAZORPAY SOFTWARE PVT LTD
BTXN2025711675,RZP8251009913,3296.80,2026-07-11,UPI-RAZORPAY SOFTWARE PVT LTD-RZP8251009913
BTXN2568375742,RZP1562992174,26822.30,2026-07-02,IMPS/RZP1562992174/RAZORPAY SETTLEMENT
BTXN1685583357,RZP5406906896,44985.17,2026-07-01,IMPS/RZP5406906896/RAZORPAY SETTLEMENT
BTXN4728433757,RZP8838370904,13100.81,2026-07-05,SWIGGY ORDER PAYMENT
BTXN6421711300,RZP6718222000,37979.42,2026-07-03,NEFT CR-RZP6718222000-RAZORPAY
BTXN1265143649,RZP1484002611,65235.33,2026-07-17,IMPS/RZP/002611/PAYOUT
BTXN7661083674,RZP9882485727,11793.77,2026-07-01,AMAZON RETAIL PAYMENT
BTXN5249315507,RZP3663112088,52492.94,2026-07-07,UPI-RAZORPAY SOFTWARE PVT LTD-RZP3663112088
BTXN3837784389,RZP8240793721,45689.16,2026-07-05,RTGS-RZP8240793721-RAZORPAY SOFTWARE PVT LTD
BTXN6963229328,RZP6330710675,40259.87,2026-07-13,UPI-RAZORPAY SOFTWARE PVT LTD-RZP6330710675
BTXN1653645181,RZP3736645770,59664.03,2026-07-05,IMPS/RZP3736645770/RAZORPAY SETTLEMENT
BTXN1114752423,RZP2936755326,19331.11,2026-07-09,UPI-RAZORPAY SOFTWARE PVT LTD-RZP2936755326
BTXN5197173007,RZP6032178997,64794.44,2026-07-09,IMPS/RZP6032178997/RAZORPAY SETTLEMENT
BTXN6944978106,RZP3441219208,41332.27,2026-07-10,NEFT CR-RZP3441219208-RAZORPAY
BTXN9644057445,RZP8822244240,700.62,2026-07-05,UPI-RAZORPAY SOFTWARE PVT LTD-RZP8822244240
BTXN5364631241,RZP6887132821,31337.80,2026-07-10,NEFT CR-RZP6887132821-RAZORPAY
BTXN9598224412,RZP9000848624,3723.88,2026-07-13,IMPS/RZP9000848624/RAZORPAY SETTLEMENT
BTXN3658182576,rzp3913494670,28318.17,2026-07-19,UPI-RAZORPAY SETTLEMENT ORDER 494670
BTXN1463059034,RZP5454423190,48426.97,2026-07-15,RTGS-RZP5454423190-RAZORPAY SOFTWARE PVT LTD
BTXN5413888029,RZP1463598972,56479.78,2026-07-02,NEFT CR-RZP1463598972-RAZORPAY
BTXN9865132682,RZP6985569796,61827.88,2026-07-02,IMPS/RZP6985569796/RAZORPAY SETTLEMENT
BTXN3007982766,RZP2730382,851.92,2026-07-10,NEFT CR RAZORPAY SOFTWARE-382279
BTXN8640507094,RZP2277074076,7568.03,2026-07-04,IMPS/RZP2277074076/RAZORPAY SETTLEMENT
BTXN8685477742,RZP6318696208,70338.68,2026-07-10,NEFT CR-RZP6318696208-RAZORPAY
BTXN6993612051,RZP8857999487,47470.61,2026-07-13,IMPS/RZP8857999487/RAZORPAY SETTLEMENT
BTXN5103862524,RZP1370204375,21344.88,2026-07-12,RTGS-RZP1370204375-RAZORPAY SOFTWARE PVT LTD
BTXN4478066037,RZP2382324125,62688.03,2026-07-09,RTGS-RZP2382324125-RAZORPAY SOFTWARE PVT LTD
BTXN3392082053,RZP3075462,69680.35,2026-07-18,IMPS/RZP/462510/PAYOUT
BTXN4253244253,RZP4170826901,22588.23,2026-07-17,UPI-RAZORPAY SETTLEMENT ORDER 026901
BTXN6518615301,rzp3393004845,29124.15,2026-07-07,IMPS/RZP/004845/PAYOUT
BTXN9586560432,RZP5791491914,21057.76,2026-07-10,RTGS-RZP5791491914-RAZORPAY SOFTWARE PVT LTD
BTXN7239547458,RZP8949613826,69490.13,2026-07-07,IMPS/RZP8949613826/RAZORPAY SETTLEMENT
BTXN2474865481,RZP7493984119,21998.57,2026-07-07,UPI-RAZORPAY SOFTWARE PVT LTD-RZP7493984119
BTXN9166986233,RZP3681174428,68221.56,2026-07-12,RTGS-RZP3681174428-RAZORPAY SOFTWARE PVT LTD
BTXN5468215608,RZP5278597810,48955.66,2026-07-07,IMPS/RZP5278597810/RAZORPAY SETTLEMENT
BTXN6405425950,RZP5344481171,55289.43,2026-07-07,IMPS/RZP5344481171/RAZORPAY SETTLEMENT
BTXN7372578354,RZP1749101915,3983.65,2026-07-09,NETFLIX SUBSCRIPTION
BTXN1778411697,RZP3636467652,39968.01,2026-07-12,NEFT CR-RZP3636467652-RAZORPAY
BTXN3337229494,RZP5863041785,47414.11,2026-07-14,RTGS-RZP5863041785-RAZORPAY SOFTWARE PVT LTD
BTXN5490940353,RZP4918593865,20489.63,2026-07-12,NEFT CR-RZP4918593865-RAZORPAY
BTXN4824183949,RZP8880186,33892.41,2026-07-18,UPI-RAZORPAY SETTLEMENT ORDER 186865
BTXN9192480720,RZP7231299921,39488.75,2026-07-07,IMPS/RZP7231299921/RAZORPAY SETTLEMENT
BTXN1174506513,RZP7646947955,36262.15,2026-07-05,RTGS-RZP7646947955-RAZORPAY SOFTWARE PVT LTD
BTXN7782295387,rzp8886785975,28007.26,2026-07-13,UPI-RAZORPAY SETTLEMENT ORDER 785975
BTXN6144879132,RZP7532567194,44303.14,2026-07-04,UPI-RAZORPAY SOFTWARE PVT LTD-RZP7532567194
BTXN2338304717,RZP7167116799,65390.15,2026-07-03,NEFT CR-RZP7167116799-RAZORPAY
BTXN9220264167,RZP5512196250,44344.31,2026-07-11,RTGS-RZP5512196250-RAZORPAY SOFTWARE PVT LTD
BTXN4748302739,RZP9824122054,22264.18,2026-07-03,RTGS-RZP9824122054-RAZORPAY SOFTWARE PVT LTD
BTXN2984376270,RZP2687433681,54451.92,2026-07-04,RTGS-RZP2687433681-RAZORPAY SOFTWARE PVT LTD
BTXN4877043657,RZP6175700623,28040.42,2026-07-10,UPI-RAZORPAY SOFTWARE PVT LTD-RZP6175700623
BTXN4217055399,RZP1102985676,18669.27,2026-07-11,UPI-RAZORPAY SOFTWARE PVT LTD-RZP1102985676
BTXN8655989848,RZP2061157364,7749.64,2026-07-14,IMPS/RZP2061157364/RAZORPAY SETTLEMENT
BTXN7503930791,RZP6883835914,66014.11,2026-07-02,NEFT CR-RZP6883835914-RAZORPAY
BTXN5943946354,RZP4039684250,43127.01,2026-07-06,RTGS-RZP4039684250-RAZORPAY SOFTWARE PVT LTD
BTXN6582557981,RZP7844995269,38294.97,2026-07-09,RTGS-RZP7844995269-RAZORPAY SOFTWARE PVT LTD
BTXN4530499730,rzp8657638151,47033.50,2026-07-09,IMPS/RZP/638151/PAYOUT
BTXN9047502562,RZP1120100633,72524.23,2026-07-07,NEFT CR-RZP1120100633-RAZORPAY
BTXN6790024996,RZP9655933303,52919.83,2026-07-15,UPI-RAZORPAY SOFTWARE PVT LTD-RZP9655933303
BTXN2746236935,RZP2067991032,23597.04,2026-07-05,NEFT CR-RZP2067991032-RAZORPAY
BTXN9927036153,RZP4586042076,62806.94,2026-07-06,NEFT CR-RZP4586042076-RAZORPAY
BTXN9491924586,rzp6214800976,72300.99,2026-07-06,UPI-RAZORPAY SETTLEMENT ORDER 800976
BTXN3296988157,RZP5261135749,12590.76,2026-07-06,NEFT CR-RZP5261135749-RAZORPAY
BTXN8703237777,RZP7220506171,64918.01,2026-07-08,UPI-RAZORPAY SOFTWARE PVT LTD-RZP7220506171
BTXN7376034192,RZP4751372582,72735.02,2026-07-12,IMPS/RZP4751372582/RAZORPAY SETTLEMENT
BTXN4700640847,RZP9126222350,59945.96,2026-07-01,UPI-RAZORPAY SOFTWARE PVT LTD-RZP9126222350
BTXN7808484236,RZP2602059726,13712.42,2026-07-14,AMAZON RETAIL PAYMENT
BTXN8950145668,RZP5973240119,45742.16,2026-07-03,IMPS/RZP5973240119/RAZORPAY SETTLEMENT
BTXN9940066964,RZP3109110489,3342.94,2026-07-03,NEFT CR-RZP3109110489-RAZORPAY
BTXN7158270603,RZP6684212456,46875.27,2026-07-08,RTGS-RZP6684212456-RAZORPAY SOFTWARE PVT LTD
BTXN1605115934,RZP2459727075,3251.92,2026-07-08,NEFT CR-RZP2459727075-RAZORPAY
BTXN2981272872,RZP4710613213,8055.96,2026-07-16,NEFT CR-RZP4710613213-RAZORPAY
BTXN7188595463,RZP9500729584,26744.65,2026-07-16,UPI-RAZORPAY SOFTWARE PVT LTD-RZP9500729584
BTXN6745348699,RZP7600216881,14372.12,2026-07-16,RTGS-RZP7600216881-RAZORPAY SOFTWARE PVT LTD
BTXN4815684991,RZP2557063795,7589.22,2026-07-05,IMPS/RZP2557063795/RAZORPAY SETTLEMENT
BTXN4146834716,RZP9231135808,57514.14,2026-07-07,UPI-RAZORPAY SOFTWARE PVT LTD-RZP9231135808
BTXN5065017813,RZP8608265328,42491.54,2026-07-03,UPI-RAZORPAY SOFTWARE PVT LTD-RZP8608265328
BTXN2053940115,RZP6840881553,3020.22,2026-07-11,NEFT CR-RZP6840881553-RAZORPAY
BTXN7936521189,RZP3795222313,49415.74,2026-07-13,UPI-RAZORPAY SOFTWARE PVT LTD-RZP3795222313
BTXN3137394980,RZP5757857074,51385.89,2026-07-10,NEFT CR-RZP5757857074-RAZORPAY
BTXN9973298321,RZP1873201611,24239.02,2026-07-09,NEFT CR-RZP1873201611-RAZORPAY
BTXN3713904908,RZP6703476099,28420.42,2026-07-03,UPI-RAZORPAY SOFTWARE PVT LTD-RZP6703476099
BTXN2493531038,rzp4943293018,74814.98,2026-07-11,IMPS/RZP/293018/PAYOUT
BTXN7343111435,RZP4855641551,34850.95,2026-07-10,UPI-RAZORPAY SOFTWARE PVT LTD-RZP4855641551
BTXN7983455615,RZP9570021067,74396.11,2026-07-10,NEFT CR-RZP9570021067-RAZORPAY
BTXN9955625133,RZP5475971039,12691.57,2026-07-03,ATM WDL BLR
BTXN8956819810,RZP5400679198,16790.85,2026-07-01,IRCTC TICKET BOOKING
BTXN7955739101,RZP8936520194,33202.50,2026-07-14,NEFT CR-RZP8936520194-RAZORPAY
BTXN3607465218,RZP8464448485,15184.11,2026-07-13,NEFT CR-RZP8464448485-RAZORPAY
BTXN5453761971,RZP8103197852,23833.30,2026-07-15,IMPS/RZP8103197852/RAZORPAY SETTLEMENT
BTXN7037934438,RZP3603958409,69502.88,2026-07-13,UPI-RAZORPAY SOFTWARE PVT LTD-RZP3603958409
BTXN3205292512,RZP2407863065,7295.36,2026-07-04,IMPS/RZP2407863065/RAZORPAY SETTLEMENT
BTXN4320425494,RZP4616110805,4107.18,2026-07-11,SWIGGY ORDER PAYMENT
BTXN6024251491,RZP3113056524,58934.25,2026-07-02,NEFT CR-RZP3113056524-RAZORPAY
BTXN9497502555,RZP1394235376,19199.06,2026-07-05,NEFT CR-RZP1394235376-RAZORPAY
BTXN1772680131,RZP9244554156,9048.47,2026-07-10,NEFT CR-RZP9244554156-RAZORPAY
BTXN7094605870,RZP6717854641,45902.32,2026-07-18,NEFT CR RAZORPAY SOFTWARE-854641
BTXN6934750699,RZP5534517124,74972.20,2026-07-05,UPI-RAZORPAY SOFTWARE PVT LTD-RZP5534517124
BTXN8055614319,RZP4774798,57196.45,2026-07-20,IMPS/RZP/798572/PAYOUT
BTXN9330271923,RZP9288426601,36671.46,2026-07-12,RTGS-RZP9288426601-RAZORPAY SOFTWARE PVT LTD
BTXN5049584574,RZP4685631940,19440.82,2026-07-05,IMPS/RZP4685631940/RAZORPAY SETTLEMENT
BTXN4016562299,RZP6414384955,48694.34,2026-07-14,RTGS-RZP6414384955-RAZORPAY SOFTWARE PVT LTD
BTXN9656747042,RZP1473213875,60085.78,2026-07-07,RTGS-RZP1473213875-RAZORPAY SOFTWARE PVT LTD
BTXN6328452885,RZP1055254339,31666.45,2026-07-08,NEFT CR-RZP1055254339-RAZORPAY
BTXN2498667456,RZP8371319661,73628.45,2026-07-13,IMPS/RZP8371319661/RAZORPAY SETTLEMENT
BTXN8805663591,RZP4296793876,19425.01,2026-07-06,IMPS/RZP4296793876/RAZORPAY SETTLEMENT
BTXN9061246812,RZP9636973166,56105.21,2026-07-13,NEFT CR-RZP9636973166-RAZORPAY
BTXN2560641623,RZP3485839568,57007.85,2026-07-11,RTGS-RZP3485839568-RAZORPAY SOFTWARE PVT LTD
BTXN8241253072,RZP1117263624,22110.05,2026-07-13,IMPS/RZP1117263624/RAZORPAY SETTLEMENT
BTXN3457732693,RZP4757460050,68382.55,2026-07-05,NEFT CR-RZP4757460050-RAZORPAY
BTXN5815848251,RZP2548678342,7392.95,2026-07-07,NEFT CR-RZP2548678342-RAZORPAY
BTXN4633212294,RZP9231028203,43444.61,2026-07-15,UPI-RAZORPAY SOFTWARE PVT LTD-RZP9231028203
BTXN9342707984,RZP9559132106,1977.91,2026-07-08,IMPS/RZP9559132106/RAZORPAY SETTLEMENT
BTXN9206469995,RZP5513216538,15468.77,2026-07-08,UPI-RAZORPAY SOFTWARE PVT LTD-RZP5513216538
BTXN6002696894,RZP3589609319,60888.55,2026-07-13,NEFT CR-RZP3589609319-RAZORPAY
BTXN9775313308,RZP9570887320,14918.14,2026-07-02,NEFT CR-RZP9570887320-RAZORPAY
BTXN3686688172,RZP6807413890,14509.95,2026-07-02,UPI-RAZORPAY SOFTWARE PVT LTD-RZP6807413890
BTXN7208527040,RZP4570098110,2400.59,2026-07-08,NEFT CR-RZP4570098110-RAZORPAY
BTXN4008507749,RZP6101071818,10414.59,2026-07-12,UPI-RAZORPAY SOFTWARE PVT LTD-RZP6101071818
BTXN8563456027,rzp2785207008,25400.36,2026-07-14,NEFT CR RAZORPAY SOFTWARE-207008
BTXN3240915480,RZP1365725210,71660.04,2026-07-09,UPI-RAZORPAY SOFTWARE PVT LTD-RZP1365725210
BTXN6370197046,RZP3804554224,47374.11,2026-07-07,RTGS-RZP3804554224-RAZORPAY SOFTWARE PVT LTD
BTXN8754201844,RZP1898010833,25890.66,2026-07-04,UPI-RAZORPAY SOFTWARE PVT LTD-RZP1898010833
BTXN4301452587,RZP3228515788,30668.64,2026-07-05,UPI-RAZORPAY SOFTWARE PVT LTD-RZP3228515788
BTXN2211349322,RZP3552121368,37829.77,2026-07-03,IMPS/RZP3552121368/RAZORPAY SETTLEMENT
BTXN2938264714,RZP7640122370,8056.43,2026-07-08,NEFT CR-RZP7640122370-RAZORPAY
BTXN7661123201,RZP3786931829,70522.69,2026-07-11,UPI-RAZORPAY SOFTWARE PVT LTD-RZP3786931829
BTXN4979128971,RZP8135351,16868.40,2026-07-04,IMPS/RZP/351243/PAYOUT
BTXN7964539997,RZP6520997534,35386.35,2026-07-03,RTGS-RZP6520997534-RAZORPAY SOFTWARE PVT LTD
BTXN2898797827,RZP8421915,48598.27,2026-07-16,UPI-RAZORPAY SETTLEMENT ORDER 915915
BTXN2262489229,RZP3335077543,22773.83,2026-07-12,UPI-RAZORPAY SOFTWARE PVT LTD-RZP3335077543
BTXN2048044887,RZP2065289302,4491.54,2026-07-12,NETFLIX SUBSCRIPTION
BTXN1945017172,RZP3829589923,61458.62,2026-07-15,NEFT CR-RZP3829589923-RAZORPAY
BTXN6411942622,RZP5308065629,17042.90,2026-07-10,IRCTC TICKET BOOKING
BTXN3704839096,RZP7004579235,28842.71,2026-07-08,IMPS/RZP/579235/PAYOUT
BTXN8453792024,RZP6173363340,27210.10,2026-07-16,UPI-RAZORPAY SOFTWARE PVT LTD-RZP6173363340
BTXN7289778557,RZP8553930297,2545.74,2026-07-03,IRCTC TICKET BOOKING
BTXN3425193511,RZP7217775162,48497.64,2026-07-12,IMPS/RZP7217775162/RAZORPAY SETTLEMENT
BTXN1231178500,RZP2705297819,7618.75,2026-07-15,RTGS-RZP2705297819-RAZORPAY SOFTWARE PVT LTD
BTXN6065752268,RZP5937791279,35678.54,2026-07-01,IMPS/RZP5937791279/RAZORPAY SETTLEMENT
BTXN5185009345,RZP9116428507,12204.23,2026-07-02,IMPS/RZP9116428507/RAZORPAY SETTLEMENT
BTXN9563729092,RZP7774406867,12863.05,2026-07-17,RTGS-RZP7774406867-RAZORPAY SOFTWARE PVT LTD
BTXN9807970435,RZP2166605339,8637.38,2026-07-12,NEFT CR-RZP2166605339-RAZORPAY
BTXN4952984251,RZP9231343450,16751.54,2026-07-14,UPI-RAZORPAY SOFTWARE PVT LTD-RZP9231343450
BTXN5715762809,RZP7255107858,35245.19,2026-07-13,NEFT CR-RZP7255107858-RAZORPAY
BTXN8648927867,RZP8596003713,13032.26,2026-07-05,IMPS/RZP8596003713/RAZORPAY SETTLEMENT
BTXN3971158711,RZP6252548866,15740.86,2026-07-07,UPI-RAZORPAY SOFTWARE PVT LTD-RZP6252548866
BTXN2043030161,RZP9410288290,30050.76,2026-07-12,NEFT CR-RZP9410288290-RAZORPAY
BTXN5440351015,RZP5895469359,44218.15,2026-07-06,RTGS-RZP5895469359-RAZORPAY SOFTWARE PVT LTD
BTXN2862148968,RZP6108647286,13660.06,2026-07-05,RTGS-RZP6108647286-RAZORPAY SOFTWARE PVT LTD
BTXN7942323009,RZP6947129681,40692.12,2026-07-11,NEFT CR-RZP6947129681-RAZORPAY
BTXN4585412129,RZP3484190616,56696.32,2026-07-01,IMPS/RZP3484190616/RAZORPAY SETTLEMENT
BTXN6221612610,RZP7647058121,5708.79,2026-07-16,NEFT CR-RZP7647058121-RAZORPAY
BTXN8511276047,RZP7578984869,32614.72,2026-07-05,IMPS/RZP7578984869/RAZORPAY SETTLEMENT
BTXN7328037474,RZP8827337972,68449.13,2026-07-06,NEFT CR-RZP8827337972-RAZORPAY
BTXN1306843570,RZP7807399340,34310.45,2026-07-04,UPI-RAZORPAY SOFTWARE PVT LTD-RZP7807399340
BTXN9366141694,RZP8093088224,58153.15,2026-07-01,NEFT CR-RZP8093088224-RAZORPAY
BTXN4031961324,RZP9757975369,60413.17,2026-07-02,UPI-RAZORPAY SOFTWARE PVT LTD-RZP9757975369
BTXN8234793347,RZP7018275482,8244.31,2026-07-06,IRCTC TICKET BOOKING
BTXN7903834064,RZP7176703993,23988.67,2026-07-05,IMPS/RZP7176703993/RAZORPAY SETTLEMENT
BTXN4685173415,RZP8215154708,18134.31,2026-07-14,UPI-RAZORPAY SOFTWARE PVT LTD-RZP8215154708
BTXN4085199851,RZP7812534964,1749.80,2026-07-11,UPI-RAZORPAY SOFTWARE PVT LTD-RZP7812534964
BTXN6163393045,RZP1681825187,51189.57,2026-07-11,NEFT CR-RZP1681825187-RAZORPAY
BTXN5475641477,RZP9504724761,61469.12,2026-07-13,NEFT CR-RZP9504724761-RAZORPAY
BTXN7936200936,RZP8256226076,2661.05,2026-07-11,RTGS-RZP8256226076-RAZORPAY SOFTWARE PVT LTD
BTXN8558245477,RZP1998173670,20045.63,2026-07-11,NEFT CR-RZP1998173670-RAZORPAY
BTXN1728170791,RZP7052629288,3441.29,2026-07-08,SALARY CREDIT XYZ CORP
BTXN9454805837,RZP8401674542,43377.32,2026-07-06,RTGS-RZP8401674542-RAZORPAY SOFTWARE PVT LTD
BTXN1041880442,RZP9230910861,5407.39,2026-07-05,ZOMATO ONLINE ORDER
BTXN2464031924,RZP2444592548,72136.48,2026-07-08,IMPS/RZP2444592548/RAZORPAY SETTLEMENT
BTXN1204253178,RZP5767649713,27586.42,2026-07-06,RTGS-RZP5767649713-RAZORPAY SOFTWARE PVT LTD
BTXN1288218941,RZP2151810804,8942.95,2026-07-03,NEFT CR-RZP2151810804-RAZORPAY
BTXN9551183873,RZP7334229268,43097.95,2026-07-11,RTGS-RZP7334229268-RAZORPAY SOFTWARE PVT LTD
BTXN6198315101,RZP7613797397,68088.12,2026-07-06,RTGS-RZP7613797397-RAZORPAY SOFTWARE PVT LTD
BTXN9518091669,RZP8347378404,65625.35,2026-07-15,IMPS/RZP8347378404/RAZORPAY SETTLEMENT
BTXN5169621067,RZP2703897082,59529.17,2026-07-04,RTGS-RZP2703897082-RAZORPAY SOFTWARE PVT LTD
BTXN4396042795,RZP7545569932,58364.07,2026-07-04,UPI-RAZORPAY SOFTWARE PVT LTD-RZP7545569932
BTXN6573201172,rzp2387455306,66100.15,2026-07-07,NEFT CR RAZORPAY SOFTWARE-455306
BTXN1802127398,RZP6933688248,73639.67,2026-07-13,RTGS-RZP6933688248-RAZORPAY SOFTWARE PVT LTD
BTXN7853666330,RZP6859578069,1510.30,2026-07-06,IMPS/RZP6859578069/RAZORPAY SETTLEMENT
BTXN5354065716,RZP5120590842,43305.82,2026-07-11,NEFT CR-RZP5120590842-RAZORPAY
BTXN2631840708,RZP8226842982,22553.34,2026-07-14,IMPS/RZP8226842982/RAZORPAY SETTLEMENT
BTXN2707604883,RZP9480639850,26273.39,2026-07-01,IMPS/RZP9480639850/RAZORPAY SETTLEMENT
BTXN1168955940,RZP1834105458,5473.12,2026-07-14,IMPS/RZP1834105458/RAZORPAY SETTLEMENT
BTXN6690477284,RZP2086114162,10654.01,2026-07-15,NEFT CR-RZP2086114162-RAZORPAY
BTXN4345430084,RZP9667198721,38339.70,2026-07-07,RTGS-RZP9667198721-RAZORPAY SOFTWARE PVT LTD
BTXN1428162447,RZP2827367326,52304.24,2026-07-10,UPI-RAZORPAY SOFTWARE PVT LTD-RZP2827367326
BTXN1942964122,RZP7757360859,66817.84,2026-07-18,UPI-RAZORPAY SETTLEMENT ORDER 306859
BTXN7864373348,RZP6800590025,68249.71,2026-07-15,RTGS-RZP6800590025-RAZORPAY SOFTWARE PVT LTD
BTXN1742151566,RZP9731488292,18450.97,2026-07-14,SALARY CREDIT XYZ CORP
BTXN7033817459,RZP7107226324,24843.56,2026-07-06,UPI-RAZORPAY SOFTWARE PVT LTD-RZP7107226324
BTXN1457462888,RZP2535078511,31396.88,2026-07-06,IMPS/RZP2535078511/RAZORPAY SETTLEMENT
BTXN9577024647,RZP6066119815,25507.89,2026-07-12,RTGS-RZP6066119815-RAZORPAY SOFTWARE PVT LTD
BTXN4719558078,rzp3289167186,36646.31,2026-07-10,IMPS/RZP/167186/PAYOUT
BTXN7497595984,RZP1658693191,38393.15,2026-07-10,RTGS-RZP1658693191-RAZORPAY SOFTWARE PVT LTD
BTXN8163149670,RZP6357760105,19138.39,2026-07-02,NEFT CR-RZP6357760105-RAZORPAY
BTXN1867986116,RZP5771986518,14286.40,2026-07-10,IMPS/RZP/896518/PAYOUT
BTXN8716013029,RZP7938743236,67885.72,2026-07-02,IMPS/RZP7938743236/RAZORPAY SETTLEMENT
BTXN6965580129,RZP6461266090,999.14,2026-07-12,NEFT CR-RZP6461266090-RAZORPAY
BTXN2825985297,RZP7340406570,27774.99,2026-07-04,IMPS/RZP7340406570/RAZORPAY SETTLEMENT
BTXN8601462074,RZP4202714695,9499.75,2026-07-04,SWIGGY ORDER PAYMENT
BTXN6605057142,RZP2640402387,22391.25,2026-07-11,RTGS-RZP2640402387-RAZORPAY SOFTWARE PVT LTD
BTXN8886432673,RZP5022964382,68535.61,2026-07-03,RTGS-RZP5022964382-RAZORPAY SOFTWARE PVT LTD
BTXN5051841988,RZP7880572733,11488.59,2026-07-09,ATM WDL CHN
BTXN7191279918,RZP7301287567,9143.79,2026-07-15,RTGS-RZP7301287567-RAZORPAY SOFTWARE PVT LTD
BTXN6500048261,RZP1120346729,41636.58,2026-07-15,IMPS/RZP1120346729/RAZORPAY SETTLEMENT
BTXN6763483097,RZP3350053482,7691.71,2026-07-09,AMAZON RETAIL PAYMENT
BTXN5168449475,RZP1889948390,41323.56,2026-07-01,RTGS-RZP1889948390-RAZORPAY SOFTWARE PVT LTD
BTXN8573962964,RZP7127056267,17990.42,2026-07-02,IMPS/RZP7127056267/RAZORPAY SETTLEMENT
BTXN5150074940,RZP5613503623,35204.57,2026-07-09,IMPS/RZP5613503623/RAZORPAY SETTLEMENT
BTXN5448091798,RZP1936788955,31498.67,2026-07-11,IMPS/RZP1936788955/RAZORPAY SETTLEMENT
BTXN6014318886,RZP1799156163,13238.90,2026-07-12,RTGS-RZP1799156163-RAZORPAY SOFTWARE PVT LTD
BTXN3882667163,RZP4346480556,27446.92,2026-07-13,NEFT CR-RZP4346480556-RAZORPAY
BTXN8865007110,RZP7609336783,1212.01,2026-07-06,ZOMATO ONLINE ORDER
BTXN5998467923,RZP5399600121,12413.56,2026-07-05,UPI-RAZORPAY SOFTWARE PVT LTD-RZP5399600121
BTXN9402734257,RZP9496050936,31505.97,2026-07-02,UPI-RAZORPAY SOFTWARE PVT LTD-RZP9496050936
BTXN5841419125,RZP1479759410,65023.05,2026-07-04,RTGS-RZP1479759410-RAZORPAY SOFTWARE PVT LTD
BTXN6419922458,RZP8022662403,55409.42,2026-07-05,NEFT CR-RZP8022662403-RAZORPAY
BTXN6882579552,RZP8667185759,1287.09,2026-07-13,SWIGGY ORDER PAYMENT
BTXN9177956390,RZP4000157095,37119.93,2026-07-14,NEFT CR-RZP4000157095-RAZORPAY
BTXN3476555062,RZP2794030880,66213.50,2026-07-05,NEFT CR-RZP2794030880-RAZORPAY
BTXN8935334087,RZP6727310405,68160.78,2026-07-15,UPI-RAZORPAY SOFTWARE PVT LTD-RZP6727310405
BTXN9063484711,RZP1325299430,50911.42,2026-07-14,IMPS/RZP/299430/PAYOUT
BTXN6163848174,RZP5359582487,58088.92,2026-07-13,NEFT CR-RZP5359582487-RAZORPAY
BTXN7036410329,RZP2947129382,15242.38,2026-07-10,ZOMATO ONLINE ORDER
BTXN4406804308,RZP2362618431,7119.18,2026-07-14,NEFT CR-RZP2362618431-RAZORPAY
BTXN5317794163,RZP4812144835,29094.07,2026-07-11,RTGS-RZP4812144835-RAZORPAY SOFTWARE PVT LTD
BTXN2979958124,RZP4475911318,7352.41,2026-07-14,IMPS/RZP4475911318/RAZORPAY SETTLEMENT
BTXN1240251661,RZP4131575764,12673.49,2026-07-07,IMPS/RZP4131575764/RAZORPAY SETTLEMENT
BTXN4880288498,RZP7862229324,53274.23,2026-07-03,NEFT CR-RZP7862229324-RAZORPAY
BTXN5696705856,RZP6341647646,53980.00,2026-07-01,NEFT CR-RZP6341647646-RAZORPAY
BTXN1398270304,RZP4985601978,32317.77,2026-07-09,NEFT CR-RZP4985601978-RAZORPAY
BTXN8124668065,RZP6867476540,12844.86,2026-07-08,AMAZON RETAIL PAYMENT
BTXN5173451810,RZP9384049344,63367.23,2026-07-12,UPI-RAZORPAY SETTLEMENT ORDER 449344
BTXN7520578170,RZP5484140663,8300.39,2026-07-02,IMPS/RZP5484140663/RAZORPAY SETTLEMENT
BTXN9913636459,RZP5860167420,17826.48,2026-07-13,UPI-RAZORPAY SOFTWARE PVT LTD-RZP5860167420
BTXN2444295335,RZP8710727263,65313.47,2026-07-16,UPI-RAZORPAY SETTLEMENT ORDER 727236
BTXN2159627722,rzp8586920446,36125.18,2026-07-16,NEFT CR RAZORPAY SOFTWARE-920446
BTXN8383804905,RZP6277997060,27051.74,2026-07-03,IMPS/RZP6277997060/RAZORPAY SETTLEMENT
BTXN5088145355,RZP2268528881,12281.21,2026-07-15,IMPS/RZP2268528881/RAZORPAY SETTLEMENT
BTXN4871321187,RZP6340733932,11329.11,2026-07-08,UPI-RAZORPAY SOFTWARE PVT LTD-RZP6340733932
BTXN1793163323,RZP6163482036,8967.42,2026-07-10,SWIGGY ORDER PAYMENT
BTXN5618755718,RZP5412256411,30959.90,2026-07-01,UPI-RAZORPAY SOFTWARE PVT LTD-RZP5412256411
BTXN4870869039,RZP5711433088,25476.72,2026-07-05,RTGS-RZP5711433088-RAZORPAY SOFTWARE PVT LTD
BTXN4170639775,RZP3007047054,60977.65,2026-07-12,RTGS-RZP3007047054-RAZORPAY SOFTWARE PVT LTD
BTXN7432615317,RZP6048193674,72118.27,2026-07-17,IMPS/RZP6048193674/RAZORPAY SETTLEMENT
BTXN3130416629,RZP9096631671,6179.10,2026-07-09,RTGS-RZP9096631671-RAZORPAY SOFTWARE PVT LTD
BTXN3552669535,RZP5529870909,62327.12,2026-07-11,UPI-RAZORPAY SOFTWARE PVT LTD-RZP5529870909
BTXN7694156430,RZP4938107017,4491.80,2026-07-09,ATM WDL BLR
BTXN4803082817,RZP6224915486,19441.13,2026-07-09,ELECTRICITY BILL AUTOPAY
BTXN6962229280,rzp2536152870,44437.42,2026-07-05,IMPS/RZP/152870/PAYOUT
BTXN5696834018,RZP4516133021,48849.73,2026-07-19,UPI-RAZORPAY SETTLEMENT ORDER 133201
BTXN5995208970,RZP5712724787,54457.68,2026-07-13,UPI-RAZORPAY SOFTWARE PVT LTD-RZP5712724787
BTXN9320985223,RZP1435350495,44408.99,2026-07-07,UPI-RAZORPAY SETTLEMENT ORDER 305495
BTXN6812174113,RZP5322359258,1840.91,2026-07-07,RTGS-RZP5322359258-RAZORPAY SOFTWARE PVT LTD
BTXN6162257572,RZP4264911503,49750.51,2026-07-09,RTGS-RZP4264911503-RAZORPAY SOFTWARE PVT LTD
BTXN4626852472,RZP1093202500,3822.32,2026-07-01,UPI-RAZORPAY SOFTWARE PVT LTD-RZP1093202500
BTXN7847665443,RZP6326415525,65999.76,2026-07-13,IMPS/RZP6326415525/RAZORPAY SETTLEMENT
BTXN3077935216,RZP1139014305,20553.02,2026-07-10,UPI-RAZORPAY SOFTWARE PVT LTD-RZP1139014305
BTXN8064269678,RZP3078739213,62195.18,2026-07-09,UPI-RAZORPAY SOFTWARE PVT LTD-RZP3078739213
BTXN8570937148,RZP7867481783,15228.29,2026-07-11,ATM WDL DEL
BTXN4851562874,RZP5244939356,24359.98,2026-07-07,NEFT CR-RZP5244939356-RAZORPAY
BTXN1270451647,RZP2612639703,5743.28,2026-07-04,SALARY CREDIT XYZ CORP
BTXN1662160168,RZP4987399370,59403.86,2026-07-09,RTGS-RZP4987399370-RAZORPAY SOFTWARE PVT LTD
BTXN3232254467,RZP5170813887,16948.59,2026-07-07,IMPS/RZP5170813887/RAZORPAY SETTLEMENT
BTXN8709293749,RZP7598402379,38436.65,2026-07-13,RTGS-RZP7598402379-RAZORPAY SOFTWARE PVT LTD
BTXN5975219350,RZP9570364459,43371.39,2026-07-14,UPI-RAZORPAY SOFTWARE PVT LTD-RZP9570364459
BTXN7184949643,RZP4118282638,22325.75,2026-07-07,UPI-RAZORPAY SOFTWARE PVT LTD-RZP4118282638
BTXN7810716109,RZP3095902833,8829.28,2026-07-09,IMPS/RZP3095902833/RAZORPAY SETTLEMENT
BTXN2594783207,RZP2377142646,13932.60,2026-07-08,UPI-RAZORPAY SOFTWARE PVT LTD-RZP2377142646
BTXN9614147871,RZP2935275241,45277.23,2026-07-02,RTGS-RZP2935275241-RAZORPAY SOFTWARE PVT LTD
BTXN2685508823,RZP4327896974,63394.63,2026-07-06,RTGS-RZP4327896974-RAZORPAY SOFTWARE PVT LTD
BTXN5836162638,RZP2062070526,37494.29,2026-07-14,RTGS-RZP2062070526-RAZORPAY SOFTWARE PVT LTD
BTXN1721342833,RZP1673031501,17779.63,2026-07-13,UPI-RAZORPAY SETTLEMENT ORDER 301501
BTXN7251185888,RZP6927737494,11644.87,2026-07-10,ZOMATO ONLINE ORDER
BTXN8093196566,RZP7811623908,1413.35,2026-07-10,ZOMATO ONLINE ORDER
BTXN9957643727,RZP9596653373,26784.79,2026-07-10,RTGS-RZP9596653373-RAZORPAY SOFTWARE PVT LTD
BTXN2351126132,RZP5903431309,59511.91,2026-07-02,IMPS/RZP5903431309/RAZORPAY SETTLEMENT
BTXN5519711134,RZP9363202861,24657.83,2026-07-14,RTGS-RZP9363202861-RAZORPAY SOFTWARE PVT LTD
BTXN6013992194,RZP2718971996,11729.08,2026-07-12,UPI-RAZORPAY SOFTWARE PVT LTD-RZP2718971996
BTXN6906291193,RZP1626437996,17745.02,2026-07-09,AMAZON RETAIL PAYMENT
BTXN1822502849,RZP3292900762,20593.51,2026-07-10,IMPS/RZP3292900762/RAZORPAY SETTLEMENT
BTXN2866698147,RZP7922302140,26476.73,2026-07-05,RTGS-RZP7922302140-RAZORPAY SOFTWARE PVT LTD
BTXN9493876887,RZP6318455479,16198.04,2026-07-14,RTGS-RZP6318455479-RAZORPAY SOFTWARE PVT LTD
BTXN9934605686,RZP6937704752,65286.71,2026-07-15,RTGS-RZP6937704752-RAZORPAY SOFTWARE PVT LTD
BTXN9564102661,RZP9098797,67602.87,2026-07-05,UPI-RAZORPAY SETTLEMENT ORDER 797511
BTXN8351743818,RZP6631565147,31871.33,2026-07-13,IMPS/RZP6631565147/RAZORPAY SETTLEMENT
BTXN9707555314,RZP7990838,60649.07,2026-07-18,IMPS/RZP/838061/PAYOUT
BTXN3703892529,RZP8483168715,32684.94,2026-07-02,IMPS/RZP8483168715/RAZORPAY SETTLEMENT
BTXN5252952412,RZP1049833464,48805.00,2026-07-03,RTGS-RZP1049833464-RAZORPAY SOFTWARE PVT LTD
BTXN9675663398,RZP3094196107,28059.17,2026-07-03,UPI-RAZORPAY SOFTWARE PVT LTD-RZP3094196107
BTXN4277422858,RZP3598862507,51090.12,2026-07-06,IMPS/RZP3598862507/RAZORPAY SETTLEMENT
BTXN2806452726,RZP9486346160,1078.33,2026-07-09,ELECTRICITY BILL AUTOPAY
BTXN4941471198,RZP7088037660,41262.05,2026-07-06,UPI-RAZORPAY SOFTWARE PVT LTD-RZP7088037660
BTXN2830154607,RZP1440654676,24930.03,2026-07-05,IMPS/RZP1440654676/RAZORPAY SETTLEMENT
BTXN6547706290,RZP9911329062,42802.64,2026-07-07,NEFT CR-RZP9911329062-RAZORPAY
BTXN5130893810,RZP7405136969,32421.06,2026-07-05,UPI-RAZORPAY SOFTWARE PVT LTD-RZP7405136969
BTXN4962636664,RZP2557660598,73499.60,2026-07-03,UPI-RAZORPAY SOFTWARE PVT LTD-RZP2557660598
BTXN1951811572,RZP1190758672,59193.25,2026-07-05,UPI-RAZORPAY SOFTWARE PVT LTD-RZP1190758672
BTXN8260680104,RZP8081661918,22907.07,2026-07-14,RTGS-RZP8081661918-RAZORPAY SOFTWARE PVT LTD
BTXN4843001167,RZP5591725617,63915.93,2026-07-13,UPI-RAZORPAY SOFTWARE PVT LTD-RZP5591725617
BTXN6992584523,RZP9941007,59372.77,2026-07-08,IMPS/RZP/007690/PAYOUT
BTXN8681273274,RZP1519978813,34681.55,2026-07-06,NEFT CR-RZP1519978813-RAZORPAY
BTXN5939034623,RZP8029435188,7107.30,2026-07-12,IMPS/RZP8029435188/RAZORPAY SETTLEMENT
BTXN7323675917,RZP5865554777,50396.34,2026-07-13,RTGS-RZP5865554777-RAZORPAY SOFTWARE PVT LTD
BTXN5665420620,RZP2830147959,6932.95,2026-07-13,NETFLIX SUBSCRIPTION
BTXN5595336790,RZP9586678451,63261.68,2026-07-04,IMPS/RZP9586678451/RAZORPAY SETTLEMENT
BTXN7220653058,RZP9695949463,16792.69,2026-07-09,IMPS/RZP9695949463/RAZORPAY SETTLEMENT
BTXN9432777006,RZP7264495820,35649.84,2026-07-03,IMPS/RZP7264495820/RAZORPAY SETTLEMENT
BTXN7810890924,RZP9517292154,6690.46,2026-07-02,RTGS-RZP9517292154-RAZORPAY SOFTWARE PVT LTD
BTXN3509300549,RZP4009896847,34589.42,2026-07-14,UPI-RAZORPAY SOFTWARE PVT LTD-RZP4009896847
BTXN3220414296,RZP9227350174,32794.21,2026-07-09,IMPS/RZP/350174/PAYOUT
BTXN5903590227,RZP3535351634,21557.56,2026-07-04,UPI-RAZORPAY SOFTWARE PVT LTD-RZP3535351634
BTXN9025082374,RZP5116560057,10269.03,2026-07-15,UPI-RAZORPAY SOFTWARE PVT LTD-RZP5116560057
BTXN2397125346,RZP1280540492,64445.09,2026-07-12,IMPS/RZP1280540492/RAZORPAY SETTLEMENT
BTXN4678366905,RZP3075048328,14418.30,2026-07-10,SALARY CREDIT XYZ CORP
BTXN4221536426,RZP9931708,71606.13,2026-07-18,UPI-RAZORPAY SETTLEMENT ORDER 708887
BTXN6319049305,RZP8146492298,64472.63,2026-07-08,UPI-RAZORPAY SOFTWARE PVT LTD-RZP8146492298
BTXN9888897104,RZP3384083537,61740.72,2026-07-03,IMPS/RZP3384083537/RAZORPAY SETTLEMENT
BTXN7792993855,RZP3904676,70397.94,2026-07-14,IMPS/RZP/676692/PAYOUT
BTXN4723534498,RZP3884494006,19347.23,2026-07-07,IMPS/RZP3884494006/RAZORPAY SETTLEMENT
BTXN7503707720,RZP9067895627,2768.32,2026-07-13,UPI-RAZORPAY SOFTWARE PVT LTD-RZP9067895627
BTXN3955812263,RZP7515717157,44428.58,2026-07-06,NEFT CR-RZP7515717157-RAZORPAY
BTXN4680775250,RZP7626116110,28926.47,2026-07-14,RTGS-RZP7626116110-RAZORPAY SOFTWARE PVT LTD
BTXN1051847199,RZP7942947828,4398.80,2026-07-12,RTGS-RZP7942947828-RAZORPAY SOFTWARE PVT LTD
BTXN2077539834,RZP2855123934,1117.21,2026-07-11,IMPS/RZP2855123934/RAZORPAY SETTLEMENT
BTXN1718186261,RZP7226038325,62461.81,2026-07-15,IMPS/RZP7226038325/RAZORPAY SETTLEMENT
BTXN5109529591,RZP6218168908,44951.97,2026-07-10,UPI-RAZORPAY SOFTWARE PVT LTD-RZP6218168908
BTXN7117347720,rzp3768263341,62003.31,2026-07-10,NEFT CR RAZORPAY SOFTWARE-263341
BTXN1891796718,RZP7243759249,33419.71,2026-07-10,UPI-RAZORPAY SOFTWARE PVT LTD-RZP7243759249
BTXN2696934208,RZP5481316044,27411.13,2026-07-14,UPI-RAZORPAY SOFTWARE PVT LTD-RZP5481316044
BTXN3372845154,RZP3956801637,35895.80,2026-07-10,NEFT CR-RZP3956801637-RAZORPAY
BTXN8178556785,RZP3355803910,41385.05,2026-07-02,UPI-RAZORPAY SOFTWARE PVT LTD-RZP3355803910
BTXN6082658671,RZP7616419207,45738.93,2026-07-05,IMPS/RZP/419207/PAYOUT
BTXN6185118898,RZP3341235566,39588.61,2026-07-11,RTGS-RZP3341235566-RAZORPAY SOFTWARE PVT LTD
BTXN1332469393,RZP7903709349,50718.85,2026-07-07,IMPS/RZP7903709349/RAZORPAY SETTLEMENT
BTXN5067594934,RZP2752306681,17240.20,2026-07-14,UPI-RAZORPAY SOFTWARE PVT LTD-RZP2752306681
BTXN3762722902,RZP1923810879,20668.83,2026-07-13,NEFT CR-RZP1923810879-RAZORPAY
BTXN6200584953,RZP6255912235,22506.06,2026-07-13,NEFT CR-RZP6255912235-RAZORPAY
BTXN1937098678,RZP7655418921,18851.80,2026-07-13,NEFT CR-RZP7655418921-RAZORPAY
BTXN5021302360,RZP7799677793,45573.50,2026-07-10,IMPS/RZP7799677793/RAZORPAY SETTLEMENT
BTXN8669484644,RZP7754847890,71453.60,2026-07-09,UPI-RAZORPAY SOFTWARE PVT LTD-RZP7754847890
BTXN7110082321,RZP7635473142,16922.83,2026-07-10,IMPS/RZP7635473142/RAZORPAY SETTLEMENT
BTXN4921243700,RZP8933817352,37491.62,2026-07-02,UPI-RAZORPAY SOFTWARE PVT LTD-RZP8933817352
BTXN1257301808,RZP2179156519,905.18,2026-07-13,UPI-RAZORPAY SOFTWARE PVT LTD-RZP2179156519
BTXN6666930890,RZP1980116906,9922.97,2026-07-05,UPI-RAZORPAY SOFTWARE PVT LTD-RZP1980116906
BTXN9733242365,RZP7386322327,45662.64,2026-07-03,RTGS-RZP7386322327-RAZORPAY SOFTWARE PVT LTD
BTXN9213466250,RZP6591987194,30355.10,2026-07-03,IMPS/RZP6591987194/RAZORPAY SETTLEMENT
BTXN7922571276,RZP2695154066,53327.71,2026-07-15,UPI-RAZORPAY SOFTWARE PVT LTD-RZP2695154066
BTXN6236063884,RZP8289212520,12370.89,2026-07-13,NEFT CR-RZP8289212520-RAZORPAY
BTXN2722680005,RZP6225579412,10261.15,2026-07-09,RTGS-RZP6225579412-RAZORPAY SOFTWARE PVT LTD
BTXN4636141134,RZP7125697460,63941.17,2026-07-01,UPI-RAZORPAY SOFTWARE PVT LTD-RZP7125697460
BTXN1656110160,RZP8831137131,61716.82,2026-07-10,IMPS/RZP8831137131/RAZORPAY SETTLEMENT
BTXN8642956821,RZP2053633420,16531.22,2026-07-06,IMPS/RZP2053633420/RAZORPAY SETTLEMENT
BTXN3678669241,RZP4088047273,38870.15,2026-07-06,RTGS-RZP4088047273-RAZORPAY SOFTWARE PVT LTD
BTXN7973074025,RZP5224379868,71751.25,2026-07-10,RTGS-RZP5224379868-RAZORPAY SOFTWARE PVT LTD
BTXN2324918063,RZP5888040120,31982.75,2026-07-15,RTGS-RZP5888040120-RAZORPAY SOFTWARE PVT LTD
BTXN5197217838,RZP7885004596,16569.79,2026-07-03,SALARY CREDIT XYZ CORP
BTXN4373060563,RZP3809854155,57777.52,2026-07-03,IMPS/RZP3809854155/RAZORPAY SETTLEMENT
BTXN6396123362,RZP7083794399,28448.48,2026-07-14,RTGS-RZP7083794399-RAZORPAY SOFTWARE PVT LTD
BTXN4903399360,RZP6306726442,74814.07,2026-07-04,UPI-RAZORPAY SOFTWARE PVT LTD-RZP6306726442
BTXN3650841692,RZP6105040872,48541.27,2026-07-06,NEFT CR RAZORPAY SOFTWARE-048072
BTXN3107776697,RZP4423928325,12696.48,2026-07-08,SALARY CREDIT XYZ CORP
BTXN9201312620,RZP3311423810,10043.52,2026-07-01,AMAZON RETAIL PAYMENT
BTXN9324924667,RZP4300061959,32837.72,2026-07-08,UPI-RAZORPAY SOFTWARE PVT LTD-RZP4300061959
BTXN5834941197,RZP2982155000,29327.96,2026-07-04,UPI-RAZORPAY SOFTWARE PVT LTD-RZP2982155000
BTXN8935006089,rzp3836423251,52412.71,2026-07-05,IMPS/RZP/423251/PAYOUT
BTXN1855256552,RZP2439622619,61472.55,2026-07-13,NEFT CR-RZP2439622619-RAZORPAY
BTXN1046720722,RZP9573814,49347.93,2026-07-20,IMPS/RZP/814270/PAYOUT
BTXN7862182715,RZP9447060916,66467.16,2026-07-10,IMPS/RZP9447060916/RAZORPAY SETTLEMENT
BTXN5151523694,RZP9013930707,41316.96,2026-07-05,IMPS/RZP9013930707/RAZORPAY SETTLEMENT
BTXN8151181202,RZP5979956135,24593.42,2026-07-12,IMPS/RZP5979956135/RAZORPAY SETTLEMENT
BTXN1556586239,RZP3494129851,65994.37,2026-07-15,UPI-RAZORPAY SOFTWARE PVT LTD-RZP3494129851
BTXN5555285578,RZP3490689384,15896.78,2026-07-13,RTGS-RZP3490689384-RAZORPAY SOFTWARE PVT LTD
BTXN7061443251,RZP8049064132,43342.65,2026-07-13,NEFT CR-RZP8049064132-RAZORPAY
BTXN3922645882,RZP1100955869,2816.76,2026-07-02,NEFT CR-RZP1100955869-RAZORPAY
BTXN3629789564,RZP5181192633,51049.93,2026-07-04,RTGS-RZP5181192633-RAZORPAY SOFTWARE PVT LTD
BTXN9131652502,RZP2737693,3477.46,2026-07-09,IMPS/RZP/693881/PAYOUT
BTXN3493474199,RZP8246329019,2082.15,2026-07-08,NEFT CR-RZP8246329019-RAZORPAY
BTXN5257119015,RZP9327988892,63820.23,2026-07-09,NEFT CR-RZP9327988892-RAZORPAY
BTXN9729646692,RZP8300180,64730.38,2026-07-07,IMPS/RZP/180828/PAYOUT
BTXN6252269495,RZP8781377793,5507.41,2026-07-05,ATM WDL DEL
BTXN9930067055,RZP5304124922,59173.07,2026-07-11,UPI-RAZORPAY SOFTWARE PVT LTD-RZP5304124922
BTXN9243493543,RZP4304101042,67115.32,2026-07-07,UPI-RAZORPAY SOFTWARE PVT LTD-RZP4304101042
BTXN3215560315,RZP6673637591,42613.31,2026-07-15,NEFT CR-RZP6673637591-RAZORPAY
BTXN1252609222,RZP6225296401,19914.66,2026-07-12,NEFT CR-RZP6225296401-RAZORPAY
BTXN2951244854,RZP4167591308,8339.41,2026-07-09,NEFT CR-RZP4167591308-RAZORPAY
BTXN3492592310,RZP3320516346,54971.51,2026-07-11,UPI-RAZORPAY SOFTWARE PVT LTD-RZP3320516346
BTXN6294752013,RZP5203621868,7552.50,2026-07-10,UPI-RAZORPAY SOFTWARE PVT LTD-RZP5203621868
BTXN1241834002,RZP3097847160,50606.72,2026-07-15,IMPS/RZP3097847160/RAZORPAY SETTLEMENT
BTXN4361954408,RZP2658483646,32731.41,2026-07-04,UPI-RAZORPAY SOFTWARE PVT LTD-RZP2658483646
BTXN8336093893,RZP4974182654,73580.04,2026-07-12,RTGS-RZP4974182654-RAZORPAY SOFTWARE PVT LTD
BTXN8060506476,RZP8814095579,16820.82,2026-07-06,RTGS-RZP8814095579-RAZORPAY SOFTWARE PVT LTD
BTXN6219379792,RZP2975725720,56229.82,2026-07-10,IMPS/RZP2975725720/RAZORPAY SETTLEMENT
BTXN3852519052,RZP9166328659,9028.00,2026-07-06,RTGS-RZP9166328659-RAZORPAY SOFTWARE PVT LTD
BTXN9501020525,RZP5211821468,3784.02,2026-07-12,NETFLIX SUBSCRIPTION
BTXN2109692905,RZP9331836042,51438.85,2026-07-10,UPI-RAZORPAY SOFTWARE PVT LTD-RZP9331836042
BTXN4436557071,RZP6560517321,5249.03,2026-07-13,ZOMATO ONLINE ORDER
BTXN4019412177,RZP1422653607,40633.89,2026-07-06,NEFT CR RAZORPAY SOFTWARE-653670
BTXN1052996109,RZP6565525658,43045.66,2026-07-01,IMPS/RZP6565525658/RAZORPAY SETTLEMENT
BTXN6831174757,RZP9851189429,16605.30,2026-07-03,UPI-RAZORPAY SOFTWARE PVT LTD-RZP9851189429
BTXN4683585586,RZP1207916194,7918.32,2026-07-13,RTGS-RZP1207916194-RAZORPAY SOFTWARE PVT LTD
BTXN5791589965,rzp4064711771,18309.75,2026-07-15,UPI-RAZORPAY SETTLEMENT ORDER 711771
BTXN2697997873,RZP7413263351,11310.75,2026-07-07,SALARY CREDIT XYZ CORP
BTXN3475852032,RZP5488598449,7593.87,2026-07-10,UPI-RAZORPAY SOFTWARE PVT LTD-RZP5488598449
BTXN6981094465,RZP1059891141,66536.68,2026-07-02,UPI-RAZORPAY SOFTWARE PVT LTD-RZP1059891141
BTXN6230593697,RZP2889395973,35249.74,2026-07-06,RTGS-RZP2889395973-RAZORPAY SOFTWARE PVT LTD
BTXN5377154351,RZP6702700881,64765.49,2026-07-15,UPI-RAZORPAY SOFTWARE PVT LTD-RZP6702700881
BTXN4108943608,RZP2750015570,16291.08,2026-07-11,IMPS/RZP2750015570/RAZORPAY SETTLEMENT
BTXN7108454556,RZP2072039734,63152.24,2026-07-09,UPI-RAZORPAY SOFTWARE PVT LTD-RZP2072039734
BTXN3814082218,RZP9187119152,50341.01,2026-07-01,NEFT CR-RZP9187119152-RAZORPAY
BTXN8412566515,rzp8189425483,21556.25,2026-07-19,UPI-RAZORPAY SETTLEMENT ORDER 425483
BTXN6516345209,RZP3082410262,62898.61,2026-07-08,IMPS/RZP/410262/PAYOUT
BTXN4234448365,RZP4527419370,34206.88,2026-07-04,UPI-RAZORPAY SOFTWARE PVT LTD-RZP4527419370
BTXN3652627504,RZP3956863,50371.47,2026-07-17,IMPS/RZP/863811/PAYOUT
BTXN9306210405,RZP2227831126,67521.11,2026-07-11,RTGS-RZP2227831126-RAZORPAY SOFTWARE PVT LTD
BTXN5271100590,RZP6758628955,26158.06,2026-07-10,NEFT CR-RZP6758628955-RAZORPAY
BTXN4746123831,RZP1885113834,8016.81,2026-07-01,RTGS-RZP1885113834-RAZORPAY SOFTWARE PVT LTD
BTXN8428117183,RZP7276154318,61281.90,2026-07-11,UPI-RAZORPAY SETTLEMENT ORDER 145318
BTXN1825904244,RZP2228744350,15488.86,2026-07-03,RTGS-RZP2228744350-RAZORPAY SOFTWARE PVT LTD
BTXN5353983527,RZP8381865861,19168.29,2026-07-15,NEFT CR-RZP8381865861-RAZORPAY
BTXN8148813898,RZP6329020674,71494.13,2026-07-10,NEFT CR RAZORPAY SOFTWARE-002674
BTXN7919663293,RZP1515048668,62522.69,2026-07-02,IMPS/RZP1515048668/RAZORPAY SETTLEMENT
BTXN4616872575,RZP5496067653,35835.92,2026-07-08,UPI-RAZORPAY SOFTWARE PVT LTD-RZP5496067653
BTXN6788913862,RZP2509825605,7263.06,2026-07-14,IMPS/RZP2509825605/RAZORPAY SETTLEMENT
BTXN9782362852,RZP6509411197,60613.97,2026-07-15,NEFT CR-RZP6509411197-RAZORPAY
BTXN2572131990,RZP1734182868,17181.16,2026-07-06,IMPS/RZP1734182868/RAZORPAY SETTLEMENT
BTXN9555450885,RZP7785578957,3625.69,2026-07-12,NEFT CR-RZP7785578957-RAZORPAY
BTXN8932616339,RZP6613921,42294.91,2026-07-05,UPI-RAZORPAY SETTLEMENT ORDER 921625
BTXN5592432662,RZP7111396382,19279.31,2026-07-03,UPI-RAZORPAY SOFTWARE PVT LTD-RZP7111396382
BTXN2467549493,RZP4900941556,43165.15,2026-07-15,IMPS/RZP4900941556/RAZORPAY SETTLEMENT
BTXN4062492186,RZP7444587053,12418.03,2026-07-12,NEFT CR-RZP7444587053-RAZORPAY
BTXN1240887553,RZP2351771281,14191.94,2026-07-07,IMPS/RZP2351771281/RAZORPAY SETTLEMENT
BTXN2176973938,RZP3791857792,64112.56,2026-07-06,RTGS-RZP3791857792-RAZORPAY SOFTWARE PVT LTD
BTXN9257434215,RZP4628112055,7342.87,2026-07-08,ATM WDL CHN
BTXN6322188162,RZP4090596936,72734.35,2026-07-10,IMPS/RZP4090596936/RAZORPAY SETTLEMENT
BTXN9959316663,RZP5509294947,10760.05,2026-07-15,IMPS/RZP5509294947/RAZORPAY SETTLEMENT
BTXN2416904907,rzp2461470723,72699.80,2026-07-07,UPI-RAZORPAY SETTLEMENT ORDER 470723
BTXN7361639600,rzp6400398502,45015.23,2026-07-16,IMPS/RZP/398502/PAYOUT
BTXN8729973568,RZP5285280676,27677.72,2026-07-06,UPI-RAZORPAY SOFTWARE PVT LTD-RZP5285280676
BTXN8801824587,RZP1416942774,2883.11,2026-07-10,IRCTC TICKET BOOKING
BTXN7274884996,RZP5358071269,73344.45,2026-07-09,UPI-RAZORPAY SOFTWARE PVT LTD-RZP5358071269
BTXN2438260734,RZP9983763814,57862.27,2026-07-06,IMPS/RZP9983763814/RAZORPAY SETTLEMENT
BTXN8772119132,RZP5112020972,18728.55,2026-07-02,UPI-RAZORPAY SOFTWARE PVT LTD-RZP5112020972
BTXN3995861929,RZP8936326783,5520.74,2026-07-09,UPI-RAZORPAY SOFTWARE PVT LTD-RZP8936326783
BTXN5353654891,RZP1883793757,32127.15,2026-07-14,RTGS-RZP1883793757-RAZORPAY SOFTWARE PVT LTD
BTXN3334248722,RZP2846721961,53276.46,2026-07-15,IMPS/RZP2846721961/RAZORPAY SETTLEMENT
BTXN9724448980,RZP7764419459,70962.69,2026-07-04,RTGS-RZP7764419459-RAZORPAY SOFTWARE PVT LTD
BTXN2291067101,RZP6031997439,73294.18,2026-07-11,UPI-RAZORPAY SOFTWARE PVT LTD-RZP6031997439
BTXN9827791830,RZP8144880,46016.98,2026-07-20,IMPS/RZP/880989/PAYOUT
BTXN4750445064,RZP4663992245,44753.38,2026-07-08,UPI-RAZORPAY SOFTWARE PVT LTD-RZP4663992245
BTXN2565495590,RZP3293289689,66011.33,2026-07-02,RTGS-RZP3293289689-RAZORPAY SOFTWARE PVT LTD
BTXN8315328997,RZP2661678777,14118.45,2026-07-05,UPI-RAZORPAY SOFTWARE PVT LTD-RZP2661678777
BTXN6284299021,RZP2829174805,18788.51,2026-07-07,IRCTC TICKET BOOKING
BTXN6792638620,RZP8249826023,46196.68,2026-07-11,NEFT CR-RZP8249826023-RAZORPAY
BTXN7197529881,RZP6185250236,29247.83,2026-07-14,NEFT CR-RZP6185250236-RAZORPAY
BTXN5202018300,RZP7165955648,61222.03,2026-07-03,RTGS-RZP7165955648-RAZORPAY SOFTWARE PVT LTD
BTXN4713368213,RZP2977184333,65851.28,2026-07-04,IMPS/RZP2977184333/RAZORPAY SETTLEMENT
BTXN3401534295,RZP7502348893,65712.21,2026-07-14,IMPS/RZP7502348893/RAZORPAY SETTLEMENT
BTXN7181925281,RZP8001654967,19252.75,2026-07-12,IRCTC TICKET BOOKING
BTXN4182993890,RZP1971346718,8336.68,2026-07-01,RTGS-RZP1971346718-RAZORPAY SOFTWARE PVT LTD
BTXN3563247532,RZP5466712681,74076.69,2026-07-07,IMPS/RZP5466712681/RAZORPAY SETTLEMENT
BTXN5878096289,RZP2990636931,10488.93,2026-07-02,UPI-RAZORPAY SOFTWARE PVT LTD-RZP2990636931
BTXN5960100034,RZP4799971222,11510.85,2026-07-14,RTGS-RZP4799971222-RAZORPAY SOFTWARE PVT LTD
BTXN3402196300,RZP8865323140,29144.48,2026-07-05,NEFT CR RAZORPAY SOFTWARE-323104
BTXN8952885259,RZP9765478317,58733.22,2026-07-14,IMPS/RZP/487317/PAYOUT
BTXN8965627556,RZP2449047673,45468.85,2026-07-08,UPI-RAZORPAY SOFTWARE PVT LTD-RZP2449047673
BTXN9290493116,RZP2247605637,18180.87,2026-07-06,UPI-RAZORPAY SOFTWARE PVT LTD-RZP2247605637
BTXN4959271680,RZP9777873312,1558.73,2026-07-03,IMPS/RZP9777873312/RAZORPAY SETTLEMENT
BTXN7363037530,RZP3056581178,18784.76,2026-07-11,SALARY CREDIT XYZ CORP
BTXN1534995217,RZP1688894653,43057.40,2026-07-10,IMPS/RZP1688894653/RAZORPAY SETTLEMENT
BTXN2066419432,RZP7917008472,19764.86,2026-07-14,RTGS-RZP7917008472-RAZORPAY SOFTWARE PVT LTD
BTXN1077326106,RZ5P066537853,47061.45,2026-07-17,IMPS/RZP/537853/PAYOUT
BTXN1614123358,RZP2906040646,4707.04,2026-07-12,SALARY CREDIT XYZ CORP
BTXN6857594325,RPZ9942254329,73108.61,2026-07-10,IMPS/RZP/254329/PAYOUT
BTXN5728897164,RZP4939447721,58190.30,2026-07-14,IMPS/RZP4939447721/RAZORPAY SETTLEMENT
BTXN6100959462,RZP9359039660,67303.84,2026-07-05,IMPS/RZP9359039660/RAZORPAY SETTLEMENT
BTXN8180101072,RZP5602675870,58369.51,2026-07-06,UPI-RAZORPAY SOFTWARE PVT LTD-RZP5602675870
BTXN5092187695,RZP8236625158,5914.62,2026-07-12,NEFT CR-RZP8236625158-RAZORPAY
BTXN3956147725,RZP5371030248,28065.63,2026-07-04,NEFT CR-RZP5371030248-RAZORPAY
BTXN6236751117,RZP8656135818,26415.09,2026-07-01,NEFT CR-RZP8656135818-RAZORPAY
BTXN6381757026,RZP7901043576,2997.85,2026-07-05,RTGS-RZP7901043576-RAZORPAY SOFTWARE PVT LTD
BTXN8323617436,RZP9855977906,14161.88,2026-07-13,ELECTRICITY BILL AUTOPAY
BTXN2260326267,RZP3713284816,60956.58,2026-07-02,RTGS-RZP3713284816-RAZORPAY SOFTWARE PVT LTD
BTXN5153100561,RZP7652464007,56952.48,2026-07-12,RTGS-RZP7652464007-RAZORPAY SOFTWARE PVT LTD
BTXN1237469684,RZP3632461954,66585.55,2026-07-12,IMPS/RZP3632461954/RAZORPAY SETTLEMENT
BTXN7471005304,RZP2265283951,14709.04,2026-07-13,AMAZON RETAIL PAYMENT
BTXN2566970265,RZP6575034635,73285.28,2026-07-04,RTGS-RZP6575034635-RAZORPAY SOFTWARE PVT LTD
BTXN5415030442,RZP6180838159,55114.17,2026-07-09,UPI-RAZORPAY SOFTWARE PVT LTD-RZP6180838159
BTXN3264887086,RZP8724577798,18574.96,2026-07-13,NETFLIX SUBSCRIPTION
BTXN8545986937,RZP4598610448,33573.37,2026-07-13,UPI-RAZORPAY SOFTWARE PVT LTD-RZP4598610448
BTXN6091850539,RZP8865799440,45696.08,2026-07-11,UPI-RAZORPAY SOFTWARE PVT LTD-RZP8865799440
BTXN1173215225,RZP7285025763,64009.92,2026-07-02,NEFT CR-RZP7285025763-RAZORPAY
BTXN4009005033,RZP3687977202,51963.20,2026-07-15,NEFT CR-RZP3687977202-RAZORPAY
BTXN7587854018,RZP1962052682,3352.98,2026-07-11,AMAZON RETAIL PAYMENT
BTXN5432619159,RZP6289678427,18919.90,2026-07-13,UPI-RAZORPAY SOFTWARE PVT LTD-RZP6289678427
BTXN4102872611,RZP8924383984,7928.52,2026-07-15,RTGS-RZP8924383984-RAZORPAY SOFTWARE PVT LTD
BTXN7232646959,RZP3508098662,35161.36,2026-07-10,IMPS/RZP3508098662/RAZORPAY SETTLEMENT
BTXN9716177129,RZP9384504944,68180.27,2026-07-14,RTGS-RZP9384504944-RAZORPAY SOFTWARE PVT LTD
BTXN3826817688,RZP4956260090,8170.23,2026-07-11,IMPS/RZP4956260090/RAZORPAY SETTLEMENT
BTXN3854557115,RZP2150869943,38240.29,2026-07-03,RTGS-RZP2150869943-RAZORPAY SOFTWARE PVT LTD
BTXN2459402467,RZP7293928239,12554.64,2026-07-09,AMAZON RETAIL PAYMENT
BTXN8542826729,RZP7704266577,53861.79,2026-07-15,UPI-RAZORPAY SOFTWARE PVT LTD-RZP7704266577
BTXN2962601437,RZP2782960617,16169.40,2026-07-02,IMPS/RZP2782960617/RAZORPAY SETTLEMENT
BTXN7818258958,RZP4169790997,16776.05,2026-07-02,UPI-RAZORPAY SOFTWARE PVT LTD-RZP4169790997
BTXN2166077574,RZP4133117511,65039.26,2026-07-08,NEFT CR-RZP4133117511-RAZORPAY
BTXN6173310008,RZP8708304387,15764.14,2026-07-12,NEFT CR-RZP8708304387-RAZORPAY
BTXN1952038596,RZP7120264303,26678.56,2026-07-14,UPI-RAZORPAY SOFTWARE PVT LTD-RZP7120264303
BTXN4753285114,RZP7990426116,70065.99,2026-07-05,IMPS/RZP7990426116/RAZORPAY SETTLEMENT
BTXN9705476853,RZP6602480261,61161.81,2026-07-02,IMPS/RZP6602480261/RAZORPAY SETTLEMENT
BTXN3368536195,RZP3663727197,24391.71,2026-07-02,RTGS-RZP3663727197-RAZORPAY SOFTWARE PVT LTD
BTXN1975146463,RZP9580083,26824.04,2026-07-09,UPI-RAZORPAY SETTLEMENT ORDER 083905
BTXN5290993410,RZP8712223452,1558.33,2026-07-08,IMPS/RZP8712223452/RAZORPAY SETTLEMENT
BTXN5059743851,RZP6319880399,14067.86,2026-07-02,NEFT CR-RZP6319880399-RAZORPAY
BTXN7299104049,RZP3510628962,62801.95,2026-07-02,NEFT CR-RZP3510628962-RAZORPAY
BTXN4798477983,RZP8225741241,6367.09,2026-07-11,UPI-RAZORPAY SOFTWARE PVT LTD-RZP8225741241
BTXN4169656068,RZP3989415,45351.07,2026-07-13,NEFT CR RAZORPAY SOFTWARE-415429
BTXN5235279131,RZP1129589853,18318.74,2026-07-04,NEFT CR-RZP1129589853-RAZORPAY
BTXN6175318411,RZP9584811571,34864.34,2026-07-16,UPI-RAZORPAY SOFTWARE PVT LTD-RZP9584811571
BTXN6519037687,RZP4384262125,22732.87,2026-07-08,NEFT CR RAZORPAY SOFTWARE-262215
BTXN8235789763,RZP3022124843,9208.68,2026-07-10,IRCTC TICKET BOOKING
BTXN2502389235,RZP2043998107,20687.44,2026-07-01,UPI-RAZORPAY SOFTWARE PVT LTD-RZP2043998107
BTXN2199667422,RZP9961153645,16151.54,2026-07-03,RTGS-RZP9961153645-RAZORPAY SOFTWARE PVT LTD
BTXN8837629299,RZP5116474616,62461.43,2026-07-08,RTGS-RZP5116474616-RAZORPAY SOFTWARE PVT LTD
BTXN1678266085,RZP8258211902,37374.05,2026-07-01,NEFT CR-RZP8258211902-RAZORPAY
BTXN2885456492,RZP4026831092,6288.32,2026-07-04,AMAZON RETAIL PAYMENT
BTXN1201361667,RZP4877263913,18130.31,2026-07-11,UPI-RAZORPAY SETTLEMENT ORDER 263193
BTXN5175059577,RZP4358766064,40546.40,2026-07-07,RTGS-RZP4358766064-RAZORPAY SOFTWARE PVT LTD
BTXN2362961825,RZP9719968606,20650.29,2026-07-12,RTGS-RZP9719968606-RAZORPAY SOFTWARE PVT LTD
BTXN2834877455,RZP1372227306,7184.96,2026-07-15,NEFT CR-RZP1372227306-RAZORPAY
BTXN3753434400,RZP6972224708,70323.31,2026-07-07,UPI-RAZORPAY SOFTWARE PVT LTD-RZP6972224708
BTXN9371875141,RZP2287148777,1743.82,2026-07-11,UPI-RAZORPAY SOFTWARE PVT LTD-RZP2287148777
BTXN9439172587,RZP2268547765,28208.46,2026-07-14,RTGS-RZP2268547765-RAZORPAY SOFTWARE PVT LTD
BTXN3192202822,RZP6866146362,17136.35,2026-07-13,IMPS/RZP6866146362/RAZORPAY SETTLEMENT
BTXN6508136828,RZP5771414558,69576.33,2026-07-02,UPI-RAZORPAY SOFTWARE PVT LTD-RZP5771414558
BTXN3654432914,RZP3457537178,53267.87,2026-07-08,NEFT CR-RZP3457537178-RAZORPAY
BTXN7418095476,RZP3707395289,7010.15,2026-07-05,RTGS-RZP3707395289-RAZORPAY SOFTWARE PVT LTD
BTXN8762999888,RZP2947806,11313.12,2026-07-13,NEFT CR RAZORPAY SOFTWARE-806806
BTXN3236520365,RZP6288864776,44806.35,2026-07-16,UPI-RAZORPAY SETTLEMENT ORDER 864767
BTXN5061247194,RZP5441387428,4856.48,2026-07-15,NEFT CR-RZP5441387428-RAZORPAY
BTXN5779051288,RZP1229795618,45634.88,2026-07-12,UPI-RAZORPAY SOFTWARE PVT LTD-RZP1229795618
BTXN7973806904,RZP2121730357,2875.44,2026-07-09,ATM WDL MUM
BTXN5780242230,RZP1702440934,27373.38,2026-07-05,NEFT CR-RZP1702440934-RAZORPAY
BTXN8230106415,RZP1243115672,20389.88,2026-07-13,NEFT CR-RZP1243115672-RAZORPAY
BTXN4356714421,RZP9605572957,7753.01,2026-07-11,AMAZON RETAIL PAYMENT
BTXN9434743977,RZP7330734943,2125.35,2026-07-03,NEFT CR-RZP7330734943-RAZORPAY
BTXN1165055708,RZP3294688377,46584.67,2026-07-03,IMPS/RZP3294688377/RAZORPAY SETTLEMENT
BTXN4674254156,RZP3526147677,56075.02,2026-07-03,IMPS/RZP3526147677/RAZORPAY SETTLEMENT
BTXN6043620114,RZP7589274763,16076.16,2026-07-10,UPI-RAZORPAY SOFTWARE PVT LTD-RZP7589274763
BTXN5390189552,RZP2725314932,67872.45,2026-07-06,IMPS/RZP2725314932/RAZORPAY SETTLEMENT
BTXN3984241387,RZ7P337742464,3091.70,2026-07-17,IMPS/RZP/742464/PAYOUT
BTXN3584455732,RZP9549047243,8980.40,2026-07-11,RTGS-RZP9549047243-RAZORPAY SOFTWARE PVT LTD
BTXN3863923625,RZP4968191361,29512.55,2026-07-01,UPI-RAZORPAY SOFTWARE PVT LTD-RZP4968191361
BTXN3573578126,RZP4968253584,55826.73,2026-07-05,RTGS-RZP4968253584-RAZORPAY SOFTWARE PVT LTD
BTXN3307246477,RZP6933150768,64126.14,2026-07-13,IMPS/RZP6933150768/RAZORPAY SETTLEMENT
BTXN7103615364,RZP7025526399,3767.36,2026-07-01,NETFLIX SUBSCRIPTION
BTXN3931550847,rzp9815020270,45178.68,2026-07-19,NEFT CR RAZORPAY SOFTWARE-020270
BTXN4912830079,RZP2746924840,15025.95,2026-07-01,UPI-RAZORPAY SOFTWARE PVT LTD-RZP2746924840
BTXN4540617141,RZP1278014046,68209.75,2026-07-10,IMPS/RZP1278014046/RAZORPAY SETTLEMENT
BTXN6561532605,RZP1776530267,45869.64,2026-07-06,NEFT CR-RZP1776530267-RAZORPAY
BTXN8724235153,RZP2312338644,50759.69,2026-07-01,IMPS/RZP2312338644/RAZORPAY SETTLEMENT
BTXN1359005798,RZP9746166702,60053.57,2026-07-04,UPI-RAZORPAY SOFTWARE PVT LTD-RZP9746166702
BTXN4577077762,RZP9932842959,19361.67,2026-07-08,ELECTRICITY BILL AUTOPAY
BTXN8556682588,RZP5646920276,17960.62,2026-07-10,NEFT CR-RZP5646920276-RAZORPAY
BTXN9745881238,RZP5732836,58308.95,2026-07-07,NEFT CR RAZORPAY SOFTWARE-836516
BTXN2043793884,RZP4087070528,16460.67,2026-07-12,IMPS/RZP4087070528/RAZORPAY SETTLEMENT
BTXN5165900357,RZP7369939526,42297.34,2026-07-14,IMPS/RZP7369939526/RAZORPAY SETTLEMENT
BTXN2315846308,RZP3655551211,6569.69,2026-07-09,NETFLIX SUBSCRIPTION
BTXN6021760795,RZP5601198300,3155.18,2026-07-03,ELECTRICITY BILL AUTOPAY
BTXN1984438848,RZP1857561275,55289.47,2026-07-14,IMPS/RZP1857561275/RAZORPAY SETTLEMENT
BTXN9721479279,RZP2673039147,32974.11,2026-07-05,RTGS-RZP2673039147-RAZORPAY SOFTWARE PVT LTD
BTXN5400781301,RZP8885327450,28823.55,2026-07-01,NEFT CR-RZP8885327450-RAZORPAY
BTXN9942611912,RZP4595443809,49896.86,2026-07-07,RTGS-RZP4595443809-RAZORPAY SOFTWARE PVT LTD
BTXN1517459082,RZP7545029775,65116.51,2026-07-15,UPI-RAZORPAY SOFTWARE PVT LTD-RZP7545029775
BTXN1579979411,RZP3395324414,19444.64,2026-07-09,RTGS-RZP3395324414-RAZORPAY SOFTWARE PVT LTD
BTXN6940226850,RZP4756260967,40040.05,2026-07-13,RTGS-RZP4756260967-RAZORPAY SOFTWARE PVT LTD
BTXN3483375742,RZP2087303699,49619.80,2026-07-03,RTGS-RZP2087303699-RAZORPAY SOFTWARE PVT LTD
BTXN3270353915,RZP4351119302,26024.39,2026-07-04,RTGS-RZP4351119302-RAZORPAY SOFTWARE PVT LTD
BTXN9728573897,RZP3897956226,8241.23,2026-07-12,RTGS-RZP3897956226-RAZORPAY SOFTWARE PVT LTD
BTXN7251768606,RZP6541221810,59873.58,2026-07-12,RTGS-RZP6541221810-RAZORPAY SOFTWARE PVT LTD
BTXN6187180392,RZP3813268197,7622.63,2026-07-11,UPI-RAZORPAY SOFTWARE PVT LTD-RZP3813268197
BTXN5292879600,rzp4871225004,54415.04,2026-07-19,NEFT CR RAZORPAY SOFTWARE-225004
BTXN8725950616,RZP9516302962,10624.87,2026-07-05,RTGS-RZP9516302962-RAZORPAY SOFTWARE PVT LTD
BTXN8461373338,RZP1387615589,45186.69,2026-07-13,IMPS/RZP1387615589/RAZORPAY SETTLEMENT
BTXN7491240668,RZP7072304689,18621.08,2026-07-07,UPI-RAZORPAY SOFTWARE PVT LTD-RZP7072304689
BTXN2486256264,RZP8625962975,7152.76,2026-07-05,UPI-RAZORPAY SOFTWARE PVT LTD-RZP8625962975
BTXN2384023363,RZP4193531209,28001.47,2026-07-06,UPI-RAZORPAY SOFTWARE PVT LTD-RZP4193531209
BTXN3162277965,RZP5700774530,49733.72,2026-07-10,IMPS/RZP5700774530/RAZORPAY SETTLEMENT
BTXN5068157156,RZP9732296953,8955.90,2026-07-04,RTGS-RZP9732296953-RAZORPAY SOFTWARE PVT LTD
BTXN7481221765,RZP9531919269,9394.21,2026-07-08,UPI-RAZORPAY SOFTWARE PVT LTD-RZP9531919269
BTXN5935112482,RZP7584042978,36260.78,2026-07-09,NEFT CR-RZP7584042978-RAZORPAY
BTXN7158510019,RZP3019524592,15547.55,2026-07-06,UPI-RAZORPAY SOFTWARE PVT LTD-RZP3019524592
BTXN1069937700,RZP7940314306,42397.67,2026-07-06,NEFT CR-RZP7940314306-RAZORPAY
BTXN4786068663,RZP6687332279,11263.19,2026-07-08,SALARY CREDIT XYZ CORP
BTXN2785153583,RZP9258307295,5025.18,2026-07-05,AMAZON RETAIL PAYMENT
BTXN3093419287,RZP5730209740,37157.44,2026-07-02,NEFT CR-RZP5730209740-RAZORPAY
BTXN2191194249,RZP2967947250,45339.82,2026-07-10,IMPS/RZP2967947250/RAZORPAY SETTLEMENT
BTXN6572290176,RZP7760789728,9055.92,2026-07-13,NETFLIX SUBSCRIPTION
BTXN6783560662,RZP4755890043,58741.28,2026-07-01,NEFT CR-RZP4755890043-RAZORPAY
BTXN9210323216,RZP8389326831,48710.55,2026-07-06,RTGS-RZP8389326831-RAZORPAY SOFTWARE PVT LTD
BTXN4385657806,RZP5469925214,12880.77,2026-07-01,SWIGGY ORDER PAYMENT
BTXN2452804067,RZP5339143600,49126.35,2026-07-07,NEFT CR-RZP5339143600-RAZORPAY
BTXN2117979493,RZP9311993348,42798.55,2026-07-15,NEFT CR-RZP9311993348-RAZORPAY
BTXN1243155382,RZP5212057345,66350.81,2026-07-04,RTGS-RZP5212057345-RAZORPAY SOFTWARE PVT LTD
BTXN9541747466,RZP1642599896,2289.21,2026-07-12,ATM WDL MUM
BTXN5510773349,RZP6724077534,10894.43,2026-07-03,ZOMATO ONLINE ORDER
BTXN8054419522,rzp6179168879,73165.55,2026-07-13,UPI-RAZORPAY SETTLEMENT ORDER 168879
BTXN2370732671,RZP7632280769,71891.89,2026-07-14,UPI-RAZORPAY SETTLEMENT ORDER 280769
BTXN5354202248,RZP6151937341,47569.79,2026-07-11,UPI-RAZORPAY SOFTWARE PVT LTD-RZP6151937341
BTXN2040451458,RZP8785532495,56416.04,2026-07-04,IMPS/RZP8785532495/RAZORPAY SETTLEMENT
BTXN8933377472,RZP2668247132,19497.18,2026-07-06,UPI-RAZORPAY SOFTWARE PVT LTD-RZP2668247132
BTXN9948523764,RZP7188307752,38679.70,2026-07-10,IMPS/RZP7188307752/RAZORPAY SETTLEMENT
BTXN1990316844,RZP6649481727,54818.02,2026-07-11,IMPS/RZP6649481727/RAZORPAY SETTLEMENT
BTXN9585583837,RZP1831314297,9306.43,2026-07-08,UPI-RAZORPAY SOFTWARE PVT LTD-RZP1831314297
BTXN2676506254,RZP9322260188,39719.99,2026-07-07,UPI-RAZORPAY SOFTWARE PVT LTD-RZP9322260188
BTXN6494712284,RZP1942215115,60472.62,2026-07-12,RTGS-RZP1942215115-RAZORPAY SOFTWARE PVT LTD
BTXN8465852991,RZP3921527895,48814.21,2026-07-12,RTGS-RZP3921527895-RAZORPAY SOFTWARE PVT LTD
BTXN4014312032,RZP1154642818,17598.20,2026-07-08,UPI-RAZORPAY SOFTWARE PVT LTD-RZP1154642818
BTXN4033968174,RZP2651733614,3466.82,2026-07-13,UPI-RAZORPAY SOFTWARE PVT LTD-RZP2651733614
BTXN3401599398,RZP7525249174,7353.48,2026-07-08,ZOMATO ONLINE ORDER
BTXN1047980874,RZP5439391709,19649.42,2026-07-07,RTGS-RZP5439391709-RAZORPAY SOFTWARE PVT LTD
BTXN7862124607,RZP9950008638,62503.23,2026-07-04,UPI-RAZORPAY SOFTWARE PVT LTD-RZP9950008638
BTXN4968070904,rzp7017930628,66038.19,2026-07-10,NEFT CR RAZORPAY SOFTWARE-930628
BTXN6580028443,RZP4164784001,34259.46,2026-07-04,NEFT CR-RZP4164784001-RAZORPAY
BTXN8122794462,RZP8999696128,33996.11,2026-07-14,IMPS/RZP8999696128/RAZORPAY SETTLEMENT
BTXN1847810424,RZP1313766891,36133.28,2026-07-08,UPI-RAZORPAY SOFTWARE PVT LTD-RZP1313766891
BTXN6411200009,RZP8610883,10516.79,2026-07-18,UPI-RAZORPAY SETTLEMENT ORDER 883908
BTXN8211011174,RZP6124223609,52194.85,2026-07-05,NEFT CR-RZP6124223609-RAZORPAY
BTXN2157960161,RZP6125954569,69187.90,2026-07-03,UPI-RAZORPAY SOFTWARE PVT LTD-RZP6125954569
BTXN6127693737,RZP3440584995,61767.15,2026-07-10,UPI-RAZORPAY SOFTWARE PVT LTD-RZP3440584995
BTXN2233696949,rzp2863273706,47809.88,2026-07-06,NEFT CR RAZORPAY SOFTWARE-273706
BTXN8648224996,RZP9894264989,8366.83,2026-07-09,NEFT CR-RZP9894264989-RAZORPAY
BTXN2751677446,ZRP8674577583,3874.01,2026-07-16,NEFT CR RAZORPAY SOFTWARE-577583
BTXN6880628953,RZP1340843799,17058.38,2026-07-05,RTGS-RZP1340843799-RAZORPAY SOFTWARE PVT LTD
BTXN8705403082,RZP2453176190,27744.17,2026-07-04,RTGS-RZP2453176190-RAZORPAY SOFTWARE PVT LTD
BTXN2538579934,RZP8072646787,40353.08,2026-07-10,UPI-RAZORPAY SOFTWARE PVT LTD-RZP8072646787
BTXN9195770563,RZP9999156586,4877.05,2026-07-06,NEFT CR-RZP9999156586-RAZORPAY
BTXN9441977143,RZP6945778554,49832.88,2026-07-05,NEFT CR-RZP6945778554-RAZORPAY
BTXN1714264944,RZP5288799631,1251.03,2026-07-03,UPI-RAZORPAY SOFTWARE PVT LTD-RZP5288799631
BTXN9338621433,RZP7110305796,18827.13,2026-07-03,NEFT CR-RZP7110305796-RAZORPAY
BTXN5858839243,RZP5812948894,37067.96,2026-07-07,IMPS/RZP5812948894/RAZORPAY SETTLEMENT
BTXN2861726621,RZ9P184731961,21526.85,2026-07-12,IMPS/RZP/731961/PAYOUT
BTXN8849433794,RZP8906828807,32758.97,2026-07-07,IMPS/RZP8906828807/RAZORPAY SETTLEMENT
BTXN8571211387,RZP1647008550,9069.15,2026-07-05,IMPS/RZP1647008550/RAZORPAY SETTLEMENT
BTXN5140999181,RZP2302227871,41708.66,2026-07-03,NEFT CR-RZP2302227871-RAZORPAY
BTXN6948326754,rzp9768148395,31239.72,2026-07-08,NEFT CR RAZORPAY SOFTWARE-148395
BTXN5137728353,RZP2138143901,68343.70,2026-07-04,RTGS-RZP2138143901-RAZORPAY SOFTWARE PVT LTD
BTXN6939036170,RZP8993998614,64993.13,2026-07-04,RTGS-RZP8993998614-RAZORPAY SOFTWARE PVT LTD
BTXN2636408399,RZP7169800429,16627.63,2026-07-03,NEFT CR-RZP7169800429-RAZORPAY
BTXN3054177590,RZP9872691513,44509.54,2026-07-05,RTGS-RZP9872691513-RAZORPAY SOFTWARE PVT LTD
BTXN8913232569,RZP6248323936,11626.79,2026-07-07,SALARY CREDIT XYZ CORP
BTXN4514004515,RZP1723960319,8489.21,2026-07-07,RTGS-RZP1723960319-RAZORPAY SOFTWARE PVT LTD
BTXN3290591621,RZP1381341282,13838.43,2026-07-08,RTGS-RZP1381341282-RAZORPAY SOFTWARE PVT LTD
BTXN4821517495,RZP1707242348,11092.62,2026-07-03,RTGS-RZP1707242348-RAZORPAY SOFTWARE PVT LTD
BTXN4632696804,RZP4063645073,53070.15,2026-07-03,NEFT CR-RZP4063645073-RAZORPAY
BTXN4399139788,RZP4086151465,4452.67,2026-07-11,IRCTC TICKET BOOKING
BTXN9006404075,RZP8496676691,51186.54,2026-07-06,IMPS/RZP8496676691/RAZORPAY SETTLEMENT
BTXN3952295757,RZP1140187131,21963.81,2026-07-05,RTGS-RZP1140187131-RAZORPAY SOFTWARE PVT LTD
BTXN6622863489,RZP7073973467,71127.90,2026-07-12,IMPS/RZP7073973467/RAZORPAY SETTLEMENT
BTXN7179086991,RZP5663801308,63512.22,2026-07-07,RTGS-RZP5663801308-RAZORPAY SOFTWARE PVT LTD
BTXN5444956794,RZP8677089628,57758.20,2026-07-01,UPI-RAZORPAY SOFTWARE PVT LTD-RZP8677089628
BTXN3350857467,RZP1028758113,18032.20,2026-07-15,NEFT CR-RZP1028758113-RAZORPAY
BTXN2734630793,RZP8008540334,10413.68,2026-07-11,RTGS-RZP8008540334-RAZORPAY SOFTWARE PVT LTD
BTXN3178638879,RZP3959742528,32184.25,2026-07-06,NEFT CR RAZORPAY SOFTWARE-942528
BTXN1584511650,RZP4272659618,48282.27,2026-07-03,RTGS-RZP4272659618-RAZORPAY SOFTWARE PVT LTD
BTXN6937472249,RZP3234611748,47127.40,2026-07-11,RTGS-RZP3234611748-RAZORPAY SOFTWARE PVT LTD
BTXN6214434351,RZP2872567668,37522.90,2026-07-14,UPI-RAZORPAY SOFTWARE PVT LTD-RZP2872567668
BTXN5928479752,RZP4655285199,19236.03,2026-07-05,IRCTC TICKET BOOKING
BTXN8797858241,RZP5367559533,62729.93,2026-07-07,NEFT CR-RZP5367559533-RAZORPAY
BTXN9769211778,RZP5247407451,10904.51,2026-07-09,SALARY CREDIT XYZ CORP
BTXN8386370005,RZP6484751136,40407.55,2026-07-03,NEFT CR-RZP6484751136-RAZORPAY
BTXN6136189693,RZP8510416166,64529.13,2026-07-14,UPI-RAZORPAY SOFTWARE PVT LTD-RZP8510416166
BTXN3409440283,RZP4013326500,16557.43,2026-07-13,IRCTC TICKET BOOKING
BTXN4609261113,RZP5631337741,20535.29,2026-07-16,RTGS-RZP5631337741-RAZORPAY SOFTWARE PVT LTD
BTXN8509968973,rzp9096783199,19979.55,2026-07-13,UPI-RAZORPAY SETTLEMENT ORDER 783199
BTXN3887995958,RZP8240826537,2036.35,2026-07-10,AMAZON RETAIL PAYMENT
BTXN8199751617,RZP1070988942,50238.05,2026-07-12,NEFT CR-RZP1070988942-RAZORPAY
BTXN1732107197,RZP2448679689,6054.62,2026-07-11,UPI-RAZORPAY SOFTWARE PVT LTD-RZP2448679689
BTXN7399212842,RZP4060031897,3461.55,2026-07-15,IMPS/RZP4060031897/RAZORPAY SETTLEMENT
BTXN5005600282,RZP3418778312,61344.95,2026-07-11,NEFT CR-RZP3418778312-RAZORPAY
BTXN3026690440,RZP1995585447,23386.43,2026-07-05,IMPS/RZP1995585447/RAZORPAY SETTLEMENT
BTXN7660157097,RZP9738752801,46628.65,2026-07-04,IMPS/RZP9738752801/RAZORPAY SETTLEMENT
BTXN3521050395,RZP2070168808,2501.36,2026-07-13,IMPS/RZP2070168808/RAZORPAY SETTLEMENT
BTXN4074403573,RZP2381232714,74359.18,2026-07-16,RTGS-RZP2381232714-RAZORPAY SOFTWARE PVT LTD
BTXN9776714049,RZP4283496403,9807.66,2026-07-11,IMPS/RZP4283496403/RAZORPAY SETTLEMENT
BTXN3100724819,RZP3164240104,25592.58,2026-07-09,NEFT CR-RZP3164240104-RAZORPAY
BTXN1133747952,RZP5071218314,6090.57,2026-07-11,RTGS-RZP5071218314-RAZORPAY SOFTWARE PVT LTD
BTXN5793796296,rzp1459800041,62960.05,2026-07-14,IMPS/RZP/800041/PAYOUT
BTXN2427195224,RZP5848575020,71871.38,2026-07-15,UPI-RAZORPAY SOFTWARE PVT LTD-RZP5848575020
BTXN3197917027,RZP3245624960,14642.28,2026-07-05,RTGS-RZP3245624960-RAZORPAY SOFTWARE PVT LTD
BTXN1180232446,RZP1363080786,73459.82,2026-07-02,RTGS-RZP1363080786-RAZORPAY SOFTWARE PVT LTD
BTXN7485728824,RZP3994452858,58059.23,2026-07-10,NEFT CR-RZP3994452858-RAZORPAY
BTXN5927907229,RZP5736197,49926.80,2026-07-17,NEFT CR RAZORPAY SOFTWARE-197251
BTXN1946915241,RZP6497978653,3265.80,2026-07-01,RTGS-RZP6497978653-RAZORPAY SOFTWARE PVT LTD
BTXN6406601734,RZP1046253593,53517.25,2026-07-07,NEFT CR-RZP1046253593-RAZORPAY
BTXN8830610301,RZP5013062529,60984.06,2026-07-15,IMPS/RZP5013062529/RAZORPAY SETTLEMENT
BTXN1118632377,RZP6773560949,12329.50,2026-07-14,UPI-RAZORPAY SOFTWARE PVT LTD-RZP6773560949
BTXN3283634383,RZP2401696707,2138.38,2026-07-03,NEFT CR-RZP2401696707-RAZORPAY
BTXN6893899132,RZP1547156288,3282.95,2026-07-04,IMPS/RZP1547156288/RAZORPAY SETTLEMENT
BTXN9878158466,RZP4233233395,1458.57,2026-07-04,UPI-RAZORPAY SOFTWARE PVT LTD-RZP4233233395
BTXN6043711383,RZP9131540912,45468.75,2026-07-14,RTGS-RZP9131540912-RAZORPAY SOFTWARE PVT LTD
BTXN5656119223,RZP4778128150,22125.84,2026-07-14,UPI-RAZORPAY SOFTWARE PVT LTD-RZP4778128150
BTXN7361059140,RZP4160758,15407.51,2026-07-06,IMPS/RZP/758458/PAYOUT
BTXN2632399901,RZP9558091177,37049.96,2026-07-06,RTGS-RZP9558091177-RAZORPAY SOFTWARE PVT LTD
BTXN1264087533,RZP8672055970,1298.94,2026-07-12,IMPS/RZP8672055970/RAZORPAY SETTLEMENT
BTXN3953779435,rzp6362001299,15310.46,2026-07-16,NEFT CR RAZORPAY SOFTWARE-001299
BTXN7402979400,RZP8382485264,42946.65,2026-07-15,UPI-RAZORPAY SOFTWARE PVT LTD-RZP8382485264
BTXN9356839762,RZP5855535478,12219.86,2026-07-15,IMPS/RZP5855535478/RAZORPAY SETTLEMENT
BTXN5168801310,RZP8983711587,8640.58,2026-07-02,RTGS-RZP8983711587-RAZORPAY SOFTWARE PVT LTD
BTXN3657107341,rzp4042699861,32312.73,2026-07-11,NEFT CR RAZORPAY SOFTWARE-699861
BTXN9525443717,RZP5553795638,4111.96,2026-07-02,UPI-RAZORPAY SOFTWARE PVT LTD-RZP5553795638
BTXN3311784874,RZP1478805564,43847.59,2026-07-15,IMPS/RZP1478805564/RAZORPAY SETTLEMENT
BTXN6980369649,RZP9100917981,13392.92,2026-07-07,NEFT CR-RZP9100917981-RAZORPAY
BTXN8372615337,RZP7179426894,39975.68,2026-07-08,UPI-RAZORPAY SOFTWARE PVT LTD-RZP7179426894
BTXN6553906741,RZP3924081390,18150.65,2026-07-02,ELECTRICITY BILL AUTOPAY
BTXN9002309924,rzp9373764519,47348.30,2026-07-16,UPI-RAZORPAY SETTLEMENT ORDER 764519
BTXN1407743252,RZP4262614859,30771.57,2026-07-12,IMPS/RZP4262614859/RAZORPAY SETTLEMENT
BTXN2027636960,RZP1683159457,57325.92,2026-07-14,IMPS/RZP1683159457/RAZORPAY SETTLEMENT
BTXN5895931974,RZP8563505857,12084.89,2026-07-15,SALARY CREDIT XYZ CORP
BTXN2491615230,RZP3149216465,16643.04,2026-07-05,SWIGGY ORDER PAYMENT
BTXN7784286788,RZP3376861895,67664.49,2026-07-05,RTGS-RZP3376861895-RAZORPAY SOFTWARE PVT LTD
BTXN3123961937,RZP7093841668,69597.15,2026-07-09,NEFT CR-RZP7093841668-RAZORPAY
BTXN7890770513,RZP3458675898,61610.95,2026-07-11,UPI-RAZORPAY SOFTWARE PVT LTD-RZP3458675898
BTXN8115232441,RZP5948471590,13987.77,2026-07-13,RTGS-RZP5948471590-RAZORPAY SOFTWARE PVT LTD
BTXN9525563495,RZP3155252343,46248.98,2026-07-15,RTGS-RZP3155252343-RAZORPAY SOFTWARE PVT LTD
BTXN9807387150,RZP7889282485,17029.20,2026-07-02,IRCTC TICKET BOOKING
BTXN9220053705,RZP6128876188,47295.52,2026-07-02,UPI-RAZORPAY SOFTWARE PVT LTD-RZP6128876188
BTXN4355926653,RZP9193079039,19393.38,2026-07-03,RTGS-RZP9193079039-RAZORPAY SOFTWARE PVT LTD
BTXN4284154854,RZP4638912568,60332.82,2026-07-02,IMPS/RZP4638912568/RAZORPAY SETTLEMENT
BTXN1072401000,rzp3962493773,58737.88,2026-07-15,NEFT CR RAZORPAY SOFTWARE-493773
BTXN2811967841,RZP4700855390,19024.90,2026-07-04,RTGS-RZP4700855390-RAZORPAY SOFTWARE PVT LTD
BTXN3040880495,RZP4807894097,43660.20,2026-07-10,UPI-RAZORPAY SOFTWARE PVT LTD-RZP4807894097
BTXN4916372333,RZP5740482074,1276.43,2026-07-05,UPI-RAZORPAY SOFTWARE PVT LTD-RZP5740482074
BTXN2975432032,RZP6623164039,3229.09,2026-07-01,IRCTC TICKET BOOKING
BTXN4594228570,RZP4888969857,3395.46,2026-07-12,ZOMATO ONLINE ORDER
BTXN2581467360,RZP8912139378,13133.70,2026-07-12,RTGS-RZP8912139378-RAZORPAY SOFTWARE PVT LTD
BTXN6438299815,RZP8188100401,9329.17,2026-07-12,NEFT CR-RZP8188100401-RAZORPAY
BTXN3535314718,RZP4050301939,25924.93,2026-07-11,RTGS-RZP4050301939-RAZORPAY SOFTWARE PVT LTD
BTXN1056662473,RZP1530390644,54965.94,2026-07-03,IMPS/RZP1530390644/RAZORPAY SETTLEMENT
BTXN1039831311,RZP2388438102,10984.82,2026-07-04,NEFT CR-RZP2388438102-RAZORPAY
BTXN2918127937,RZP1766966380,58542.37,2026-07-06,IMPS/RZP1766966380/RAZORPAY SETTLEMENT
BTXN8485411398,RZP6241185134,15155.14,2026-07-11,SWIGGY ORDER PAYMENT
BTXN1198168828,RZP5312619071,69959.13,2026-07-11,UPI-RAZORPAY SOFTWARE PVT LTD-RZP5312619071
BTXN2325171182,RZP3763215129,47641.94,2026-07-04,NEFT CR-RZP3763215129-RAZORPAY
BTXN3581141381,RZP1768591293,312.44,2026-07-14,ZOMATO ONLINE ORDER
BTXN7378975905,RZP2689235931,19839.28,2026-07-12,IMPS/RZP2689235931/RAZORPAY SETTLEMENT
BTXN7212511783,RZP5512031445,12241.01,2026-07-10,IMPS/RZP5512031445/RAZORPAY SETTLEMENT
BTXN3382911142,RZP6235282166,27765.74,2026-07-08,NEFT CR-RZP6235282166-RAZORPAY
BTXN6525576685,RZP6820149016,50652.87,2026-07-08,RTGS-RZP6820149016-RAZORPAY SOFTWARE PVT LTD
BTXN1697214432,RZP9978518649,71451.21,2026-07-11,UPI-RAZORPAY SOFTWARE PVT LTD-RZP9978518649
BTXN2818307344,RZP4054088518,62234.84,2026-07-08,NEFT CR-RZP4054088518-RAZORPAY
BTXN3740545127,RZP1146208285,46645.09,2026-07-01,NEFT CR-RZP1146208285-RAZORPAY
BTXN6792540023,RZP5163217597,14378.58,2026-07-03,RTGS-RZP5163217597-RAZORPAY SOFTWARE PVT LTD
BTXN2835335646,RZP6217827213,6343.56,2026-07-03,IRCTC TICKET BOOKING
BTXN6170673575,RZP9564167653,66569.30,2026-07-07,RTGS-RZP9564167653-RAZORPAY SOFTWARE PVT LTD
BTXN7846403103,RZP8330160983,56773.07,2026-07-11,NEFT CR-RZP8330160983-RAZORPAY
BTXN2138185235,RZP4623960580,23472.33,2026-07-07,RTGS-RZP4623960580-RAZORPAY SOFTWARE PVT LTD
BTXN5498095763,RZP8257099732,60871.37,2026-07-11,UPI-RAZORPAY SOFTWARE PVT LTD-RZP8257099732
BTXN1056183060,RZP3015978883,8186.18,2026-07-08,NETFLIX SUBSCRIPTION
BTXN5128884816,RZP6694907334,46187.87,2026-07-10,IMPS/RZP6694907334/RAZORPAY SETTLEMENT
BTXN8886832331,RZP9180758909,48199.77,2026-07-06,RTGS-RZP9180758909-RAZORPAY SOFTWARE PVT LTD
BTXN3732365301,RZP7763892579,25436.86,2026-07-02,NEFT CR-RZP7763892579-RAZORPAY
BTXN6427906903,RZP6082681041,43117.09,2026-07-08,RTGS-RZP6082681041-RAZORPAY SOFTWARE PVT LTD
BTXN2130985418,RZP5443000266,63184.08,2026-07-12,UPI-RAZORPAY SOFTWARE PVT LTD-RZP5443000266
BTXN8960270821,RZP1612813917,2109.83,2026-07-07,RTGS-RZP1612813917-RAZORPAY SOFTWARE PVT LTD
BTXN4391677160,RZP5529105757,30509.22,2026-07-08,UPI-RAZORPAY SOFTWARE PVT LTD-RZP5529105757
BTXN7887839585,RZP2870417878,72863.65,2026-07-04,RTGS-RZP2870417878-RAZORPAY SOFTWARE PVT LTD
BTXN7375242788,rzp2448449241,18545.89,2026-07-10,IMPS/RZP/449241/PAYOUT
BTXN3037028888,RZP1269880804,69628.35,2026-07-09,IMPS/RZP1269880804/RAZORPAY SETTLEMENT
BTXN2976523570,RZP9134679349,23613.66,2026-07-02,NEFT CR-RZP9134679349-RAZORPAY
BTXN2402777787,RZP4996454615,59672.18,2026-07-14,IMPS/RZP4996454615/RAZORPAY SETTLEMENT
BTXN8666933366,RZP9505277990,36627.79,2026-07-11,IMPS/RZP9505277990/RAZORPAY SETTLEMENT
BTXN6318056566,RZP7135249504,10061.15,2026-07-08,AMAZON RETAIL PAYMENT
BTXN8674256671,RZP5353934605,865.63,2026-07-10,AMAZON RETAIL PAYMENT
BTXN3246047970,RZP4747855538,72797.57,2026-07-01,RTGS-RZP4747855538-RAZORPAY SOFTWARE PVT LTD
BTXN3997902539,RZP7609461765,29677.69,2026-07-01,IMPS/RZP7609461765/RAZORPAY SETTLEMENT
BTXN9371233681,rzp3613888640,41933.27,2026-07-14,IMPS/RZP/888640/PAYOUT
BTXN9529248478,RZP4535693127,49243.53,2026-07-05,UPI-RAZORPAY SOFTWARE PVT LTD-RZP4535693127
BTXN7282216597,RZP6832418460,13700.40,2026-07-13,UPI-RAZORPAY SOFTWARE PVT LTD-RZP6832418460
BTXN5788836147,RZP2007501471,6116.28,2026-07-06,RTGS-RZP2007501471-RAZORPAY SOFTWARE PVT LTD
BTXN1410533126,RZP2825977185,72728.48,2026-07-09,RTGS-RZP2825977185-RAZORPAY SOFTWARE PVT LTD
BTXN7274878862,RZP4600035039,66500.21,2026-07-05,IMPS/RZP4600035039/RAZORPAY SETTLEMENT
BTXN2171645618,RZP6212012255,27848.61,2026-07-09,NEFT CR-RZP6212012255-RAZORPAY
BTXN9656531019,RZP9788294580,2195.98,2026-07-06,ELECTRICITY BILL AUTOPAY
BTXN1157771113,RZP3192968846,51750.81,2026-07-11,UPI-RAZORPAY SOFTWARE PVT LTD-RZP3192968846
BTXN7621562469,RZP3201171190,61264.01,2026-07-06,NEFT CR-RZP3201171190-RAZORPAY
BTXN9523410715,RZP7993819504,64551.74,2026-07-08,IMPS/RZP7993819504/RAZORPAY SETTLEMENT
BTXN2459507650,RZP8905031350,32812.22,2026-07-02,IMPS/RZP8905031350/RAZORPAY SETTLEMENT
BTXN8321761825,RZP2415982761,45569.61,2026-07-01,UPI-RAZORPAY SOFTWARE PVT LTD-RZP2415982761
BTXN8256109399,RZP2493388247,47279.56,2026-07-06,NEFT CR-RZP2493388247-RAZORPAY
BTXN3725019970,rzp9879101363,33361.22,2026-07-05,IMPS/RZP/101363/PAYOUT
BTXN5218452157,RZP5629230107,61481.89,2026-07-04,IMPS/RZP5629230107/RAZORPAY SETTLEMENT
BTXN8803438370,RZP2595947889,38502.79,2026-07-02,NEFT CR-RZP2595947889-RAZORPAY
BTXN3685198225,RZP3039713271,28266.95,2026-07-11,IMPS/RZP3039713271/RAZORPAY SETTLEMENT
BTXN4928779669,RZP9316431723,23051.44,2026-07-14,UPI-RAZORPAY SOFTWARE PVT LTD-RZP9316431723
BTXN1734866816,RZP7403453166,21755.91,2026-07-12,NEFT CR-RZP7403453166-RAZORPAY
BTXN7713756097,RZP8291396965,38235.77,2026-07-15,UPI-RAZORPAY SOFTWARE PVT LTD-RZP8291396965
BTXN9098173013,RZP4213274467,12881.67,2026-07-08,UPI-RAZORPAY SOFTWARE PVT LTD-RZP4213274467
BTXN6386271785,RZP8412545268,45826.80,2026-07-10,NEFT CR-RZP8412545268-RAZORPAY
BTXN9790369919,rzp5570561030,6640.24,2026-07-05,IMPS/RZP/561030/PAYOUT
BTXN4174617506,RZP8614654166,32704.63,2026-07-04,IMPS/RZP8614654166/RAZORPAY SETTLEMENT
BTXN8412582406,RZP7567210467,26772.38,2026-07-11,NEFT CR-RZP7567210467-RAZORPAY
BTXN6695007725,RZP5419801487,38860.33,2026-07-02,NEFT CR-RZP5419801487-RAZORPAY
BTXN2009923631,RZP2150158379,71230.37,2026-07-11,UPI-RAZORPAY SOFTWARE PVT LTD-RZP2150158379
BTXN9422509886,RZP4602756961,879.48,2026-07-14,RTGS-RZP4602756961-RAZORPAY SOFTWARE PVT LTD
BTXN7040567414,RZP6442888627,34705.04,2026-07-14,IMPS/RZP6442888627/RAZORPAY SETTLEMENT
BTXN6624212868,RZP6625240869,4743.79,2026-07-05,ATM WDL HYD
BTXN4415860460,RZP3307434175,7781.54,2026-07-07,NEFT CR-RZP3307434175-RAZORPAY
BTXN4712949246,RZP5425191313,32137.74,2026-07-04,UPI-RAZORPAY SOFTWARE PVT LTD-RZP5425191313
BTXN1244557412,RZP7383049918,63471.91,2026-07-13,NEFT CR-RZP7383049918-RAZORPAY
BTXN3142325579,RZP4085550927,17291.48,2026-07-04,UPI-RAZORPAY SOFTWARE PVT LTD-RZP4085550927
BTXN3477355508,RZP9226229353,38182.51,2026-07-12,NEFT CR-RZP9226229353-RAZORPAY
BTXN1865020350,RZP1966920934,51706.20,2026-07-13,UPI-RAZORPAY SOFTWARE PVT LTD-RZP1966920934
BTXN9119796208,RZP8411166424,12839.01,2026-07-15,NEFT CR-RZP8411166424-RAZORPAY
BTXN3714924293,RZP5952735505,63870.55,2026-07-12,NEFT CR-RZP5952735505-RAZORPAY
BTXN8512444715,RZP2895576580,66569.80,2026-07-14,NEFT CR-RZP2895576580-RAZORPAY
BTXN4158320225,RZP8675665495,45903.93,2026-07-15,UPI-RAZORPAY SETTLEMENT ORDER 664595
BTXN8046451089,RZP1453124376,65837.06,2026-07-13,IMPS/RZP1453124376/RAZORPAY SETTLEMENT
BTXN3117951204,RZP8238377072,13127.88,2026-07-05,IMPS/RZP8238377072/RAZORPAY SETTLEMENT
BTXN1298192569,rzp7947923274,10572.34,2026-07-16,NEFT CR RAZORPAY SOFTWARE-923274
BTXN1061338584,RZP1179874800,35447.17,2026-07-12,RTGS-RZP1179874800-RAZORPAY SOFTWARE PVT LTD
BTXN9666227597,RZP1377307524,62729.10,2026-07-09,UPI-RAZORPAY SOFTWARE PVT LTD-RZP1377307524
BTXN5592407033,RZP2001478427,11282.51,2026-07-03,UPI-RAZORPAY SOFTWARE PVT LTD-RZP2001478427
BTXN8344801505,RZP4095572481,23191.74,2026-07-14,UPI-RAZORPAY SOFTWARE PVT LTD-RZP4095572481
BTXN1687699169,RZP8700734258,42488.26,2026-07-13,RTGS-RZP8700734258-RAZORPAY SOFTWARE PVT LTD
BTXN5952894290,RZP6562144159,46289.60,2026-07-04,NEFT CR-RZP6562144159-RAZORPAY
BTXN7422531435,RZP4638758,46018.02,2026-07-11,NEFT CR RAZORPAY SOFTWARE-758794
BTXN7472759900,RZP9262244192,68813.34,2026-07-07,RTGS-RZP9262244192-RAZORPAY SOFTWARE PVT LTD
BTXN9884774108,RZP1954537325,9798.48,2026-07-04,RTGS-RZP1954537325-RAZORPAY SOFTWARE PVT LTD
BTXN4046596063,RZP6846505601,1331.66,2026-07-09,IMPS/RZP6846505601/RAZORPAY SETTLEMENT
BTXN2024278525,RZP8832777853,48630.18,2026-07-05,NEFT CR-RZP8832777853-RAZORPAY
BTXN1797340683,RZP3330931999,69947.13,2026-07-05,NEFT CR RAZORPAY SOFTWARE-931999
BTXN1295755044,rzp9412309559,58193.75,2026-07-06,NEFT CR RAZORPAY SOFTWARE-309559
BTXN5515862482,RZP7558259825,56287.88,2026-07-19,UPI-RAZORPAY SETTLEMENT ORDER 859825
BTXN4104272371,RZP4758704679,11502.16,2026-07-08,NEFT CR-RZP4758704679-RAZORPAY
BTXN2986825523,RZP8382657549,71490.12,2026-07-10,UPI-RAZORPAY SOFTWARE PVT LTD-RZP8382657549
BTXN4661893102,RZP1280714963,2099.22,2026-07-15,UPI-RAZORPAY SOFTWARE PVT LTD-RZP1280714963
BTXN7541621582,RZP8427973098,60828.47,2026-07-05,UPI-RAZORPAY SOFTWARE PVT LTD-RZP8427973098
BTXN3731671410,RZP1741672668,18758.32,2026-07-11,ELECTRICITY BILL AUTOPAY
BTXN1665793004,RZP3261770301,43024.42,2026-07-14,NEFT CR-RZP3261770301-RAZORPAY
BTXN3920951966,RZP6513148025,2163.68,2026-07-14,UPI-RAZORPAY SOFTWARE PVT LTD-RZP6513148025
BTXN7100124334,RZP2862111153,73420.48,2026-07-15,RTGS-RZP2862111153-RAZORPAY SOFTWARE PVT LTD
BTXN3702752651,RZP6202194187,36590.10,2026-07-05,IMPS/RZP6202194187/RAZORPAY SETTLEMENT
BTXN8440266551,RZP1747168901,30283.44,2026-07-11,NEFT CR RAZORPAY SOFTWARE-168901
BTXN4459340599,RZP8012696455,12865.63,2026-07-03,NEFT CR-RZP8012696455-RAZORPAY
BTXN5073704803,RZP6052605096,14386.80,2026-07-03,NEFT CR-RZP6052605096-RAZORPAY
BTXN1852880969,RZP9654899332,63562.90,2026-07-08,NEFT CR-RZP9654899332-RAZORPAY
BTXN7305953323,RZP4065041081,69834.74,2026-07-09,UPI-RAZORPAY SOFTWARE PVT LTD-RZP4065041081
BTXN5287847799,RZP4622849258,32621.43,2026-07-05,IMPS/RZP4622849258/RAZORPAY SETTLEMENT
BTXN5392178789,RZP7174228135,17147.54,2026-07-09,NEFT CR-RZP7174228135-RAZORPAY
BTXN2966178433,RZP8453582359,4438.41,2026-07-12,IMPS/RZP8453582359/RAZORPAY SETTLEMENT
BTXN7390048601,RZP6896471678,41675.23,2026-07-14,IMPS/RZP6896471678/RAZORPAY SETTLEMENT
BTXN3227727430,RZP9248574674,65524.92,2026-07-12,UPI-RAZORPAY SOFTWARE PVT LTD-RZP9248574674
BTXN7929459291,RZP9248520962,74898.68,2026-07-11,IMPS/RZP9248520962/RAZORPAY SETTLEMENT
BTXN4895967387,RZP7208380,7972.53,2026-07-15,IMPS/RZP/380484/PAYOUT
BTXN3728220789,RZP9598488806,14826.28,2026-07-14,NEFT CR-RZP9598488806-RAZORPAY
BTXN3742888862,RZP7220129939,23390.60,2026-07-08,NEFT CR-RZP7220129939-RAZORPAY
BTXN3407535986,RZP3206291184,23990.46,2026-07-14,UPI-RAZORPAY SOFTWARE PVT LTD-RZP3206291184
BTXN9357790587,RZP4900179544,16594.95,2026-07-03,UPI-RAZORPAY SOFTWARE PVT LTD-RZP4900179544
BTXN8685192265,RZP8674352222,36718.06,2026-07-11,RTGS-RZP8674352222-RAZORPAY SOFTWARE PVT LTD
BTXN9267401856,RZP2276027271,49991.19,2026-07-14,RTGS-RZP2276027271-RAZORPAY SOFTWARE PVT LTD
BTXN9454878007,RZP1655916212,53183.82,2026-07-11,RTGS-RZP1655916212-RAZORPAY SOFTWARE PVT LTD
BTXN9414289000,RZP1240915238,29909.65,2026-07-12,NEFT CR-RZP1240915238-RAZORPAY
BTXN9341108678,RZP1850071074,69375.08,2026-07-12,UPI-RAZORPAY SOFTWARE PVT LTD-RZP1850071074
BTXN8199937700,RZP1106472872,42602.28,2026-07-03,IMPS/RZP1106472872/RAZORPAY SETTLEMENT
BTXN2783209739,RZP2302407938,60274.03,2026-07-03,NEFT CR-RZP2302407938-RAZORPAY
BTXN2239829538,RZP4268713302,22260.70,2026-07-05,NEFT CR-RZP4268713302-RAZORPAY
BTXN2806011318,RZP1076226722,64636.58,2026-07-08,UPI-RAZORPAY SOFTWARE PVT LTD-RZP1076226722
BTXN1884398554,RZP7285758328,25666.20,2026-07-11,RTGS-RZP7285758328-RAZORPAY SOFTWARE PVT LTD
BTXN5915589720,RZP7146452895,65002.00,2026-07-15,NEFT CR-RZP7146452895-RAZORPAY
BTXN7891429539,RZP6200099224,15725.29,2026-07-05,UPI-RAZORPAY SOFTWARE PVT LTD-RZP6200099224
BTXN7903613440,RZP5753214787,25677.56,2026-07-02,RTGS-RZP5753214787-RAZORPAY SOFTWARE PVT LTD
BTXN6364282848,RZP7301035934,12729.83,2026-07-04,NEFT CR-RZP7301035934-RAZORPAY
BTXN7169378064,rzp3846592873,30561.60,2026-07-10,UPI-RAZORPAY SETTLEMENT ORDER 592873
BTXN5127215120,RZP1935799788,64840.32,2026-07-08,IMPS/RZP1935799788/RAZORPAY SETTLEMENT
BTXN4582475407,RZP3547223225,4462.90,2026-07-05,UPI-RAZORPAY SOFTWARE PVT LTD-RZP3547223225
BTXN9603596570,RZP7299482425,7896.03,2026-07-14,NEFT CR-RZP7299482425-RAZORPAY
BTXN1094115188,RZP4079223686,68949.17,2026-07-14,IMPS/RZP4079223686/RAZORPAY SETTLEMENT
BTXN2990397616,RZP6333405410,63235.68,2026-07-14,NEFT CR-RZP6333405410-RAZORPAY
BTXN5449848690,RZP1046000830,63867.29,2026-07-15,IMPS/RZP1046000830/RAZORPAY SETTLEMENT
BTXN9206237178,RZP1300142965,4630.10,2026-07-04,RTGS-RZP1300142965-RAZORPAY SOFTWARE PVT LTD
BTXN8010417786,RZP3685515992,72849.98,2026-07-14,UPI-RAZORPAY SOFTWARE PVT LTD-RZP3685515992
BTXN4785307792,RZP3379140322,52714.94,2026-07-04,IMPS/RZP3379140322/RAZORPAY SETTLEMENT
BTXN5856914808,RZP4482719690,24224.63,2026-07-12,RTGS-RZP4482719690-RAZORPAY SOFTWARE PVT LTD
BTXN6850634396,RZP7932066984,48593.04,2026-07-09,IMPS/RZP7932066984/RAZORPAY SETTLEMENT
BTXN8262764696,RZP8644078570,6300.28,2026-07-06,UPI-RAZORPAY SOFTWARE PVT LTD-RZP8644078570
BTXN8865912576,RZP5376932222,21741.99,2026-07-17,UPI-RAZORPAY SETTLEMENT ORDER 632222
BTXN6153752785,RZP1697412682,68004.29,2026-07-05,NEFT CR-RZP1697412682-RAZORPAY
BTXN6720047298,RZP2607178587,61952.83,2026-07-15,UPI-RAZORPAY SOFTWARE PVT LTD-RZP2607178587
BTXN6590047612,RZP5321976913,19634.23,2026-07-04,RTGS-RZP5321976913-RAZORPAY SOFTWARE PVT LTD
BTXN6956053512,RZP4790247182,52698.94,2026-07-04,NEFT CR-RZP4790247182-RAZORPAY
BTXN8247729205,RZP7607141234,25102.41,2026-07-08,UPI-RAZORPAY SOFTWARE PVT LTD-RZP7607141234
BTXN2834696845,RZP4130071384,39938.62,2026-07-06,NEFT CR-RZP4130071384-RAZORPAY
BTXN1181131407,RZP8656891324,21037.09,2026-07-11,UPI-RAZORPAY SOFTWARE PVT LTD-RZP8656891324
BTXN5689542396,rzp6002381219,55861.45,2026-07-04,IMPS/RZP/381219/PAYOUT
BTXN4845879591,RZP7643177611,53926.10,2026-07-08,IMPS/RZP7643177611/RAZORPAY SETTLEMENT
BTXN8656612878,RZP1326967312,38971.58,2026-07-03,RTGS-RZP1326967312-RAZORPAY SOFTWARE PVT LTD
BTXN5047521618,rzp8717941278,26167.78,2026-07-15,UPI-RAZORPAY SETTLEMENT ORDER 941278
BTXN1411362371,RZP3142330992,19499.59,2026-07-01,NETFLIX SUBSCRIPTION
BTXN4881154133,RZP7950497861,12291.89,2026-07-09,RTGS-RZP7950497861-RAZORPAY SOFTWARE PVT LTD
BTXN9296480566,RZP5853938069,50320.46,2026-07-05,RTGS-RZP5853938069-RAZORPAY SOFTWARE PVT LTD
BTXN4700689759,RZP3096842767,57638.30,2026-07-08,RTGS-RZP3096842767-RAZORPAY SOFTWARE PVT LTD
BTXN6541656257,RZP4553141974,53866.43,2026-07-05,NEFT CR-RZP4553141974-RAZORPAY
BTXN5385124092,RZP9891472594,10818.46,2026-07-02,NEFT CR-RZP9891472594-RAZORPAY
BTXN6200251788,RZP2952039376,13349.80,2026-07-02,ZOMATO ONLINE ORDER
BTXN1694592760,RZP3597252689,47449.61,2026-07-13,RTGS-RZP3597252689-RAZORPAY SOFTWARE PVT LTD
BTXN3334126899,RZP3232089953,55290.90,2026-07-04,UPI-RAZORPAY SOFTWARE PVT LTD-RZP3232089953
BTXN4203205881,RZP8760642358,54384.37,2026-07-07,IMPS/RZP8760642358/RAZORPAY SETTLEMENT
BTXN8208663809,RZP3644104389,5201.70,2026-07-04,RTGS-RZP3644104389-RAZORPAY SOFTWARE PVT LTD
BTXN1481747323,RZP2466538300,45914.56,2026-07-10,UPI-RAZORPAY SOFTWARE PVT LTD-RZP2466538300
BTXN7449293389,RZP8335258191,60099.31,2026-07-14,UPI-RAZORPAY SOFTWARE PVT LTD-RZP8335258191
BTXN5110319621,RZP1328002524,46258.30,2026-07-05,RTGS-RZP1328002524-RAZORPAY SOFTWARE PVT LTD
BTXN7808066458,RZP4385253967,1082.99,2026-07-01,IRCTC TICKET BOOKING
BTXN4976700201,RZP8750155871,19076.74,2026-07-12,NEFT CR-RZP8750155871-RAZORPAY
BTXN4680100413,RZP6200818473,18047.73,2026-07-12,NEFT CR-RZP6200818473-RAZORPAY
BTXN7803517571,RZP4478550244,53950.83,2026-07-14,UPI-RAZORPAY SOFTWARE PVT LTD-RZP4478550244
BTXN9131459302,RZP2605398007,1417.52,2026-07-14,IMPS/RZP2605398007/RAZORPAY SETTLEMENT
BTXN4374115502,RZP5754329742,15871.84,2026-07-03,NEFT CR-RZP5754329742-RAZORPAY
BTXN3395371140,rzp6992679395,15036.26,2026-07-06,NEFT CR RAZORPAY SOFTWARE-679395
BTXN6225387716,RZP3181276317,41214.70,2026-07-05,UPI-RAZORPAY SOFTWARE PVT LTD-RZP3181276317
BTXN8556574777,RZP3503504840,19808.68,2026-07-06,UPI-RAZORPAY SOFTWARE PVT LTD-RZP3503504840
BTXN9573092728,RZP9551204879,50950.69,2026-07-08,NEFT CR-RZP9551204879-RAZORPAY
BTXN4366698765,RZP4638587707,21163.02,2026-07-09,IMPS/RZP4638587707/RAZORPAY SETTLEMENT
BTXN7235936374,RZP7225841764,23895.48,2026-07-02,IMPS/RZP7225841764/RAZORPAY SETTLEMENT
BTXN3161251707,RZP7263566321,1179.44,2026-07-03,IMPS/RZP7263566321/RAZORPAY SETTLEMENT
BTXN8785836177,RZP9922893828,2805.59,2026-07-14,RTGS-RZP9922893828-RAZORPAY SOFTWARE PVT LTD
BTXN1787793766,RZP8440807542,15644.25,2026-07-02,RTGS-RZP8440807542-RAZORPAY SOFTWARE PVT LTD
BTXN9141037388,RZP6256052258,45821.62,2026-07-05,IMPS/RZP6256052258/RAZORPAY SETTLEMENT
BTXN6555597696,RZP1899096367,30048.62,2026-07-04,UPI-RAZORPAY SOFTWARE PVT LTD-RZP1899096367
BTXN9575717884,RZP4352046595,60013.40,2026-07-12,IMPS/RZP4352046595/RAZORPAY SETTLEMENT
BTXN3225355511,RZP2679124,58596.55,2026-07-15,NEFT CR RAZORPAY SOFTWARE-124239
BTXN6754846580,RZP8911377937,2807.01,2026-07-03,AMAZON RETAIL PAYMENT
BTXN1212365573,RZP1338217,66138.87,2026-07-07,NEFT CR RAZORPAY SOFTWARE-217164
BTXN3091557458,RZP3484150715,43999.19,2026-07-07,UPI-RAZORPAY SOFTWARE PVT LTD-RZP3484150715
BTXN7374584386,RZP6122110529,9406.83,2026-07-09,NEFT CR-RZP6122110529-RAZORPAY
BTXN5582891575,RZP3312534709,59680.25,2026-07-14,UPI-RAZORPAY SOFTWARE PVT LTD-RZP3312534709
BTXN1754393408,RZP9266213260,9141.00,2026-07-10,UPI-RAZORPAY SOFTWARE PVT LTD-RZP9266213260
BTXN9629556261,RZP9405519914,68094.36,2026-07-12,NEFT CR-RZP9405519914-RAZORPAY
BTXN5019902001,RZP3696871511,2497.98,2026-07-04,AMAZON RETAIL PAYMENT
BTXN3695232998,RZP8761469117,20762.55,2026-07-02,IMPS/RZP8761469117/RAZORPAY SETTLEMENT
BTXN5326862109,RZP5291569923,70065.67,2026-07-14,IMPS/RZP5291569923/RAZORPAY SETTLEMENT
BTXN1044863447,RZP4151737190,33731.08,2026-07-15,RTGS-RZP4151737190-RAZORPAY SOFTWARE PVT LTD
BTXN6676402384,RZP1528033292,31266.44,2026-07-13,IMPS/RZP1528033292/RAZORPAY SETTLEMENT
BTXN1934418337,RZP5579975781,51932.16,2026-07-08,UPI-RAZORPAY SETTLEMENT ORDER 975781
BTXN9217740012,RZP6123481237,21482.26,2026-07-02,RTGS-RZP6123481237-RAZORPAY SOFTWARE PVT LTD
BTXN8368142728,RZP9736274495,49550.60,2026-07-07,UPI-RAZORPAY SOFTWARE PVT LTD-RZP9736274495
BTXN8941234643,RZP5421480351,15161.61,2026-07-12,ELECTRICITY BILL AUTOPAY
BTXN3369379129,RZP8040046705,37927.45,2026-07-10,RTGS-RZP8040046705-RAZORPAY SOFTWARE PVT LTD
BTXN1653924391,RZP5111442203,23488.95,2026-07-06,UPI-RAZORPAY SOFTWARE PVT LTD-RZP5111442203
BTXN9673312714,RZP9913370628,37837.95,2026-07-11,UPI-RAZORPAY SOFTWARE PVT LTD-RZP9913370628
BTXN2713073791,RZP2132834599,21412.72,2026-07-17,UPI-RAZORPAY SETTLEMENT ORDER 834599
BTXN7547716526,RZP1598210433,15005.07,2026-07-13,IMPS/RZP1598210433/RAZORPAY SETTLEMENT
BTXN6581899301,RZP8878253700,25816.76,2026-07-07,RTGS-RZP8878253700-RAZORPAY SOFTWARE PVT LTD
BTXN2814900480,RZP5369152506,68921.48,2026-07-12,UPI-RAZORPAY SOFTWARE PVT LTD-RZP5369152506
BTXN8583581475,RZP4392640827,24312.40,2026-07-10,UPI-RAZORPAY SOFTWARE PVT LTD-RZP4392640827
BTXN3771168196,RZP4329354243,62182.66,2026-07-14,UPI-RAZORPAY SOFTWARE PVT LTD-RZP4329354243
BTXN6068543813,RZP4121980490,27334.39,2026-07-15,UPI-RAZORPAY SOFTWARE PVT LTD-RZP4121980490
BTXN8408711404,RZP2565708245,33479.92,2026-07-03,UPI-RAZORPAY SOFTWARE PVT LTD-RZP2565708245
BTXN9679569215,RZP1544918010,19280.20,2026-07-14,RTGS-RZP1544918010-RAZORPAY SOFTWARE PVT LTD
BTXN8841851495,RZP3941417062,72951.00,2026-07-04,NEFT CR-RZP3941417062-RAZORPAY
BTXN5734980659,RZP2134123763,36752.18,2026-07-04,RTGS-RZP2134123763-RAZORPAY SOFTWARE PVT LTD
BTXN4539577054,RZP3250586080,1396.35,2026-07-03,RTGS-RZP3250586080-RAZORPAY SOFTWARE PVT LTD
BTXN4098778503,RZP8673805647,10929.22,2026-07-04,ZOMATO ONLINE ORDER
BTXN2702142974,RZP9304972,14683.77,2026-07-15,NEFT CR RAZORPAY SOFTWARE-972753
BTXN8085089452,RZP5006152534,4007.41,2026-07-09,RTGS-RZP5006152534-RAZORPAY SOFTWARE PVT LTD
BTXN7966367342,RZP8685104191,19377.66,2026-07-11,NEFT CR-RZP8685104191-RAZORPAY
BTXN2771348682,RZP8207037887,2727.41,2026-07-08,RTGS-RZP8207037887-RAZORPAY SOFTWARE PVT LTD
BTXN3537363541,RZP3300397566,63610.34,2026-07-07,IMPS/RZP3300397566/RAZORPAY SETTLEMENT
BTXN9453075417,RZP6274884185,73143.90,2026-07-08,IMPS/RZP6274884185/RAZORPAY SETTLEMENT
BTXN7501816569,RZP6969444479,47403.48,2026-07-16,RTGS-RZP6969444479-RAZORPAY SOFTWARE PVT LTD
BTXN5001713266,RZP5930425078,11712.11,2026-07-04,UPI-RAZORPAY SOFTWARE PVT LTD-RZP5930425078
BTXN7451908040,rzp8803237251,35508.09,2026-07-06,NEFT CR RAZORPAY SOFTWARE-237251
BTXN4233630539,RZP8070149593,5202.76,2026-07-10,IMPS/RZP8070149593/RAZORPAY SETTLEMENT
BTXN3175802532,RZP1399699943,72533.03,2026-07-09,IMPS/RZP1399699943/RAZORPAY SETTLEMENT
BTXN2485508711,RZP3926692450,63635.84,2026-07-12,UPI-RAZORPAY SOFTWARE PVT LTD-RZP3926692450
BTXN9339832512,RZP8348547534,74376.95,2026-07-03,NEFT CR-RZP8348547534-RAZORPAY
BTXN1804728938,RZP1308169535,15925.24,2026-07-06,RTGS-RZP1308169535-RAZORPAY SOFTWARE PVT LTD
BTXN6058963940,RZP6775293558,14122.09,2026-07-06,IMPS/RZP6775293558/RAZORPAY SETTLEMENT
BTXN8030005183,RZP8919209399,60012.09,2026-07-11,IMPS/RZP8919209399/RAZORPAY SETTLEMENT
BTXN1316312658,RZP4692721363,13641.18,2026-07-04,ATM WDL CHN
BTXN4299204248,RZP8792450228,41664.94,2026-07-06,RTGS-RZP8792450228-RAZORPAY SOFTWARE PVT LTD
BTXN9031687047,RZP9895668334,10646.05,2026-07-13,NETFLIX SUBSCRIPTION
BTXN7412432433,RZP4629304658,12968.59,2026-07-17,RTGS-RZP4629304658-RAZORPAY SOFTWARE PVT LTD
BTXN9792507768,RZP1370301738,4121.83,2026-07-11,IRCTC TICKET BOOKING
BTXN6212145034,RZP7749076651,20425.50,2026-07-04,IMPS/RZP7749076651/RAZORPAY SETTLEMENT
BTXN6054678460,RZP9378655953,33277.07,2026-07-12,IMPS/RZP9378655953/RAZORPAY SETTLEMENT
BTXN7595536034,RZP9472090422,177.64,2026-07-04,IRCTC TICKET BOOKING
BTXN5292055272,RZP3604183571,6114.51,2026-07-04,ZOMATO ONLINE ORDER
BTXN1052419297,RZP6981473909,71825.75,2026-07-10,NEFT CR-RZP6981473909-RAZORPAY
BTXN1747895594,RZ6P938284920,65946.77,2026-07-18,NEFT CR RAZORPAY SOFTWARE-284920
BTXN5887147262,RZP1180573200,53614.37,2026-07-10,UPI-RAZORPAY SOFTWARE PVT LTD-RZP1180573200
BTXN1948437419,RZP7990107211,36195.55,2026-07-15,IMPS/RZP7990107211/RAZORPAY SETTLEMENT
BTXN9056530915,RZP9571153645,36135.77,2026-07-15,UPI-RAZORPAY SOFTWARE PVT LTD-RZP9571153645
BTXN6890674735,RZP3767745994,71874.17,2026-07-09,NEFT CR-RZP3767745994-RAZORPAY
BTXN4225842778,RZP9505520,22230.62,2026-07-19,IMPS/RZP/520703/PAYOUT
BTXN9629138242,RZP5773315301,19289.03,2026-07-02,SWIGGY ORDER PAYMENT
BTXN3052422924,RZP8683690454,15588.96,2026-07-15,SALARY CREDIT XYZ CORP
BTXN5963752921,RZP8602037855,51335.37,2026-07-10,IMPS/RZP8602037855/RAZORPAY SETTLEMENT
BTXN2739600515,RZP7757700186,53357.67,2026-07-07,IMPS/RZP7757700186/RAZORPAY SETTLEMENT
BTXN5271206218,RZP5393402303,59027.77,2026-07-10,RTGS-RZP5393402303-RAZORPAY SOFTWARE PVT LTD
BTXN9643811458,RZP9462192963,16360.11,2026-07-04,ELECTRICITY BILL AUTOPAY
BTXN5612930460,RZP9917093084,33002.61,2026-07-05,NEFT CR-RZP9917093084-RAZORPAY
BTXN8693219645,RZP3578049499,55443.84,2026-07-04,NEFT CR-RZP3578049499-RAZORPAY
BTXN6382529470,RZP6045849677,10029.79,2026-07-11,NEFT CR-RZP6045849677-RAZORPAY
BTXN2122798284,RZP9518524934,42964.60,2026-07-10,RTGS-RZP9518524934-RAZORPAY SOFTWARE PVT LTD
BTXN8053876082,RZP2269969503,57021.86,2026-07-15,NEFT CR-RZP2269969503-RAZORPAY
BTXN6802297896,RZP3094397121,23396.99,2026-07-15,UPI-RAZORPAY SOFTWARE PVT LTD-RZP3094397121
BTXN9634729829,RZP7071536934,21217.46,2026-07-15,NEFT CR-RZP7071536934-RAZORPAY
BTXN4492231351,RZP6356077885,39626.79,2026-07-01,IMPS/RZP6356077885/RAZORPAY SETTLEMENT
BTXN2214911080,RZP4262492117,26015.41,2026-07-12,UPI-RAZORPAY SOFTWARE PVT LTD-RZP4262492117
BTXN8985033556,RZP2538135522,67821.78,2026-07-08,RTGS-RZP2538135522-RAZORPAY SOFTWARE PVT LTD
BTXN9378431385,RZP2844253694,20437.89,2026-07-12,UPI-RAZORPAY SOFTWARE PVT LTD-RZP2844253694
BTXN1926046847,RZP9367306390,74541.62,2026-07-15,UPI-RAZORPAY SOFTWARE PVT LTD-RZP9367306390
BTXN3339022593,RZP8134021229,56442.52,2026-07-14,UPI-RAZORPAY SOFTWARE PVT LTD-RZP8134021229
BTXN2174744048,RZP1885973318,53901.49,2026-07-03,IMPS/RZP1885973318/RAZORPAY SETTLEMENT
BTXN8287585044,RZP4143335405,73860.41,2026-07-14,NEFT CR-RZP4143335405-RAZORPAY
BTXN9403748506,RZP5425044246,66730.27,2026-07-09,IMPS/RZP5425044246/RAZORPAY SETTLEMENT
BTXN2956836319,RZP3125084,57618.55,2026-07-08,IMPS/RZP/084227/PAYOUT
BTXN9576150605,RZP9209125468,4226.82,2026-07-01,SWIGGY ORDER PAYMENT
BTXN8598681388,RZP7637881854,60823.52,2026-07-12,IMPS/RZP/888154/PAYOUT
BTXN8457639622,RZP8984839904,64997.84,2026-07-13,RTGS-RZP8984839904-RAZORPAY SOFTWARE PVT LTD
BTXN9933702652,RZP7873001834,7066.48,2026-07-05,NEFT CR-RZP7873001834-RAZORPAY
BTXN5606987443,RZP3429889433,35699.64,2026-07-11,RTGS-RZP3429889433-RAZORPAY SOFTWARE PVT LTD
BTXN9748829301,RZP8039447736,23122.74,2026-07-05,RTGS-RZP8039447736-RAZORPAY SOFTWARE PVT LTD
BTXN8360835006,RZP1784595168,25835.25,2026-07-11,RTGS-RZP1784595168-RAZORPAY SOFTWARE PVT LTD
BTXN5604921414,RZP9122226757,36872.55,2026-07-10,UPI-RAZORPAY SOFTWARE PVT LTD-RZP9122226757
BTXN1904397668,RZP4668811953,9815.47,2026-07-04,IMPS/RZP4668811953/RAZORPAY SETTLEMENT
BTXN4013219834,RZP5501786315,67596.44,2026-07-07,RTGS-RZP5501786315-RAZORPAY SOFTWARE PVT LTD
BTXN5756977482,RZP8892379601,4623.96,2026-07-15,ZOMATO ONLINE ORDER
BTXN1519737760,RZP6831030525,30398.86,2026-07-15,NEFT CR-RZP6831030525-RAZORPAY
BTXN7928645941,ZRP9178050223,47346.17,2026-07-12,UPI-RAZORPAY SETTLEMENT ORDER 050223
BTXN7246725242,RZP5354098761,59034.29,2026-07-09,UPI-RAZORPAY SOFTWARE PVT LTD-RZP5354098761
BTXN5108192461,RZP2689728588,771.91,2026-07-14,IRCTC TICKET BOOKING
BTXN5860008042,RZP9777971423,16711.81,2026-07-08,SWIGGY ORDER PAYMENT
BTXN5635620522,rzp3642891311,71393.84,2026-07-08,UPI-RAZORPAY SETTLEMENT ORDER 891311
BTXN6002632810,RZP5639296557,67396.97,2026-07-05,UPI-RAZORPAY SOFTWARE PVT LTD-RZP5639296557
BTXN1585370448,RZP1854571069,10444.00,2026-07-03,NEFT CR-RZP1854571069-RAZORPAY
BTXN4328118956,RZP2793445925,20394.08,2026-07-10,UPI-RAZORPAY SOFTWARE PVT LTD-RZP2793445925
BTXN2956721897,RZP4131572,51024.48,2026-07-13,NEFT CR RAZORPAY SOFTWARE-572244
BTXN5604420757,RZP7735322123,40536.94,2026-07-03,IMPS/RZP7735322123/RAZORPAY SETTLEMENT
BTXN5237202154,RZP4899249,50207.50,2026-07-17,IMPS/RZP/249426/PAYOUT
BTXN9161780122,RZP7243051607,52658.31,2026-07-07,RTGS-RZP7243051607-RAZORPAY SOFTWARE PVT LTD
BTXN5554968820,RZP7181574930,14842.25,2026-07-05,ZOMATO ONLINE ORDER
BTXN2956353012,RZP9406878631,12271.23,2026-07-03,IRCTC TICKET BOOKING
BTXN9994275460,RZP3535906014,68083.41,2026-07-13,RTGS-RZP3535906014-RAZORPAY SOFTWARE PVT LTD
BTXN2066273250,RZP8229474363,6232.41,2026-07-03,RTGS-RZP8229474363-RAZORPAY SOFTWARE PVT LTD
BTXN2637367871,RZP1407374517,44963.62,2026-07-14,IMPS/RZP1407374517/RAZORPAY SETTLEMENT
BTXN3436297208,RZP2881937953,9904.14,2026-07-04,IMPS/RZP2881937953/RAZORPAY SETTLEMENT
BTXN4530644787,RZP9884239160,66143.34,2026-07-04,UPI-RAZORPAY SOFTWARE PVT LTD-RZP9884239160
BTXN8353899272,RZP3024066204,7472.95,2026-07-03,NEFT CR-RZP3024066204-RAZORPAY
BTXN2150697523,RZP3253927763,6990.56,2026-07-06,UPI-RAZORPAY SETTLEMENT ORDER 297763
BTXN6766654105,RZP4354611086,68011.41,2026-07-11,IMPS/RZP4354611086/RAZORPAY SETTLEMENT
BTXN9793194453,RZP6868587088,72023.20,2026-07-08,IMPS/RZP6868587088/RAZORPAY SETTLEMENT
BTXN5684001748,RZP3797825794,6105.03,2026-07-08,NEFT CR-RZP3797825794-RAZORPAY
BTXN5274061729,rzp9531942618,61975.15,2026-07-10,UPI-RAZORPAY SETTLEMENT ORDER 942618
BTXN3538963587,RZP2181001424,10623.24,2026-07-06,ATM WDL HYD
BTXN3236450352,RZP4346026267,64722.08,2026-07-06,IMPS/RZP4346026267/RAZORPAY SETTLEMENT
BTXN1526721134,RZP6373431675,32846.77,2026-07-02,UPI-RAZORPAY SOFTWARE PVT LTD-RZP6373431675
BTXN6973196201,RZP6815177620,53799.83,2026-07-14,UPI-RAZORPAY SOFTWARE PVT LTD-RZP6815177620
BTXN5916991713,RZP3728771596,2973.41,2026-07-10,NEFT CR-RZP3728771596-RAZORPAY
BTXN4978890649,RZP7562709235,5098.94,2026-07-14,RTGS-RZP7562709235-RAZORPAY SOFTWARE PVT LTD
BTXN6093994019,RZP9596377061,15665.40,2026-07-10,IMPS/RZP9596377061/RAZORPAY SETTLEMENT
BTXN6142019997,RZP5196703393,55546.68,2026-07-11,UPI-RAZORPAY SOFTWARE PVT LTD-RZP5196703393
BTXN2996043141,RZP1354289787,27323.53,2026-07-08,UPI-RAZORPAY SOFTWARE PVT LTD-RZP1354289787
BTXN8816915762,RZP9633352837,68333.78,2026-07-13,UPI-RAZORPAY SOFTWARE PVT LTD-RZP9633352837
BTXN7487335132,RZP4458561683,16931.54,2026-07-09,RTGS-RZP4458561683-RAZORPAY SOFTWARE PVT LTD
BTXN1908990420,RZP5101913760,36421.56,2026-07-09,NEFT CR-RZP5101913760-RAZORPAY
BTXN5397157474,RZP2671021843,51661.95,2026-07-03,NEFT CR-RZP2671021843-RAZORPAY
BTXN8524625316,RZP5519178084,63819.73,2026-07-07,UPI-RAZORPAY SOFTWARE PVT LTD-RZP5519178084
BTXN6096361317,RZP5967868455,70987.56,2026-07-06,IMPS/RZP5967868455/RAZORPAY SETTLEMENT
BTXN5076934128,RZP5542371107,40106.34,2026-07-04,NEFT CR-RZP5542371107-RAZORPAY
BTXN2348936785,RZP7588339123,65727.45,2026-07-06,RTGS-RZP7588339123-RAZORPAY SOFTWARE PVT LTD
BTXN5749515773,RZP5637400815,59513.44,2026-07-03,NEFT CR-RZP5637400815-RAZORPAY
BTXN2941481415,rzp3117357768,33666.38,2026-07-18,UPI-RAZORPAY SETTLEMENT ORDER 357768
BTXN4670884538,RZP7250289619,22551.67,2026-07-10,RTGS-RZP7250289619-RAZORPAY SOFTWARE PVT LTD
BTXN6326829420,RZP1072778955,60387.13,2026-07-14,UPI-RAZORPAY SOFTWARE PVT LTD-RZP1072778955
BTXN8589679668,RZP3522707023,1527.61,2026-07-04,UPI-RAZORPAY SOFTWARE PVT LTD-RZP3522707023
BTXN1934523126,RZP4536696963,29435.44,2026-07-01,RTGS-RZP4536696963-RAZORPAY SOFTWARE PVT LTD
BTXN7694162235,RZP3848221832,62470.64,2026-07-14,NEFT CR-RZP3848221832-RAZORPAY
BTXN9577675657,RZP7328924812,59845.88,2026-07-05,NEFT CR-RZP7328924812-RAZORPAY
BTXN7175520429,RZP1786734434,35386.27,2026-07-05,NEFT CR-RZP1786734434-RAZORPAY
BTXN3150271290,RZP7737360167,7681.64,2026-07-13,IMPS/RZP7737360167/RAZORPAY SETTLEMENT
BTXN1936405219,RZP6283941050,29558.59,2026-07-09,NEFT CR-RZP6283941050-RAZORPAY
BTXN5213603623,RZP3119803089,60521.82,2026-07-10,UPI-RAZORPAY SOFTWARE PVT LTD-RZP3119803089
BTXN7949274479,RZP6146514161,52743.96,2026-07-03,UPI-RAZORPAY SOFTWARE PVT LTD-RZP6146514161
BTXN8071755069,RZP5108948850,38081.02,2026-07-03,IMPS/RZP5108948850/RAZORPAY SETTLEMENT
BTXN1283415042,RZP6389000456,43330.87,2026-07-06,IMPS/RZP6389000456/RAZORPAY SETTLEMENT
BTXN1996581482,RZP2951346321,48118.69,2026-07-05,NEFT CR-RZP2951346321-RAZORPAY
BTXN5339292385,RZP7947883719,68095.95,2026-07-06,RTGS-RZP7947883719-RAZORPAY SOFTWARE PVT LTD
BTXN6714376755,RZP2464864695,53992.27,2026-07-01,IMPS/RZP2464864695/RAZORPAY SETTLEMENT
BTXN3823554228,RZP8672648109,47425.68,2026-07-15,IMPS/RZP8672648109/RAZORPAY SETTLEMENT
BTXN9856036711,RZP6621847095,34357.91,2026-07-05,IMPS/RZP6621847095/RAZORPAY SETTLEMENT
BTXN9112060808,RZP7654891,69648.12,2026-07-14,NEFT CR RAZORPAY SOFTWARE-891733
BTXN6890105611,RZP1647181551,37271.68,2026-07-06,RTGS-RZP1647181551-RAZORPAY SOFTWARE PVT LTD
BTXN4947354370,RZP4241809817,21188.96,2026-07-10,IMPS/RZP4241809817/RAZORPAY SETTLEMENT
BTXN9689442911,RZP8818386364,10678.11,2026-07-08,IRCTC TICKET BOOKING
BTXN3917213803,RZP4738083832,50283.11,2026-07-07,UPI-RAZORPAY SOFTWARE PVT LTD-RZP4738083832
BTXN7180355852,RZP6081072252,7099.61,2026-07-10,SALARY CREDIT XYZ CORP
BTXN7426858226,RZP8720443400,41890.38,2026-07-05,RTGS-RZP8720443400-RAZORPAY SOFTWARE PVT LTD
BTXN1558864793,RZP5947568156,2730.82,2026-07-03,IRCTC TICKET BOOKING
BTXN1574347894,RZP9243077762,21949.54,2026-07-02,NEFT CR-RZP9243077762-RAZORPAY
BTXN4765689806,RZP9972153533,18494.42,2026-07-06,RTGS-RZP9972153533-RAZORPAY SOFTWARE PVT LTD
BTXN2794400052,RZP4767243127,14471.19,2026-07-16,UPI-RAZORPAY SOFTWARE PVT LTD-RZP4767243127
BTXN3087684617,RZP2346455325,62696.37,2026-07-05,UPI-RAZORPAY SOFTWARE PVT LTD-RZP2346455325
BTXN7614514814,RZP2993389472,71441.19,2026-07-10,IMPS/RZP/389472/PAYOUT
BTXN1772601857,RZP2754947472,62086.78,2026-07-12,IMPS/RZP2754947472/RAZORPAY SETTLEMENT
BTXN3482206102,RZP7419751815,24553.45,2026-07-05,IMPS/RZP7419751815/RAZORPAY SETTLEMENT
BTXN6958210258,RZP5275122396,16673.77,2026-07-19,UPI-RAZORPAY SETTLEMENT ORDER 122396
BTXN2291399145,RZP7304486773,31670.84,2026-07-14,RTGS-RZP7304486773-RAZORPAY SOFTWARE PVT LTD
BTXN4480415878,RZP1329024,20578.94,2026-07-14,NEFT CR RAZORPAY SOFTWARE-024489
BTXN1323408297,RZP9350223102,72570.11,2026-07-05,IMPS/RZP9350223102/RAZORPAY SETTLEMENT
BTXN9080228731,RZP3086859,9529.00,2026-07-08,NEFT CR RAZORPAY SOFTWARE-859502
BTXN1264739091,RZP6425814872,35146.82,2026-07-04,IMPS/RZP6425814872/RAZORPAY SETTLEMENT
BTXN4351613845,RZP2694519317,70728.88,2026-07-08,UPI-RAZORPAY SOFTWARE PVT LTD-RZP2694519317
BTXN7868280216,RZP8079919564,50745.70,2026-07-11,IMPS/RZP8079919564/RAZORPAY SETTLEMENT
BTXN7954399182,RZP9548572472,31291.77,2026-07-07,NEFT CR-RZP9548572472-RAZORPAY
BTXN3213198005,RZP7899839564,17922.91,2026-07-07,NEFT CR-RZP7899839564-RAZORPAY
BTXN4576895687,RZP1031600655,18922.21,2026-07-17,IMPS/RZP1031600655/RAZORPAY SETTLEMENT
BTXN4694252032,RZP3912659475,48216.66,2026-07-15,IMPS/RZP3912659475/RAZORPAY SETTLEMENT
BTXN9570753823,RZP6849957222,62770.87,2026-07-05,UPI-RAZORPAY SOFTWARE PVT LTD-RZP6849957222
BTXN3325587714,RZP5811161965,63326.43,2026-07-13,IMPS/RZP5811161965/RAZORPAY SETTLEMENT
BTXN8001133199,RZP4750051721,26509.04,2026-07-11,UPI-RAZORPAY SOFTWARE PVT LTD-RZP4750051721
BTXN1141238884,RZP3790703507,17843.34,2026-07-05,ATM WDL BLR
BTXN4340450663,RZP7225490343,58418.77,2026-07-13,IMPS/RZP7225490343/RAZORPAY SETTLEMENT
BTXN6597765713,RZP3541541034,18654.04,2026-07-15,UPI-RAZORPAY SOFTWARE PVT LTD-RZP3541541034
BTXN5391090337,RZP5559187505,54053.65,2026-07-02,RTGS-RZP5559187505-RAZORPAY SOFTWARE PVT LTD
BTXN5418018815,RZP8127851667,59994.69,2026-07-09,NEFT CR-RZP8127851667-RAZORPAY
BTXN8519151272,RZP5382727060,58954.74,2026-07-05,UPI-RAZORPAY SOFTWARE PVT LTD-RZP5382727060
BTXN2357166448,RZP2933893091,12778.85,2026-07-14,ZOMATO ONLINE ORDER
BTXN5631662473,RZP5671713293,18863.06,2026-07-13,RTGS-RZP5671713293-RAZORPAY SOFTWARE PVT LTD
BTXN2912407355,RZP2360027793,53973.70,2026-07-07,RTGS-RZP2360027793-RAZORPAY SOFTWARE PVT LTD
BTXN4182666653,RZP1936995928,12883.70,2026-07-14,UPI-RAZORPAY SOFTWARE PVT LTD-RZP1936995928
BTXN1526723719,RZP2916728422,74729.20,2026-07-05,RTGS-RZP2916728422-RAZORPAY SOFTWARE PVT LTD
BTXN4022301088,RZP8057256589,11653.00,2026-07-01,NEFT CR-RZP8057256589-RAZORPAY
BTXN7418263314,RZP9752092528,29132.29,2026-07-07,IMPS/RZP9752092528/RAZORPAY SETTLEMENT
BTXN9133835992,RZP8552462195,58163.49,2026-07-02,RTGS-RZP8552462195-RAZORPAY SOFTWARE PVT LTD
BTXN7030632582,RZP3637582799,55657.87,2026-07-12,NEFT CR-RZP3637582799-RAZORPAY
BTXN8264130350,RZP8476402251,58790.86,2026-07-13,UPI-RAZORPAY SOFTWARE PVT LTD-RZP8476402251
BTXN6503644761,RZP6000111501,16351.99,2026-07-09,UPI-RAZORPAY SOFTWARE PVT LTD-RZP6000111501
BTXN2783763856,RZP6002305186,665.80,2026-07-12,NEFT CR-RZP6002305186-RAZORPAY
BTXN5948362675,rzp8090416197,27617.31,2026-07-04,IMPS/RZP/416197/PAYOUT
BTXN1638002562,RZP6292173348,14550.72,2026-07-04,IMPS/RZP6292173348/RAZORPAY SETTLEMENT
BTXN4790223364,RZP4193972112,43917.06,2026-07-08,RTGS-RZP4193972112-RAZORPAY SOFTWARE PVT LTD
BTXN8825222689,RZP9718730673,48598.44,2026-07-12,UPI-RAZORPAY SOFTWARE PVT LTD-RZP9718730673
BTXN5739390017,RZP1908620908,52795.05,2026-07-14,NEFT CR-RZP1908620908-RAZORPAY
BTXN3769288780,RZP8334486096,61651.71,2026-07-05,RTGS-RZP8334486096-RAZORPAY SOFTWARE PVT LTD
BTXN5086555494,RZP4798251600,18161.21,2026-07-15,ATM WDL BLR
BTXN8567619998,RZP6467052616,60183.99,2026-07-03,NEFT CR-RZP6467052616-RAZORPAY
BTXN2478602830,RZP1443070103,43062.75,2026-07-12,IMPS/RZP/070103/PAYOUT
BTXN3241057698,RZP1297394609,914.94,2026-07-06,RTGS-RZP1297394609-RAZORPAY SOFTWARE PVT LTD
BTXN6361511744,RZP3561463935,36350.15,2026-07-05,IMPS/RZP3561463935/RAZORPAY SETTLEMENT
BTXN5680242050,RZP6517004436,11815.90,2026-07-15,ATM WDL CHN
BTXN9075512531,RZP7252704323,56240.03,2026-07-02,NEFT CR-RZP7252704323-RAZORPAY
BTXN5941446250,RZP5253940027,14866.44,2026-07-06,AMAZON RETAIL PAYMENT
BTXN9620361356,RZP4592047209,9909.01,2026-07-10,NEFT CR-RZP4592047209-RAZORPAY
BTXN9993177343,RZP2438130372,68926.65,2026-07-11,UPI-RAZORPAY SOFTWARE PVT LTD-RZP2438130372
BTXN8460450534,RZP1552227190,31291.99,2026-07-02,UPI-RAZORPAY SOFTWARE PVT LTD-RZP1552227190
BTXN1569398174,RZP7532284065,56495.60,2026-07-04,NEFT CR-RZP7532284065-RAZORPAY
BTXN9788828395,RZP9940668613,8200.80,2026-07-01,IRCTC TICKET BOOKING
BTXN8042260341,RZP2520601313,58537.79,2026-07-08,RTGS-RZP2520601313-RAZORPAY SOFTWARE PVT LTD
BTXN5163546422,RZP6175348293,63663.52,2026-07-08,IMPS/RZP6175348293/RAZORPAY SETTLEMENT
BTXN7067829214,RZP5234476161,37133.04,2026-07-12,IMPS/RZP5234476161/RAZORPAY SETTLEMENT
BTXN2327985754,RZP2049621500,15488.36,2026-07-01,SALARY CREDIT XYZ CORP
BTXN4110133535,RZP1345209162,18095.68,2026-07-04,RTGS-RZP1345209162-RAZORPAY SOFTWARE PVT LTD
BTXN4792165664,RZP7621147142,34328.88,2026-07-13,RTGS-RZP7621147142-RAZORPAY SOFTWARE PVT LTD
BTXN3791990094,RZP3963324816,14610.90,2026-07-06,NEFT CR-RZP3963324816-RAZORPAY
BTXN6572499854,RZP5686250332,48649.29,2026-07-15,RTGS-RZP5686250332-RAZORPAY SOFTWARE PVT LTD
BTXN8215557184,RZP5060266586,56178.17,2026-07-04,IMPS/RZP5060266586/RAZORPAY SETTLEMENT
BTXN3013436470,RZP3941348272,62726.84,2026-07-06,UPI-RAZORPAY SOFTWARE PVT LTD-RZP3941348272
BTXN1933998295,RZP4860075997,42342.22,2026-07-07,IMPS/RZP4860075997/RAZORPAY SETTLEMENT
BTXN4731580183,RZP8076661398,9601.28,2026-07-19,NEFT CR RAZORPAY SOFTWARE-661389
BTXN4044608073,RZP4936276994,16065.82,2026-07-13,IMPS/RZP4936276994/RAZORPAY SETTLEMENT
BTXN1560655311,RZP5376842282,68084.83,2026-07-10,UPI-RAZORPAY SOFTWARE PVT LTD-RZP5376842282
BTXN6388003097,RZP9606253502,38924.93,2026-07-15,NEFT CR-RZP9606253502-RAZORPAY
BTXN8007807461,RZP2081687203,34916.41,2026-07-01,RTGS-RZP2081687203-RAZORPAY SOFTWARE PVT LTD
BTXN2821581835,RZP7335595,49032.30,2026-07-10,UPI-RAZORPAY SETTLEMENT ORDER 595769
BTXN2446399510,rzp4878215945,27771.08,2026-07-08,IMPS/RZP/215945/PAYOUT
BTXN6255110825,RZP8408939222,49217.01,2026-07-13,RTGS-RZP8408939222-RAZORPAY SOFTWARE PVT LTD
BTXN2070497915,RZP1881697920,2781.88,2026-07-01,UPI-RAZORPAY SOFTWARE PVT LTD-RZP1881697920
BTXN3842551701,RZP9175757940,42233.61,2026-07-07,NEFT CR-RZP9175757940-RAZORPAY
BTXN6730279951,RZP8173251674,64247.47,2026-07-09,IMPS/RZP8173251674/RAZORPAY SETTLEMENT
BTXN2307442635,RZP8790767708,49783.81,2026-07-03,IMPS/RZP8790767708/RAZORPAY SETTLEMENT
BTXN9757979982,RZP4489265160,9999.23,2026-07-11,IMPS/RZP4489265160/RAZORPAY SETTLEMENT
BTXN4798636315,RZP6642076202,53563.93,2026-07-12,RTGS-RZP6642076202-RAZORPAY SOFTWARE PVT LTD
BTXN3020567032,RZP1746365516,1399.28,2026-07-04,IMPS/RZP1746365516/RAZORPAY SETTLEMENT
BTXN1235469232,RZP6705150346,4151.64,2026-07-10,IRCTC TICKET BOOKING
BTXN1256884011,RZP5583346716,49604.56,2026-07-15,UPI-RAZORPAY SOFTWARE PVT LTD-RZP5583346716
BTXN3821263164,RZP1417124022,54525.31,2026-07-09,RTGS-RZP1417124022-RAZORPAY SOFTWARE PVT LTD
BTXN1945826486,RZP2064746525,5269.93,2026-07-01,NEFT CR-RZP2064746525-RAZORPAY
BTXN2970427638,RZP5359368511,49222.46,2026-07-01,RTGS-RZP5359368511-RAZORPAY SOFTWARE PVT LTD
BTXN1477684435,RZP6448316778,61437.36,2026-07-13,UPI-RAZORPAY SOFTWARE PVT LTD-RZP6448316778
BTXN8842636165,RZP9673525330,60000.69,2026-07-12,RTGS-RZP9673525330-RAZORPAY SOFTWARE PVT LTD
BTXN6497336933,RZP2277668472,72610.12,2026-07-07,UPI-RAZORPAY SOFTWARE PVT LTD-RZP2277668472
BTXN5375623915,RZP9146408007,68882.65,2026-07-04,UPI-RAZORPAY SOFTWARE PVT LTD-RZP9146408007
BTXN4876833928,RZP2724622525,53324.28,2026-07-10,NEFT CR-RZP2724622525-RAZORPAY
BTXN3038831989,RZP7200212348,14756.69,2026-07-11,RTGS-RZP7200212348-RAZORPAY SOFTWARE PVT LTD
BTXN1181563479,RZP6494453109,18811.27,2026-07-03,UPI-RAZORPAY SOFTWARE PVT LTD-RZP6494453109
BTXN5624018355,RZP8726701998,44636.31,2026-07-07,UPI-RAZORPAY SOFTWARE PVT LTD-RZP8726701998
BTXN5115520448,RZP9432850141,66635.90,2026-07-06,RTGS-RZP9432850141-RAZORPAY SOFTWARE PVT LTD
BTXN2360026240,RZP6062776482,56669.26,2026-07-07,NEFT CR-RZP6062776482-RAZORPAY
BTXN8978676786,RZP5990258975,24528.66,2026-07-10,RTGS-RZP5990258975-RAZORPAY SOFTWARE PVT LTD
BTXN6391505361,RZP4175917932,66415.75,2026-07-14,IMPS/RZP4175917932/RAZORPAY SETTLEMENT
BTXN2744377086,RZP6202757478,66530.47,2026-07-14,IMPS/RZP6202757478/RAZORPAY SETTLEMENT
BTXN6125875481,RZP3113681000,5347.95,2026-07-09,NEFT CR-RZP3113681000-RAZORPAY
BTXN6213356588,RZP3236698326,59898.30,2026-07-12,IMPS/RZP3236698326/RAZORPAY SETTLEMENT
BTXN6677231010,RZP8944975231,40700.72,2026-07-13,IMPS/RZP8944975231/RAZORPAY SETTLEMENT
BTXN6073233675,RZP1507542563,60171.78,2026-07-13,NEFT CR-RZP1507542563-RAZORPAY
BTXN5216271278,RZP1784732,16286.37,2026-07-10,IMPS/RZP/732766/PAYOUT
BTXN2951648195,RZP1753779193,67946.04,2026-07-07,IMPS/RZP1753779193/RAZORPAY SETTLEMENT
BTXN3814528616,RZP9213620437,1135.77,2026-07-05,IMPS/RZP9213620437/RAZORPAY SETTLEMENT
BTXN1603851564,RZP3829748490,52335.05,2026-07-06,IMPS/RZP3829748490/RAZORPAY SETTLEMENT
BTXN8033387356,RZP9243991391,25671.93,2026-07-11,RTGS-RZP9243991391-RAZORPAY SOFTWARE PVT LTD
BTXN5403186443,RZP3551855810,18440.01,2026-07-12,AMAZON RETAIL PAYMENT
BTXN9051524409,RZP3623960525,42709.73,2026-07-14,UPI-RAZORPAY SOFTWARE PVT LTD-RZP3623960525
BTXN6975660230,RZP1192329809,3957.61,2026-07-04,IRCTC TICKET BOOKING
BTXN3431855069,RZP5348443137,52341.79,2026-07-09,RTGS-RZP5348443137-RAZORPAY SOFTWARE PVT LTD
BTXN5864480764,RZP7251031733,71602.39,2026-07-10,NEFT CR-RZP7251031733-RAZORPAY
BTXN3009822493,RZP3025823779,58564.53,2026-07-10,UPI-RAZORPAY SOFTWARE PVT LTD-RZP3025823779
BTXN8611738819,RZP9506273832,15629.66,2026-07-04,UPI-RAZORPAY SOFTWARE PVT LTD-RZP9506273832
BTXN2785687219,RZP5036280384,23486.12,2026-07-12,UPI-RAZORPAY SOFTWARE PVT LTD-RZP5036280384
BTXN5935043453,RZP5509995137,6404.52,2026-07-15,IMPS/RZP5509995137/RAZORPAY SETTLEMENT
BTXN3850189047,RZP8701076984,46912.27,2026-07-12,NEFT CR-RZP8701076984-RAZORPAY
BTXN3379819488,RZP3159497,58661.76,2026-07-17,IMPS/RZP/497881/PAYOUT
BTXN8298348088,RZP3075362821,18171.82,2026-07-10,IMPS/RZP3075362821/RAZORPAY SETTLEMENT
BTXN8738351331,RZP6120627986,14361.32,2026-07-09,RTGS-RZP6120627986-RAZORPAY SOFTWARE PVT LTD
BTXN7018648122,RZP5945191176,1164.05,2026-07-09,UPI-RAZORPAY SOFTWARE PVT LTD-RZP5945191176
BTXN2229786461,RZP9941672051,13695.09,2026-07-08,SALARY CREDIT XYZ CORP
BTXN6434430331,rzp9786042004,31987.53,2026-07-17,IMPS/RZP/042004/PAYOUT
BTXN6171588845,RZP1743058988,28423.91,2026-07-13,IMPS/RZP1743058988/RAZORPAY SETTLEMENT
BTXN1000218290,RZP9700420758,65227.72,2026-07-15,UPI-RAZORPAY SOFTWARE PVT LTD-RZP9700420758
BTXN7254074758,RZP8658452494,34391.50,2026-07-14,RTGS-RZP8658452494-RAZORPAY SOFTWARE PVT LTD
BTXN3136933740,RZP8311292136,54432.10,2026-07-02,RTGS-RZP8311292136-RAZORPAY SOFTWARE PVT LTD
BTXN7097992676,RZP2683120631,11737.26,2026-07-02,NEFT CR-RZP2683120631-RAZORPAY
BTXN7204535968,RZP6927279595,61690.84,2026-07-02,RTGS-RZP6927279595-RAZORPAY SOFTWARE PVT LTD
BTXN7917243133,RZP6679319196,14134.64,2026-07-12,IMPS/RZP6679319196/RAZORPAY SETTLEMENT
BTXN2203423402,RZP7447825925,60986.02,2026-07-11,IMPS/RZP7447825925/RAZORPAY SETTLEMENT
BTXN3334799664,RZP5995667352,25215.85,2026-07-03,NEFT CR-RZP5995667352-RAZORPAY
BTXN3547639748,RZP6809476815,72694.46,2026-07-04,UPI-RAZORPAY SOFTWARE PVT LTD-RZP6809476815
BTXN3053755802,RZP6253925483,27597.51,2026-07-10,NEFT CR-RZP6253925483-RAZORPAY
BTXN2317365278,RZP5925261147,19056.28,2026-07-14,RTGS-RZP5925261147-RAZORPAY SOFTWARE PVT LTD
BTXN9534149013,RZP3264596088,38553.44,2026-07-08,NEFT CR-RZP3264596088-RAZORPAY
BTXN3808957581,RZP9608173685,4796.62,2026-07-04,NETFLIX SUBSCRIPTION
BTXN6764794940,RZP5666387271,73312.87,2026-07-05,UPI-RAZORPAY SOFTWARE PVT LTD-RZP5666387271
BTXN4383587808,RZP7257233851,7246.18,2026-07-12,AMAZON RETAIL PAYMENT
BTXN3492211072,RZP3259805261,58047.30,2026-07-01,UPI-RAZORPAY SOFTWARE PVT LTD-RZP3259805261
BTXN4045567586,RPZ8836280094,30607.70,2026-07-20,IMPS/RZP/280094/PAYOUT
BTXN3974060090,RZP7305528678,45183.51,2026-07-01,RTGS-RZP7305528678-RAZORPAY SOFTWARE PVT LTD
BTXN3358409240,RZP6417490261,1684.50,2026-07-07,AMAZON RETAIL PAYMENT
BTXN7118435236,RZP6032818,63804.78,2026-07-10,UPI-RAZORPAY SETTLEMENT ORDER 818497
BTXN8440124265,RZP7121024157,65101.44,2026-07-13,RTGS-RZP7121024157-RAZORPAY SOFTWARE PVT LTD
BTXN1606665184,RZP5847023874,694.72,2026-07-13,UPI-RAZORPAY SOFTWARE PVT LTD-RZP5847023874
BTXN9774185999,RZP1519113933,30827.59,2026-07-07,IMPS/RZP1519113933/RAZORPAY SETTLEMENT
BTXN9711384231,RZP9037591675,10724.97,2026-07-10,UPI-RAZORPAY SOFTWARE PVT LTD-RZP9037591675
BTXN1002227124,RZP4833396332,37898.90,2026-07-10,UPI-RAZORPAY SOFTWARE PVT LTD-RZP4833396332
BTXN7944254640,RZP6848916864,70138.14,2026-07-07,RTGS-RZP6848916864-RAZORPAY SOFTWARE PVT LTD
BTXN3344548409,RZP6746974343,68238.04,2026-07-13,UPI-RAZORPAY SOFTWARE PVT LTD-RZP6746974343
BTXN5864886732,RZP6918187212,10030.44,2026-07-14,ZOMATO ONLINE ORDER
BTXN9757412714,RZP1980432707,52211.88,2026-07-03,RTGS-RZP1980432707-RAZORPAY SOFTWARE PVT LTD
BTXN4750707607,RZP2416011033,42068.26,2026-07-07,IMPS/RZP2416011033/RAZORPAY SETTLEMENT
BTXN2828846847,RZP1175828567,27996.53,2026-07-03,IMPS/RZP1175828567/RAZORPAY SETTLEMENT
BTXN8762630037,RZP5945528575,18984.14,2026-07-05,IMPS/RZP5945528575/RAZORPAY SETTLEMENT
BTXN1317422550,RZP1496754718,17686.68,2026-07-09,UPI-RAZORPAY SOFTWARE PVT LTD-RZP1496754718
BTXN8421742187,RZP6330807867,74999.17,2026-07-11,RTGS-RZP6330807867-RAZORPAY SOFTWARE PVT LTD
BTXN8406158052,RZP6111637968,58410.77,2026-07-01,RTGS-RZP6111637968-RAZORPAY SOFTWARE PVT LTD
BTXN7960034188,RZP4841042335,44788.71,2026-07-02,RTGS-RZP4841042335-RAZORPAY SOFTWARE PVT LTD
BTXN2657960418,RZP4101638263,2569.55,2026-07-03,ELECTRICITY BILL AUTOPAY
BTXN9045897249,RZP9481076448,5542.11,2026-07-09,UPI-RAZORPAY SOFTWARE PVT LTD-RZP9481076448
BTXN7239587766,RZP1294050451,10678.49,2026-07-02,RTGS-RZP1294050451-RAZORPAY SOFTWARE PVT LTD
BTXN8607803914,RZP7218027957,72255.11,2026-07-04,NEFT CR-RZP7218027957-RAZORPAY
BTXN9422871203,RZP8438406597,37140.45,2026-07-03,IMPS/RZP8438406597/RAZORPAY SETTLEMENT
BTXN1313904544,rzp6249311455,57843.99,2026-07-08,UPI-RAZORPAY SETTLEMENT ORDER 311455
BTXN4250135990,RZP4418322859,10974.38,2026-07-02,RTGS-RZP4418322859-RAZORPAY SOFTWARE PVT LTD
BTXN8072146687,RZP2570864585,45369.66,2026-07-02,RTGS-RZP2570864585-RAZORPAY SOFTWARE PVT LTD
BTXN8784404001,RZP2609899609,59873.69,2026-07-11,RTGS-RZP2609899609-RAZORPAY SOFTWARE PVT LTD
BTXN6860464405,RZP8115186493,17344.09,2026-07-07,IMPS/RZP8115186493/RAZORPAY SETTLEMENT
BTXN8118229117,RZP8960549290,43816.87,2026-07-03,NEFT CR-RZP8960549290-RAZORPAY
BTXN3232712137,RZP5473596658,4867.50,2026-07-15,RTGS-RZP5473596658-RAZORPAY SOFTWARE PVT LTD
BTXN9931379629,RZP3809436845,22321.14,2026-07-15,NEFT CR-RZP3809436845-RAZORPAY
BTXN8708159741,RZP7866493470,65421.38,2026-07-05,NEFT CR-RZP7866493470-RAZORPAY
BTXN9497375750,RZP1979761581,63307.94,2026-07-04,RTGS-RZP1979761581-RAZORPAY SOFTWARE PVT LTD
BTXN3299247826,RZP6421324567,6349.94,2026-07-03,RTGS-RZP6421324567-RAZORPAY SOFTWARE PVT LTD
BTXN2387545832,RZP9993491029,50117.59,2026-07-04,RTGS-RZP9993491029-RAZORPAY SOFTWARE PVT LTD
BTXN2645272822,RZP8990100704,52205.31,2026-07-08,UPI-RAZORPAY SOFTWARE PVT LTD-RZP8990100704
BTXN9665789482,RZP2723498065,20902.69,2026-07-04,NEFT CR-RZP2723498065-RAZORPAY
BTXN6655089949,RZP1315708805,20463.92,2026-07-07,NEFT CR-RZP1315708805-RAZORPAY
BTXN5487078719,RZP2009733703,51570.57,2026-07-04,RTGS-RZP2009733703-RAZORPAY SOFTWARE PVT LTD
BTXN3051282554,RZP1768980818,67192.11,2026-07-07,RTGS-RZP1768980818-RAZORPAY SOFTWARE PVT LTD
BTXN1226496637,RZP7133663124,65864.08,2026-07-04,RTGS-RZP7133663124-RAZORPAY SOFTWARE PVT LTD
BTXN8399749149,RZP1246771915,12864.42,2026-07-11,NEFT CR-RZP1246771915-RAZORPAY
BTXN6327476347,RZP8752601806,68407.44,2026-07-03,RTGS-RZP8752601806-RAZORPAY SOFTWARE PVT LTD
BTXN9789699083,RZP4336999453,4924.93,2026-07-10,UPI-RAZORPAY SOFTWARE PVT LTD-RZP4336999453
BTXN8965631600,RZP7953126399,38909.91,2026-07-12,NEFT CR-RZP7953126399-RAZORPAY
BTXN7939605662,RZP1287880962,53573.12,2026-07-14,IMPS/RZP1287880962/RAZORPAY SETTLEMENT
BTXN6778343214,rzp8158651296,28773.40,2026-07-04,UPI-RAZORPAY SETTLEMENT ORDER 651296
BTXN1712727648,RZP8204498457,67331.54,2026-07-10,IMPS/RZP8204498457/RAZORPAY SETTLEMENT
BTXN2958788771,RZP6345912504,59896.60,2026-07-03,NEFT CR-RZP6345912504-RAZORPAY
BTXN3163989310,RZP6468612466,73158.80,2026-07-11,RTGS-RZP6468612466-RAZORPAY SOFTWARE PVT LTD
BTXN9381721143,RZP6964188417,28140.36,2026-07-12,RTGS-RZP6964188417-RAZORPAY SOFTWARE PVT LTD
BTXN5007610334,RZP2323890928,55478.41,2026-07-07,IMPS/RZP2323890928/RAZORPAY SETTLEMENT
BTXN7592611838,RZP5584193081,66148.00,2026-07-01,RTGS-RZP5584193081-RAZORPAY SOFTWARE PVT LTD
BTXN8642456234,RZP4950712549,42221.63,2026-07-02,RTGS-RZP4950712549-RAZORPAY SOFTWARE PVT LTD
BTXN5669013433,RZP2690268406,69343.15,2026-07-12,RTGS-RZP2690268406-RAZORPAY SOFTWARE PVT LTD
BTXN5802869358,RZP4128625791,24579.04,2026-07-11,RTGS-RZP4128625791-RAZORPAY SOFTWARE PVT LTD
BTXN4108370669,RZP1013771751,2131.32,2026-07-03,UPI-RAZORPAY SOFTWARE PVT LTD-RZP1013771751
BTXN9777008936,RZP5691880466,71503.57,2026-07-02,RTGS-RZP5691880466-RAZORPAY SOFTWARE PVT LTD
BTXN7523593032,RZP1278627610,38391.73,2026-07-13,IMPS/RZP1278627610/RAZORPAY SETTLEMENT
BTXN6423704730,RZP6508953195,66326.54,2026-07-03,NEFT CR-RZP6508953195-RAZORPAY
BTXN3961458012,RZP2275155460,2477.83,2026-07-08,NEFT CR-RZP2275155460-RAZORPAY
BTXN8370275296,RZP2673922250,38287.75,2026-07-14,IMPS/RZP2673922250/RAZORPAY SETTLEMENT
BTXN9191794565,RZP8264341675,9529.34,2026-07-05,ELECTRICITY BILL AUTOPAY
BTXN7848867041,RZP9198063642,23290.20,2026-07-01,RTGS-RZP9198063642-RAZORPAY SOFTWARE PVT LTD
BTXN8539422314,RZP7640767377,30880.53,2026-07-07,IMPS/RZP7640767377/RAZORPAY SETTLEMENT
BTXN5403455616,RZP8482628550,57485.97,2026-07-07,RTGS-RZP8482628550-RAZORPAY SOFTWARE PVT LTD
BTXN1308538067,RZP1599913753,63579.07,2026-07-08,UPI-RAZORPAY SETTLEMENT ORDER 917353
BTXN5830763639,RZP4143856669,63197.97,2026-07-05,IMPS/RZP4143856669/RAZORPAY SETTLEMENT
BTXN5734196845,RZP7258105807,58545.58,2026-07-11,IMPS/RZP7258105807/RAZORPAY SETTLEMENT
BTXN8206080258,RZP7446936018,1912.65,2026-07-09,SWIGGY ORDER PAYMENT
BTXN1359694164,RZP8904674365,18894.48,2026-07-10,ELECTRICITY BILL AUTOPAY
BTXN2293248488,RZP3623860158,28226.59,2026-07-13,RTGS-RZP3623860158-RAZORPAY SOFTWARE PVT LTD
BTXN4160723558,RZP8854038034,904.57,2026-07-12,IRCTC TICKET BOOKING
BTXN2870403050,RZP8826851692,8362.65,2026-07-06,RTGS-RZP8826851692-RAZORPAY SOFTWARE PVT LTD
BTXN9015047327,RZP4145374623,74460.06,2026-07-09,UPI-RAZORPAY SOFTWARE PVT LTD-RZP4145374623
BTXN2805872332,rzp2659542405,60844.04,2026-07-14,NEFT CR RAZORPAY SOFTWARE-542405
BTXN6282422324,RZP7462352443,53344.10,2026-07-10,UPI-RAZORPAY SOFTWARE PVT LTD-RZP7462352443
BTXN2866672076,RZP4283148422,16278.00,2026-07-03,RTGS-RZP4283148422-RAZORPAY SOFTWARE PVT LTD
BTXN4241811087,RZP9974090710,4125.70,2026-07-15,ZOMATO ONLINE ORDER
BTXN3372386906,RZP3910585814,53073.22,2026-07-05,RTGS-RZP3910585814-RAZORPAY SOFTWARE PVT LTD
BTXN7519281900,RZP6141328624,29708.90,2026-07-12,UPI-RAZORPAY SOFTWARE PVT LTD-RZP6141328624
BTXN7189122676,RZP4148407142,63645.83,2026-07-09,UPI-RAZORPAY SOFTWARE PVT LTD-RZP4148407142
BTXN6912324904,RZP4210016200,6100.04,2026-07-03,ATM WDL MUM
BTXN7791821520,RZP4768086231,71589.22,2026-07-02,UPI-RAZORPAY SOFTWARE PVT LTD-RZP4768086231
BTXN5945001687,RZP9537381761,56238.37,2026-07-05,NEFT CR-RZP9537381761-RAZORPAY
BTXN7048403287,RZP2280082896,51342.00,2026-07-10,UPI-RAZORPAY SOFTWARE PVT LTD-RZP2280082896
BTXN7980313867,RZP4197133819,1868.73,2026-07-11,IMPS/RZP4197133819/RAZORPAY SETTLEMENT
BTXN8097870820,RZP8977265570,24232.64,2026-07-02,UPI-RAZORPAY SOFTWARE PVT LTD-RZP8977265570
BTXN7116680360,RZP1612023937,60295.79,2026-07-14,UPI-RAZORPAY SOFTWARE PVT LTD-RZP1612023937
BTXN3001701072,RZP2865975855,22474.53,2026-07-06,UPI-RAZORPAY SOFTWARE PVT LTD-RZP2865975855
BTXN3194332526,RZP2794879800,65008.96,2026-07-15,NEFT CR-RZP2794879800-RAZORPAY
BTXN8436788945,RZP8608715454,25453.76,2026-07-06,UPI-RAZORPAY SOFTWARE PVT LTD-RZP8608715454
BTXN7332554920,RZP3831788593,21093.78,2026-07-04,UPI-RAZORPAY SOFTWARE PVT LTD-RZP3831788593
BTXN6884197848,RZP7959741749,9820.13,2026-07-10,UPI-RAZORPAY SOFTWARE PVT LTD-RZP7959741749
BTXN8095410426,RZP2089293655,32877.46,2026-07-03,UPI-RAZORPAY SOFTWARE PVT LTD-RZP2089293655
BTXN5143889422,RZP6932342612,74136.84,2026-07-13,NEFT CR-RZP6932342612-RAZORPAY
BTXN2865100470,RZP7016663,36321.59,2026-07-17,NEFT CR RAZORPAY SOFTWARE-663227
BTXN9791277429,RZP3208772899,10878.97,2026-07-02,NEFT CR-RZP3208772899-RAZORPAY
BTXN8305807778,RZP6559804314,45181.78,2026-07-08,IMPS/RZP6559804314/RAZORPAY SETTLEMENT
BTXN7106351770,RZP9332308606,43909.94,2026-07-10,IMPS/RZP9332308606/RAZORPAY SETTLEMENT
BTXN9765748489,RZP9287057448,22050.49,2026-07-11,IMPS/RZP9287057448/RAZORPAY SETTLEMENT
BTXN4927236130,RZP6412508190,3583.98,2026-07-09,IMPS/RZP6412508190/RAZORPAY SETTLEMENT
BTXN5432051311,RZP2729567415,10147.93,2026-07-03,UPI-RAZORPAY SOFTWARE PVT LTD-RZP2729567415
BTXN4538244882,RZP8028547105,74740.13,2026-07-12,RTGS-RZP8028547105-RAZORPAY SOFTWARE PVT LTD
BTXN1840592447,RZP2401733322,45807.27,2026-07-04,NEFT CR-RZP2401733322-RAZORPAY
BTXN3936023315,RZP3805749062,69885.45,2026-07-11,IMPS/RZP3805749062/RAZORPAY SETTLEMENT
BTXN7606635599,RZP9429780011,19575.54,2026-07-05,UPI-RAZORPAY SOFTWARE PVT LTD-RZP9429780011
BTXN1698040624,RZP8561199922,66120.49,2026-07-11,UPI-RAZORPAY SOFTWARE PVT LTD-RZP8561199922
BTXN2357797930,RZP4983096410,45282.66,2026-07-16,NEFT CR-RZP4983096410-RAZORPAY
BTXN3009881801,RZP1652594754,53636.33,2026-07-05,RTGS-RZP1652594754-RAZORPAY SOFTWARE PVT LTD
BTXN5496678921,RZP7298942042,27429.65,2026-07-13,UPI-RAZORPAY SOFTWARE PVT LTD-RZP7298942042
BTXN6850039777,RZP2326246167,30969.74,2026-07-08,UPI-RAZORPAY SETTLEMENT ORDER 246617
BTXN6477780330,RZP5215519541,51669.27,2026-07-11,NEFT CR-RZP5215519541-RAZORPAY
BTXN3007717269,RZP2509908694,46764.29,2026-07-10,UPI-RAZORPAY SOFTWARE PVT LTD-RZP2509908694
BTXN2452409209,RZP4417940561,39156.02,2026-07-08,UPI-RAZORPAY SOFTWARE PVT LTD-RZP4417940561
BTXN9422422297,RZP5386542532,53804.51,2026-07-04,IMPS/RZP5386542532/RAZORPAY SETTLEMENT
BTXN9948082368,RZP7923323992,60718.11,2026-07-14,IMPS/RZP7923323992/RAZORPAY SETTLEMENT
BTXN2858626620,RZP7386352266,3202.21,2026-07-08,RTGS-RZP7386352266-RAZORPAY SOFTWARE PVT LTD
BTXN6441952391,RZP2748836777,1894.56,2026-07-07,NEFT CR-RZP2748836777-RAZORPAY
BTXN2947995688,RZP4060584334,19992.78,2026-07-14,SALARY CREDIT XYZ CORP
BTXN9433203404,RZP6258396060,15468.84,2026-07-14,IMPS/RZP6258396060/RAZORPAY SETTLEMENT
BTXN9648151138,RZP8652911712,20471.17,2026-07-09,IMPS/RZP8652911712/RAZORPAY SETTLEMENT
BTXN7476026370,RZP7196966433,55191.86,2026-07-02,UPI-RAZORPAY SOFTWARE PVT LTD-RZP7196966433
BTXN3177715278,RZP4864309986,1969.44,2026-07-02,SALARY CREDIT XYZ CORP
BTXN6802071836,RZP9985349083,30031.41,2026-07-05,UPI-RAZORPAY SOFTWARE PVT LTD-RZP9985349083
BTXN6944056712,RZP3848227219,2175.86,2026-07-04,RTGS-RZP3848227219-RAZORPAY SOFTWARE PVT LTD
BTXN5345251833,RZP6362096925,31136.33,2026-07-09,RTGS-RZP6362096925-RAZORPAY SOFTWARE PVT LTD
BTXN4730878209,RZP5781701657,59098.06,2026-07-03,NEFT CR-RZP5781701657-RAZORPAY
BTXN5461666715,RZP5308701373,5510.96,2026-07-09,NEFT CR-RZP5308701373-RAZORPAY
BTXN8745189396,RZP8168642999,30830.71,2026-07-15,UPI-RAZORPAY SOFTWARE PVT LTD-RZP8168642999
BTXN3053910626,RZP7670243809,71296.37,2026-07-02,RTGS-RZP7670243809-RAZORPAY SOFTWARE PVT LTD
BTXN9348248606,RZP8112497128,15213.57,2026-07-08,NEFT CR-RZP8112497128-RAZORPAY
BTXN3242950269,RZP6412392303,50471.67,2026-07-03,UPI-RAZORPAY SOFTWARE PVT LTD-RZP6412392303
BTXN9714664711,RZP5717261756,43721.76,2026-07-07,RTGS-RZP5717261756-RAZORPAY SOFTWARE PVT LTD
BTXN8479327214,RZP8724482271,55283.72,2026-07-09,RTGS-RZP8724482271-RAZORPAY SOFTWARE PVT LTD
BTXN2918279036,RZP4950307105,11085.61,2026-07-02,UPI-RAZORPAY SOFTWARE PVT LTD-RZP4950307105
BTXN4078487866,RZP7421085741,52958.47,2026-07-07,UPI-RAZORPAY SOFTWARE PVT LTD-RZP7421085741
BTXN6607534634,RZP4354550399,24031.41,2026-07-04,RTGS-RZP4354550399-RAZORPAY SOFTWARE PVT LTD
BTXN3568128145,RZP4849997,19276.81,2026-07-05,UPI-RAZORPAY SETTLEMENT ORDER 997934
BTXN2836052116,RZP1723166,53105.85,2026-07-14,NEFT CR RAZORPAY SOFTWARE-166747
BTXN8341210227,RZP1480526186,66794.25,2026-07-05,IMPS/RZP1480526186/RAZORPAY SETTLEMENT
BTXN2726654359,RZP5213093250,3255.75,2026-07-14,NEFT CR-RZP5213093250-RAZORPAY
BTXN9594339914,RZP3067899309,4889.35,2026-07-06,UPI-RAZORPAY SOFTWARE PVT LTD-RZP3067899309
BTXN3611573771,RZP1155462132,2125.43,2026-07-08,IRCTC TICKET BOOKING
BTXN6351994744,RZP7352076116,7513.32,2026-07-05,AMAZON RETAIL PAYMENT
BTXN1496689826,RZP9230237226,12988.25,2026-07-13,AMAZON RETAIL PAYMENT
BTXN9991161849,RZP1701593223,9251.89,2026-07-14,IMPS/RZP1701593223/RAZORPAY SETTLEMENT
BTXN7044067153,RZP6956450116,61208.77,2026-07-15,IMPS/RZP6956450116/RAZORPAY SETTLEMENT
BTXN3294043548,RZP4110335359,63117.67,2026-07-15,NEFT CR-RZP4110335359-RAZORPAY
BTXN5114129880,rzp4960529400,60963.37,2026-07-07,NEFT CR RAZORPAY SOFTWARE-529400
BTXN3865096867,RZP6035496838,41700.92,2026-07-11,UPI-RAZORPAY SOFTWARE PVT LTD-RZP6035496838
BTXN2026000504,rzp4922489088,52082.43,2026-07-08,IMPS/RZP/489088/PAYOUT
BTXN1935139647,RZP6218063810,53871.18,2026-07-04,RTGS-RZP6218063810-RAZORPAY SOFTWARE PVT LTD
BTXN1157053526,RZP5489014845,9028.76,2026-07-05,AMAZON RETAIL PAYMENT
BTXN5211685435,RZP2062090190,58306.81,2026-07-14,UPI-RAZORPAY SOFTWARE PVT LTD-RZP2062090190
BTXN9528346689,RZP5785225459,20901.03,2026-07-11,NEFT CR-RZP5785225459-RAZORPAY
BTXN1478251628,RZP1691210982,7958.41,2026-07-12,ATM WDL DEL
BTXN4807401604,RZP7152329891,70763.95,2026-07-04,RTGS-RZP7152329891-RAZORPAY SOFTWARE PVT LTD
BTXN4067476034,RZP5995968897,73884.67,2026-07-06,RTGS-RZP5995968897-RAZORPAY SOFTWARE PVT LTD
BTXN3314002068,RZP3303717655,58264.37,2026-07-10,NEFT CR-RZP3303717655-RAZORPAY
BTXN3730464311,RZP4827276168,29151.95,2026-07-15,RTGS-RZP4827276168-RAZORPAY SOFTWARE PVT LTD
BTXN4389907086,RZP6260584087,15878.98,2026-07-03,IMPS/RZP6260584087/RAZORPAY SETTLEMENT
BTXN4306182044,RZP7494630201,16944.74,2026-07-12,UPI-RAZORPAY SOFTWARE PVT LTD-RZP7494630201
BTXN5758931367,rzp7380227723,2105.53,2026-07-07,IMPS/RZP/227723/PAYOUT
BTXN3577360105,RZP8583450980,8481.94,2026-07-08,IMPS/RZP8583450980/RAZORPAY SETTLEMENT
BTXN3627983166,RZP1135004246,8046.11,2026-07-10,SWIGGY ORDER PAYMENT
BTXN6224615606,RZP7723241230,44690.07,2026-07-15,RTGS-RZP7723241230-RAZORPAY SOFTWARE PVT LTD
BTXN5466545009,RZP9874836844,6820.78,2026-07-15,NEFT CR-RZP9874836844-RAZORPAY
BTXN8677368682,RZP6126458065,65834.79,2026-07-03,NEFT CR-RZP6126458065-RAZORPAY
BTXN8106313889,RZP8423002492,17717.59,2026-07-01,NETFLIX SUBSCRIPTION
BTXN9242026164,RZP5225506306,31258.24,2026-07-11,IMPS/RZP/503606/PAYOUT
BTXN8968677152,RZP9814505869,6247.61,2026-07-16,RTGS-RZP9814505869-RAZORPAY SOFTWARE PVT LTD
BTXN7509957922,RZP3438768221,21425.11,2026-07-08,NEFT CR-RZP3438768221-RAZORPAY
BTXN1957668578,RZP8269331531,3614.05,2026-07-13,RTGS-RZP8269331531-RAZORPAY SOFTWARE PVT LTD
BTXN7760269457,RZP7693345025,4083.63,2026-07-13,AMAZON RETAIL PAYMENT
BTXN2653032484,RZP3655316364,32747.17,2026-07-12,NEFT CR-RZP3655316364-RAZORPAY
BTXN8032683189,RZP8209074298,72151.32,2026-07-11,UPI-RAZORPAY SOFTWARE PVT LTD-RZP8209074298
BTXN2934455285,RZP7717790234,11075.41,2026-07-08,ZOMATO ONLINE ORDER
BTXN7239058017,RZP2614565561,16788.69,2026-07-09,NEFT CR-RZP2614565561-RAZORPAY
BTXN2957199945,RZP6131861111,8213.29,2026-07-04,ZOMATO ONLINE ORDER
BTXN1529574638,RZP8086795136,66648.33,2026-07-13,NEFT CR-RZP8086795136-RAZORPAY
BTXN1870364501,RZP4475657014,13091.94,2026-07-14,UPI-RAZORPAY SOFTWARE PVT LTD-RZP4475657014
BTXN4684247486,RZP5419626556,20871.17,2026-07-07,NEFT CR RAZORPAY SOFTWARE-626556
BTXN4832640177,RZP4002968632,68344.33,2026-07-02,RTGS-RZP4002968632-RAZORPAY SOFTWARE PVT LTD
BTXN6751404120,RZP5403038027,74550.70,2026-07-09,UPI-RAZORPAY SOFTWARE PVT LTD-RZP5403038027
BTXN1386903346,RZP3996893560,11913.21,2026-07-11,RTGS-RZP3996893560-RAZORPAY SOFTWARE PVT LTD
BTXN4992490053,RZP7745423798,9431.14,2026-07-05,NEFT CR-RZP7745423798-RAZORPAY
BTXN4047013205,RZP3200242051,57626.03,2026-07-05,UPI-RAZORPAY SOFTWARE PVT LTD-RZP3200242051
BTXN4347379083,RZP1725036551,32630.08,2026-07-15,NEFT CR-RZP1725036551-RAZORPAY
BTXN3090168193,rzp3336513265,72534.46,2026-07-08,IMPS/RZP/513265/PAYOUT
BTXN8483150537,RZP9028825158,37494.02,2026-07-12,RTGS-RZP9028825158-RAZORPAY SOFTWARE PVT LTD
BTXN8987073217,RZP9894847574,47517.17,2026-07-04,UPI-RAZORPAY SOFTWARE PVT LTD-RZP9894847574
BTXN9538582379,RZP6440776288,38403.72,2026-07-11,RTGS-RZP6440776288-RAZORPAY SOFTWARE PVT LTD
BTXN2072981699,RZP1537652480,39083.36,2026-07-08,NEFT CR-RZP1537652480-RAZORPAY
BTXN3281679094,RZP6622163115,74648.42,2026-07-04,RTGS-RZP6622163115-RAZORPAY SOFTWARE PVT LTD
BTXN4969787876,RZP3197436453,55811.64,2026-07-04,IMPS/RZP3197436453/RAZORPAY SETTLEMENT
BTXN6761357172,RZP7225877191,22099.79,2026-07-12,IMPS/RZP7225877191/RAZORPAY SETTLEMENT
BTXN3707920718,RZP8474684331,67294.89,2026-07-15,UPI-RAZORPAY SOFTWARE PVT LTD-RZP8474684331
BTXN9485830109,RZP3349610400,14578.22,2026-07-02,NETFLIX SUBSCRIPTION
BTXN1398551461,RZP7366007984,43729.34,2026-07-04,NEFT CR-RZP7366007984-RAZORPAY
BTXN5654171713,RZP4350278757,58260.17,2026-07-12,UPI-RAZORPAY SOFTWARE PVT LTD-RZP4350278757
BTXN5931439460,RZP5608088818,6754.30,2026-07-06,NEFT CR RAZORPAY SOFTWARE-088188
BTXN6515490818,RZP9952048706,69903.42,2026-07-07,IMPS/RZP9952048706/RAZORPAY SETTLEMENT
BTXN2835358775,RZP1270597733,2981.46,2026-07-02,ELECTRICITY BILL AUTOPAY
BTXN4480908133,RZP5762199316,71292.11,2026-07-04,IMPS/RZP5762199316/RAZORPAY SETTLEMENT
BTXN3432345404,RZP5633936422,65939.47,2026-07-02,NEFT CR-RZP5633936422-RAZORPAY
BTXN3158035751,RZP9134363120,55641.18,2026-07-08,UPI-RAZORPAY SOFTWARE PVT LTD-RZP9134363120
BTXN1201334906,RZP9253786068,39281.41,2026-07-06,NEFT CR-RZP9253786068-RAZORPAY
BTXN8012854012,RZP9869896388,56815.46,2026-07-04,RTGS-RZP9869896388-RAZORPAY SOFTWARE PVT LTD
BTXN7437168216,RZP6452066842,71910.25,2026-07-06,IMPS/RZP6452066842/RAZORPAY SETTLEMENT
BTXN6611874047,RZP3370214986,14402.48,2026-07-04,NEFT CR-RZP3370214986-RAZORPAY
BTXN2409511431,RZP5598523005,6798.52,2026-07-06,ATM WDL MUM
BTXN7492854006,RZP8374206139,47203.97,2026-07-12,UPI-RAZORPAY SOFTWARE PVT LTD-RZP8374206139
BTXN5900624864,RZP9982661175,31384.99,2026-07-06,IMPS/RZP9982661175/RAZORPAY SETTLEMENT
BTXN4956866299,RZP7305453159,58269.99,2026-07-01,RTGS-RZP7305453159-RAZORPAY SOFTWARE PVT LTD
BTXN1038082230,RZP7728506417,50755.25,2026-07-13,RTGS-RZP7728506417-RAZORPAY SOFTWARE PVT LTD
BTXN4186066547,RZP3070734230,25465.34,2026-07-10,RTGS-RZP3070734230-RAZORPAY SOFTWARE PVT LTD
BTXN4394948915,rzp5139978359,24982.55,2026-07-13,IMPS/RZP/978359/PAYOUT
BTXN1900519707,RZP4281104738,39757.20,2026-07-03,NEFT CR-RZP4281104738-RAZORPAY
BTXN1638384385,RZP3571904962,63619.01,2026-07-07,UPI-RAZORPAY SOFTWARE PVT LTD-RZP3571904962
BTXN1804756055,RZP7673831101,42812.35,2026-07-01,RTGS-RZP7673831101-RAZORPAY SOFTWARE PVT LTD
BTXN2296168076,RZP5096389923,9477.03,2026-07-15,ELECTRICITY BILL AUTOPAY
BTXN2685177024,RZP1322809882,6289.68,2026-07-02,UPI-RAZORPAY SOFTWARE PVT LTD-RZP1322809882
BTXN9483055589,RZP3533477420,38514.77,2026-07-06,NEFT CR-RZP3533477420-RAZORPAY
BTXN6524621697,RZP5047747012,5459.70,2026-07-02,UPI-RAZORPAY SOFTWARE PVT LTD-RZP5047747012
BTXN1606922657,RZP7828914779,55991.79,2026-07-14,UPI-RAZORPAY SOFTWARE PVT LTD-RZP7828914779
BTXN7986216442,RZP3807166937,15100.82,2026-07-05,UPI-RAZORPAY SOFTWARE PVT LTD-RZP3807166937
BTXN4522887237,RZP1112024524,19175.44,2026-07-08,SALARY CREDIT XYZ CORP
BTXN2070208023,RZP5016564330,74130.37,2026-07-11,IMPS/RZP5016564330/RAZORPAY SETTLEMENT
BTXN8354400091,RZP5710265086,29177.08,2026-07-04,RTGS-RZP5710265086-RAZORPAY SOFTWARE PVT LTD
BTXN5654014006,RZP2727768349,48220.03,2026-07-09,NEFT CR-RZP2727768349-RAZORPAY
BTXN5829062179,RZP1256143439,59550.83,2026-07-10,IMPS/RZP1256143439/RAZORPAY SETTLEMENT
BTXN1404533615,RZP3569722379,21371.89,2026-07-01,IMPS/RZP3569722379/RAZORPAY SETTLEMENT
BTXN4086312754,RZP2361544288,15344.13,2026-07-14,ELECTRICITY BILL AUTOPAY
BTXN5708063733,RZP3744121107,46385.38,2026-07-13,UPI-RAZORPAY SOFTWARE PVT LTD-RZP3744121107
BTXN1279925964,RZP7092946234,2998.50,2026-07-07,RTGS-RZP7092946234-RAZORPAY SOFTWARE PVT LTD
BTXN8108272461,RZP9149117026,60336.61,2026-07-10,IMPS/RZP9149117026/RAZORPAY SETTLEMENT
BTXN7674473029,RZP9445385585,3181.31,2026-07-02,SALARY CREDIT XYZ CORP
BTXN9315289973,RZP3883446684,31027.31,2026-07-12,RTGS-RZP3883446684-RAZORPAY SOFTWARE PVT LTD
BTXN4969210194,RZP3147351265,29696.34,2026-07-14,NEFT CR-RZP3147351265-RAZORPAY
BTXN5938336402,RZP6345852933,13022.51,2026-07-07,NETFLIX SUBSCRIPTION
BTXN6766437294,RZP7419418819,42841.77,2026-07-10,IMPS/RZP7419418819/RAZORPAY SETTLEMENT
BTXN8419107020,RZP4159917292,69275.26,2026-07-13,NEFT CR-RZP4159917292-RAZORPAY
BTXN9713202418,RZP2936263785,11519.78,2026-07-15,ELECTRICITY BILL AUTOPAY
BTXN6772711958,RZP1301413430,27521.41,2026-07-03,IMPS/RZP1301413430/RAZORPAY SETTLEMENT
BTXN4828936895,RZP1732721908,6673.86,2026-07-12,ZOMATO ONLINE ORDER
BTXN9003959750,RZP2742329915,28352.72,2026-07-12,IMPS/RZP2742329915/RAZORPAY SETTLEMENT
BTXN6606765335,RZP8593733652,24322.62,2026-07-07,RTGS-RZP8593733652-RAZORPAY SOFTWARE PVT LTD
BTXN8987178288,RZP7285100154,7834.41,2026-07-02,UPI-RAZORPAY SOFTWARE PVT LTD-RZP7285100154
BTXN5999455318,RZP4761696781,24836.69,2026-07-03,UPI-RAZORPAY SOFTWARE PVT LTD-RZP4761696781
BTXN3256405819,RZP2885369993,22092.91,2026-07-04,UPI-RAZORPAY SOFTWARE PVT LTD-RZP2885369993
BTXN7170950494,RZP8490860098,50041.60,2026-07-08,IMPS/RZP8490860098/RAZORPAY SETTLEMENT
BTXN7027451288,RZP2438639839,7342.93,2026-07-06,IMPS/RZP2438639839/RAZORPAY SETTLEMENT
BTXN9576178517,RZP8657075548,49607.24,2026-07-08,NEFT CR-RZP8657075548-RAZORPAY
BTXN2035591540,RZP6388374068,53586.02,2026-07-02,UPI-RAZORPAY SOFTWARE PVT LTD-RZP6388374068
BTXN1461288745,RZP9646323272,7758.41,2026-07-12,IMPS/RZP9646323272/RAZORPAY SETTLEMENT
BTXN1851249321,RZP8340196696,67813.79,2026-07-08,IMPS/RZP8340196696/RAZORPAY SETTLEMENT
BTXN8139112018,RZP5788587614,33445.24,2026-07-07,RTGS-RZP5788587614-RAZORPAY SOFTWARE PVT LTD
BTXN9963433108,RZP2368929708,13861.47,2026-07-10,IMPS/RZP2368929708/RAZORPAY SETTLEMENT
BTXN6837608623,RZP8103623449,66097.26,2026-07-10,NEFT CR-RZP8103623449-RAZORPAY
BTXN6047522853,RZP9200147452,43966.91,2026-07-14,RTGS-RZP9200147452-RAZORPAY SOFTWARE PVT LTD
BTXN3956285442,RZP9073528140,17695.20,2026-07-04,ELECTRICITY BILL AUTOPAY
BTXN7332115686,RZP1522001184,43387.66,2026-07-13,UPI-RAZORPAY SOFTWARE PVT LTD-RZP1522001184
BTXN6321378438,RZP2139737922,40040.34,2026-07-01,NEFT CR-RZP2139737922-RAZORPAY
BTXN2613320164,RZP8671467087,64842.59,2026-07-02,RTGS-RZP8671467087-RAZORPAY SOFTWARE PVT LTD
BTXN2645689727,RZP5226555608,72567.25,2026-07-10,NEFT CR-RZP5226555608-RAZORPAY
BTXN3439346906,RZP9441873461,2466.31,2026-07-03,ATM WDL BLR
BTXN1017942548,RZP5961558655,58460.19,2026-07-11,RTGS-RZP5961558655-RAZORPAY SOFTWARE PVT LTD
BTXN3964735450,RZP7984434647,15763.28,2026-07-15,IMPS/RZP7984434647/RAZORPAY SETTLEMENT
BTXN2362940150,ZRP5630791358,49173.29,2026-07-18,NEFT CR RAZORPAY SOFTWARE-791358
BTXN2800519072,RZP5355048664,62512.44,2026-07-12,NEFT CR-RZP5355048664-RAZORPAY
BTXN7287896242,RZP8053457714,56783.55,2026-07-02,UPI-RAZORPAY SOFTWARE PVT LTD-RZP8053457714
BTXN9616153498,RZP5639037097,31384.58,2026-07-08,NEFT CR RAZORPAY SOFTWARE-307097
BTXN9313405444,rzp5310312434,24926.96,2026-07-13,UPI-RAZORPAY SETTLEMENT ORDER 312434
BTXN8941279617,RZP2070273131,73814.50,2026-07-16,NEFT CR-RZP2070273131-RAZORPAY
BTXN7451175303,RZP7580385337,39548.01,2026-07-09,RTGS-RZP7580385337-RAZORPAY SOFTWARE PVT LTD
BTXN2923306345,RZP8997418957,73436.51,2026-07-07,UPI-RAZORPAY SOFTWARE PVT LTD-RZP8997418957
BTXN1064715310,RZP3863432302,73008.92,2026-07-04,RTGS-RZP3863432302-RAZORPAY SOFTWARE PVT LTD
BTXN2016153391,RZP8690335838,67824.76,2026-07-18,UPI-RAZORPAY SETTLEMENT ORDER 335838
BTXN3293241214,rzp1214953326,49131.38,2026-07-10,IMPS/RZP/953326/PAYOUT
BTXN9868304865,RZP5355576,48477.75,2026-07-04,NEFT CR RAZORPAY SOFTWARE-576590
BTXN8672012517,RZP2511707755,37018.94,2026-07-13,RTGS-RZP2511707755-RAZORPAY SOFTWARE PVT LTD
BTXN4857459052,RZP3791714419,27059.36,2026-07-08,UPI-RAZORPAY SOFTWARE PVT LTD-RZP3791714419
BTXN5285484833,RZP5555027660,41204.36,2026-07-14,UPI-RAZORPAY SOFTWARE PVT LTD-RZP5555027660
BTXN5436384177,RZP4964207105,18396.01,2026-07-02,AMAZON RETAIL PAYMENT
BTXN2301188571,RZP6945208293,47938.79,2026-07-01,NEFT CR-RZP6945208293-RAZORPAY
BTXN8069442827,RZP6770823981,23720.22,2026-07-10,NEFT CR RAZORPAY SOFTWARE-829381
BTXN6175492968,RZP2610079,16005.37,2026-07-20,NEFT CR RAZORPAY SOFTWARE-079935
BTXN8972056714,RZP6206697226,4316.59,2026-07-12,RTGS-RZP6206697226-RAZORPAY SOFTWARE PVT LTD
BTXN8315974858,RZP2004625264,1201.79,2026-07-06,SALARY CREDIT XYZ CORP
BTXN2276293556,RZP6487757017,24842.29,2026-07-03,NEFT CR-RZP6487757017-RAZORPAY
BTXN4755937285,RZP1439921366,23844.69,2026-07-15,IMPS/RZP1439921366/RAZORPAY SETTLEMENT
BTXN6209779152,RZP5866136982,55156.98,2026-07-16,UPI-RAZORPAY SOFTWARE PVT LTD-RZP5866136982
BTXN4497217225,RZP7885056968,3742.50,2026-07-13,RTGS-RZP7885056968-RAZORPAY SOFTWARE PVT LTD
BTXN3092600810,RZP7066267665,28507.84,2026-07-06,UPI-RAZORPAY SOFTWARE PVT LTD-RZP7066267665
BTXN1276399046,RZP5392377329,66580.25,2026-07-15,UPI-RAZORPAY SOFTWARE PVT LTD-RZP5392377329
BTXN6503647391,RZP2557023069,40314.31,2026-07-06,NEFT CR-RZP2557023069-RAZORPAY
BTXN5453532494,RZP3945689118,74291.44,2026-07-14,NEFT CR-RZP3945689118-RAZORPAY
BTXN2963288053,RZP8628603366,18204.20,2026-07-02,UPI-RAZORPAY SOFTWARE PVT LTD-RZP8628603366
BTXN6426862618,RZP8318812732,74917.88,2026-07-12,UPI-RAZORPAY SOFTWARE PVT LTD-RZP8318812732
BTXN6003501571,RZP5614558653,14622.33,2026-07-10,RTGS-RZP5614558653-RAZORPAY SOFTWARE PVT LTD
BTXN9696160042,RZP7086651813,7094.77,2026-07-13,RTGS-RZP7086651813-RAZORPAY SOFTWARE PVT LTD
BTXN4177137970,RZP8260715250,1488.59,2026-07-08,RTGS-RZP8260715250-RAZORPAY SOFTWARE PVT LTD
BTXN1703641034,RZP4381708663,16199.11,2026-07-08,NETFLIX SUBSCRIPTION
BTXN5888734626,RZP4962457585,40587.94,2026-07-12,IMPS/RZP4962457585/RAZORPAY SETTLEMENT
BTXN5663557457,rzp5263637550,65513.42,2026-07-19,UPI-RAZORPAY SETTLEMENT ORDER 637550
BTXN7959237929,RZP7108874722,33116.31,2026-07-15,UPI-RAZORPAY SOFTWARE PVT LTD-RZP7108874722
BTXN1970004816,RZP8606346821,36121.39,2026-07-07,UPI-RAZORPAY SOFTWARE PVT LTD-RZP8606346821
BTXN8399650163,RZP6055302292,21666.75,2026-07-15,NEFT CR-RZP6055302292-RAZORPAY
BTXN1142840593,RZP7730566825,11414.84,2026-07-06,RTGS-RZP7730566825-RAZORPAY SOFTWARE PVT LTD
BTXN3522129892,RZP8573798920,23853.86,2026-07-12,NEFT CR-RZP8573798920-RAZORPAY
BTXN3724734039,RZP2059498127,19495.84,2026-07-17,RTGS-RZP2059498127-RAZORPAY SOFTWARE PVT LTD
BTXN2149984890,RZP1161744076,35949.44,2026-07-16,NEFT CR-RZP1161744076-RAZORPAY
BTXN6365331524,RZP7083774420,8339.37,2026-07-08,IMPS/RZP7083774420/RAZORPAY SETTLEMENT
BTXN2143560689,RZP3934928543,43717.28,2026-07-13,NEFT CR-RZP3934928543-RAZORPAY
BTXN8771367952,RZP4961595366,11788.25,2026-07-12,IMPS/RZP4961595366/RAZORPAY SETTLEMENT
BTXN1814590557,RZP3365713885,8963.51,2026-07-03,ELECTRICITY BILL AUTOPAY
BTXN3878201524,RZP5162060546,35515.77,2026-07-07,IMPS/RZP5162060546/RAZORPAY SETTLEMENT
BTXN5998943805,RZP8118724337,50549.91,2026-07-07,NEFT CR-RZP8118724337-RAZORPAY
BTXN6718367962,RZP9421560050,8501.50,2026-07-04,NETFLIX SUBSCRIPTION
BTXN5142796039,RZP7550815591,65137.75,2026-07-07,IMPS/RZP7550815591/RAZORPAY SETTLEMENT
BTXN8874242713,RZP8778927211,54159.05,2026-07-08,RTGS-RZP8778927211-RAZORPAY SOFTWARE PVT LTD
BTXN7333854872,RZP3306940725,73031.70,2026-07-02,NEFT CR-RZP3306940725-RAZORPAY
BTXN7508686143,RZP9906206141,18846.62,2026-07-07,IMPS/RZP9906206141/RAZORPAY SETTLEMENT
BTXN4155015351,RZP9470094523,35646.33,2026-07-04,UPI-RAZORPAY SOFTWARE PVT LTD-RZP9470094523
BTXN4542693668,RZP4651178503,59778.01,2026-07-07,NEFT CR-RZP4651178503-RAZORPAY
BTXN5648971814,RZP1008475087,6278.23,2026-07-14,SWIGGY ORDER PAYMENT
BTXN9310901350,RZP2911717647,46845.15,2026-07-15,UPI-RAZORPAY SOFTWARE PVT LTD-RZP2911717647
BTXN8782781864,RZP7554344012,64407.79,2026-07-11,NEFT CR-RZP7554344012-RAZORPAY
BTXN1719442108,RZP7103217717,72063.31,2026-07-13,IMPS/RZP7103217717/RAZORPAY SETTLEMENT
BTXN5160689456,RZP8184021069,46573.61,2026-07-11,UPI-RAZORPAY SOFTWARE PVT LTD-RZP8184021069
BTXN1998278217,RZP9341227108,44709.01,2026-07-02,NEFT CR-RZP9341227108-RAZORPAY
BTXN7733937657,RZP5024672592,5920.12,2026-07-10,NEFT CR-RZP5024672592-RAZORPAY
BTXN9369092203,RZP1456606388,43391.09,2026-07-12,NEFT CR-RZP1456606388-RAZORPAY
BTXN2005178800,RZP7650227343,33517.47,2026-07-12,IMPS/RZP7650227343/RAZORPAY SETTLEMENT
BTXN6624439142,RZP8506700404,15986.52,2026-07-14,NEFT CR-RZP8506700404-RAZORPAY
BTXN3842861081,RZP2855453390,70353.56,2026-07-10,IMPS/RZP2855453390/RAZORPAY SETTLEMENT
BTXN7345454550,RZP6235163181,14185.19,2026-07-12,UPI-RAZORPAY SOFTWARE PVT LTD-RZP6235163181
BTXN1684032163,RZP4741328421,18980.70,2026-07-13,ELECTRICITY BILL AUTOPAY
BTXN6172957943,RZP8160279830,3883.59,2026-07-07,UPI-RAZORPAY SOFTWARE PVT LTD-RZP8160279830
BTXN8067869997,RZP6734987,54171.00,2026-07-13,NEFT CR RAZORPAY SOFTWARE-987399
BTXN5313928928,RZP1036608063,29169.73,2026-07-07,NEFT CR-RZP1036608063-RAZORPAY
BTXN8808755195,RZP5546196649,37617.30,2026-07-11,IMPS/RZP5546196649/RAZORPAY SETTLEMENT
BTXN3323646093,RZP3791027186,63956.51,2026-07-14,RTGS-RZP3791027186-RAZORPAY SOFTWARE PVT LTD
BTXN2531699455,RZP7146077217,14872.38,2026-07-07,UPI-RAZORPAY SOFTWARE PVT LTD-RZP7146077217
BTXN1402078876,RZP4701689650,7848.21,2026-07-02,IMPS/RZP4701689650/RAZORPAY SETTLEMENT
BTXN6670347401,RZP7905984635,28759.38,2026-07-02,RTGS-RZP7905984635-RAZORPAY SOFTWARE PVT LTD
BTXN1775200141,ZRP4607601939,47937.25,2026-07-06,NEFT CR RAZORPAY SOFTWARE-601939
BTXN2275396474,RZP7158204800,13996.78,2026-07-10,NEFT CR-RZP7158204800-RAZORPAY
BTXN6359242586,RZP6712777378,52163.86,2026-07-14,IMPS/RZP6712777378/RAZORPAY SETTLEMENT
BTXN7050955723,RZP9988027682,72840.35,2026-07-06,UPI-RAZORPAY SOFTWARE PVT LTD-RZP9988027682
BTXN7406580937,RZP7515764742,10762.63,2026-07-04,SWIGGY ORDER PAYMENT
BTXN1681205304,RZP2008110018,41983.87,2026-07-01,IMPS/RZP2008110018/RAZORPAY SETTLEMENT
BTXN3280137701,RZP6577178140,64956.59,2026-07-01,NEFT CR-RZP6577178140-RAZORPAY
BTXN8989418278,RZP2419888806,20686.68,2026-07-01,NEFT CR-RZP2419888806-RAZORPAY
BTXN4381158941,RZP5340080914,20288.26,2026-07-03,RTGS-RZP5340080914-RAZORPAY SOFTWARE PVT LTD
BTXN2902063545,RZP3733780172,24678.16,2026-07-13,NEFT CR-RZP3733780172-RAZORPAY
BTXN9901950092,RZP7688048,51032.12,2026-07-07,NEFT CR RAZORPAY SOFTWARE-048060
BTXN5735810707,RZP6633521,4724.72,2026-07-07,IMPS/RZP/521272/PAYOUT
BTXN4005092365,RZP7141264617,42511.68,2026-07-01,RTGS-RZP7141264617-RAZORPAY SOFTWARE PVT LTD
BTXN8756769446,RZP4993235854,68557.80,2026-07-09,RTGS-RZP4993235854-RAZORPAY SOFTWARE PVT LTD
BTXN8748897411,RZP1576275913,52467.90,2026-07-15,NEFT CR-RZP1576275913-RAZORPAY
BTXN7586203381,RZP9460756905,33240.92,2026-07-05,UPI-RAZORPAY SOFTWARE PVT LTD-RZP9460756905
BTXN5137114318,RZP9461783045,66096.10,2026-07-06,RTGS-RZP9461783045-RAZORPAY SOFTWARE PVT LTD
BTXN2208863271,rzp2315068507,66192.54,2026-07-11,NEFT CR RAZORPAY SOFTWARE-068507
BTXN8781662243,RZP8007540896,2719.29,2026-07-14,RTGS-RZP8007540896-RAZORPAY SOFTWARE PVT LTD
BTXN7860095258,rzp3499341716,32670.69,2026-07-10,UPI-RAZORPAY SETTLEMENT ORDER 341716
BTXN3679139811,rzp5948165769,3453.74,2026-07-14,IMPS/RZP/165769/PAYOUT
BTXN8118481879,RZP7419345527,45895.47,2026-07-19,UPI-RAZORPAY SETTLEMENT ORDER 345527
BTXN6267504857,RZP9596180159,71250.03,2026-07-11,NEFT CR-RZP9596180159-RAZORPAY
BTXN1134003788,RZP6691563625,3354.96,2026-07-02,SWIGGY ORDER PAYMENT
BTXN8137764127,RZP8928570600,920.56,2026-07-08,NEFT CR-RZP8928570600-RAZORPAY
BTXN5819417473,RZP2013506767,17637.25,2026-07-03,SWIGGY ORDER PAYMENT
BTXN7141853160,RZP8789492851,10673.10,2026-07-10,IMPS/RZP8789492851/RAZORPAY SETTLEMENT
BTXN5451792309,RZP3266905854,8743.28,2026-07-15,UPI-RAZORPAY SOFTWARE PVT LTD-RZP3266905854
BTXN6025748234,RZP6668676826,56880.39,2026-07-14,IMPS/RZP6668676826/RAZORPAY SETTLEMENT
BTXN8882744094,RZP3067635059,27442.53,2026-07-05,IMPS/RZP3067635059/RAZORPAY SETTLEMENT
BTXN1405126228,RZP7769777475,18603.29,2026-07-08,RTGS-RZP7769777475-RAZORPAY SOFTWARE PVT LTD
BTXN4744741920,RZP7986589610,19830.62,2026-07-10,RTGS-RZP7986589610-RAZORPAY SOFTWARE PVT LTD
BTXN4134974517,RZP5449634185,57033.93,2026-07-15,RTGS-RZP5449634185-RAZORPAY SOFTWARE PVT LTD
BTXN4203489109,RZP7399533235,24384.32,2026-07-07,UPI-RAZORPAY SOFTWARE PVT LTD-RZP7399533235
BTXN9871992241,RZP8495531112,16294.61,2026-07-06,UPI-RAZORPAY SOFTWARE PVT LTD-RZP8495531112
BTXN8563669597,RZP6294288263,41471.32,2026-07-02,UPI-RAZORPAY SOFTWARE PVT LTD-RZP6294288263
BTXN6898333658,RZP3666500636,69619.09,2026-07-13,RTGS-RZP3666500636-RAZORPAY SOFTWARE PVT LTD
BTXN1369702097,RZP2239673672,60522.62,2026-07-15,RTGS-RZP2239673672-RAZORPAY SOFTWARE PVT LTD
BTXN8908853800,RZP9832676598,34028.93,2026-07-03,NEFT CR-RZP9832676598-RAZORPAY
BTXN5483999597,RZP1271319459,71926.52,2026-07-02,NEFT CR-RZP1271319459-RAZORPAY
BTXN3986063239,RZP9369885242,35528.75,2026-07-12,IMPS/RZP9369885242/RAZORPAY SETTLEMENT
BTXN8150736635,RZP3245577736,7098.69,2026-07-12,IMPS/RZP3245577736/RAZORPAY SETTLEMENT
BTXN9940136140,RZP1686490457,15551.74,2026-07-06,NEFT CR-RZP1686490457-RAZORPAY
BTXN3856190108,RZP3604827192,51832.89,2026-07-01,RTGS-RZP3604827192-RAZORPAY SOFTWARE PVT LTD
BTXN8538899308,RZP7435826794,68932.50,2026-07-15,RTGS-RZP7435826794-RAZORPAY SOFTWARE PVT LTD
BTXN2964820050,RZP5173539954,37463.43,2026-07-04,UPI-RAZORPAY SOFTWARE PVT LTD-RZP5173539954
BTXN7083157218,RZP7905524242,11040.10,2026-07-09,RTGS-RZP7905524242-RAZORPAY SOFTWARE PVT LTD
BTXN4870516577,RZP3867261857,56714.00,2026-07-13,UPI-RAZORPAY SOFTWARE PVT LTD-RZP3867261857
BTXN3772963327,RZP9205080,3101.69,2026-07-11,NEFT CR RAZORPAY SOFTWARE-080512
BTXN8865441365,RZP5585789136,14931.40,2026-07-11,IMPS/RZP5585789136/RAZORPAY SETTLEMENT
BTXN9447304615,RZP4048090198,67838.47,2026-07-08,UPI-RAZORPAY SOFTWARE PVT LTD-RZP4048090198
BTXN1590985753,RZP1964386641,24242.02,2026-07-02,IMPS/RZP1964386641/RAZORPAY SETTLEMENT
BTXN9187957431,RZP8303200068,30846.89,2026-07-12,IMPS/RZP8303200068/RAZORPAY SETTLEMENT
BTXN1234978221,RZP8659237830,44971.23,2026-07-11,NEFT CR-RZP8659237830-RAZORPAY
BTXN2918050690,RZP7450184446,12704.34,2026-07-05,RTGS-RZP7450184446-RAZORPAY SOFTWARE PVT LTD
BTXN7356053406,RZP2571495371,30122.55,2026-07-09,RTGS-RZP2571495371-RAZORPAY SOFTWARE PVT LTD
BTXN8453233454,RZP7599779355,72045.70,2026-07-09,IMPS/RZP7599779355/RAZORPAY SETTLEMENT
BTXN2461516654,RZP8410083072,25333.16,2026-07-13,RTGS-RZP8410083072-RAZORPAY SOFTWARE PVT LTD
BTXN9298352653,RZP5184054736,68508.02,2026-07-04,IMPS/RZP5184054736/RAZORPAY SETTLEMENT
BTXN6772068402,RZP2449737480,7538.51,2026-07-09,SALARY CREDIT XYZ CORP
BTXN2980009139,RZP7151392676,15274.80,2026-07-12,SWIGGY ORDER PAYMENT
BTXN4136415654,RZP8647043663,4359.83,2026-07-01,ATM WDL MUM
BTXN4190206706,RZP8386991846,72523.94,2026-07-04,IMPS/RZP8386991846/RAZORPAY SETTLEMENT
BTXN5338589283,RZP9943487449,2090.02,2026-07-05,AMAZON RETAIL PAYMENT
BTXN2298846178,RZP5395820506,6198.77,2026-07-12,ELECTRICITY BILL AUTOPAY
BTXN9509623540,RZP6090076463,50677.66,2026-07-02,NEFT CR-RZP6090076463-RAZORPAY
BTXN4166135185,RZP4500684941,67824.13,2026-07-09,RTGS-RZP4500684941-RAZORPAY SOFTWARE PVT LTD
BTXN6126802928,RZP4696908984,53680.21,2026-07-09,RTGS-RZP4696908984-RAZORPAY SOFTWARE PVT LTD
BTXN9817885611,RZP4173917498,66921.55,2026-07-09,NEFT CR-RZP4173917498-RAZORPAY
BTXN8579713140,RZP9928577693,50174.84,2026-07-03,RTGS-RZP9928577693-RAZORPAY SOFTWARE PVT LTD
BTXN9518375819,RZP6862920,17906.31,2026-07-14,IMPS/RZP/920746/PAYOUT
BTXN9603781899,RZP2760938563,18530.92,2026-07-06,IMPS/RZP2760938563/RAZORPAY SETTLEMENT
BTXN4068427264,RZP7107765863,28587.75,2026-07-13,IMPS/RZP7107765863/RAZORPAY SETTLEMENT
BTXN1026224160,RZP6069848439,52851.06,2026-07-05,IMPS/RZP6069848439/RAZORPAY SETTLEMENT
BTXN5718698997,RZP2620997593,39069.25,2026-07-17,RTGS-RZP2620997593-RAZORPAY SOFTWARE PVT LTD
BTXN7033893492,RZP6918486692,25949.47,2026-07-15,RTGS-RZP6918486692-RAZORPAY SOFTWARE PVT LTD
BTXN9028084288,RZP1166403928,7658.41,2026-07-17,RTGS-RZP1166403928-RAZORPAY SOFTWARE PVT LTD
BTXN7871054607,RZP8848257198,11044.51,2026-07-07,NETFLIX SUBSCRIPTION
BTXN6564673024,RZP7132039885,66697.39,2026-07-02,UPI-RAZORPAY SOFTWARE PVT LTD-RZP7132039885
BTXN7654085764,RZP9595947379,26385.91,2026-07-10,IMPS/RZP9595947379/RAZORPAY SETTLEMENT
BTXN9760981233,RZP1876893959,17755.88,2026-07-08,SWIGGY ORDER PAYMENT
BTXN8030074879,RZP1495978105,15418.57,2026-07-14,ZOMATO ONLINE ORDER
BTXN1404768759,RZP4374674565,26398.67,2026-07-05,IMPS/RZP4374674565/RAZORPAY SETTLEMENT
BTXN1822448717,RZP5547477409,50706.02,2026-07-16,IMPS/RZP5547477409/RAZORPAY SETTLEMENT
BTXN9977596038,RZP4668194317,30820.06,2026-07-03,RTGS-RZP4668194317-RAZORPAY SOFTWARE PVT LTD
BTXN9904578610,RZP5916109591,73149.54,2026-07-14,RTGS-RZP5916109591-RAZORPAY SOFTWARE PVT LTD
BTXN5727435172,RZP8285555858,12217.67,2026-07-12,UPI-RAZORPAY SOFTWARE PVT LTD-RZP8285555858
BTXN9018546723,RZP1989523093,52498.67,2026-07-17,RTGS-RZP1989523093-RAZORPAY SOFTWARE PVT LTD
BTXN5469243303,RZP8814311396,38354.29,2026-07-10,NEFT CR-RZP8814311396-RAZORPAY
BTXN7850841338,RZP9050970105,41099.83,2026-07-08,IMPS/RZP9050970105/RAZORPAY SETTLEMENT
BTXN4500557310,RZP3719679239,40030.06,2026-07-04,IMPS/RZP3719679239/RAZORPAY SETTLEMENT
BTXN8557709486,RZP8849654068,34241.12,2026-07-14,NEFT CR-RZP8849654068-RAZORPAY
BTXN6723027055,RZP2334584949,73020.09,2026-07-06,RTGS-RZP2334584949-RAZORPAY SOFTWARE PVT LTD
BTXN8196580685,RZP3861765594,29339.28,2026-07-03,UPI-RAZORPAY SOFTWARE PVT LTD-RZP3861765594
BTXN2281380475,RZP9331894992,72828.50,2026-07-02,NEFT CR-RZP9331894992-RAZORPAY
BTXN1319483688,RZP7002858454,8304.24,2026-07-07,IMPS/RZP7002858454/RAZORPAY SETTLEMENT
BTXN8495577948,RZP6329433466,36902.63,2026-07-12,NEFT CR-RZP6329433466-RAZORPAY
BTXN3728871482,RZP5586305039,50843.57,2026-07-10,RTGS-RZP5586305039-RAZORPAY SOFTWARE PVT LTD
BTXN6410168846,RZP4752519255,52876.41,2026-07-02,NEFT CR-RZP4752519255-RAZORPAY
BTXN6601348687,RZP9097539918,6647.29,2026-07-11,NEFT CR-RZP9097539918-RAZORPAY
BTXN2068283941,RZP7924416333,62793.05,2026-07-08,IMPS/RZP7924416333/RAZORPAY SETTLEMENT
BTXN7812337613,RZP6642708009,56316.01,2026-07-13,UPI-RAZORPAY SOFTWARE PVT LTD-RZP6642708009
BTXN1312621735,RZP8555581375,39552.22,2026-07-01,NEFT CR-RZP8555581375-RAZORPAY
BTXN3935480365,ZRP6357078311,9125.04,2026-07-13,NEFT CR RAZORPAY SOFTWARE-078311
BTXN1112808871,RZP1832516419,12514.34,2026-07-14,NEFT CR-RZP1832516419-RAZORPAY
BTXN2298460389,RZP8205013102,12884.80,2026-07-13,AMAZON RETAIL PAYMENT
BTXN2044331936,RZP6821360946,36364.25,2026-07-10,RTGS-RZP6821360946-RAZORPAY SOFTWARE PVT LTD
BTXN2084083707,RZP3536794972,51245.57,2026-07-07,RTGS-RZP3536794972-RAZORPAY SOFTWARE PVT LTD
BTXN8902576545,RZP2998755610,44953.67,2026-07-07,UPI-RAZORPAY SOFTWARE PVT LTD-RZP2998755610
BTXN8943866829,RZP8136179811,5637.28,2026-07-11,IMPS/RZP8136179811/RAZORPAY SETTLEMENT
BTXN1698989552,RZP3515395117,52517.13,2026-07-08,NEFT CR-RZP3515395117-RAZORPAY
BTXN3389594115,RZP1366637148,32674.80,2026-07-12,IMPS/RZP1366637148/RAZORPAY SETTLEMENT
BTXN8796020741,RZP8576744440,19560.24,2026-07-13,UPI-RAZORPAY SOFTWARE PVT LTD-RZP8576744440
BTXN6772576082,RZP6831390197,20018.25,2026-07-04,UPI-RAZORPAY SOFTWARE PVT LTD-RZP6831390197
BTXN5161114352,RZP8706848089,44059.92,2026-07-07,NEFT CR-RZP8706848089-RAZORPAY
BTXN4372679798,RZP4285061579,37642.96,2026-07-13,NEFT CR-RZP4285061579-RAZORPAY
BTXN3754548890,RZP6038570990,64831.24,2026-07-16,RTGS-RZP6038570990-RAZORPAY SOFTWARE PVT LTD
BTXN3308745090,RZP5064162365,23175.16,2026-07-08,UPI-RAZORPAY SOFTWARE PVT LTD-RZP5064162365
BTXN9498977979,RZP4211641400,9996.85,2026-07-12,NEFT CR-RZP4211641400-RAZORPAY
BTXN3408843891,RZP2248665943,12350.57,2026-07-15,RTGS-RZP2248665943-RAZORPAY SOFTWARE PVT LTD
BTXN3969110738,RZP3137507466,73347.28,2026-07-07,NEFT CR-RZP3137507466-RAZORPAY
BTXN7719452052,RZP4874572470,44043.12,2026-07-06,NEFT CR-RZP4874572470-RAZORPAY
BTXN3394452249,RZP9352270635,20039.54,2026-07-07,RTGS-RZP9352270635-RAZORPAY SOFTWARE PVT LTD
BTXN8600608726,RZP5961762755,7902.44,2026-07-06,RTGS-RZP5961762755-RAZORPAY SOFTWARE PVT LTD
BTXN3886984936,RZP3597900199,54082.29,2026-07-06,IMPS/RZP3597900199/RAZORPAY SETTLEMENT
BTXN2217273279,RZP9582815791,18320.90,2026-07-14,NEFT CR-RZP9582815791-RAZORPAY
BTXN5089069686,RZP1182814889,68268.71,2026-07-11,NEFT CR-RZP1182814889-RAZORPAY
BTXN2409274786,RZP5060136033,57667.54,2026-07-13,IMPS/RZP5060136033/RAZORPAY SETTLEMENT
BTXN1912704411,RZP6238746566,52843.28,2026-07-15,IMPS/RZP6238746566/RAZORPAY SETTLEMENT
BTXN1952996130,RZP3558781873,39061.90,2026-07-15,IMPS/RZP3558781873/RAZORPAY SETTLEMENT
BTXN1742609622,RPZ9350926956,21881.78,2026-07-06,NEFT CR RAZORPAY SOFTWARE-926956
BTXN3771686437,RZP3051815663,69149.41,2026-07-06,UPI-RAZORPAY SOFTWARE PVT LTD-RZP3051815663
BTXN2866736710,RZP1195683634,61949.39,2026-07-12,IMPS/RZP1195683634/RAZORPAY SETTLEMENT
BTXN6481881158,RZP2065743255,61029.64,2026-07-07,UPI-RAZORPAY SETTLEMENT ORDER 473255
BTXN8852156453,RZP4819930945,30409.22,2026-07-05,UPI-RAZORPAY SOFTWARE PVT LTD-RZP4819930945
BTXN6580427322,RZP3414532686,72488.85,2026-07-12,IMPS/RZP3414532686/RAZORPAY SETTLEMENT
BTXN6900769445,RZP6198900694,40392.71,2026-07-03,RTGS-RZP6198900694-RAZORPAY SOFTWARE PVT LTD
BTXN8177355166,RZP1375697,67750.21,2026-07-18,IMPS/RZP/697050/PAYOUT
BTXN5744477918,RZP4472796373,55806.30,2026-07-02,RTGS-RZP4472796373-RAZORPAY SOFTWARE PVT LTD
BTXN1084115759,RZP1091353954,11793.07,2026-07-02,UPI-RAZORPAY SOFTWARE PVT LTD-RZP1091353954
BTXN7891293248,RZP9912394689,33994.22,2026-07-04,IMPS/RZP9912394689/RAZORPAY SETTLEMENT
BTXN7996335453,RZP1261399943,11264.36,2026-07-08,IMPS/RZP1261399943/RAZORPAY SETTLEMENT
BTXN4588968657,RZP6347291625,9861.63,2026-07-10,UPI-RAZORPAY SETTLEMENT ORDER 291265
BTXN9879932427,RZP7783054289,73446.46,2026-07-10,IMPS/RZP/054289/PAYOUT
BTXN7988390920,RZP5820378022,55854.28,2026-07-10,IMPS/RZP5820378022/RAZORPAY SETTLEMENT
BTXN8912923768,RZP5929590160,1327.58,2026-07-10,UPI-RAZORPAY SOFTWARE PVT LTD-RZP5929590160
BTXN4662498120,RZP8739161742,33735.59,2026-07-12,RTGS-RZP8739161742-RAZORPAY SOFTWARE PVT LTD
BTXN2750861922,RZP4364114312,25202.86,2026-07-15,RTGS-RZP4364114312-RAZORPAY SOFTWARE PVT LTD
BTXN7796354935,RZP8675970017,2713.61,2026-07-01,NETFLIX SUBSCRIPTION
BTXN4248060800,RZP8659046322,15743.92,2026-07-08,AMAZON RETAIL PAYMENT
BTXN1629990079,RZP3039457259,66919.25,2026-07-07,IMPS/RZP3039457259/RAZORPAY SETTLEMENT
BTXN8752593269,RZP4153247557,49564.90,2026-07-06,NEFT CR-RZP4153247557-RAZORPAY
BTXN2072355594,RZP4946081594,74440.22,2026-07-14,NEFT CR-RZP4946081594-RAZORPAY
BTXN7997386234,RZP7847944031,68758.90,2026-07-09,RTGS-RZP7847944031-RAZORPAY SOFTWARE PVT LTD
BTXN2728389176,RZP9769207015,53608.66,2026-07-08,IMPS/RZP9769207015/RAZORPAY SETTLEMENT
BTXN3513875172,RZP6932034824,60606.39,2026-07-10,RTGS-RZP6932034824-RAZORPAY SOFTWARE PVT LTD
BTXN2904614281,RZP7267416495,62978.95,2026-07-05,NEFT CR-RZP7267416495-RAZORPAY
BTXN7794992582,RZP1452705803,5253.59,2026-07-02,RTGS-RZP1452705803-RAZORPAY SOFTWARE PVT LTD
BTXN6575947655,RZP9879440194,31332.30,2026-07-11,NEFT CR-RZP9879440194-RAZORPAY
BTXN9879505128,RZP9324007332,2921.94,2026-07-06,RTGS-RZP9324007332-RAZORPAY SOFTWARE PVT LTD
BTXN2992200279,RZP2896412521,2535.08,2026-07-04,UPI-RAZORPAY SOFTWARE PVT LTD-RZP2896412521
BTXN7132837599,RZP8864899204,13201.11,2026-07-04,SWIGGY ORDER PAYMENT
BTXN8051851097,RZP2017815838,24771.28,2026-07-06,RTGS-RZP2017815838-RAZORPAY SOFTWARE PVT LTD
BTXN9228791280,RZP9558152197,13839.62,2026-07-09,SWIGGY ORDER PAYMENT
BTXN1694904767,RZP8325043570,55315.79,2026-07-14,UPI-RAZORPAY SOFTWARE PVT LTD-RZP8325043570
BTXN4909925961,RZP5573962195,50848.76,2026-07-17,NEFT CR-RZP5573962195-RAZORPAY
BTXN7313226025,RZP3370788647,12161.68,2026-07-07,RTGS-RZP3370788647-RAZORPAY SOFTWARE PVT LTD
BTXN6607773451,RZP6526848362,71469.92,2026-07-09,NEFT CR-RZP6526848362-RAZORPAY
BTXN6386498527,RZP9259606584,62692.76,2026-07-04,RTGS-RZP9259606584-RAZORPAY SOFTWARE PVT LTD
BTXN7047062955,RZP9860500302,48969.97,2026-07-17,NEFT CR-RZP9860500302-RAZORPAY
BTXN4952348712,RZP7618126351,13520.58,2026-07-10,NEFT CR-RZP7618126351-RAZORPAY
BTXN2143184319,RZP5212422287,6846.55,2026-07-11,ZOMATO ONLINE ORDER
BTXN3725066086,RZP5577420484,48436.44,2026-07-07,UPI-RAZORPAY SOFTWARE PVT LTD-RZP5577420484
BTXN4096091797,rzp9080766148,72224.45,2026-07-20,UPI-RAZORPAY SETTLEMENT ORDER 766148
BTXN8159767378,RZP8249607829,26178.47,2026-07-14,UPI-RAZORPAY SOFTWARE PVT LTD-RZP8249607829
BTXN8397088928,RZP2901598820,1425.84,2026-07-12,AMAZON RETAIL PAYMENT
BTXN4997542604,RZP7882146900,49776.74,2026-07-15,NEFT CR-RZP7882146900-RAZORPAY
BTXN5247754307,RZP3131662763,11003.26,2026-07-07,RTGS-RZP3131662763-RAZORPAY SOFTWARE PVT LTD
BTXN6720396142,RZP5979458346,40959.47,2026-07-07,UPI-RAZORPAY SOFTWARE PVT LTD-RZP5979458346
BTXN4761925336,RZP4104368,69843.26,2026-07-05,NEFT CR RAZORPAY SOFTWARE-368865
BTXN9420979586,RZP6591038760,10665.65,2026-07-03,RTGS-RZP6591038760-RAZORPAY SOFTWARE PVT LTD
BTXN3548153398,RZP2384717361,7447.45,2026-07-01,RTGS-RZP2384717361-RAZORPAY SOFTWARE PVT LTD
BTXN6095203031,RZP8494547983,49331.81,2026-07-09,IMPS/RZP8494547983/RAZORPAY SETTLEMENT
BTXN6581899574,RZP3710674962,24983.64,2026-07-08,IMPS/RZP3710674962/RAZORPAY SETTLEMENT
BTXN2035642942,RZP9020602913,47075.97,2026-07-08,UPI-RAZORPAY SETTLEMENT ORDER 062913
BTXN9849362717,RZP5161446262,56743.90,2026-07-07,RTGS-RZP5161446262-RAZORPAY SOFTWARE PVT LTD
BTXN4731595123,RZP3021187213,4159.31,2026-07-02,UPI-RAZORPAY SOFTWARE PVT LTD-RZP3021187213
BTXN7377569972,RZP9368441828,25847.35,2026-07-10,NEFT CR-RZP9368441828-RAZORPAY
BTXN6735771886,RZP7486582151,74673.05,2026-07-05,RTGS-RZP7486582151-RAZORPAY SOFTWARE PVT LTD
BTXN5835791500,RZP9654998951,11530.96,2026-07-12,NETFLIX SUBSCRIPTION
BTXN2514839907,RZP3715795548,27668.49,2026-07-05,IMPS/RZP3715795548/RAZORPAY SETTLEMENT
BTXN5383443039,RZP1822744149,57081.88,2026-07-05,RTGS-RZP1822744149-RAZORPAY SOFTWARE PVT LTD
BTXN4439688162,RZP3910678913,20546.73,2026-07-07,UPI-RAZORPAY SOFTWARE PVT LTD-RZP3910678913
BTXN5866675417,RZP3539201723,1607.04,2026-07-14,IMPS/RZP3539201723/RAZORPAY SETTLEMENT
BTXN6055899320,RZP8240555337,62694.39,2026-07-08,RTGS-RZP8240555337-RAZORPAY SOFTWARE PVT LTD
BTXN1990800422,RZP2612307844,45041.95,2026-07-09,RTGS-RZP2612307844-RAZORPAY SOFTWARE PVT LTD
BTXN4948413088,RZP1321749954,12379.49,2026-07-05,ELECTRICITY BILL AUTOPAY
BTXN1435954833,RZP8861745803,28404.11,2026-07-07,NEFT CR-RZP8861745803-RAZORPAY
BTXN4716372577,RZP9796931929,3049.50,2026-07-15,AMAZON RETAIL PAYMENT
BTXN5782925164,RZP5708206011,18925.65,2026-07-09,IMPS/RZP5708206011/RAZORPAY SETTLEMENT
BTXN1362751974,RZP6838919881,18832.22,2026-07-13,UPI-RAZORPAY SOFTWARE PVT LTD-RZP6838919881
BTXN1254636985,RZP4349703112,65672.72,2026-07-10,NEFT CR-RZP4349703112-RAZORPAY
BTXN8826137252,RZP2463309671,47058.52,2026-07-01,IMPS/RZP2463309671/RAZORPAY SETTLEMENT
BTXN3749735005,RZP1326625981,13204.67,2026-07-06,IMPS/RZP1326625981/RAZORPAY SETTLEMENT
BTXN5239242237,RZP4215771198,69786.26,2026-07-07,IMPS/RZP4215771198/RAZORPAY SETTLEMENT
BTXN2889197205,RZP7037250227,74456.06,2026-07-08,IMPS/RZP7037250227/RAZORPAY SETTLEMENT
BTXN7096364030,RZP5722918703,38487.23,2026-07-15,IMPS/RZP5722918703/RAZORPAY SETTLEMENT
BTXN7812627337,RZP5275375467,15089.79,2026-07-06,NEFT CR-RZP5275375467-RAZORPAY
BTXN4834703369,RZP1608457286,7610.91,2026-07-14,RTGS-RZP1608457286-RAZORPAY SOFTWARE PVT LTD
BTXN7675281194,RZP4706462983,41324.47,2026-07-03,UPI-RAZORPAY SOFTWARE PVT LTD-RZP4706462983
BTXN7896382125,RZP4610947195,25766.86,2026-07-07,NEFT CR-RZP4610947195-RAZORPAY
BTXN6511519494,RZP2234051509,17953.37,2026-07-07,NEFT CR-RZP2234051509-RAZORPAY
BTXN1842573576,RZP9113165802,26543.77,2026-07-08,UPI-RAZORPAY SOFTWARE PVT LTD-RZP9113165802
BTXN9425272454,RZP9962581582,8084.27,2026-07-15,IMPS/RZP9962581582/RAZORPAY SETTLEMENT
BTXN4050824161,RZP6986147292,9138.77,2026-07-13,SWIGGY ORDER PAYMENT
BTXN4996690921,RZP9215167368,47969.42,2026-07-04,RTGS-RZP9215167368-RAZORPAY SOFTWARE PVT LTD
BTXN1729436734,RZP1923900025,35879.39,2026-07-03,RTGS-RZP1923900025-RAZORPAY SOFTWARE PVT LTD
BTXN7830091801,RZP7657483240,16603.93,2026-07-04,IMPS/RZP7657483240/RAZORPAY SETTLEMENT
BTXN3081141025,RZP9364615545,49138.61,2026-07-06,UPI-RAZORPAY SOFTWARE PVT LTD-RZP9364615545
BTXN3794042404,RZP5973319056,49140.51,2026-07-15,RTGS-RZP5973319056-RAZORPAY SOFTWARE PVT LTD
BTXN9770348025,RZP1536876309,10211.46,2026-07-02,IRCTC TICKET BOOKING
BTXN4198865421,RZP8067214672,34082.27,2026-07-09,NEFT CR-RZP8067214672-RAZORPAY
BTXN8754754706,RZP9407693902,56519.83,2026-07-08,RTGS-RZP9407693902-RAZORPAY SOFTWARE PVT LTD
BTXN4254556460,RZP3964650442,49383.80,2026-07-11,UPI-RAZORPAY SOFTWARE PVT LTD-RZP3964650442
BTXN2558830012,RZP4149337748,7293.75,2026-07-12,RTGS-RZP4149337748-RAZORPAY SOFTWARE PVT LTD
BTXN5149207737,RZP6679981310,56494.79,2026-07-06,RTGS-RZP6679981310-RAZORPAY SOFTWARE PVT LTD
BTXN8989445095,RZP9516621717,34682.16,2026-07-02,IMPS/RZP9516621717/RAZORPAY SETTLEMENT
BTXN1534015630,RZP8189624683,53823.15,2026-07-15,NEFT CR-RZP8189624683-RAZORPAY
BTXN6880115912,RZP7991402837,28450.34,2026-07-02,UPI-RAZORPAY SOFTWARE PVT LTD-RZP7991402837
BTXN2435731500,RZP7606444698,52398.22,2026-07-09,RTGS-RZP7606444698-RAZORPAY SOFTWARE PVT LTD
BTXN8446261403,RZP8984017028,5754.87,2026-07-03,UPI-RAZORPAY SOFTWARE PVT LTD-RZP8984017028
BTXN6812043144,RZP1532465136,26746.63,2026-07-05,NEFT CR-RZP1532465136-RAZORPAY
BTXN3173240081,RZP8413635836,15204.72,2026-07-07,IMPS/RZP8413635836/RAZORPAY SETTLEMENT
BTXN7315196169,RZP1136169040,57159.21,2026-07-01,RTGS-RZP1136169040-RAZORPAY SOFTWARE PVT LTD
BTXN3371470157,RZP7550139546,23104.06,2026-07-04,IMPS/RZP7550139546/RAZORPAY SETTLEMENT
BTXN8410324652,RZP8321459188,69449.80,2026-07-02,IMPS/RZP8321459188/RAZORPAY SETTLEMENT
BTXN5198553519,RZP9048202788,4816.96,2026-07-13,RTGS-RZP9048202788-RAZORPAY SOFTWARE PVT LTD
BTXN5810294742,RZP7788875273,9258.00,2026-07-07,RTGS-RZP7788875273-RAZORPAY SOFTWARE PVT LTD
BTXN8067296442,RZP5593031498,73466.94,2026-07-04,RTGS-RZP5593031498-RAZORPAY SOFTWARE PVT LTD
BTXN3146194331,RZP5181783658,61320.08,2026-07-05,IMPS/RZP5181783658/RAZORPAY SETTLEMENT
BTXN2580160841,RZP2736603852,48044.10,2026-07-05,UPI-RAZORPAY SOFTWARE PVT LTD-RZP2736603852
BTXN4850805368,RZP3021137559,65854.84,2026-07-06,IMPS/RZP3021137559/RAZORPAY SETTLEMENT
BTXN7490788729,RZP4981221294,17854.34,2026-07-12,ZOMATO ONLINE ORDER
BTXN8125843701,RZP6959351917,31654.33,2026-07-13,RTGS-RZP6959351917-RAZORPAY SOFTWARE PVT LTD
BTXN1182084427,RZP3395237035,4409.99,2026-07-14,NEFT CR-RZP3395237035-RAZORPAY
BTXN2202528733,RZP3831962147,6271.97,2026-07-03,UPI-RAZORPAY SOFTWARE PVT LTD-RZP3831962147
BTXN4849310482,RZP7930121242,61181.61,2026-07-09,UPI-RAZORPAY SOFTWARE PVT LTD-RZP7930121242
BTXN8841061174,RZP7103557930,41484.21,2026-07-13,NEFT CR-RZP7103557930-RAZORPAY
BTXN5511782626,RZP8083879583,8801.70,2026-07-15,RTGS-RZP8083879583-RAZORPAY SOFTWARE PVT LTD
BTXN8611848918,RZP5957822370,2576.18,2026-07-05,RTGS-RZP5957822370-RAZORPAY SOFTWARE PVT LTD
BTXN5671328227,RZP8902114913,11942.45,2026-07-06,UPI-RAZORPAY SOFTWARE PVT LTD-RZP8902114913
BTXN8314908641,RZP8315637075,64415.20,2026-07-12,UPI-RAZORPAY SOFTWARE PVT LTD-RZP8315637075
BTXN2128928014,RZP6692705133,46151.97,2026-07-05,NEFT CR-RZP6692705133-RAZORPAY
BTXN1996817103,RZP4655073624,66245.50,2026-07-01,NEFT CR-RZP4655073624-RAZORPAY
BTXN4627766464,RZP2287623,37219.41,2026-07-16,IMPS/RZP/623084/PAYOUT
BTXN9173983449,RZP7950309554,10151.26,2026-07-11,SWIGGY ORDER PAYMENT
BTXN6496550932,RZP2715645258,8658.93,2026-07-16,RTGS-RZP2715645258-RAZORPAY SOFTWARE PVT LTD
BTXN7784606817,RZP4549359628,42434.74,2026-07-15,UPI-RAZORPAY SOFTWARE PVT LTD-RZP4549359628
BTXN7667642279,RZP6967593734,49951.61,2026-07-02,UPI-RAZORPAY SOFTWARE PVT LTD-RZP6967593734
BTXN5623687550,RZP3651030484,68948.75,2026-07-15,RTGS-RZP3651030484-RAZORPAY SOFTWARE PVT LTD
BTXN2775198720,RZP3745457620,25951.82,2026-07-15,IMPS/RZP3745457620/RAZORPAY SETTLEMENT
BTXN3791223020,RZP7641375099,15906.71,2026-07-07,UPI-RAZORPAY SOFTWARE PVT LTD-RZP7641375099
BTXN4989596821,RZP5479267516,21221.26,2026-07-07,IMPS/RZP5479267516/RAZORPAY SETTLEMENT
BTXN5047101003,RZP5708994795,37213.73,2026-07-14,NEFT CR-RZP5708994795-RAZORPAY
BTXN1642101408,RZP4207052850,16499.65,2026-07-04,AMAZON RETAIL PAYMENT
BTXN5089624362,RZP9808937355,2293.61,2026-07-02,SWIGGY ORDER PAYMENT
BTXN8817311528,rzp7518970293,29269.53,2026-07-19,IMPS/RZP/970293/PAYOUT
BTXN1085457881,RZP1166345469,35130.92,2026-07-16,UPI-RAZORPAY SOFTWARE PVT LTD-RZP1166345469
BTXN7809326293,RZP1237867213,61439.23,2026-07-07,UPI-RAZORPAY SOFTWARE PVT LTD-RZP1237867213
BTXN1344385139,RZP3210955524,67204.53,2026-07-09,UPI-RAZORPAY SOFTWARE PVT LTD-RZP3210955524
BTXN9112676784,RZP8864247524,22473.15,2026-07-02,UPI-RAZORPAY SOFTWARE PVT LTD-RZP8864247524
BTXN7240595003,RZP4448041,46906.71,2026-07-06,IMPS/RZP/041182/PAYOUT
BTXN8714400729,RZP6317342187,59919.00,2026-07-06,IMPS/RZP6317342187/RAZORPAY SETTLEMENT
BTXN9126105576,RZP1020053819,40266.80,2026-07-12,IMPS/RZP1020053819/RAZORPAY SETTLEMENT
BTXN7672023058,RZP8143808021,18620.69,2026-07-02,AMAZON RETAIL PAYMENT
BTXN4857962086,RZP3488791944,66940.79,2026-07-10,NEFT CR-RZP3488791944-RAZORPAY
BTXN4943895991,RZP2162514050,74695.61,2026-07-04,RTGS-RZP2162514050-RAZORPAY SOFTWARE PVT LTD
BTXN8982787012,RZP7666122085,29300.18,2026-07-11,IMPS/RZP7666122085/RAZORPAY SETTLEMENT
BTXN3271782991,RZP4783282817,66005.63,2026-07-06,IMPS/RZP4783282817/RAZORPAY SETTLEMENT
BTXN5679677161,RZP4951738371,71195.66,2026-07-13,NEFT CR-RZP4951738371-RAZORPAY
BTXN9103103846,RZP9057385123,12853.86,2026-07-07,IMPS/RZP9057385123/RAZORPAY SETTLEMENT
BTXN2257725836,RZP8793326047,60385.22,2026-07-03,RTGS-RZP8793326047-RAZORPAY SOFTWARE PVT LTD
BTXN4021124648,RZP2852504099,8745.87,2026-07-17,NEFT CR-RZP2852504099-RAZORPAY
BTXN2645904082,RZP1797114326,63765.96,2026-07-07,NEFT CR-RZP1797114326-RAZORPAY
BTXN4318784172,RZP5563483717,13891.58,2026-07-06,UPI-RAZORPAY SOFTWARE PVT LTD-RZP5563483717
BTXN8617287361,RZP1225281867,35344.42,2026-07-04,RTGS-RZP1225281867-RAZORPAY SOFTWARE PVT LTD
BTXN5554707525,RZP6334162880,65416.10,2026-07-03,RTGS-RZP6334162880-RAZORPAY SOFTWARE PVT LTD
BTXN3539685957,RZP3347324593,12284.40,2026-07-02,NETFLIX SUBSCRIPTION
BTXN8035515656,RZP4335878112,31085.57,2026-07-04,NEFT CR-RZP4335878112-RAZORPAY
BTXN4038742291,RZP0958552894,41330.40,2026-07-12,IMPS/RZP/552894/PAYOUT
BTXN8513092999,RZP1401876836,58531.39,2026-07-11,NEFT CR-RZP1401876836-RAZORPAY
BTXN4142578981,RZP6719756242,33861.44,2026-07-05,IMPS/RZP/756422/PAYOUT
BTXN1146634519,RZP7138711034,65333.92,2026-07-08,IMPS/RZP7138711034/RAZORPAY SETTLEMENT
BTXN6278402259,rzp1453094521,16062.42,2026-07-09,IMPS/RZP/094521/PAYOUT
BTXN2615975075,RZP3011708504,56886.73,2026-07-04,RTGS-RZP3011708504-RAZORPAY SOFTWARE PVT LTD
BTXN5663503996,RZP8163167364,44913.22,2026-07-07,NEFT CR-RZP8163167364-RAZORPAY
BTXN6244291385,RZP2848792488,1285.81,2026-07-05,NEFT CR-RZP2848792488-RAZORPAY
BTXN7032709970,RZP2706060995,22410.91,2026-07-15,UPI-RAZORPAY SOFTWARE PVT LTD-RZP2706060995
BTXN8424727680,RZP1525677,57285.84,2026-07-08,UPI-RAZORPAY SETTLEMENT ORDER 677083
BTXN6845646459,RZP8318754330,14346.50,2026-07-03,UPI-RAZORPAY SOFTWARE PVT LTD-RZP8318754330
BTXN6859172480,RZP9336531,7550.83,2026-07-09,UPI-RAZORPAY SETTLEMENT ORDER 531604
BTXN3809184791,RZP1383060868,63999.76,2026-07-03,RTGS-RZP1383060868-RAZORPAY SOFTWARE PVT LTD
BTXN7878688401,RZP6466180718,54612.51,2026-07-10,UPI-RAZORPAY SOFTWARE PVT LTD-RZP6466180718
BTXN6469209588,RZP6535479521,7925.07,2026-07-15,SALARY CREDIT XYZ CORP
BTXN1685487662,RZP9229262742,8771.78,2026-07-13,UPI-RAZORPAY SOFTWARE PVT LTD-RZP9229262742
BTXN9660485827,RZP5275052490,60542.51,2026-07-02,UPI-RAZORPAY SOFTWARE PVT LTD-RZP5275052490
BTXN2655949324,RZP4765216416,12415.75,2026-07-13,UPI-RAZORPAY SOFTWARE PVT LTD-RZP4765216416
BTXN3927729635,RZP9497822197,18970.90,2026-07-03,IRCTC TICKET BOOKING
BTXN2922494271,rzp2707057361,29021.74,2026-07-11,NEFT CR RAZORPAY SOFTWARE-057361
BTXN4854903508,RZP8277440848,58692.07,2026-07-03,RTGS-RZP8277440848-RAZORPAY SOFTWARE PVT LTD
BTXN2870211729,rzp2540667951,39006.73,2026-07-06,UPI-RAZORPAY SETTLEMENT ORDER 667951
BTXN5280715407,RZP4778678260,5841.61,2026-07-10,AMAZON RETAIL PAYMENT
BTXN2554627667,RZP2156130988,62782.67,2026-07-05,NEFT CR-RZP2156130988-RAZORPAY
BTXN8003950322,RZP1137747,17524.20,2026-07-19,UPI-RAZORPAY SETTLEMENT ORDER 747202
BTXN2267461338,RZP7741449139,795.47,2026-07-14,UPI-RAZORPAY SOFTWARE PVT LTD-RZP7741449139
BTXN2172084683,RZP9596655776,20255.10,2026-07-06,RTGS-RZP9596655776-RAZORPAY SOFTWARE PVT LTD
BTXN9950881177,RZP5220094152,10238.29,2026-07-14,RTGS-RZP5220094152-RAZORPAY SOFTWARE PVT LTD
BTXN3694937662,RZP6182097144,17084.08,2026-07-08,ATM WDL HYD
BTXN3175786618,RZP9619565,17356.21,2026-07-05,NEFT CR RAZORPAY SOFTWARE-565662
BTXN6323740456,RZP1448394850,27521.27,2026-07-13,IMPS/RZP1448394850/RAZORPAY SETTLEMENT
BTXN1504016658,RZP7873634445,11619.21,2026-07-06,NEFT CR-RZP7873634445-RAZORPAY
BTXN4300977393,RZP9068161730,50217.42,2026-07-06,NEFT CR-RZP9068161730-RAZORPAY
BTXN1501504950,RZP3517685021,19657.94,2026-07-08,IMPS/RZP3517685021/RAZORPAY SETTLEMENT
BTXN9571655871,RZP7789918172,2503.09,2026-07-06,SWIGGY ORDER PAYMENT
BTXN9812723201,RZP3764023878,51334.24,2026-07-13,NEFT CR-RZP3764023878-RAZORPAY
BTXN3178673759,RZP4014243269,17780.06,2026-07-13,AMAZON RETAIL PAYMENT
BTXN9854204279,RZP6477943864,54549.35,2026-07-03,RTGS-RZP6477943864-RAZORPAY SOFTWARE PVT LTD
BTXN4008714405,RZP8907752604,11509.29,2026-07-11,NEFT CR-RZP8907752604-RAZORPAY
BTXN9586558247,rzp3180575643,21277.22,2026-07-08,UPI-RAZORPAY SETTLEMENT ORDER 575643
BTXN1663933429,RZP6132989083,40586.92,2026-07-11,RTGS-RZP6132989083-RAZORPAY SOFTWARE PVT LTD
BTXN8482666187,RZP1017955333,64693.31,2026-07-12,IMPS/RZP1017955333/RAZORPAY SETTLEMENT
BTXN6186865759,RZP8888545093,6278.28,2026-07-04,NEFT CR-RZP8888545093-RAZORPAY
BTXN7778733597,RZP1627762767,12904.93,2026-07-15,NEFT CR-RZP1627762767-RAZORPAY
BTXN7201195489,RZP4209478797,74121.28,2026-07-06,UPI-RAZORPAY SOFTWARE PVT LTD-RZP4209478797
BTXN6955845294,RZP2200317451,736.04,2026-07-11,IMPS/RZP2200317451/RAZORPAY SETTLEMENT
BTXN4308407878,RZP7274135004,52424.49,2026-07-06,IMPS/RZP7274135004/RAZORPAY SETTLEMENT
BTXN7058202113,RZP3303186,70884.95,2026-07-09,NEFT CR RAZORPAY SOFTWARE-186241
BTXN6698818860,RZP8227184788,7614.03,2026-07-01,UPI-RAZORPAY SOFTWARE PVT LTD-RZP8227184788
BTXN8238347470,RZP6733158970,43907.26,2026-07-03,NEFT CR-RZP6733158970-RAZORPAY
BTXN9458286945,RZP7826352269,45345.99,2026-07-06,RTGS-RZP7826352269-RAZORPAY SOFTWARE PVT LTD
BTXN7894693258,RZP6486345845,21422.09,2026-07-11,IMPS/RZP6486345845/RAZORPAY SETTLEMENT
BTXN3487999997,RZP7168712,27780.10,2026-07-08,NEFT CR RAZORPAY SOFTWARE-712791
BTXN8017020095,RZP1807174408,73970.51,2026-07-14,IMPS/RZP1807174408/RAZORPAY SETTLEMENT
BTXN6504004690,RZP2160163053,67231.03,2026-07-08,RTGS-RZP2160163053-RAZORPAY SOFTWARE PVT LTD
BTXN8523405865,RZP5501335775,7444.21,2026-07-05,UPI-RAZORPAY SOFTWARE PVT LTD-RZP5501335775
BTXN5468633991,RZP7277823614,68900.09,2026-07-05,UPI-RAZORPAY SOFTWARE PVT LTD-RZP7277823614
BTXN7263787174,rzp5283079251,23736.42,2026-07-09,UPI-RAZORPAY SETTLEMENT ORDER 079251
BTXN5286358927,RZP6709047877,23052.31,2026-07-14,IMPS/RZP6709047877/RAZORPAY SETTLEMENT
BTXN3306867876,RZP3599911457,63609.40,2026-07-06,IMPS/RZP3599911457/RAZORPAY SETTLEMENT
BTXN6315632990,RZP8979273911,53383.08,2026-07-05,RTGS-RZP8979273911-RAZORPAY SOFTWARE PVT LTD
BTXN6536193982,RZP3492035635,35222.28,2026-07-09,IMPS/RZP3492035635/RAZORPAY SETTLEMENT
BTXN1481488836,RZP8287186703,45381.64,2026-07-12,UPI-RAZORPAY SOFTWARE PVT LTD-RZP8287186703
BTXN1728247218,RZP1054686685,37466.95,2026-07-08,NEFT CR-RZP1054686685-RAZORPAY
BTXN4772213435,RZP3486692500,723.81,2026-07-06,NEFT CR-RZP3486692500-RAZORPAY
BTXN3575752976,RZP3020547090,36325.96,2026-07-11,UPI-RAZORPAY SOFTWARE PVT LTD-RZP3020547090
BTXN3312495480,RZP4146933104,71970.54,2026-07-13,NEFT CR-RZP4146933104-RAZORPAY
BTXN8344243787,RZP2612257559,5286.92,2026-07-14,UPI-RAZORPAY SOFTWARE PVT LTD-RZP2612257559
BTXN6061957272,RZP8156131557,3487.56,2026-07-10,AMAZON RETAIL PAYMENT
BTXN9983799760,RZP4024291049,15364.34,2026-07-12,UPI-RAZORPAY SOFTWARE PVT LTD-RZP4024291049
BTXN6888767109,RZP4102477341,8476.49,2026-07-05,NEFT CR-RZP4102477341-RAZORPAY
BTXN8607135564,RZP5111732824,21285.98,2026-07-05,NEFT CR-RZP5111732824-RAZORPAY
BTXN2673367915,RZP5540467232,14136.52,2026-07-15,IMPS/RZP5540467232/RAZORPAY SETTLEMENT
BTXN3187744636,RZP7166242227,56945.67,2026-07-12,NEFT CR-RZP7166242227-RAZORPAY
BTXN7564383779,RZP6249701362,58202.37,2026-07-04,IMPS/RZP6249701362/RAZORPAY SETTLEMENT
BTXN1065523653,RZP8912678338,23830.40,2026-07-01,RTGS-RZP8912678338-RAZORPAY SOFTWARE PVT LTD
BTXN4427741097,RZP9347726341,13491.39,2026-07-07,IMPS/RZP9347726341/RAZORPAY SETTLEMENT
BTXN5392613687,RZP9258487235,69270.21,2026-07-03,UPI-RAZORPAY SOFTWARE PVT LTD-RZP9258487235
BTXN8733046540,RZP1644310097,55992.46,2026-07-12,IMPS/RZP1644310097/RAZORPAY SETTLEMENT
BTXN3540620524,RZP4375319020,24575.00,2026-07-10,NEFT CR-RZP4375319020-RAZORPAY
BTXN4795718896,RZP2641354324,6447.89,2026-07-13,RTGS-RZP2641354324-RAZORPAY SOFTWARE PVT LTD
BTXN8616193609,RZP4580902579,14128.47,2026-07-06,UPI-RAZORPAY SOFTWARE PVT LTD-RZP4580902579
BTXN2618439701,RZP9388375853,4345.74,2026-07-15,IMPS/RZP9388375853/RAZORPAY SETTLEMENT
BTXN7830290429,RZP1424143426,43040.41,2026-07-14,RTGS-RZP1424143426-RAZORPAY SOFTWARE PVT LTD
BTXN4747284717,RZP4226189821,53576.07,2026-07-02,UPI-RAZORPAY SOFTWARE PVT LTD-RZP4226189821
BTXN3473489351,RZP9144259255,40883.79,2026-07-07,UPI-RAZORPAY SOFTWARE PVT LTD-RZP9144259255
BTXN4623181072,RZP7038149647,54736.96,2026-07-03,RTGS-RZP7038149647-RAZORPAY SOFTWARE PVT LTD
BTXN8163901518,RZP5098838577,65902.78,2026-07-14,NEFT CR-RZP5098838577-RAZORPAY
BTXN7228467172,rzp7992381732,70367.74,2026-07-07,NEFT CR RAZORPAY SOFTWARE-381732
BTXN2521998002,RZP3963727447,74250.04,2026-07-03,RTGS-RZP3963727447-RAZORPAY SOFTWARE PVT LTD
BTXN3603371504,RZP9571743769,25151.61,2026-07-04,UPI-RAZORPAY SOFTWARE PVT LTD-RZP9571743769
BTXN2476678923,RZP3913277923,4770.16,2026-07-09,UPI-RAZORPAY SOFTWARE PVT LTD-RZP3913277923
BTXN9114758692,RZP1812627108,53951.85,2026-07-02,RTGS-RZP1812627108-RAZORPAY SOFTWARE PVT LTD
BTXN4519577308,rzp8208903084,36397.89,2026-07-10,UPI-RAZORPAY SETTLEMENT ORDER 903084
BTXN1668210614,RZP6884333221,54258.90,2026-07-13,UPI-RAZORPAY SOFTWARE PVT LTD-RZP6884333221
BTXN4927019611,RZP7430757004,7846.31,2026-07-12,RTGS-RZP7430757004-RAZORPAY SOFTWARE PVT LTD
BTXN3456281720,RZP6516823940,1834.66,2026-07-10,UPI-RAZORPAY SOFTWARE PVT LTD-RZP6516823940
BTXN2120433390,RZP2980117106,34252.12,2026-07-08,IMPS/RZP2980117106/RAZORPAY SETTLEMENT
BTXN6602511745,RZP3510839232,24651.33,2026-07-02,RTGS-RZP3510839232-RAZORPAY SOFTWARE PVT LTD
BTXN3782891338,RZP2973737493,8813.58,2026-07-05,NEFT CR-RZP2973737493-RAZORPAY
BTXN2465772534,RZP9100749273,23720.86,2026-07-03,RTGS-RZP9100749273-RAZORPAY SOFTWARE PVT LTD
BTXN4712425600,RZP2548844313,6066.47,2026-07-07,IMPS/RZP2548844313/RAZORPAY SETTLEMENT
BTXN8951127654,RZP3968227078,14736.11,2026-07-06,ELECTRICITY BILL AUTOPAY
BTXN3381172895,RZP1864938887,57279.30,2026-07-03,UPI-RAZORPAY SOFTWARE PVT LTD-RZP1864938887
BTXN2007310926,RZP7788606640,71389.72,2026-07-06,NEFT CR-RZP7788606640-RAZORPAY
BTXN8223429499,RZP8644311151,9529.67,2026-07-09,IMPS/RZP8644311151/RAZORPAY SETTLEMENT
BTXN6309386587,RZP9766069895,34354.44,2026-07-14,RTGS-RZP9766069895-RAZORPAY SOFTWARE PVT LTD
BTXN5088968429,RZP2496303800,11952.85,2026-07-07,UPI-RAZORPAY SOFTWARE PVT LTD-RZP2496303800
BTXN6698712691,RZP2253858705,2750.42,2026-07-12,NEFT CR-RZP2253858705-RAZORPAY
BTXN2653170484,rzp3456727401,3696.90,2026-07-07,IMPS/RZP/727401/PAYOUT
BTXN4014678200,RZP8296086549,73438.06,2026-07-09,RTGS-RZP8296086549-RAZORPAY SOFTWARE PVT LTD
BTXN9249265199,RZP1302142263,50535.62,2026-07-11,NEFT CR-RZP1302142263-RAZORPAY
BTXN9022898765,RZP6210081924,69762.40,2026-07-06,IMPS/RZP6210081924/RAZORPAY SETTLEMENT
BTXN4585393828,RZP9355830578,8380.88,2026-07-01,UPI-RAZORPAY SOFTWARE PVT LTD-RZP9355830578
BTXN4544080851,rzp3127657677,33308.49,2026-07-05,UPI-RAZORPAY SETTLEMENT ORDER 657677
BTXN1172322491,RZP6611046762,6095.06,2026-07-15,RTGS-RZP6611046762-RAZORPAY SOFTWARE PVT LTD
BTXN4783414705,rzp9319987092,41881.38,2026-07-04,NEFT CR RAZORPAY SOFTWARE-987092
BTXN4943000904,RZP6915334476,31133.78,2026-07-05,IMPS/RZP6915334476/RAZORPAY SETTLEMENT
BTXN8344502444,RZP9330755851,64131.20,2026-07-01,UPI-RAZORPAY SOFTWARE PVT LTD-RZP9330755851
BTXN6366694116,RZP7004420584,21326.29,2026-07-14,UPI-RAZORPAY SOFTWARE PVT LTD-RZP7004420584
BTXN1937271686,RZP2784923,1483.67,2026-07-14,IMPS/RZP/923817/PAYOUT
BTXN3521173167,RZP5235178331,71895.88,2026-07-15,IMPS/RZP5235178331/RAZORPAY SETTLEMENT
BTXN3830727200,RZP6047128978,19060.54,2026-07-15,RTGS-RZP6047128978-RAZORPAY SOFTWARE PVT LTD
BTXN9203717758,RZP8538522,55594.31,2026-07-05,UPI-RAZORPAY SETTLEMENT ORDER 522997
BTXN3504762768,RZP8915594306,56296.55,2026-07-08,UPI-RAZORPAY SOFTWARE PVT LTD-RZP8915594306
BTXN5666146193,RZP1829448557,13358.53,2026-07-06,ZOMATO ONLINE ORDER
BTXN1596454328,RZP2864925637,13209.62,2026-07-08,ELECTRICITY BILL AUTOPAY
BTXN7582272381,RZP1508924953,66262.87,2026-07-03,NEFT CR-RZP1508924953-RAZORPAY
BTXN8150958263,RZP3659104032,45406.51,2026-07-03,UPI-RAZORPAY SOFTWARE PVT LTD-RZP3659104032
BTXN1740981317,RZP1413426122,6126.01,2026-07-04,NEFT CR-RZP1413426122-RAZORPAY
BTXN3084649514,RZP5027818352,13808.59,2026-07-01,NEFT CR-RZP5027818352-RAZORPAY
BTXN8329562846,RZP8671933075,46550.49,2026-07-09,NEFT CR-RZP8671933075-RAZORPAY
BTXN8370190464,RZP9461834634,3781.26,2026-07-09,RTGS-RZP9461834634-RAZORPAY SOFTWARE PVT LTD
BTXN4422047639,RZP5814938396,33023.59,2026-07-14,IMPS/RZP5814938396/RAZORPAY SETTLEMENT
BTXN5197875893,RZP2746489625,6932.62,2026-07-15,UPI-RAZORPAY SOFTWARE PVT LTD-RZP2746489625
BTXN4060684968,RZP5477291329,34245.75,2026-07-04,UPI-RAZORPAY SOFTWARE PVT LTD-RZP5477291329
BTXN7930790301,RZP4871835158,34869.51,2026-07-03,IMPS/RZP4871835158/RAZORPAY SETTLEMENT
BTXN8841766327,RZP7698253853,65611.25,2026-07-04,IMPS/RZP7698253853/RAZORPAY SETTLEMENT
BTXN7391983998,RZP2866917749,49864.59,2026-07-03,IMPS/RZP2866917749/RAZORPAY SETTLEMENT
BTXN6931445122,RZP3917844895,41438.93,2026-07-06,UPI-RAZORPAY SOFTWARE PVT LTD-RZP3917844895
BTXN7244151401,RZP4592099,56809.29,2026-07-16,NEFT CR RAZORPAY SOFTWARE-099037
BTXN7361483456,RZP4102810266,1383.97,2026-07-05,NEFT CR-RZP4102810266-RAZORPAY
BTXN8540758120,RZP6265737184,6183.52,2026-07-13,ZOMATO ONLINE ORDER
BTXN8582302820,RZP5938524693,2827.73,2026-07-10,RTGS-RZP5938524693-RAZORPAY SOFTWARE PVT LTD
BTXN1939073556,RZP9930762604,24151.17,2026-07-14,UPI-RAZORPAY SOFTWARE PVT LTD-RZP9930762604
BTXN8709157148,RZP1580252317,29834.98,2026-07-12,UPI-RAZORPAY SOFTWARE PVT LTD-RZP1580252317
BTXN7539002241,RZP2715434253,22607.95,2026-07-07,IMPS/RZP2715434253/RAZORPAY SETTLEMENT
BTXN5983957135,RZP7455092839,64302.06,2026-07-02,UPI-RAZORPAY SOFTWARE PVT LTD-RZP7455092839
BTXN1618405605,RZP4787892674,27921.82,2026-07-01,RTGS-RZP4787892674-RAZORPAY SOFTWARE PVT LTD
BTXN5369544952,RZP4373550354,35106.00,2026-07-03,RTGS-RZP4373550354-RAZORPAY SOFTWARE PVT LTD
BTXN7860052533,RZP6322209707,31259.03,2026-07-01,RTGS-RZP6322209707-RAZORPAY SOFTWARE PVT LTD
BTXN1178928449,RZP7861020478,17729.26,2026-07-02,NEFT CR-RZP7861020478-RAZORPAY
BTXN7729620601,RZP6126037320,36696.66,2026-07-06,IMPS/RZP6126037320/RAZORPAY SETTLEMENT
BTXN5436676024,RZP5926465723,68278.61,2026-07-11,RTGS-RZP5926465723-RAZORPAY SOFTWARE PVT LTD
BTXN1322568010,RZP3622142013,53757.00,2026-07-07,NEFT CR-RZP3622142013-RAZORPAY
BTXN4296581565,RZP6052524915,5324.31,2026-07-12,SWIGGY ORDER PAYMENT
BTXN8612072838,RZP3257857675,48813.11,2026-07-11,IMPS/RZP3257857675/RAZORPAY SETTLEMENT
BTXN2965417458,RZP5515248140,5926.89,2026-07-09,RTGS-RZP5515248140-RAZORPAY SOFTWARE PVT LTD
BTXN7238953029,RZP3548745099,38673.46,2026-07-03,RTGS-RZP3548745099-RAZORPAY SOFTWARE PVT LTD
BTXN9796569964,RZP5560959677,14114.31,2026-07-07,NETFLIX SUBSCRIPTION
BTXN3498190646,RZP1383092417,3565.12,2026-07-08,RTGS-RZP1383092417-RAZORPAY SOFTWARE PVT LTD
BTXN7027727434,RZP7215110267,9343.66,2026-07-08,UPI-RAZORPAY SOFTWARE PVT LTD-RZP7215110267
BTXN6732445035,RZP9013063506,6052.62,2026-07-09,RTGS-RZP9013063506-RAZORPAY SOFTWARE PVT LTD
BTXN8396014936,RZP1335350463,4929.50,2026-07-11,RTGS-RZP1335350463-RAZORPAY SOFTWARE PVT LTD
BTXN6700692683,RZP9652228183,32394.22,2026-07-14,NEFT CR-RZP9652228183-RAZORPAY
BTXN3505004681,RZP9288433707,55227.20,2026-07-04,RTGS-RZP9288433707-RAZORPAY SOFTWARE PVT LTD
BTXN4850627294,RZP9288425606,5918.71,2026-07-12,UPI-RAZORPAY SOFTWARE PVT LTD-RZP9288425606
BTXN2998468872,RZP4519284149,922.53,2026-07-02,IMPS/RZP4519284149/RAZORPAY SETTLEMENT
BTXN2807363390,RZP1414678103,50939.98,2026-07-08,IMPS/RZP1414678103/RAZORPAY SETTLEMENT
BTXN8743100265,rzp4557972786,7554.71,2026-07-16,UPI-RAZORPAY SETTLEMENT ORDER 972786
BTXN1987112142,RZP8607985648,35135.87,2026-07-09,UPI-RAZORPAY SOFTWARE PVT LTD-RZP8607985648
BTXN6187859601,RZP5877866255,22675.03,2026-07-07,NEFT CR-RZP5877866255-RAZORPAY
BTXN1807254039,RZP9232151988,29225.39,2026-07-08,NEFT CR-RZP9232151988-RAZORPAY
BTXN9850418433,RZP5346187502,59499.60,2026-07-02,IMPS/RZP5346187502/RAZORPAY SETTLEMENT
BTXN6083218889,RZP7958893339,2377.82,2026-07-10,SWIGGY ORDER PAYMENT
BTXN6747970335,RZP4307777078,53963.12,2026-07-09,UPI-RAZORPAY SOFTWARE PVT LTD-RZP4307777078
BTXN4287444025,RZP1606782223,18755.91,2026-07-01,RTGS-RZP1606782223-RAZORPAY SOFTWARE PVT LTD
BTXN4119852572,RZP4193579876,2404.35,2026-07-04,RTGS-RZP4193579876-RAZORPAY SOFTWARE PVT LTD
BTXN1770405084,RZP3463497508,74353.02,2026-07-04,RTGS-RZP3463497508-RAZORPAY SOFTWARE PVT LTD
BTXN9259315515,RPZ4984065149,38171.89,2026-07-16,IMPS/RZP/065149/PAYOUT
BTXN1159646943,RZP4351780785,28823.43,2026-07-05,NEFT CR-RZP4351780785-RAZORPAY
BTXN5728475522,RZP4496307098,24071.27,2026-07-04,UPI-RAZORPAY SOFTWARE PVT LTD-RZP4496307098
BTXN8626114388,RZP2578014738,11068.68,2026-07-05,NEFT CR-RZP2578014738-RAZORPAY
BTXN2684623187,RZP3028462480,20681.31,2026-07-04,UPI-RAZORPAY SOFTWARE PVT LTD-RZP3028462480
BTXN2211603628,RZP5875237216,28624.24,2026-07-07,NEFT CR-RZP5875237216-RAZORPAY
BTXN7549572666,RZP2510565044,4128.74,2026-07-06,UPI-RAZORPAY SOFTWARE PVT LTD-RZP2510565044
BTXN3488235745,RZP5694617194,10365.03,2026-07-08,UPI-RAZORPAY SOFTWARE PVT LTD-RZP5694617194
BTXN4929914423,RZP6054647130,60115.04,2026-07-07,IMPS/RZP6054647130/RAZORPAY SETTLEMENT
BTXN6688390144,RZP6671666706,42985.41,2026-07-16,RTGS-RZP6671666706-RAZORPAY SOFTWARE PVT LTD
BTXN1964150979,RZP5009417978,44640.50,2026-07-07,UPI-RAZORPAY SOFTWARE PVT LTD-RZP5009417978
BTXN7066376657,RZP7057021720,64583.85,2026-07-15,UPI-RAZORPAY SOFTWARE PVT LTD-RZP7057021720
BTXN6919273473,RZP1489020,19294.18,2026-07-12,IMPS/RZP/020360/PAYOUT
BTXN2091636019,RZP7626054990,35931.15,2026-07-14,UPI-RAZORPAY SOFTWARE PVT LTD-RZP7626054990
BTXN6874008099,RZP6614223153,54729.03,2026-07-12,NEFT CR-RZP6614223153-RAZORPAY
BTXN6769180930,RZP4999190263,13900.96,2026-07-06,UPI-RAZORPAY SOFTWARE PVT LTD-RZP4999190263
BTXN3899580938,RZP6654385989,42991.34,2026-07-06,UPI-RAZORPAY SOFTWARE PVT LTD-RZP6654385989
BTXN4802545724,RZP1711214547,21944.32,2026-07-08,RTGS-RZP1711214547-RAZORPAY SOFTWARE PVT LTD
BTXN3046779254,RZP7523591587,12776.92,2026-07-14,RTGS-RZP7523591587-RAZORPAY SOFTWARE PVT LTD
BTXN3256031096,RZP7627111106,13699.73,2026-07-14,NEFT CR-RZP7627111106-RAZORPAY
BTXN7002506324,RZP9991026363,40413.15,2026-07-15,NEFT CR-RZP9991026363-RAZORPAY
BTXN5909476525,RZP2808511815,16199.93,2026-07-04,UPI-RAZORPAY SOFTWARE PVT LTD-RZP2808511815
BTXN3882360393,RZP4337525906,16969.88,2026-07-07,ELECTRICITY BILL AUTOPAY
BTXN2522081725,RZP3629953169,26650.90,2026-07-02,RTGS-RZP3629953169-RAZORPAY SOFTWARE PVT LTD
BTXN4661459242,RZP1053780353,50579.66,2026-07-08,RTGS-RZP1053780353-RAZORPAY SOFTWARE PVT LTD
BTXN4881219845,RZP7728372274,16890.80,2026-07-13,RTGS-RZP7728372274-RAZORPAY SOFTWARE PVT LTD
BTXN9141445255,RZP8351491401,7430.48,2026-07-15,NEFT CR-RZP8351491401-RAZORPAY
BTXN4727508608,RZP5096274235,12498.32,2026-07-12,IMPS/RZP5096274235/RAZORPAY SETTLEMENT
BTXN1989953171,RZP7837998103,10353.57,2026-07-13,UPI-RAZORPAY SOFTWARE PVT LTD-RZP7837998103
BTXN7235827508,RZP4186812559,54804.52,2026-07-13,UPI-RAZORPAY SOFTWARE PVT LTD-RZP4186812559
BTXN6646445191,RZP8279865930,42491.17,2026-07-12,IMPS/RZP8279865930/RAZORPAY SETTLEMENT
BTXN3441492039,RZP3573091816,68377.00,2026-07-11,UPI-RAZORPAY SOFTWARE PVT LTD-RZP3573091816
BTXN8382963909,RZP3459788151,20457.72,2026-07-09,IMPS/RZP3459788151/RAZORPAY SETTLEMENT
BTXN2910748747,rzp2684830606,6526.55,2026-07-05,UPI-RAZORPAY SETTLEMENT ORDER 830606
BTXN4012787458,RZP6382335303,56162.77,2026-07-13,RTGS-RZP6382335303-RAZORPAY SOFTWARE PVT LTD
BTXN5526760627,RZP5682227896,37530.26,2026-07-02,IMPS/RZP5682227896/RAZORPAY SETTLEMENT
BTXN7482629436,RZP1955466961,61955.29,2026-07-02,UPI-RAZORPAY SOFTWARE PVT LTD-RZP1955466961
BTXN3648403946,RZP3392042450,53542.77,2026-07-02,IMPS/RZP3392042450/RAZORPAY SETTLEMENT
BTXN3748193421,RZP1561033,54983.67,2026-07-17,IMPS/RZP/033336/PAYOUT
BTXN1319608411,RZP4847513935,2214.06,2026-07-03,UPI-RAZORPAY SOFTWARE PVT LTD-RZP4847513935
BTXN2721845485,RZP2367360047,47401.27,2026-07-14,IMPS/RZP2367360047/RAZORPAY SETTLEMENT
BTXN5878265795,RZP9414629942,42405.29,2026-07-04,IMPS/RZP9414629942/RAZORPAY SETTLEMENT
BTXN9757802469,RZP7553503798,68317.54,2026-07-15,RTGS-RZP7553503798-RAZORPAY SOFTWARE PVT LTD
BTXN7965576778,RZP2313552042,68605.76,2026-07-02,RTGS-RZP2313552042-RAZORPAY SOFTWARE PVT LTD
BTXN2162875162,RZP5741866457,19552.04,2026-07-07,IMPS/RZP5741866457/RAZORPAY SETTLEMENT
BTXN9010199399,RZP8393316209,65975.66,2026-07-05,NEFT CR-RZP8393316209-RAZORPAY
BTXN4226091368,RZP2231663777,12113.61,2026-07-15,UPI-RAZORPAY SOFTWARE PVT LTD-RZP2231663777
BTXN8871508287,RZP1896934780,33892.24,2026-07-09,IMPS/RZP1896934780/RAZORPAY SETTLEMENT
BTXN5024218705,RZP7097756759,11594.48,2026-07-08,UPI-RAZORPAY SOFTWARE PVT LTD-RZP7097756759
BTXN4144431240,RZP1380141147,26357.85,2026-07-08,NEFT CR-RZP1380141147-RAZORPAY
BTXN1441590713,RZP6423356199,10602.61,2026-07-15,AMAZON RETAIL PAYMENT
BTXN5765520327,RZP3168530014,13462.21,2026-07-05,SALARY CREDIT XYZ CORP
BTXN4972273762,RZP8249713190,19436.06,2026-07-02,NEFT CR-RZP8249713190-RAZORPAY
BTXN1943783221,RZP8734551143,50455.11,2026-07-17,NEFT CR-RZP8734551143-RAZORPAY
BTXN1358479654,RZP7389162989,19654.76,2026-07-13,RTGS-RZP7389162989-RAZORPAY SOFTWARE PVT LTD
BTXN6685049350,RZP6037968332,705.15,2026-07-06,ZOMATO ONLINE ORDER
BTXN7449628223,RZP3247481011,24144.90,2026-07-15,RTGS-RZP3247481011-RAZORPAY SOFTWARE PVT LTD
BTXN2832508021,RZP7759781156,61715.56,2026-07-07,RTGS-RZP7759781156-RAZORPAY SOFTWARE PVT LTD
BTXN8531385585,RZP7162629786,61296.81,2026-07-07,RTGS-RZP7162629786-RAZORPAY SOFTWARE PVT LTD
BTXN5780127956,RZP1557379177,10405.58,2026-07-11,IRCTC TICKET BOOKING
BTXN2160194401,RZP5268041890,26627.39,2026-07-09,NEFT CR-RZP5268041890-RAZORPAY
BTXN4160622000,RZP2701153974,3020.31,2026-07-12,IRCTC TICKET BOOKING
BTXN7489387756,RZP8620570564,42350.78,2026-07-17,RTGS-RZP8620570564-RAZORPAY SOFTWARE PVT LTD
BTXN1938277142,RZP5287286126,3345.22,2026-07-11,UPI-RAZORPAY SOFTWARE PVT LTD-RZP5287286126
BTXN6500270443,RZP9175769854,461.56,2026-07-03,SWIGGY ORDER PAYMENT
BTXN7006202502,RZP8950438883,55516.37,2026-07-13,RTGS-RZP8950438883-RAZORPAY SOFTWARE PVT LTD
BTXN5133055818,RZP9808521207,832.70,2026-07-09,IMPS/RZP9808521207/RAZORPAY SETTLEMENT
BTXN8000426254,RZP2298235387,31116.03,2026-07-04,IMPS/RZP2298235387/RAZORPAY SETTLEMENT
BTXN8130171631,RZP5321283640,31703.51,2026-07-01,UPI-RAZORPAY SOFTWARE PVT LTD-RZP5321283640
BTXN7297930177,RZP2075134647,5632.88,2026-07-11,NETFLIX SUBSCRIPTION
BTXN6904052293,RZP5029359711,45732.67,2026-07-02,RTGS-RZP5029359711-RAZORPAY SOFTWARE PVT LTD
BTXN6235314556,RZP8532571985,63322.99,2026-07-01,UPI-RAZORPAY SOFTWARE PVT LTD-RZP8532571985
BTXN3459191537,RZP3705906343,11245.07,2026-07-12,ATM WDL BLR
BTXN4443563465,RZP1248775268,17786.49,2026-07-10,UPI-RAZORPAY SOFTWARE PVT LTD-RZP1248775268
BTXN5388449642,RZP2791991802,23765.82,2026-07-12,RTGS-RZP2791991802-RAZORPAY SOFTWARE PVT LTD
BTXN5411145203,RZP7202821975,68656.09,2026-07-10,NEFT CR-RZP7202821975-RAZORPAY
BTXN5076829243,RZP5380192306,13169.87,2026-07-06,UPI-RAZORPAY SOFTWARE PVT LTD-RZP5380192306
BTXN5780322855,RZP8039288956,14590.69,2026-07-09,UPI-RAZORPAY SOFTWARE PVT LTD-RZP8039288956
BTXN1234527688,rzp9862360888,29228.61,2026-07-08,IMPS/RZP/360888/PAYOUT
BTXN8301824960,RZP1131638789,40057.92,2026-07-06,NEFT CR RAZORPAY SOFTWARE-637889
BTXN6805940160,RZP6396956326,20732.40,2026-07-17,RTGS-RZP6396956326-RAZORPAY SOFTWARE PVT LTD
BTXN4450385718,RZP7488488993,2952.92,2026-07-05,SWIGGY ORDER PAYMENT
BTXN2573445626,RZP4548934917,14221.82,2026-07-15,ZOMATO ONLINE ORDER
BTXN7948199232,RZP3124991151,4397.33,2026-07-09,SWIGGY ORDER PAYMENT
BTXN9123054228,RZP4685546928,57343.55,2026-07-07,RTGS-RZP4685546928-RAZORPAY SOFTWARE PVT LTD
BTXN9848017137,RZP7327796724,62325.27,2026-07-11,NEFT CR-RZP7327796724-RAZORPAY
BTXN5666181303,RZP3633689515,7233.87,2026-07-11,AMAZON RETAIL PAYMENT
BTXN2327593101,RZP8301503992,5267.28,2026-07-12,IMPS/RZP8301503992/RAZORPAY SETTLEMENT
BTXN2559069619,RZP1822536398,61312.92,2026-07-11,IMPS/RZP1822536398/RAZORPAY SETTLEMENT
BTXN2026653930,RZP6762669231,21226.25,2026-07-14,NEFT CR-RZP6762669231-RAZORPAY
BTXN9784084995,RZP3455450949,50213.75,2026-07-04,NEFT CR-RZP3455450949-RAZORPAY
BTXN2161512446,RZP8651205525,26130.54,2026-07-10,IMPS/RZP8651205525/RAZORPAY SETTLEMENT
BTXN7810109748,RZP6851517562,69336.34,2026-07-14,IMPS/RZP6851517562/RAZORPAY SETTLEMENT
BTXN3946806077,RZP5716806589,2756.79,2026-07-15,NETFLIX SUBSCRIPTION
BTXN6050589233,RZP8217064850,43854.67,2026-07-01,RTGS-RZP8217064850-RAZORPAY SOFTWARE PVT LTD
BTXN7073032692,RZP6398034977,52200.21,2026-07-10,UPI-RAZORPAY SOFTWARE PVT LTD-RZP6398034977
BTXN2178064382,RZP2613794868,8804.95,2026-07-13,NEFT CR-RZP2613794868-RAZORPAY
BTXN7129095260,RZP2854915879,15555.78,2026-07-05,RTGS-RZP2854915879-RAZORPAY SOFTWARE PVT LTD
BTXN3999214187,RZP1480678369,35593.93,2026-07-10,RTGS-RZP1480678369-RAZORPAY SOFTWARE PVT LTD
BTXN8088601714,RZP8232523707,61422.80,2026-07-08,RTGS-RZP8232523707-RAZORPAY SOFTWARE PVT LTD
BTXN3016750686,RZP2135237128,5447.96,2026-07-09,NETFLIX SUBSCRIPTION
BTXN1120216460,RZP1015462670,66845.25,2026-07-06,RTGS-RZP1015462670-RAZORPAY SOFTWARE PVT LTD
BTXN8963026122,RZP8913474386,26049.38,2026-07-05,IMPS/RZP8913474386/RAZORPAY SETTLEMENT
BTXN8870998854,RZP1290207141,74051.39,2026-07-17,NEFT CR-RZP1290207141-RAZORPAY
BTXN7548763875,RZP6856000716,15956.76,2026-07-02,NEFT CR-RZP6856000716-RAZORPAY
BTXN7042010390,RZP1777589555,24785.88,2026-07-13,IMPS/RZP1777589555/RAZORPAY SETTLEMENT
BTXN3540128512,RZP2888766939,35434.62,2026-07-11,IMPS/RZP2888766939/RAZORPAY SETTLEMENT
BTXN5423427568,RZP2117211725,67577.25,2026-07-15,NEFT CR RAZORPAY SOFTWARE-121725
BTXN9765151526,RZP7151725654,17922.71,2026-07-01,NEFT CR-RZP7151725654-RAZORPAY
BTXN9138884850,RZP3607924302,45312.22,2026-07-02,IMPS/RZP3607924302/RAZORPAY SETTLEMENT
BTXN4275261101,RZP5492818960,45711.59,2026-07-02,UPI-RAZORPAY SOFTWARE PVT LTD-RZP5492818960
BTXN2555296405,RZP9810015807,35439.15,2026-07-14,UPI-RAZORPAY SOFTWARE PVT LTD-RZP9810015807
BTXN1844442910,RZP6844498879,59322.21,2026-07-01,NEFT CR-RZP6844498879-RAZORPAY
BTXN4566802725,RZP6002291405,61153.87,2026-07-10,IMPS/RZP6002291405/RAZORPAY SETTLEMENT
BTXN5025367781,RZP1309913564,61019.79,2026-07-06,RTGS-RZP1309913564-RAZORPAY SOFTWARE PVT LTD
BTXN8347840430,RZP5408939603,15586.39,2026-07-08,NETFLIX SUBSCRIPTION
BTXN4432436638,RZP7336216434,17160.18,2026-07-02,ZOMATO ONLINE ORDER
BTXN9295930400,RZP2538912644,12047.84,2026-07-02,UPI-RAZORPAY SOFTWARE PVT LTD-RZP2538912644
BTXN3429019820,RZP1139082827,45377.96,2026-07-15,NEFT CR-RZP1139082827-RAZORPAY
BTXN5422689259,RZP3372953704,4662.03,2026-07-16,UPI-RAZORPAY SETTLEMENT ORDER 953074
BTXN2211370833,RZP4703774386,14570.06,2026-07-08,NEFT CR-RZP4703774386-RAZORPAY
BTXN6039303890,RZP1880998311,68370.82,2026-07-03,NEFT CR-RZP1880998311-RAZORPAY
BTXN6273980129,RZP7144607121,72516.62,2026-07-07,IMPS/RZP7144607121/RAZORPAY SETTLEMENT
BTXN1293066924,RZP1116919347,71626.51,2026-07-13,RTGS-RZP1116919347-RAZORPAY SOFTWARE PVT LTD
BTXN9157007356,RZP1974569877,53108.72,2026-07-05,NEFT CR-RZP1974569877-RAZORPAY
BTXN6513390650,RZP8990644058,48581.46,2026-07-08,RTGS-RZP8990644058-RAZORPAY SOFTWARE PVT LTD
BTXN5172725742,RZP3979862624,55683.28,2026-07-07,RTGS-RZP3979862624-RAZORPAY SOFTWARE PVT LTD
BTXN7356407384,RZP6708976350,5181.89,2026-07-11,UPI-RAZORPAY SOFTWARE PVT LTD-RZP6708976350
BTXN6708555365,RZP1169889594,22252.37,2026-07-02,NEFT CR-RZP1169889594-RAZORPAY
BTXN8437728659,RZP3570350903,64007.61,2026-07-04,NEFT CR-RZP3570350903-RAZORPAY
BTXN5646880148,RZP3062994753,7725.52,2026-07-04,NEFT CR-RZP3062994753-RAZORPAY
BTXN5813233039,RZP1253084472,45066.25,2026-07-14,NEFT CR-RZP1253084472-RAZORPAY
BTXN1282449336,RZP8190081923,48471.54,2026-07-15,NEFT CR-RZP8190081923-RAZORPAY
BTXN5373945362,RZP8517718126,41385.60,2026-07-10,NEFT CR-RZP8517718126-RAZORPAY
BTXN5967440543,RZP5739791403,1223.21,2026-07-06,UPI-RAZORPAY SOFTWARE PVT LTD-RZP5739791403
BTXN3145650671,RZP9245658375,70925.90,2026-07-07,RTGS-RZP9245658375-RAZORPAY SOFTWARE PVT LTD
BTXN3306589853,RZP7358196492,49392.99,2026-07-03,NEFT CR-RZP7358196492-RAZORPAY
BTXN9437816284,RZP4869045960,67359.79,2026-07-02,RTGS-RZP4869045960-RAZORPAY SOFTWARE PVT LTD
BTXN3062750263,RZP9329380708,19631.97,2026-07-07,AMAZON RETAIL PAYMENT
BTXN4285832917,RZP5324761675,29622.83,2026-07-08,UPI-RAZORPAY SOFTWARE PVT LTD-RZP5324761675
BTXN3544169387,RZP9595114964,2088.02,2026-07-03,IRCTC TICKET BOOKING
BTXN1528187294,RZP7491925510,52374.13,2026-07-10,UPI-RAZORPAY SOFTWARE PVT LTD-RZP7491925510
BTXN1896820343,RZP5100236063,24895.85,2026-07-06,NEFT CR-RZP5100236063-RAZORPAY
BTXN3618855603,RZP9202727330,52545.73,2026-07-03,RTGS-RZP9202727330-RAZORPAY SOFTWARE PVT LTD
BTXN6011167992,RZP3255052081,60119.37,2026-07-06,NEFT CR-RZP3255052081-RAZORPAY
BTXN5493341376,RZP9942155842,36823.11,2026-07-09,RTGS-RZP9942155842-RAZORPAY SOFTWARE PVT LTD
BTXN2660988628,RZP7186743457,63016.30,2026-07-03,NEFT CR-RZP7186743457-RAZORPAY
BTXN9564283386,RZP6565303870,52638.58,2026-07-07,NEFT CR-RZP6565303870-RAZORPAY
BTXN9752437379,RZP8419749935,58404.17,2026-07-01,RTGS-RZP8419749935-RAZORPAY SOFTWARE PVT LTD
BTXN7764694647,RZP1248872076,23686.48,2026-07-02,UPI-RAZORPAY SOFTWARE PVT LTD-RZP1248872076
BTXN8495457335,RZP6994940029,1103.30,2026-07-14,UPI-RAZORPAY SOFTWARE PVT LTD-RZP6994940029
BTXN1524723285,RZP5932707784,35141.33,2026-07-12,RTGS-RZP5932707784-RAZORPAY SOFTWARE PVT LTD
BTXN3134508210,ZRP2784941397,70533.45,2026-07-07,NEFT CR RAZORPAY SOFTWARE-941397
BTXN4338193339,RZP9974385458,8405.61,2026-07-09,ATM WDL CHN
BTXN9586242978,RZP1961384790,21871.33,2026-07-12,NEFT CR-RZP1961384790-RAZORPAY
BTXN7132367542,RZP3891875646,48952.20,2026-07-14,RTGS-RZP3891875646-RAZORPAY SOFTWARE PVT LTD
BTXN7902950398,RZP6005862628,56429.22,2026-07-07,RTGS-RZP6005862628-RAZORPAY SOFTWARE PVT LTD
BTXN1686002125,rzp1810473300,23092.24,2026-07-17,IMPS/RZP/473300/PAYOUT
BTXN7800706877,RZP7747167293,10754.13,2026-07-11,NEFT CR-RZP7747167293-RAZORPAY
BTXN1098143296,RZP4708066087,55285.89,2026-07-11,RTGS-RZP4708066087-RAZORPAY SOFTWARE PVT LTD
BTXN2904939317,RZP8721282352,54953.58,2026-07-03,IMPS/RZP8721282352/RAZORPAY SETTLEMENT
BTXN6139619911,RZP5929788567,51186.50,2026-07-14,IMPS/RZP5929788567/RAZORPAY SETTLEMENT
BTXN2909560725,rzp4133380148,28082.78,2026-07-14,IMPS/RZP/380148/PAYOUT
BTXN6533143804,RZP3933050644,8009.35,2026-07-01,UPI-RAZORPAY SOFTWARE PVT LTD-RZP3933050644
BTXN3156578524,RZP8359345713,66100.44,2026-07-03,NEFT CR-RZP8359345713-RAZORPAY
BTXN8970566223,RZP3515865369,66990.97,2026-07-01,RTGS-RZP3515865369-RAZORPAY SOFTWARE PVT LTD
BTXN4289906774,RZP7065030776,10297.13,2026-07-05,IMPS/RZP7065030776/RAZORPAY SETTLEMENT
BTXN5346411018,RZP6652572123,55632.58,2026-07-14,IMPS/RZP6652572123/RAZORPAY SETTLEMENT
BTXN4384935963,RZP8161243603,17353.55,2026-07-07,UPI-RAZORPAY SOFTWARE PVT LTD-RZP8161243603
BTXN4890900404,RZP7674824067,36236.95,2026-07-10,UPI-RAZORPAY SOFTWARE PVT LTD-RZP7674824067
BTXN1032586495,RZP6906284302,16474.40,2026-07-07,AMAZON RETAIL PAYMENT
BTXN2613887804,RZP8075472,44144.72,2026-07-19,NEFT CR RAZORPAY SOFTWARE-472664
BTXN8730910047,RZP2257773294,13888.17,2026-07-03,SALARY CREDIT XYZ CORP
BTXN8460882045,RZP6091979345,38596.22,2026-07-02,RTGS-RZP6091979345-RAZORPAY SOFTWARE PVT LTD
BTXN8422313997,RZP6643684352,207.48,2026-07-06,AMAZON RETAIL PAYMENT
BTXN9668197784,RZP7360228056,16986.51,2026-07-05,RTGS-RZP7360228056-RAZORPAY SOFTWARE PVT LTD
BTXN3469178881,RZP3369305560,46090.15,2026-07-02,UPI-RAZORPAY SOFTWARE PVT LTD-RZP3369305560
BTXN2399267596,RZP5735755621,29718.08,2026-07-14,IMPS/RZP5735755621/RAZORPAY SETTLEMENT
BTXN3803500437,RZP5867793105,18385.44,2026-07-03,RTGS-RZP5867793105-RAZORPAY SOFTWARE PVT LTD
BTXN5936344734,RZP5533639309,9790.55,2026-07-16,IMPS/RZP5533639309/RAZORPAY SETTLEMENT
BTXN6517488752,RZP4469088955,18134.48,2026-07-05,SWIGGY ORDER PAYMENT
BTXN3596443270,RZP1641726753,11632.01,2026-07-12,UPI-RAZORPAY SOFTWARE PVT LTD-RZP1641726753
BTXN9955615759,rzp1234251705,26313.29,2026-07-14,UPI-RAZORPAY SETTLEMENT ORDER 251705
BTXN9677385126,RZP2504979985,43863.01,2026-07-14,UPI-RAZORPAY SOFTWARE PVT LTD-RZP2504979985
BTXN2566237053,rzp6491255084,61992.93,2026-07-14,NEFT CR RAZORPAY SOFTWARE-255084
BTXN9263551005,RZP9261223092,68784.73,2026-07-09,RTGS-RZP9261223092-RAZORPAY SOFTWARE PVT LTD
BTXN3957064149,RZP5265651507,62528.92,2026-07-08,IMPS/RZP5265651507/RAZORPAY SETTLEMENT
BTXN8035300583,RZP6456678307,13674.26,2026-07-13,NEFT CR-RZP6456678307-RAZORPAY
BTXN8692015091,RZP8224344340,62484.03,2026-07-07,RTGS-RZP8224344340-RAZORPAY SOFTWARE PVT LTD
BTXN4785113877,RZP5374235227,7503.73,2026-07-01,ELECTRICITY BILL AUTOPAY
BTXN6796041759,rzp1668538102,57909.31,2026-07-20,UPI-RAZORPAY SETTLEMENT ORDER 538102
BTXN5070567619,RZP6213476583,30320.70,2026-07-01,RTGS-RZP6213476583-RAZORPAY SOFTWARE PVT LTD
BTXN6545740371,RZP3553049385,57218.54,2026-07-03,IMPS/RZP3553049385/RAZORPAY SETTLEMENT
BTXN7059726570,RZP2802141793,31375.96,2026-07-03,UPI-RAZORPAY SOFTWARE PVT LTD-RZP2802141793
BTXN7206488074,RZP4681499860,71035.64,2026-07-15,UPI-RAZORPAY SOFTWARE PVT LTD-RZP4681499860
BTXN9560674336,RZP4617070731,58207.38,2026-07-08,RTGS-RZP4617070731-RAZORPAY SOFTWARE PVT LTD
BTXN2079018276,RZP2825310322,11471.97,2026-07-02,NEFT CR-RZP2825310322-RAZORPAY
BTXN8151296294,RZP1125576453,55949.17,2026-07-13,RTGS-RZP1125576453-RAZORPAY SOFTWARE PVT LTD
BTXN7418389073,RZP1257876531,18973.70,2026-07-09,IRCTC TICKET BOOKING
BTXN6199590031,RZP8334747974,20839.48,2026-07-11,IMPS/RZP8334747974/RAZORPAY SETTLEMENT
BTXN7725447662,RZP5287283136,67026.18,2026-07-11,NEFT CR-RZP5287283136-RAZORPAY
BTXN1147864058,RZ3P211564985,32996.17,2026-07-06,UPI-RAZORPAY SETTLEMENT ORDER 564985
BTXN7613570351,RZP4256406153,69285.95,2026-07-02,IMPS/RZP4256406153/RAZORPAY SETTLEMENT
BTXN2951714169,RZP7551113988,71178.14,2026-07-17,IMPS/RZP7551113988/RAZORPAY SETTLEMENT
BTXN7204283814,RZP3039279525,13941.86,2026-07-16,NEFT CR-RZP3039279525-RAZORPAY
BTXN4810995643,RZP3041253,59746.97,2026-07-13,IMPS/RZP/253600/PAYOUT
BTXN6079932828,RZP9879628471,73166.43,2026-07-09,UPI-RAZORPAY SETTLEMENT ORDER 624871
BTXN5037512220,RZP6556436206,5494.21,2026-07-15,RTGS-RZP6556436206-RAZORPAY SOFTWARE PVT LTD
BTXN1413840608,RZP1817102825,7420.09,2026-07-09,ATM WDL BLR
BTXN8759072463,RZP2010227455,20252.93,2026-07-09,NEFT CR-RZP2010227455-RAZORPAY
BTXN6556684476,RZP5633956194,45382.77,2026-07-14,NEFT CR-RZP5633956194-RAZORPAY
BTXN5491326131,RZP1553753599,29074.51,2026-07-10,IMPS/RZP1553753599/RAZORPAY SETTLEMENT
BTXN8973373803,RZP4623652310,40834.40,2026-07-06,RTGS-RZP4623652310-RAZORPAY SOFTWARE PVT LTD
BTXN9223632105,RZP6662799283,72300.20,2026-07-11,IMPS/RZP6662799283/RAZORPAY SETTLEMENT
BTXN8453557375,RZP9405393496,17885.20,2026-07-08,NEFT CR-RZP9405393496-RAZORPAY
BTXN5735394886,RZP2215241617,36831.09,2026-07-15,IMPS/RZP2215241617/RAZORPAY SETTLEMENT
BTXN3513243321,RZP5616387964,32079.13,2026-07-10,IMPS/RZP5616387964/RAZORPAY SETTLEMENT
BTXN8033021343,RZP8052650756,47209.84,2026-07-01,IMPS/RZP8052650756/RAZORPAY SETTLEMENT
BTXN9202386368,RZP6762536666,53341.16,2026-07-05,RTGS-RZP6762536666-RAZORPAY SOFTWARE PVT LTD
BTXN2947957237,RZP3074232200,60449.27,2026-07-11,RTGS-RZP3074232200-RAZORPAY SOFTWARE PVT LTD
BTXN7509938341,RZP3294115126,18513.36,2026-07-05,RTGS-RZP3294115126-RAZORPAY SOFTWARE PVT LTD
BTXN5561563719,rzp5420324271,50356.25,2026-07-12,UPI-RAZORPAY SETTLEMENT ORDER 324271
BTXN5526575034,RZP8471840923,38703.57,2026-07-15,UPI-RAZORPAY SOFTWARE PVT LTD-RZP8471840923
BTXN1428814033,RZP7855553994,51359.44,2026-07-02,UPI-RAZORPAY SOFTWARE PVT LTD-RZP7855553994
BTXN3066013953,RZP9669084497,15404.68,2026-07-07,RTGS-RZP9669084497-RAZORPAY SOFTWARE PVT LTD
BTXN8927834426,RZP8251003829,3834.80,2026-07-14,IMPS/RZP8251003829/RAZORPAY SETTLEMENT
BTXN2570712716,RZP4751060216,59225.77,2026-07-07,NEFT CR-RZP4751060216-RAZORPAY
BTXN4414943099,RZP5725182037,72398.53,2026-07-11,UPI-RAZORPAY SOFTWARE PVT LTD-RZP5725182037
BTXN4365821944,RZP4358215367,1780.23,2026-07-07,SALARY CREDIT XYZ CORP
BTXN6413407687,RZP2021795614,3565.78,2026-07-06,NEFT CR-RZP2021795614-RAZORPAY
BTXN8429141456,RZP5710360983,63638.33,2026-07-10,IMPS/RZP5710360983/RAZORPAY SETTLEMENT
BTXN1562793915,RZP4635760449,68674.53,2026-07-07,UPI-RAZORPAY SOFTWARE PVT LTD-RZP4635760449
BTXN6491184033,RZP9181843256,51019.98,2026-07-08,RTGS-RZP9181843256-RAZORPAY SOFTWARE PVT LTD
BTXN9646503430,RZP3371741913,13983.11,2026-07-09,NEFT CR-RZP3371741913-RAZORPAY
BTXN2201495008,RZP2112014,36871.78,2026-07-12,UPI-RAZORPAY SETTLEMENT ORDER 014146
BTXN3931692836,RZP6299164332,61409.16,2026-07-15,IMPS/RZP6299164332/RAZORPAY SETTLEMENT
BTXN7168105904,RZP8764011369,71920.09,2026-07-03,UPI-RAZORPAY SOFTWARE PVT LTD-RZP8764011369
BTXN2346827425,RZP5627341088,45106.29,2026-07-12,RTGS-RZP5627341088-RAZORPAY SOFTWARE PVT LTD
BTXN2571338983,RZP4747309869,35876.15,2026-07-12,RTGS-RZP4747309869-RAZORPAY SOFTWARE PVT LTD
BTXN9293671884,RZP1406394502,24497.88,2026-07-07,UPI-RAZORPAY SOFTWARE PVT LTD-RZP1406394502
BTXN9678195280,RZP6319961232,70005.29,2026-07-11,IMPS/RZP6319961232/RAZORPAY SETTLEMENT
BTXN5268845844,RZP1230249217,11615.22,2026-07-10,IMPS/RZP1230249217/RAZORPAY SETTLEMENT
BTXN9886818084,RZP6280392812,63658.90,2026-07-15,IMPS/RZP6280392812/RAZORPAY SETTLEMENT
BTXN4568538165,RZP3162611166,25960.10,2026-07-07,NEFT CR-RZP3162611166-RAZORPAY
BTXN4667924002,RZP5926364167,2279.03,2026-07-04,UPI-RAZORPAY SOFTWARE PVT LTD-RZP5926364167
BTXN1956004196,RZP5653683,28004.81,2026-07-19,NEFT CR RAZORPAY SOFTWARE-683670
BTXN3726229120,RZP9110769188,31941.14,2026-07-08,IMPS/RZP9110769188/RAZORPAY SETTLEMENT
BTXN3964619803,RZP3661587320,26496.12,2026-07-09,NEFT CR-RZP3661587320-RAZORPAY
BTXN4135973483,RZP3073486033,22509.70,2026-07-15,UPI-RAZORPAY SOFTWARE PVT LTD-RZP3073486033
BTXN6891331174,RZP2525930586,55943.64,2026-07-05,RTGS-RZP2525930586-RAZORPAY SOFTWARE PVT LTD
BTXN6803656998,RZP8433519273,38665.63,2026-07-04,UPI-RAZORPAY SOFTWARE PVT LTD-RZP8433519273
BTXN3980503816,RZP3215000271,69138.20,2026-07-04,IMPS/RZP3215000271/RAZORPAY SETTLEMENT
BTXN3528740453,RZP1387520990,18290.48,2026-07-15,UPI-RAZORPAY SOFTWARE PVT LTD-RZP1387520990
BTXN7328430525,RZP2599347213,54329.76,2026-07-03,RTGS-RZP2599347213-RAZORPAY SOFTWARE PVT LTD
BTXN5747717561,RZP7161399268,10228.22,2026-07-03,IMPS/RZP7161399268/RAZORPAY SETTLEMENT
BTXN3605890125,RZP2898329787,56321.10,2026-07-05,NEFT CR-RZP2898329787-RAZORPAY
BTXN9202622469,RZP1008661237,47658.25,2026-07-05,RTGS-RZP1008661237-RAZORPAY SOFTWARE PVT LTD
BTXN1812009356,RZP7330373419,31799.68,2026-07-12,UPI-RAZORPAY SOFTWARE PVT LTD-RZP7330373419
BTXN3975770450,RZP2728863739,51762.16,2026-07-06,RTGS-RZP2728863739-RAZORPAY SOFTWARE PVT LTD
BTXN4919794146,RZP9677209565,19745.99,2026-07-11,SWIGGY ORDER PAYMENT
BTXN1182631487,RZP9974037082,66670.36,2026-07-03,IMPS/RZP9974037082/RAZORPAY SETTLEMENT
BTXN6270715864,RZP1539606736,1538.72,2026-07-14,NETFLIX SUBSCRIPTION
BTXN5179517389,RZP5751366455,15299.18,2026-07-04,IMPS/RZP5751366455/RAZORPAY SETTLEMENT
BTXN9242496387,RZP4485827475,3486.15,2026-07-04,NETFLIX SUBSCRIPTION
BTXN4636996268,RZP7752026077,58595.83,2026-07-15,IMPS/RZP7752026077/RAZORPAY SETTLEMENT
BTXN6116450998,RZP9307157672,65668.99,2026-07-10,NEFT CR-RZP9307157672-RAZORPAY
BTXN1477459038,RZP5820153667,35698.17,2026-07-09,IMPS/RZP5820153667/RAZORPAY SETTLEMENT
BTXN6617914557,RZP1817075731,9063.89,2026-07-15,ELECTRICITY BILL AUTOPAY
BTXN1190487386,RZP1891107818,8464.40,2026-07-08,IMPS/RZP1891107818/RAZORPAY SETTLEMENT
BTXN3016202732,RZP7621352858,7992.58,2026-07-10,IMPS/RZP7621352858/RAZORPAY SETTLEMENT
BTXN9839974996,RZP2758183407,50725.89,2026-07-11,RTGS-RZP2758183407-RAZORPAY SOFTWARE PVT LTD
BTXN7690274631,RZP4769980437,65894.61,2026-07-04,RTGS-RZP4769980437-RAZORPAY SOFTWARE PVT LTD
BTXN8215976144,RZP3713445257,65092.24,2026-07-16,NEFT CR-RZP3713445257-RAZORPAY
BTXN5573809091,RZP2044573716,23745.48,2026-07-10,UPI-RAZORPAY SOFTWARE PVT LTD-RZP2044573716
BTXN8127098897,RZP4241487104,35036.77,2026-07-03,IMPS/RZP4241487104/RAZORPAY SETTLEMENT
BTXN7411689197,RZP5368274169,62452.65,2026-07-06,NEFT CR-RZP5368274169-RAZORPAY
BTXN8543865915,RZP7279140605,4538.20,2026-07-09,IMPS/RZP7279140605/RAZORPAY SETTLEMENT
BTXN9072159605,RZP8432663268,30869.27,2026-07-03,UPI-RAZORPAY SOFTWARE PVT LTD-RZP8432663268
BTXN4842218423,RZP9083977480,10019.60,2026-07-05,RTGS-RZP9083977480-RAZORPAY SOFTWARE PVT LTD
BTXN2724666609,rzp2648559262,51747.27,2026-07-13,IMPS/RZP/559262/PAYOUT
BTXN3751434706,RZP2778293161,25367.52,2026-07-09,NEFT CR-RZP2778293161-RAZORPAY
BTXN5323857534,RZP3411562298,45577.85,2026-07-14,NEFT CR-RZP3411562298-RAZORPAY
BTXN3901540763,rzp1743962451,21551.76,2026-07-13,NEFT CR RAZORPAY SOFTWARE-962451
BTXN9476217306,RZP1679775895,20030.50,2026-07-08,IMPS/RZP1679775895/RAZORPAY SETTLEMENT
BTXN9058560174,RZP1200793449,63014.61,2026-07-10,UPI-RAZORPAY SOFTWARE PVT LTD-RZP1200793449
BTXN3354168451,RZP5197130637,22377.97,2026-07-03,IMPS/RZP5197130637/RAZORPAY SETTLEMENT
BTXN9768601555,RZP6248432,63205.28,2026-07-13,IMPS/RZP/432865/PAYOUT
BTXN1815228104,RZP7447472936,41390.62,2026-07-08,UPI-RAZORPAY SOFTWARE PVT LTD-RZP7447472936
BTXN9245983072,RZP1911306250,14786.54,2026-07-13,ELECTRICITY BILL AUTOPAY
BTXN8581073154,RZP7671837060,49951.72,2026-07-05,UPI-RAZORPAY SOFTWARE PVT LTD-RZP7671837060
BTXN2677642424,RZP6671098848,45388.35,2026-07-09,IMPS/RZP6671098848/RAZORPAY SETTLEMENT
BTXN5496614791,RZP1048418480,28690.92,2026-07-17,UPI-RAZORPAY SOFTWARE PVT LTD-RZP1048418480
BTXN8126281239,RZP5818812661,61122.92,2026-07-18,IMPS/RZP/812661/PAYOUT
BTXN5374772316,RZP5537056654,4594.94,2026-07-05,ELECTRICITY BILL AUTOPAY
BTXN7820400113,RZP7427044790,15257.55,2026-07-08,RTGS-RZP7427044790-RAZORPAY SOFTWARE PVT LTD
BTXN8602081086,RZP6035804720,70367.80,2026-07-14,UPI-RAZORPAY SOFTWARE PVT LTD-RZP6035804720
BTXN6011018195,RZP2463049293,8444.22,2026-07-10,UPI-RAZORPAY SOFTWARE PVT LTD-RZP2463049293
BTXN6287793163,RZP3197757742,54405.49,2026-07-02,IMPS/RZP3197757742/RAZORPAY SETTLEMENT
BTXN2651809915,RZP2232034581,53536.43,2026-07-10,UPI-RAZORPAY SOFTWARE PVT LTD-RZP2232034581
BTXN4629920918,RZP3612702072,28776.81,2026-07-15,RTGS-RZP3612702072-RAZORPAY SOFTWARE PVT LTD
BTXN3740779511,RZP3188323708,70418.61,2026-07-12,RTGS-RZP3188323708-RAZORPAY SOFTWARE PVT LTD
BTXN2865845787,RZP7613747328,9056.94,2026-07-07,UPI-RAZORPAY SOFTWARE PVT LTD-RZP7613747328
BTXN2970984707,RZP6685363026,38670.49,2026-07-01,IMPS/RZP6685363026/RAZORPAY SETTLEMENT
BTXN6376734654,RZP7999351048,572.20,2026-07-13,UPI-RAZORPAY SOFTWARE PVT LTD-RZP7999351048
BTXN2604106208,RZP1622518030,69627.59,2026-07-08,NEFT CR-RZP1622518030-RAZORPAY
BTXN9326149083,RZP8338325092,51197.23,2026-07-13,IMPS/RZP8338325092/RAZORPAY SETTLEMENT
BTXN1804437737,RZP1788517273,9603.39,2026-07-10,RTGS-RZP1788517273-RAZORPAY SOFTWARE PVT LTD
BTXN8444621162,RZP8018252523,52354.29,2026-07-09,RTGS-RZP8018252523-RAZORPAY SOFTWARE PVT LTD
BTXN4056293589,RZP3512880587,17950.50,2026-07-11,UPI-RAZORPAY SOFTWARE PVT LTD-RZP3512880587
BTXN2257246129,RZP9317197943,41220.35,2026-07-05,RTGS-RZP9317197943-RAZORPAY SOFTWARE PVT LTD
BTXN4163907058,RZP2732291919,51693.26,2026-07-07,NEFT CR RAZORPAY SOFTWARE-219919
BTXN5016450649,RZP5178502853,48109.81,2026-07-01,IMPS/RZP5178502853/RAZORPAY SETTLEMENT
BTXN6138726130,RZP7154120953,71302.16,2026-07-13,IMPS/RZP7154120953/RAZORPAY SETTLEMENT
BTXN4655730355,RZP8048810275,65621.71,2026-07-09,UPI-RAZORPAY SOFTWARE PVT LTD-RZP8048810275
BTXN7125994325,RZP6157964035,24363.57,2026-07-08,NEFT CR-RZP6157964035-RAZORPAY
BTXN3049341678,RZP6994344436,63329.16,2026-07-15,UPI-RAZORPAY SOFTWARE PVT LTD-RZP6994344436
BTXN1996024457,RZP7485589887,27829.46,2026-07-05,UPI-RAZORPAY SOFTWARE PVT LTD-RZP7485589887
BTXN2563936768,RZP9568710953,13489.58,2026-07-06,NEFT CR-RZP9568710953-RAZORPAY
BTXN1180566940,RZP7839860685,9218.41,2026-07-06,RTGS-RZP7839860685-RAZORPAY SOFTWARE PVT LTD
BTXN9960806274,RZP5099990661,2770.54,2026-07-04,IMPS/RZP5099990661/RAZORPAY SETTLEMENT
BTXN9847828776,RZP3127958496,13963.44,2026-07-04,UPI-RAZORPAY SOFTWARE PVT LTD-RZP3127958496
BTXN5322385617,RZP9842186844,3019.87,2026-07-14,UPI-RAZORPAY SOFTWARE PVT LTD-RZP9842186844
BTXN2891348756,RZP7457248418,64958.27,2026-07-09,NEFT CR-RZP7457248418-RAZORPAY
BTXN9231502182,RZP2082610955,45308.25,2026-07-01,RTGS-RZP2082610955-RAZORPAY SOFTWARE PVT LTD
BTXN4593532102,RZP4259889309,51135.81,2026-07-10,IMPS/RZP4259889309/RAZORPAY SETTLEMENT
BTXN7644079103,RZP1307692154,43587.27,2026-07-07,IMPS/RZP1307692154/RAZORPAY SETTLEMENT
BTXN2199704988,RZP6170452916,8726.03,2026-07-05,NEFT CR-RZP6170452916-RAZORPAY
BTXN4463521320,RZP5325658909,25035.15,2026-07-06,NEFT CR-RZP5325658909-RAZORPAY
BTXN8777630870,RZP9123077976,34241.61,2026-07-17,IMPS/RZP/077976/PAYOUT
BTXN6122093879,RZP7274637347,7839.16,2026-07-13,UPI-RAZORPAY SOFTWARE PVT LTD-RZP7274637347
BTXN3598721414,RZP2407009636,24943.74,2026-07-06,IMPS/RZP/009663/PAYOUT
BTXN9592385046,RZP7820889546,20225.74,2026-07-12,IMPS/RZP7820889546/RAZORPAY SETTLEMENT
BTXN5408120679,RZP3133389082,27408.82,2026-07-06,RTGS-RZP3133389082-RAZORPAY SOFTWARE PVT LTD
BTXN4334898655,RZP5969059658,12630.80,2026-07-12,IRCTC TICKET BOOKING
BTXN2453103256,RZP6886609703,67503.64,2026-07-15,NEFT CR-RZP6886609703-RAZORPAY
BTXN7308067960,RZP4853636272,5235.19,2026-07-11,IMPS/RZP4853636272/RAZORPAY SETTLEMENT
BTXN4262396395,RZP3426665919,74272.36,2026-07-04,IMPS/RZP3426665919/RAZORPAY SETTLEMENT
BTXN5784669422,RZP5386240502,52149.32,2026-07-08,NEFT CR-RZP5386240502-RAZORPAY
BTXN2814173307,RZP5736621817,7458.96,2026-07-06,RTGS-RZP5736621817-RAZORPAY SOFTWARE PVT LTD
BTXN4487731300,RZP7986432443,18554.74,2026-07-08,IMPS/RZP7986432443/RAZORPAY SETTLEMENT
BTXN7477925854,rzp5632313163,65819.05,2026-07-19,NEFT CR RAZORPAY SOFTWARE-313163
BTXN8382823609,RZP7416890880,26816.99,2026-07-15,RTGS-RZP7416890880-RAZORPAY SOFTWARE PVT LTD
BTXN4268424109,RZP7005242777,40451.38,2026-07-05,IMPS/RZP7005242777/RAZORPAY SETTLEMENT
BTXN4717847441,RZP7909651512,65995.78,2026-07-15,RTGS-RZP7909651512-RAZORPAY SOFTWARE PVT LTD
BTXN9142791059,RZP3112684876,52615.56,2026-07-14,IMPS/RZP3112684876/RAZORPAY SETTLEMENT
BTXN7145120520,RZP3388539602,41523.55,2026-07-04,UPI-RAZORPAY SOFTWARE PVT LTD-RZP3388539602
BTXN2064348736,RZP2357479830,4217.82,2026-07-04,NEFT CR-RZP2357479830-RAZORPAY
BTXN4197895987,RZP4690515516,40649.34,2026-07-14,RTGS-RZP4690515516-RAZORPAY SOFTWARE PVT LTD
BTXN3312409986,RZP2843253517,50322.31,2026-07-01,RTGS-RZP2843253517-RAZORPAY SOFTWARE PVT LTD
BTXN2250294737,RZP9122284596,8906.40,2026-07-08,RTGS-RZP9122284596-RAZORPAY SOFTWARE PVT LTD
BTXN8084842984,RZP1997216402,51709.65,2026-07-06,UPI-RAZORPAY SOFTWARE PVT LTD-RZP1997216402
BTXN3213823173,RZP1334257995,7110.90,2026-07-11,SALARY CREDIT XYZ CORP
BTXN4192423434,RZ9P420439970,22937.60,2026-07-18,IMPS/RZP/439970/PAYOUT
BTXN9786237351,RZP6236986071,10178.77,2026-07-06,AMAZON RETAIL PAYMENT
BTXN4405436528,RZP9820620666,18651.21,2026-07-14,NEFT CR-RZP9820620666-RAZORPAY
BTXN2718748096,RZP9922880637,48960.94,2026-07-07,NEFT CR-RZP9922880637-RAZORPAY
BTXN7271448160,RZP3248744353,27855.67,2026-07-10,NEFT CR-RZP3248744353-RAZORPAY
BTXN3965663196,RZP7770381816,2992.91,2026-07-01,RTGS-RZP7770381816-RAZORPAY SOFTWARE PVT LTD
BTXN5291753817,RZP9081840882,64064.58,2026-07-15,UPI-RAZORPAY SOFTWARE PVT LTD-RZP9081840882
BTXN1780588158,RZP4324869428,26375.09,2026-07-02,UPI-RAZORPAY SOFTWARE PVT LTD-RZP4324869428
BTXN8125421957,RZP2790568090,14626.94,2026-07-12,UPI-RAZORPAY SETTLEMENT ORDER 658090
BTXN9966953634,RZP6309384962,41083.65,2026-07-15,IMPS/RZP6309384962/RAZORPAY SETTLEMENT
BTXN8442365860,RZP3015589768,67200.17,2026-07-14,IMPS/RZP3015589768/RAZORPAY SETTLEMENT
BTXN9313155501,rzp2080206889,50184.76,2026-07-16,IMPS/RZP/206889/PAYOUT
BTXN8500228243,RZP7640467636,49973.28,2026-07-02,IMPS/RZP7640467636/RAZORPAY SETTLEMENT
BTXN1379444394,RZP2675710425,10622.63,2026-07-14,SWIGGY ORDER PAYMENT
BTXN9777135540,RZP1160488198,54527.12,2026-07-05,NEFT CR-RZP1160488198-RAZORPAY
BTXN2008772094,RZP3862552884,9361.27,2026-07-10,UPI-RAZORPAY SOFTWARE PVT LTD-RZP3862552884
BTXN9638083814,RZP2263341689,40331.71,2026-07-07,NEFT CR-RZP2263341689-RAZORPAY
BTXN9115168820,RZP7524687552,914.03,2026-07-01,UPI-RAZORPAY SOFTWARE PVT LTD-RZP7524687552
BTXN9468688732,RZP7451305385,58684.76,2026-07-12,IMPS/RZP7451305385/RAZORPAY SETTLEMENT
BTXN8955347538,RZP6566372886,35088.66,2026-07-02,NEFT CR-RZP6566372886-RAZORPAY
BTXN9456944029,RZP3550501495,63947.45,2026-07-15,UPI-RAZORPAY SOFTWARE PVT LTD-RZP3550501495
BTXN9467959811,RZP7842267325,6345.05,2026-07-06,RTGS-RZP7842267325-RAZORPAY SOFTWARE PVT LTD
BTXN7832196112,RZP7711410370,16969.34,2026-07-11,UPI-RAZORPAY SOFTWARE PVT LTD-RZP7711410370
BTXN8964696649,RZP3017002887,9965.50,2026-07-14,RTGS-RZP3017002887-RAZORPAY SOFTWARE PVT LTD
BTXN4092037989,RZP3826879632,74760.68,2026-07-05,UPI-RAZORPAY SOFTWARE PVT LTD-RZP3826879632
BTXN3201397080,RZP5660584367,16148.94,2026-07-12,IMPS/RZP5660584367/RAZORPAY SETTLEMENT
BTXN2345122542,RZP8733575600,68941.85,2026-07-10,UPI-RAZORPAY SOFTWARE PVT LTD-RZP8733575600
BTXN1252500343,RZP9645976273,1932.01,2026-07-10,RTGS-RZP9645976273-RAZORPAY SOFTWARE PVT LTD
BTXN2477337316,RZP3769718490,43383.20,2026-07-11,RTGS-RZP3769718490-RAZORPAY SOFTWARE PVT LTD
BTXN2993491419,RZP8950573593,58974.66,2026-07-02,IMPS/RZP8950573593/RAZORPAY SETTLEMENT
BTXN4480461105,RZP4962163038,39157.22,2026-07-12,UPI-RAZORPAY SOFTWARE PVT LTD-RZP4962163038
BTXN8087116099,RZP9478947301,13882.65,2026-07-01,UPI-RAZORPAY SOFTWARE PVT LTD-RZP9478947301
BTXN1328528151,RZP2293936744,22984.80,2026-07-06,NEFT CR-RZP2293936744-RAZORPAY
BTXN9946874597,RZP7890366162,40163.88,2026-07-09,NEFT CR-RZP7890366162-RAZORPAY
BTXN7839268452,RZP2853288514,6084.67,2026-07-12,IRCTC TICKET BOOKING
BTXN2115438431,RZP2003974175,4786.31,2026-07-06,IMPS/RZP2003974175/RAZORPAY SETTLEMENT
BTXN8830930634,RZP3863763028,39789.93,2026-07-06,RTGS-RZP3863763028-RAZORPAY SOFTWARE PVT LTD
BTXN5602730904,RZP9151939381,61574.44,2026-07-12,RTGS-RZP9151939381-RAZORPAY SOFTWARE PVT LTD
BTXN1027115821,RZP4033423665,35456.18,2026-07-12,UPI-RAZORPAY SOFTWARE PVT LTD-RZP4033423665
BTXN5106893220,RZP1969449751,66237.52,2026-07-14,UPI-RAZORPAY SOFTWARE PVT LTD-RZP1969449751
BTXN4989232147,RZP3763415887,20338.49,2026-07-10,RTGS-RZP3763415887-RAZORPAY SOFTWARE PVT LTD
BTXN5625077370,RZP3996596068,8980.23,2026-07-04,UPI-RAZORPAY SOFTWARE PVT LTD-RZP3996596068
BTXN4372880221,RZP6704320865,25263.78,2026-07-15,IMPS/RZP6704320865/RAZORPAY SETTLEMENT
BTXN3043109218,rzp3337589670,63427.71,2026-07-19,NEFT CR RAZORPAY SOFTWARE-589670
BTXN7801403087,RZP3023063838,65377.02,2026-07-14,RTGS-RZP3023063838-RAZORPAY SOFTWARE PVT LTD
BTXN1323639855,RZP2014766981,11410.09,2026-07-04,NEFT CR-RZP2014766981-RAZORPAY
BTXN2319953617,RZP9350447,55167.84,2026-07-05,IMPS/RZP/447188/PAYOUT
BTXN4598871833,RZP5813294457,73100.16,2026-07-07,IMPS/RZP5813294457/RAZORPAY SETTLEMENT
BTXN3874879137,RZP4730625955,26952.51,2026-07-08,IMPS/RZP4730625955/RAZORPAY SETTLEMENT
BTXN8777590141,RZP4819768686,53039.89,2026-07-05,NEFT CR-RZP4819768686-RAZORPAY
BTXN2470072669,RZP3687002888,34856.99,2026-07-15,IMPS/RZP3687002888/RAZORPAY SETTLEMENT
BTXN4245593049,RZP5192423776,49958.25,2026-07-03,RTGS-RZP5192423776-RAZORPAY SOFTWARE PVT LTD
BTXN2098431207,RZP3629175958,49769.81,2026-07-04,NEFT CR-RZP3629175958-RAZORPAY
BTXN9464956350,RZP8728786271,47920.28,2026-07-03,RTGS-RZP8728786271-RAZORPAY SOFTWARE PVT LTD
BTXN4337055860,RZP3824669259,11708.80,2026-07-15,ATM WDL BLR
BTXN4626682712,RZP9440692809,47791.16,2026-07-08,UPI-RAZORPAY SOFTWARE PVT LTD-RZP9440692809
BTXN9155179392,RZP2733941624,5191.10,2026-07-15,UPI-RAZORPAY SOFTWARE PVT LTD-RZP2733941624
BTXN4302595540,RZP3317683108,51232.46,2026-07-10,RTGS-RZP3317683108-RAZORPAY SOFTWARE PVT LTD
BTXN1839293859,RZP8789514745,4421.62,2026-07-11,IMPS/RZP8789514745/RAZORPAY SETTLEMENT
BTXN8076527214,RZP8489005480,15630.00,2026-07-14,RTGS-RZP8489005480-RAZORPAY SOFTWARE PVT LTD
BTXN8723540312,RZP4071014902,63808.68,2026-07-05,RTGS-RZP4071014902-RAZORPAY SOFTWARE PVT LTD
BTXN2280403099,RZP8228216402,53337.34,2026-07-03,RTGS-RZP8228216402-RAZORPAY SOFTWARE PVT LTD
BTXN1444513749,RZP2785346696,28152.66,2026-07-09,RTGS-RZP2785346696-RAZORPAY SOFTWARE PVT LTD
BTXN6174717082,RZP9950055480,39387.16,2026-07-06,IMPS/RZP9950055480/RAZORPAY SETTLEMENT
BTXN1121891009,RZP3420598903,10867.29,2026-07-11,IMPS/RZP3420598903/RAZORPAY SETTLEMENT
BTXN6356515591,rzp1736081128,8626.88,2026-07-13,NEFT CR RAZORPAY SOFTWARE-081128
BTXN2261606601,RZP1285602192,18819.67,2026-07-02,IMPS/RZP1285602192/RAZORPAY SETTLEMENT
BTXN1710924824,RZP9059914313,7453.83,2026-07-06,IMPS/RZP9059914313/RAZORPAY SETTLEMENT
BTXN5190968600,RZP2930718638,39349.03,2026-07-04,UPI-RAZORPAY SOFTWARE PVT LTD-RZP2930718638
BTXN4672588403,RZP3723700483,8005.54,2026-07-06,RTGS-RZP3723700483-RAZORPAY SOFTWARE PVT LTD
BTXN4060384519,RZP9643324502,70295.82,2026-07-10,IMPS/RZP9643324502/RAZORPAY SETTLEMENT
BTXN6510051851,RZP6059464745,46174.61,2026-07-13,UPI-RAZORPAY SOFTWARE PVT LTD-RZP6059464745
BTXN5153299037,RZP9129374842,16638.66,2026-07-08,UPI-RAZORPAY SOFTWARE PVT LTD-RZP9129374842
BTXN5805308144,RZP3369710124,56272.48,2026-07-06,IMPS/RZP3369710124/RAZORPAY SETTLEMENT
BTXN2364538988,RZP6930954227,768.93,2026-07-12,ZOMATO ONLINE ORDER
BTXN8157277882,RZP9236429015,74166.02,2026-07-13,UPI-RAZORPAY SOFTWARE PVT LTD-RZP9236429015
BTXN8066155360,RZP1193780169,18456.80,2026-07-02,ELECTRICITY BILL AUTOPAY
BTXN1410179023,rzp4500781228,73780.66,2026-07-07,NEFT CR RAZORPAY SOFTWARE-781228
BTXN7693339035,RZP1987685914,54212.81,2026-07-05,UPI-RAZORPAY SETTLEMENT ORDER 685194
BTXN2640530358,RZP9772381394,71027.38,2026-07-11,IMPS/RZP/381349/PAYOUT
BTXN7840338299,RZP9132676586,46532.66,2026-07-06,RTGS-RZP9132676586-RAZORPAY SOFTWARE PVT LTD
BTXN1348850089,RZP8052014296,25383.59,2026-07-09,RTGS-RZP8052014296-RAZORPAY SOFTWARE PVT LTD
BTXN3725593754,RZP7220441558,27684.14,2026-07-10,RTGS-RZP7220441558-RAZORPAY SOFTWARE PVT LTD
BTXN3747126998,RZP1734907971,3898.13,2026-07-04,IMPS/RZP1734907971/RAZORPAY SETTLEMENT
BTXN6186857522,RZP5948608725,58270.01,2026-07-04,RTGS-RZP5948608725-RAZORPAY SOFTWARE PVT LTD
BTXN5742431720,RZP9856518357,33587.13,2026-07-06,UPI-RAZORPAY SOFTWARE PVT LTD-RZP9856518357
BTXN7418562154,rzp7206480277,71512.35,2026-07-18,UPI-RAZORPAY SETTLEMENT ORDER 480277
BTXN2417165721,RZP1316598641,19396.87,2026-07-15,RTGS-RZP1316598641-RAZORPAY SOFTWARE PVT LTD
BTXN4057964370,RZP3415215003,3704.85,2026-07-10,AMAZON RETAIL PAYMENT
BTXN5332951316,rzp2471643057,54479.58,2026-07-08,UPI-RAZORPAY SETTLEMENT ORDER 643057
BTXN2291603476,RZP6546859752,60968.08,2026-07-13,RTGS-RZP6546859752-RAZORPAY SOFTWARE PVT LTD
BTXN7707867082,RZP7333501134,34737.52,2026-07-17,UPI-RAZORPAY SETTLEMENT ORDER 510134
BTXN2283392443,RZP9771121724,70337.86,2026-07-09,UPI-RAZORPAY SOFTWARE PVT LTD-RZP9771121724
BTXN9392103732,RZP3439022113,4111.90,2026-07-11,ATM WDL HYD
BTXN4425416154,RZP6832317836,71229.84,2026-07-15,RTGS-RZP6832317836-RAZORPAY SOFTWARE PVT LTD
BTXN5913008123,RZP1335745390,25823.53,2026-07-10,UPI-RAZORPAY SOFTWARE PVT LTD-RZP1335745390
BTXN2922230116,RZP9700705913,40773.18,2026-07-06,IMPS/RZP9700705913/RAZORPAY SETTLEMENT
BTXN4221741859,RZP7574819669,12568.66,2026-07-15,UPI-RAZORPAY SOFTWARE PVT LTD-RZP7574819669
BTXN2900861022,RZP9237833434,67405.86,2026-07-14,IMPS/RZP9237833434/RAZORPAY SETTLEMENT
BTXN6035482690,rzp8635597666,9644.78,2026-07-17,NEFT CR RAZORPAY SOFTWARE-597666
BTXN2076626635,RZP8876564065,74778.86,2026-07-08,RTGS-RZP8876564065-RAZORPAY SOFTWARE PVT LTD
BTXN7642014622,RZP2603310794,33231.32,2026-07-15,RTGS-RZP2603310794-RAZORPAY SOFTWARE PVT LTD
BTXN9424064824,RZP8472615208,74315.09,2026-07-09,UPI-RAZORPAY SOFTWARE PVT LTD-RZP8472615208
BTXN3939004031,RZP8527349,47120.46,2026-07-19,IMPS/RZP/349508/PAYOUT
BTXN4660410361,RZP4013231659,38961.67,2026-07-09,RTGS-RZP4013231659-RAZORPAY SOFTWARE PVT LTD
BTXN5706144393,RZP3279791190,12958.74,2026-07-14,UPI-RAZORPAY SOFTWARE PVT LTD-RZP3279791190
BTXN1052188086,RZP5503612954,620.37,2026-07-03,SWIGGY ORDER PAYMENT
BTXN7119956976,RZP9794925952,6201.67,2026-07-01,UPI-RAZORPAY SOFTWARE PVT LTD-RZP9794925952
BTXN3639334306,RZP3159415283,63607.13,2026-07-06,RTGS-RZP3159415283-RAZORPAY SOFTWARE PVT LTD
BTXN1127495739,RZP3247857318,6683.51,2026-07-12,NEFT CR-RZP3247857318-RAZORPAY
BTXN9269343397,RZP8592552300,40161.14,2026-07-11,NEFT CR-RZP8592552300-RAZORPAY
BTXN9527623768,RZP7003598373,10951.98,2026-07-05,RTGS-RZP7003598373-RAZORPAY SOFTWARE PVT LTD
BTXN1704198581,RZP3290930907,31696.71,2026-07-02,RTGS-RZP3290930907-RAZORPAY SOFTWARE PVT LTD
BTXN6074901823,RZP1587160112,27911.73,2026-07-12,UPI-RAZORPAY SOFTWARE PVT LTD-RZP1587160112
BTXN1909997553,RZP6605439330,35603.68,2026-07-06,NEFT CR-RZP6605439330-RAZORPAY
BTXN6622834251,RZP5470865599,8959.19,2026-07-05,UPI-RAZORPAY SOFTWARE PVT LTD-RZP5470865599
BTXN8630116447,RZP6337238225,50605.38,2026-07-10,IMPS/RZP6337238225/RAZORPAY SETTLEMENT
BTXN2934841169,RZP5976243662,18223.02,2026-07-12,IMPS/RZP5976243662/RAZORPAY SETTLEMENT
BTXN3511374814,RZP4647797507,39480.10,2026-07-07,IMPS/RZP4647797507/RAZORPAY SETTLEMENT
BTXN8268862104,RZP5194081855,48221.33,2026-07-04,UPI-RAZORPAY SOFTWARE PVT LTD-RZP5194081855
BTXN3119634399,RZP7805745017,67387.80,2026-07-07,IMPS/RZP7805745017/RAZORPAY SETTLEMENT
BTXN5221152318,RZP9296766443,23557.19,2026-07-09,UPI-RAZORPAY SOFTWARE PVT LTD-RZP9296766443
BTXN1054197578,RZP1489764109,62884.48,2026-07-03,UPI-RAZORPAY SOFTWARE PVT LTD-RZP1489764109
BTXN5931982968,RZP3686267961,20643.96,2026-07-15,NEFT CR-RZP3686267961-RAZORPAY
BTXN9479440022,RZP5882228340,45773.68,2026-07-12,IMPS/RZP5882228340/RAZORPAY SETTLEMENT
BTXN6748037306,RZP7932865042,64737.79,2026-07-13,NEFT CR-RZP7932865042-RAZORPAY
BTXN4709522034,RZP2603690509,11973.46,2026-07-13,NEFT CR-RZP2603690509-RAZORPAY
BTXN5119022697,RZP7867090481,73741.14,2026-07-02,NEFT CR-RZP7867090481-RAZORPAY
BTXN6781460413,RZP1629425932,54122.06,2026-07-03,IMPS/RZP1629425932/RAZORPAY SETTLEMENT
BTXN1424960407,RZP2769588194,4831.43,2026-07-13,AMAZON RETAIL PAYMENT
BTXN8335573288,RZP2116274,59724.98,2026-07-08,IMPS/RZP/274384/PAYOUT
BTXN8123052977,RZP1589701391,69618.54,2026-07-14,IMPS/RZP1589701391/RAZORPAY SETTLEMENT
BTXN9459510020,RZP4541779641,71454.42,2026-07-09,UPI-RAZORPAY SOFTWARE PVT LTD-RZP4541779641
BTXN5056984005,RZP6650146795,29536.83,2026-07-09,IMPS/RZP6650146795/RAZORPAY SETTLEMENT
BTXN1695892620,RZP1648843140,54929.00,2026-07-13,NEFT CR-RZP1648843140-RAZORPAY
BTXN8404920199,RPZ7275945281,20824.14,2026-07-16,NEFT CR RAZORPAY SOFTWARE-945281
BTXN6282030368,RZP3610634187,14799.28,2026-07-13,IMPS/RZP3610634187/RAZORPAY SETTLEMENT
BTXN2232216955,RZP7722043379,10554.26,2026-07-11,UPI-RAZORPAY SOFTWARE PVT LTD-RZP7722043379
BTXN8440331855,RZP5751627413,41249.14,2026-07-02,NEFT CR-RZP5751627413-RAZORPAY
BTXN2940202689,RZP4510969640,32621.40,2026-07-05,UPI-RAZORPAY SOFTWARE PVT LTD-RZP4510969640
BTXN8946262346,RZP4264923689,25835.71,2026-07-09,NEFT CR-RZP4264923689-RAZORPAY
BTXN1176156557,RZP2623186271,740.85,2026-07-17,NEFT CR-RZP2623186271-RAZORPAY
BTXN2897512416,RZP1567130806,5658.94,2026-07-02,RTGS-RZP1567130806-RAZORPAY SOFTWARE PVT LTD
BTXN5448561315,RZP5708207259,15981.55,2026-07-07,IMPS/RZP5708207259/RAZORPAY SETTLEMENT
BTXN4272650222,RZP9821039080,45921.13,2026-07-06,UPI-RAZORPAY SOFTWARE PVT LTD-RZP9821039080
BTXN2061440137,RZP7751635609,11059.04,2026-07-06,SWIGGY ORDER PAYMENT
BTXN4371442794,RZP4201075995,67142.88,2026-07-09,IMPS/RZP4201075995/RAZORPAY SETTLEMENT
BTXN7801765016,RZP9385174714,41618.29,2026-07-04,UPI-RAZORPAY SOFTWARE PVT LTD-RZP9385174714
BTXN4791577083,RZP8213945340,7113.91,2026-07-12,UPI-RAZORPAY SOFTWARE PVT LTD-RZP8213945340
BTXN2073949459,RZP2490242444,17762.60,2026-07-07,UPI-RAZORPAY SOFTWARE PVT LTD-RZP2490242444
BTXN6141226746,RZP3476426797,19476.83,2026-07-12,RTGS-RZP3476426797-RAZORPAY SOFTWARE PVT LTD
BTXN7808480880,RZP7541418750,62297.76,2026-07-11,NEFT CR-RZP7541418750-RAZORPAY
BTXN1851471430,RZP2099449118,47205.48,2026-07-04,UPI-RAZORPAY SOFTWARE PVT LTD-RZP2099449118
BTXN2526032931,RZP3676831869,34352.38,2026-07-07,RTGS-RZP3676831869-RAZORPAY SOFTWARE PVT LTD
BTXN3123126180,RZP2972994192,1595.79,2026-07-09,UPI-RAZORPAY SOFTWARE PVT LTD-RZP2972994192
BTXN7092626394,RZP9147617853,66568.45,2026-07-05,NEFT CR-RZP9147617853-RAZORPAY
BTXN5114325536,RZP2138832493,22650.36,2026-07-10,RTGS-RZP2138832493-RAZORPAY SOFTWARE PVT LTD
BTXN2207869079,RZP4897826540,2995.98,2026-07-11,NEFT CR-RZP4897826540-RAZORPAY
BTXN4744021439,RZP1511985236,17330.11,2026-07-02,UPI-RAZORPAY SOFTWARE PVT LTD-RZP1511985236
BTXN5876328741,RZP8691065312,9142.46,2026-07-15,NEFT CR-RZP8691065312-RAZORPAY
BTXN1200426013,RZP1941573438,2057.76,2026-07-15,ZOMATO ONLINE ORDER
BTXN8370987661,RZP9760623742,6607.76,2026-07-11,IMPS/RZP9760623742/RAZORPAY SETTLEMENT
BTXN1162720486,RZP9899689747,51610.24,2026-07-01,RTGS-RZP9899689747-RAZORPAY SOFTWARE PVT LTD
BTXN8313633642,rzp2418604627,774.82,2026-07-08,UPI-RAZORPAY SETTLEMENT ORDER 604627
BTXN2534993610,RZP2323202998,30421.43,2026-07-14,NEFT CR-RZP2323202998-RAZORPAY
BTXN5574817788,RZP9686824525,42460.68,2026-07-02,NEFT CR-RZP9686824525-RAZORPAY
BTXN3296067730,RZP5866075091,65567.02,2026-07-01,NEFT CR-RZP5866075091-RAZORPAY
BTXN6756680893,RZP8198053217,15817.34,2026-07-13,NEFT CR-RZP8198053217-RAZORPAY
BTXN6808867808,RZP3049163708,70081.30,2026-07-14,RTGS-RZP3049163708-RAZORPAY SOFTWARE PVT LTD
BTXN4963069242,RZP6595624978,4418.08,2026-07-15,IMPS/RZP6595624978/RAZORPAY SETTLEMENT
BTXN1702390616,RZP3029732809,74762.73,2026-07-13,NEFT CR-RZP3029732809-RAZORPAY
BTXN8077895620,RZP4702324451,36535.86,2026-07-10,RTGS-RZP4702324451-RAZORPAY SOFTWARE PVT LTD
BTXN4127220285,RZP8062791807,62226.97,2026-07-13,RTGS-RZP8062791807-RAZORPAY SOFTWARE PVT LTD
BTXN4807862922,RZP6321174377,3912.71,2026-07-05,RTGS-RZP6321174377-RAZORPAY SOFTWARE PVT LTD
BTXN9895478523,RZP9927594570,4771.30,2026-07-14,RTGS-RZP9927594570-RAZORPAY SOFTWARE PVT LTD
BTXN3426282426,RZP2642768997,23206.36,2026-07-01,IMPS/RZP2642768997/RAZORPAY SETTLEMENT
BTXN8287287976,RZP8645207796,46952.08,2026-07-02,UPI-RAZORPAY SOFTWARE PVT LTD-RZP8645207796
BTXN1677842235,RZP2720829540,47308.07,2026-07-06,UPI-RAZORPAY SOFTWARE PVT LTD-RZP2720829540
BTXN3701677843,RZP8126618474,39139.95,2026-07-12,UPI-RAZORPAY SOFTWARE PVT LTD-RZP8126618474
BTXN2075382280,rzp3639562517,8184.49,2026-07-12,NEFT CR RAZORPAY SOFTWARE-562517
BTXN2112433368,RZP7073431287,10672.23,2026-07-12,UPI-RAZORPAY SOFTWARE PVT LTD-RZP7073431287
BTXN3875675824,RZP2789254431,16724.94,2026-07-08,UPI-RAZORPAY SOFTWARE PVT LTD-RZP2789254431
BTXN5596577417,RZP7212391110,38032.42,2026-07-08,NEFT CR-RZP7212391110-RAZORPAY
BTXN1384678169,RZP8979221696,42722.15,2026-07-15,RTGS-RZP8979221696-RAZORPAY SOFTWARE PVT LTD
BTXN8483963396,RZP7797640398,25580.20,2026-07-04,NEFT CR-RZP7797640398-RAZORPAY
BTXN4801796428,RZP8380922117,43764.87,2026-07-07,IMPS/RZP8380922117/RAZORPAY SETTLEMENT
BTXN8169968813,RZP9698124329,13470.92,2026-07-14,IMPS/RZP9698124329/RAZORPAY SETTLEMENT
BTXN7977766871,RZP6239329048,55615.50,2026-07-01,IMPS/RZP6239329048/RAZORPAY SETTLEMENT
BTXN2956905265,RZP2794776739,35806.02,2026-07-09,UPI-RAZORPAY SOFTWARE PVT LTD-RZP2794776739
BTXN6800756648,RZP3746524224,56864.05,2026-07-04,IMPS/RZP3746524224/RAZORPAY SETTLEMENT
BTXN9418711045,RZP3028741147,62181.43,2026-07-06,NEFT CR-RZP3028741147-RAZORPAY
BTXN2967096076,RZP6947993404,2817.93,2026-07-08,ATM WDL DEL
BTXN5845409980,RZP4691623602,44939.09,2026-07-16,NEFT CR RAZORPAY SOFTWARE-623602
BTXN9710010368,RZP2958768739,62519.36,2026-07-16,NEFT CR-RZP2958768739-RAZORPAY
BTXN3912449281,RZP1127661542,55465.98,2026-07-14,UPI-RAZORPAY SOFTWARE PVT LTD-RZP1127661542
BTXN8205573753,RZP5346612707,36574.13,2026-07-11,NEFT CR-RZP5346612707-RAZORPAY
BTXN8418324922,RZP6910112521,61328.84,2026-07-07,IMPS/RZP6910112521/RAZORPAY SETTLEMENT
BTXN1599242939,RZP4546318329,23856.76,2026-07-08,UPI-RAZORPAY SOFTWARE PVT LTD-RZP4546318329
BTXN7671347646,RZP7964420564,64997.80,2026-07-13,UPI-RAZORPAY SOFTWARE PVT LTD-RZP7964420564
BTXN9099218918,RZP8160641932,72125.40,2026-07-05,IMPS/RZP8160641932/RAZORPAY SETTLEMENT
BTXN9550185091,RZP1260450840,58337.85,2026-07-15,RTGS-RZP1260450840-RAZORPAY SOFTWARE PVT LTD
BTXN5763694523,RZP1966888858,34354.52,2026-07-14,IMPS/RZP1966888858/RAZORPAY SETTLEMENT
BTXN5513796929,RZP7750200456,69763.71,2026-07-01,IMPS/RZP7750200456/RAZORPAY SETTLEMENT
BTXN1117979814,RZP7642577159,22116.17,2026-07-12,IMPS/RZP7642577159/RAZORPAY SETTLEMENT
BTXN7838956132,RZP4159008162,37830.00,2026-07-10,RTGS-RZP4159008162-RAZORPAY SOFTWARE PVT LTD
BTXN5841193066,RZP9424743710,44287.42,2026-07-03,IMPS/RZP9424743710/RAZORPAY SETTLEMENT
BTXN6372506646,RZP9775257305,18343.78,2026-07-15,NEFT CR-RZP9775257305-RAZORPAY
BTXN9343456944,RZP2014561011,57441.53,2026-07-11,RTGS-RZP2014561011-RAZORPAY SOFTWARE PVT LTD
BTXN6668356021,RZP4836070340,59157.31,2026-07-09,IMPS/RZP4836070340/RAZORPAY SETTLEMENT
BTXN2376463094,RZP6426222971,44532.86,2026-07-07,IMPS/RZP6426222971/RAZORPAY SETTLEMENT
BTXN8564925592,RZP1457632732,887.04,2026-07-05,RTGS-RZP1457632732-RAZORPAY SOFTWARE PVT LTD
BTXN8973989997,RZP2009317340,34702.55,2026-07-13,RTGS-RZP2009317340-RAZORPAY SOFTWARE PVT LTD
BTXN4447681857,RZP1929342747,3164.03,2026-07-10,UPI-RAZORPAY SOFTWARE PVT LTD-RZP1929342747
BTXN2580084991,RZP4716414506,17059.26,2026-07-08,IMPS/RZP4716414506/RAZORPAY SETTLEMENT
BTXN7390299372,RZP5871107480,21476.78,2026-07-10,UPI-RAZORPAY SOFTWARE PVT LTD-RZP5871107480
BTXN7851516382,RZP1388964867,42029.13,2026-07-11,UPI-RAZORPAY SOFTWARE PVT LTD-RZP1388964867
BTXN5015786334,RPZ1199762265,58350.69,2026-07-11,IMPS/RZP/762265/PAYOUT
BTXN8979441020,RZP8661202977,19277.80,2026-07-10,IMPS/RZP8661202977/RAZORPAY SETTLEMENT
BTXN7007337988,RZP5699124491,71953.02,2026-07-04,RTGS-RZP5699124491-RAZORPAY SOFTWARE PVT LTD
BTXN2629261381,RZP3101359082,10337.43,2026-07-12,IRCTC TICKET BOOKING
BTXN9769577087,RZP8249315123,65074.73,2026-07-15,NEFT CR-RZP8249315123-RAZORPAY
BTXN5838913822,RZP3447781366,5419.09,2026-07-13,NEFT CR-RZP3447781366-RAZORPAY
BTXN7663043297,RZP2537468258,66426.49,2026-07-14,IMPS/RZP2537468258/RAZORPAY SETTLEMENT
BTXN8253543947,RZP1021719094,7127.48,2026-07-09,NEFT CR-RZP1021719094-RAZORPAY
BTXN6188049277,RZP1264553898,63593.77,2026-07-08,IMPS/RZP1264553898/RAZORPAY SETTLEMENT
BTXN3916142604,RZP7768858315,22788.06,2026-07-04,IMPS/RZP7768858315/RAZORPAY SETTLEMENT
BTXN3753531092,RZP4227403747,4567.80,2026-07-11,RTGS-RZP4227403747-RAZORPAY SOFTWARE PVT LTD
BTXN6358434988,RZP1338444340,18603.93,2026-07-02,IRCTC TICKET BOOKING
BTXN1420434443,RZP5303805279,9843.22,2026-07-13,SALARY CREDIT XYZ CORP
BTXN2091236778,RZP8010771335,7987.66,2026-07-15,NETFLIX SUBSCRIPTION
BTXN6556006311,RZP6217691158,38675.53,2026-07-06,IMPS/RZP6217691158/RAZORPAY SETTLEMENT
BTXN4802656429,RZP9803023919,19664.48,2026-07-16,RTGS-RZP9803023919-RAZORPAY SOFTWARE PVT LTD
BTXN6717190033,RZP9988594944,7163.24,2026-07-07,SWIGGY ORDER PAYMENT
BTXN9022555324,RZP7249131725,4116.50,2026-07-05,UPI-RAZORPAY SOFTWARE PVT LTD-RZP7249131725
BTXN9822771825,RZP1166182881,65650.52,2026-07-08,RTGS-RZP1166182881-RAZORPAY SOFTWARE PVT LTD
BTXN2315243046,RZP1967212930,579.85,2026-07-07,IRCTC TICKET BOOKING
BTXN6918306353,RZP1449401808,8494.78,2026-07-09,IMPS/RZP1449401808/RAZORPAY SETTLEMENT
BTXN9141495500,RZP7363409651,31036.10,2026-07-15,IMPS/RZP7363409651/RAZORPAY SETTLEMENT
BTXN8066542353,rzp6084673903,22943.36,2026-07-14,UPI-RAZORPAY SETTLEMENT ORDER 673903
BTXN4323786216,RZP4979662,47447.57,2026-07-18,UPI-RAZORPAY SETTLEMENT ORDER 662111
BTXN2876045373,RZP2075551393,38264.33,2026-07-06,IMPS/RZP2075551393/RAZORPAY SETTLEMENT
BTXN4694006517,RZP3678295186,38388.53,2026-07-14,NEFT CR-RZP3678295186-RAZORPAY
BTXN1224689628,RZP6472566,10434.47,2026-07-18,NEFT CR RAZORPAY SOFTWARE-566643
BTXN8424513063,RZP5321195124,62367.53,2026-07-03,IMPS/RZP5321195124/RAZORPAY SETTLEMENT
BTXN6809410371,RZP1621343575,24567.48,2026-07-03,NEFT CR-RZP1621343575-RAZORPAY
BTXN4644402827,RZP9082249559,25785.11,2026-07-13,IMPS/RZP9082249559/RAZORPAY SETTLEMENT
BTXN4886958219,RZP9042699745,33320.35,2026-07-09,IMPS/RZP9042699745/RAZORPAY SETTLEMENT
BTXN3194880840,RZP3579466477,26554.86,2026-07-02,RTGS-RZP3579466477-RAZORPAY SOFTWARE PVT LTD
BTXN2082809647,RZP3844572111,36998.54,2026-07-05,RTGS-RZP3844572111-RAZORPAY SOFTWARE PVT LTD
BTXN8838061659,RZP6911706728,27464.91,2026-07-05,IMPS/RZP6911706728/RAZORPAY SETTLEMENT
BTXN3469205576,RZP2187592160,45674.07,2026-07-04,RTGS-RZP2187592160-RAZORPAY SOFTWARE PVT LTD
BTXN4114986709,RZP9528732541,67545.16,2026-07-15,NEFT CR-RZP9528732541-RAZORPAY
BTXN7763635013,RZP3547059044,2639.25,2026-07-06,RTGS-RZP3547059044-RAZORPAY SOFTWARE PVT LTD
BTXN8013396905,RZP8967002108,9507.65,2026-07-06,IMPS/RZP8967002108/RAZORPAY SETTLEMENT
BTXN5510180183,RZP6378549,23569.58,2026-07-16,UPI-RAZORPAY SETTLEMENT ORDER 549045
BTXN4756257920,RZP3546553387,74071.60,2026-07-13,NEFT CR-RZP3546553387-RAZORPAY
BTXN7886723756,RZP2304557343,10216.57,2026-07-04,NETFLIX SUBSCRIPTION
BTXN1526241774,RZP8236627,66655.68,2026-07-08,UPI-RAZORPAY SETTLEMENT ORDER 627786
BTXN8986529553,RZP8064625,58371.64,2026-07-20,UPI-RAZORPAY SETTLEMENT ORDER 625862
BTXN7179927150,RZP3557017961,59356.26,2026-07-11,IMPS/RZP3557017961/RAZORPAY SETTLEMENT
BTXN3866524924,RZP5775774971,3260.63,2026-07-02,UPI-RAZORPAY SOFTWARE PVT LTD-RZP5775774971
BTXN7791797125,rzp2612250349,2652.13,2026-07-08,UPI-RAZORPAY SETTLEMENT ORDER 250349
BTXN6514569386,RZP5695432,59069.91,2026-07-10,UPI-RAZORPAY SETTLEMENT ORDER 432332
BTXN3465172825,RZP9015008408,26542.35,2026-07-04,RTGS-RZP9015008408-RAZORPAY SOFTWARE PVT LTD
BTXN1297053389,RZP9798289219,46054.03,2026-07-09,NEFT CR-RZP9798289219-RAZORPAY
BTXN6191551866,RZP5343889878,17151.44,2026-07-07,SWIGGY ORDER PAYMENT
BTXN6170555961,RZP4344969039,19015.48,2026-07-05,ATM WDL CHN
BTXN7447483585,RZP6739306742,8750.74,2026-07-09,UPI-RAZORPAY SOFTWARE PVT LTD-RZP6739306742
BTXN9741819989,RZP1052776893,3925.62,2026-07-06,RTGS-RZP1052776893-RAZORPAY SOFTWARE PVT LTD
BTXN4228712244,RZP4894108708,36351.13,2026-07-10,RTGS-RZP4894108708-RAZORPAY SOFTWARE PVT LTD
BTXN5825891409,RZP2821460610,38811.70,2026-07-07,UPI-RAZORPAY SOFTWARE PVT LTD-RZP2821460610
BTXN5761980389,RZP2838704346,1307.54,2026-07-13,NEFT CR-RZP2838704346-RAZORPAY
BTXN7872117829,RZP7329754194,12455.77,2026-07-01,ZOMATO ONLINE ORDER
BTXN4112369490,RZP2787821955,18803.56,2026-07-11,UPI-RAZORPAY SOFTWARE PVT LTD-RZP2787821955
BTXN1935771229,RZP8639921512,31193.59,2026-07-15,NEFT CR-RZP8639921512-RAZORPAY
BTXN5771840898,RZP8042151493,21065.44,2026-07-06,RTGS-RZP8042151493-RAZORPAY SOFTWARE PVT LTD
BTXN1334585609,RZP6788700049,7907.53,2026-07-15,NEFT CR-RZP6788700049-RAZORPAY
BTXN4196651304,RZP6776870997,14319.84,2026-07-03,IRCTC TICKET BOOKING
BTXN7315865092,RZP2856134478,20148.41,2026-07-07,IMPS/RZP2856134478/RAZORPAY SETTLEMENT
BTXN7612367946,RZP8882946902,19493.15,2026-07-08,NEFT CR-RZP8882946902-RAZORPAY
BTXN2600194198,RZP7162339674,39750.71,2026-07-12,RTGS-RZP7162339674-RAZORPAY SOFTWARE PVT LTD
BTXN7104899851,RZP4012010269,47395.67,2026-07-14,UPI-RAZORPAY SOFTWARE PVT LTD-RZP4012010269
BTXN6195793357,RZP8327438673,11390.88,2026-07-06,NEFT CR-RZP8327438673-RAZORPAY
BTXN1062547026,RZP9445628409,39859.93,2026-07-07,UPI-RAZORPAY SOFTWARE PVT LTD-RZP9445628409
BTXN3312113513,RZP5490282843,4805.57,2026-07-03,NEFT CR-RZP5490282843-RAZORPAY
BTXN4584770006,RZP7866732238,7230.63,2026-07-09,IMPS/RZP7866732238/RAZORPAY SETTLEMENT
BTXN5438901390,RZP9178699276,8443.13,2026-07-13,RTGS-RZP9178699276-RAZORPAY SOFTWARE PVT LTD
BTXN4939044429,RZP6281887398,21354.26,2026-07-01,RTGS-RZP6281887398-RAZORPAY SOFTWARE PVT LTD
BTXN5877754628,RZP9057068336,60426.33,2026-07-03,NEFT CR-RZP9057068336-RAZORPAY
BTXN9372856246,RZP3107237254,37719.04,2026-07-14,NEFT CR-RZP3107237254-RAZORPAY
BTXN9090404136,RZP2572897,47234.09,2026-07-07,UPI-RAZORPAY SETTLEMENT ORDER 897848
BTXN8411963931,RZP9577249599,2100.90,2026-07-11,NETFLIX SUBSCRIPTION
BTXN1385607070,RZ7P701866920,50815.57,2026-07-10,IMPS/RZP/866920/PAYOUT
BTXN8311614378,RZP9257471205,9951.85,2026-07-03,RTGS-RZP9257471205-RAZORPAY SOFTWARE PVT LTD
BTXN8577146879,RZP1609718865,73354.27,2026-07-12,RTGS-RZP1609718865-RAZORPAY SOFTWARE PVT LTD
BTXN7764303717,RZP6717849936,46341.45,2026-07-15,RTGS-RZP6717849936-RAZORPAY SOFTWARE PVT LTD
BTXN6360831266,rzp7709019037,42295.38,2026-07-07,UPI-RAZORPAY SETTLEMENT ORDER 019037
BTXN5952255182,RZP2260363816,64469.94,2026-07-01,IMPS/RZP2260363816/RAZORPAY SETTLEMENT
BTXN8826151973,RZP3764702488,39597.42,2026-07-10,NEFT CR-RZP3764702488-RAZORPAY
BTXN1124639679,RZP8266230630,5164.92,2026-07-08,UPI-RAZORPAY SETTLEMENT ORDER 230630
BTXN4198442139,RZP4249560928,13492.63,2026-07-13,RTGS-RZP4249560928-RAZORPAY SOFTWARE PVT LTD
BTXN1524401035,RZP7939312508,55258.70,2026-07-05,NEFT CR-RZP7939312508-RAZORPAY
BTXN7107303271,RZP8569468,11740.48,2026-07-17,IMPS/RZP/468988/PAYOUT
BTXN1233419410,RZP4808060782,74974.52,2026-07-13,NEFT CR-RZP4808060782-RAZORPAY
BTXN3936028052,RZP9095263528,39137.49,2026-07-09,RTGS-RZP9095263528-RAZORPAY SOFTWARE PVT LTD
BTXN9166355145,RZP7334500909,48685.65,2026-07-11,NEFT CR-RZP7334500909-RAZORPAY
BTXN5789004228,RZP2434596622,8475.32,2026-07-05,RTGS-RZP2434596622-RAZORPAY SOFTWARE PVT LTD
BTXN3099754332,RZP7836563116,12282.39,2026-07-09,ELECTRICITY BILL AUTOPAY
BTXN1508585503,RZP9629259723,69927.70,2026-07-07,NEFT CR-RZP9629259723-RAZORPAY
BTXN4948670997,RZP6580814303,57585.00,2026-07-07,RTGS-RZP6580814303-RAZORPAY SOFTWARE PVT LTD
BTXN5293758258,RZP4605761370,74885.88,2026-07-08,RTGS-RZP4605761370-RAZORPAY SOFTWARE PVT LTD
BTXN2320985302,RZP1896511281,58516.10,2026-07-10,IMPS/RZP1896511281/RAZORPAY SETTLEMENT
BTXN8614472242,RZP6327489130,12232.08,2026-07-05,NEFT CR-RZP6327489130-RAZORPAY
BTXN3606753598,RZP2278955934,32710.30,2026-07-08,NEFT CR-RZP2278955934-RAZORPAY
BTXN1910410356,RZP4237354,12757.67,2026-07-20,IMPS/RZP/354276/PAYOUT
BTXN9491796858,RZP5056443447,11985.21,2026-07-12,RTGS-RZP5056443447-RAZORPAY SOFTWARE PVT LTD
BTXN7963414094,rzp4557825814,66359.62,2026-07-14,NEFT CR RAZORPAY SOFTWARE-825814
BTXN7343207808,RZP3645550726,10477.97,2026-07-03,IMPS/RZP3645550726/RAZORPAY SETTLEMENT
BTXN3270838001,RZP5570205,16484.71,2026-07-09,IMPS/RZP/205299/PAYOUT
BTXN2176363031,RZP4282333775,44684.85,2026-07-06,UPI-RAZORPAY SOFTWARE PVT LTD-RZP4282333775
BTXN4425654347,RZP3317132712,7250.01,2026-07-12,IMPS/RZP3317132712/RAZORPAY SETTLEMENT
BTXN7730933699,RZP1322351541,18774.47,2026-07-06,IMPS/RZP1322351541/RAZORPAY SETTLEMENT
BTXN4587615641,RZP8511238909,32367.13,2026-07-06,IMPS/RZP8511238909/RAZORPAY SETTLEMENT
BTXN6020279216,RZP7781319113,19068.99,2026-07-03,IMPS/RZP7781319113/RAZORPAY SETTLEMENT
BTXN4298351342,RZP2484596368,10229.32,2026-07-06,AMAZON RETAIL PAYMENT
BTXN3337628908,RZP8467154448,10070.46,2026-07-03,IMPS/RZP8467154448/RAZORPAY SETTLEMENT
BTXN8112993848,RZP6355822661,2039.32,2026-07-01,ATM WDL HYD
BTXN1698646838,RZP2650763263,22990.65,2026-07-06,IMPS/RZP2650763263/RAZORPAY SETTLEMENT
BTXN6389309985,RZP6076427534,70088.04,2026-07-07,UPI-RAZORPAY SOFTWARE PVT LTD-RZP6076427534
BTXN7320561471,RZP4655627485,44510.65,2026-07-12,UPI-RAZORPAY SOFTWARE PVT LTD-RZP4655627485
BTXN3105557982,RZP3961722111,20543.13,2026-07-03,RTGS-RZP3961722111-RAZORPAY SOFTWARE PVT LTD
BTXN5025289099,RZP5791851910,7032.19,2026-07-02,IMPS/RZP5791851910/RAZORPAY SETTLEMENT
BTXN5534531576,RZP5162070860,12104.24,2026-07-06,UPI-RAZORPAY SOFTWARE PVT LTD-RZP5162070860
BTXN8853904311,RZP2100923966,55582.11,2026-07-02,RTGS-RZP2100923966-RAZORPAY SOFTWARE PVT LTD
BTXN2258671403,RZP7299783645,46533.47,2026-07-12,NEFT CR-RZP7299783645-RAZORPAY
BTXN2377725821,RZP1618007085,17298.12,2026-07-10,UPI-RAZORPAY SOFTWARE PVT LTD-RZP1618007085
BTXN2776685623,RZP5035753,51011.24,2026-07-10,NEFT CR RAZORPAY SOFTWARE-753562
BTXN3542829706,RZP2350417425,24241.99,2026-07-13,RTGS-RZP2350417425-RAZORPAY SOFTWARE PVT LTD
BTXN9850804463,RZP4581836099,1717.74,2026-07-13,IMPS/RZP/836099/PAYOUT
BTXN9906347314,RZP6527560098,39349.07,2026-07-18,UPI-RAZORPAY SETTLEMENT ORDER 650098
BTXN7208619610,RZP5058691146,29247.76,2026-07-09,IMPS/RZP5058691146/RAZORPAY SETTLEMENT
BTXN8069035955,RZP6983511846,30347.99,2026-07-14,RTGS-RZP6983511846-RAZORPAY SOFTWARE PVT LTD
BTXN9999520085,RZP4153648273,54406.75,2026-07-13,RTGS-RZP4153648273-RAZORPAY SOFTWARE PVT LTD
BTXN5900313192,RZP2903196357,48020.96,2026-07-11,RTGS-RZP2903196357-RAZORPAY SOFTWARE PVT LTD
BTXN9461606767,RZP3751756165,26034.06,2026-07-12,UPI-RAZORPAY SOFTWARE PVT LTD-RZP3751756165
BTXN7219950362,RZP2500493518,46099.77,2026-07-14,IMPS/RZP2500493518/RAZORPAY SETTLEMENT
BTXN1095051435,RZP3113106808,24387.96,2026-07-03,UPI-RAZORPAY SOFTWARE PVT LTD-RZP3113106808
BTXN2136051951,RZP2459578621,68516.61,2026-07-13,RTGS-RZP2459578621-RAZORPAY SOFTWARE PVT LTD
BTXN2192029389,RZP3726981610,21189.85,2026-07-11,UPI-RAZORPAY SOFTWARE PVT LTD-RZP3726981610
BTXN6427313637,RZP3489524,61753.87,2026-07-16,NEFT CR RAZORPAY SOFTWARE-524042
BTXN2560370583,RZP2749963741,18990.69,2026-07-12,RTGS-RZP2749963741-RAZORPAY SOFTWARE PVT LTD
BTXN3628914109,RZP1917538985,60162.99,2026-07-14,UPI-RAZORPAY SOFTWARE PVT LTD-RZP1917538985
BTXN9797511791,RZP1438841120,7545.83,2026-07-10,RTGS-RZP1438841120-RAZORPAY SOFTWARE PVT LTD
BTXN8803189073,RZP6615983560,17129.14,2026-07-03,IMPS/RZP6615983560/RAZORPAY SETTLEMENT
BTXN1045648528,RZP6609588606,14136.37,2026-07-11,NEFT CR-RZP6609588606-RAZORPAY
BTXN6025754542,rzp5718426237,72640.09,2026-07-07,UPI-RAZORPAY SETTLEMENT ORDER 426237
BTXN6009540979,RZP9955497193,27209.78,2026-07-06,NEFT CR-RZP9955497193-RAZORPAY
BTXN6851038872,RZP6413428504,21273.39,2026-07-09,RTGS-RZP6413428504-RAZORPAY SOFTWARE PVT LTD
BTXN7967143730,ZRP7987519196,62023.50,2026-07-09,UPI-RAZORPAY SETTLEMENT ORDER 519196
BTXN1542145861,RZP2128989501,58755.59,2026-07-07,UPI-RAZORPAY SOFTWARE PVT LTD-RZP2128989501
BTXN4610958268,RZP2438584895,38642.04,2026-07-07,RTGS-RZP2438584895-RAZORPAY SOFTWARE PVT LTD
BTXN9821505831,RZP2249451787,33468.09,2026-07-04,RTGS-RZP2249451787-RAZORPAY SOFTWARE PVT LTD
BTXN3293996954,RZP6327112399,19151.27,2026-07-12,RTGS-RZP6327112399-RAZORPAY SOFTWARE PVT LTD
BTXN2482088956,RZP8132511708,54586.93,2026-07-03,NEFT CR-RZP8132511708-RAZORPAY
BTXN3821202205,RZP2944852529,36127.32,2026-07-03,UPI-RAZORPAY SOFTWARE PVT LTD-RZP2944852529
BTXN8161994414,RZP7236367959,42538.88,2026-07-10,UPI-RAZORPAY SOFTWARE PVT LTD-RZP7236367959
BTXN7200913997,RZP8027054018,72819.57,2026-07-07,NEFT CR-RZP8027054018-RAZORPAY
BTXN2664140474,RZP6191191903,64756.03,2026-07-15,NEFT CR-RZP6191191903-RAZORPAY
BTXN4557470978,RZP1690337881,10840.87,2026-07-07,IRCTC TICKET BOOKING
BTXN3877696745,RZP4474875888,2743.03,2026-07-12,IMPS/RZP4474875888/RAZORPAY SETTLEMENT
BTXN9915040388,RZP2973711860,28692.48,2026-07-01,IMPS/RZP2973711860/RAZORPAY SETTLEMENT
BTXN9213063154,RZP5079161918,28711.56,2026-07-07,UPI-RAZORPAY SOFTWARE PVT LTD-RZP5079161918
BTXN7411583183,RZP8636955790,8973.07,2026-07-15,UPI-RAZORPAY SOFTWARE PVT LTD-RZP8636955790
BTXN3837831301,RZP8587094479,48760.55,2026-07-03,UPI-RAZORPAY SOFTWARE PVT LTD-RZP8587094479
BTXN4770417220,RZP8413648217,19297.87,2026-07-02,SALARY CREDIT XYZ CORP
BTXN7474982778,RZP8045164605,764.05,2026-07-05,RTGS-RZP8045164605-RAZORPAY SOFTWARE PVT LTD
BTXN1639509845,RZP2231317910,37915.09,2026-07-12,RTGS-RZP2231317910-RAZORPAY SOFTWARE PVT LTD
BTXN7156298967,RZP4330087905,68517.71,2026-07-12,RTGS-RZP4330087905-RAZORPAY SOFTWARE PVT LTD
BTXN1813293250,RZP2872475889,14721.51,2026-07-06,SALARY CREDIT XYZ CORP
BTXN7037395587,RZP6034719651,47025.07,2026-07-06,IMPS/RZP6034719651/RAZORPAY SETTLEMENT
BTXN5205655126,RZP5689092,73190.70,2026-07-19,UPI-RAZORPAY SETTLEMENT ORDER 092159
BTXN3652796264,RZP6040246870,19893.04,2026-07-12,UPI-RAZORPAY SOFTWARE PVT LTD-RZP6040246870
BTXN9385267329,RZP4457488981,15523.91,2026-07-10,IMPS/RZP4457488981/RAZORPAY SETTLEMENT
BTXN1566746863,RZP8804495864,72452.71,2026-07-13,IMPS/RZP8804495864/RAZORPAY SETTLEMENT
BTXN5045422600,RZP3117856053,12536.35,2026-07-07,IMPS/RZP3117856053/RAZORPAY SETTLEMENT
BTXN1916635497,RZP2633310909,70266.25,2026-07-06,RTGS-RZP2633310909-RAZORPAY SOFTWARE PVT LTD
BTXN7662754996,RZP1105895369,10178.08,2026-07-13,NETFLIX SUBSCRIPTION
BTXN3036965074,RZP6637352245,23783.01,2026-07-05,IMPS/RZP6637352245/RAZORPAY SETTLEMENT
BTXN1010129711,RZP9441999412,45383.85,2026-07-13,NEFT CR-RZP9441999412-RAZORPAY
BTXN7163636069,RZP5492922930,2009.06,2026-07-14,NEFT CR-RZP5492922930-RAZORPAY
BTXN7071190983,RZP1486068287,58515.47,2026-07-15,NEFT CR-RZP1486068287-RAZORPAY
BTXN4619800140,RZP9106947297,72253.95,2026-07-07,RTGS-RZP9106947297-RAZORPAY SOFTWARE PVT LTD
BTXN3311808184,RZP9710376747,19396.47,2026-07-08,RTGS-RZP9710376747-RAZORPAY SOFTWARE PVT LTD
BTXN4190747255,RZP6276410031,37011.89,2026-07-13,IMPS/RZP6276410031/RAZORPAY SETTLEMENT
BTXN6815286929,RZP6827783529,9537.70,2026-07-08,ELECTRICITY BILL AUTOPAY
BTXN5865037572,RZP3324349961,18005.08,2026-07-02,SALARY CREDIT XYZ CORP
BTXN5114209952,RZP5507305695,27156.57,2026-07-10,IMPS/RZP5507305695/RAZORPAY SETTLEMENT
BTXN4148508746,RZP7638253076,23819.71,2026-07-11,NEFT CR-RZP7638253076-RAZORPAY
BTXN3567555234,RZP9377750921,29444.00,2026-07-14,NEFT CR-RZP9377750921-RAZORPAY
BTXN6496110622,RZP1851625498,14263.85,2026-07-14,RTGS-RZP1851625498-RAZORPAY SOFTWARE PVT LTD
BTXN1123748717,RZP3544189136,74138.53,2026-07-01,NEFT CR-RZP3544189136-RAZORPAY
BTXN1413077604,RZP4890291521,17131.75,2026-07-15,IMPS/RZP4890291521/RAZORPAY SETTLEMENT
BTXN4085570264,RZP1461434876,26567.87,2026-07-13,UPI-RAZORPAY SOFTWARE PVT LTD-RZP1461434876
BTXN7796831102,RZP5780027794,69274.29,2026-07-16,NEFT CR-RZP5780027794-RAZORPAY
BTXN7969460762,RZP6753417333,7285.15,2026-07-07,IMPS/RZP6753417333/RAZORPAY SETTLEMENT
BTXN2662312545,rzp6985124062,40205.30,2026-07-08,NEFT CR RAZORPAY SOFTWARE-124062
BTXN8369608844,rzp1111893352,45516.82,2026-07-15,UPI-RAZORPAY SETTLEMENT ORDER 893352
BTXN6578577732,RZP7521667967,74943.41,2026-07-08,IMPS/RZP7521667967/RAZORPAY SETTLEMENT
BTXN9331138251,RZP9174259566,59279.44,2026-07-06,IMPS/RZP9174259566/RAZORPAY SETTLEMENT
BTXN6920788809,RZP6331468442,20929.22,2026-07-07,NEFT CR-RZP6331468442-RAZORPAY
BTXN2943612110,RZP4507221724,63401.65,2026-07-06,RTGS-RZP4507221724-RAZORPAY SOFTWARE PVT LTD
BTXN6387276661,RZP8824998372,25191.98,2026-07-04,NEFT CR-RZP8824998372-RAZORPAY
BTXN9616959240,RZP7567796507,55539.18,2026-07-01,NEFT CR-RZP7567796507-RAZORPAY
BTXN5690749786,RZP7365598878,4082.57,2026-07-11,UPI-RAZORPAY SOFTWARE PVT LTD-RZP7365598878
BTXN5878838809,RZP2679684601,3009.21,2026-07-06,UPI-RAZORPAY SOFTWARE PVT LTD-RZP2679684601
BTXN8169986295,RZP2635848555,55724.14,2026-07-11,IMPS/RZP2635848555/RAZORPAY SETTLEMENT
BTXN1931072706,RZP5190128258,18461.68,2026-07-02,NEFT CR-RZP5190128258-RAZORPAY
BTXN2990525532,RZP3545830617,65198.23,2026-07-02,IMPS/RZP3545830617/RAZORPAY SETTLEMENT
BTXN9648665968,RZP3081821325,2650.77,2026-07-11,NEFT CR-RZP3081821325-RAZORPAY
BTXN1616883914,RZP4468639908,64577.53,2026-07-01,IMPS/RZP4468639908/RAZORPAY SETTLEMENT
BTXN4557176105,RZP9167759794,732.81,2026-07-07,ZOMATO ONLINE ORDER
BTXN1214759279,RZP3838517397,69530.37,2026-07-12,NEFT CR-RZP3838517397-RAZORPAY
BTXN7035417903,RZP8557912,21163.40,2026-07-18,IMPS/RZP/912645/PAYOUT
BTXN4297241045,RZP5137983756,3930.41,2026-07-02,ELECTRICITY BILL AUTOPAY
BTXN3768709130,RZP7296815,21190.89,2026-07-18,UPI-RAZORPAY SETTLEMENT ORDER 815395
BTXN7902589231,RZP9800194427,73221.18,2026-07-01,NEFT CR-RZP9800194427-RAZORPAY
BTXN8115578074,rzp7938834631,27956.78,2026-07-12,NEFT CR RAZORPAY SOFTWARE-834631
BTXN4115565294,RZP2601143749,11432.91,2026-07-12,UPI-RAZORPAY SOFTWARE PVT LTD-RZP2601143749
BTXN1957416451,RZP8061482723,60742.34,2026-07-10,IMPS/RZP8061482723/RAZORPAY SETTLEMENT
BTXN7730307055,RZP2302057997,45948.11,2026-07-09,IMPS/RZP2302057997/RAZORPAY SETTLEMENT
BTXN7723662655,RZP2527558773,61300.75,2026-07-10,UPI-RAZORPAY SOFTWARE PVT LTD-RZP2527558773
BTXN2716960962,RZP1236071705,17646.29,2026-07-01,IMPS/RZP1236071705/RAZORPAY SETTLEMENT
BTXN9385383087,RZP7037832206,66329.82,2026-07-08,RTGS-RZP7037832206-RAZORPAY SOFTWARE PVT LTD
BTXN1899935051,RZP4534054763,32891.47,2026-07-10,NEFT CR-RZP4534054763-RAZORPAY
BTXN4596841077,RZP2071176641,6687.39,2026-07-13,IMPS/RZP2071176641/RAZORPAY SETTLEMENT
BTXN9217764055,RZP9979129046,22492.67,2026-07-10,UPI-RAZORPAY SOFTWARE PVT LTD-RZP9979129046
BTXN9083237530,RZP6225515040,40576.36,2026-07-15,IMPS/RZP6225515040/RAZORPAY SETTLEMENT
BTXN9326401244,RZP4441420454,32251.17,2026-07-01,RTGS-RZP4441420454-RAZORPAY SOFTWARE PVT LTD
BTXN2774365224,RZP3782188898,33667.15,2026-07-03,IMPS/RZP3782188898/RAZORPAY SETTLEMENT
BTXN2384019055,RZP4740051031,55466.88,2026-07-04,RTGS-RZP4740051031-RAZORPAY SOFTWARE PVT LTD
BTXN7701190860,RPZ3653241196,53979.00,2026-07-13,UPI-RAZORPAY SETTLEMENT ORDER 241196
BTXN4198364980,RZP4962639828,42079.32,2026-07-11,RTGS-RZP4962639828-RAZORPAY SOFTWARE PVT LTD
BTXN4439578261,RZP7513089571,56847.66,2026-07-13,UPI-RAZORPAY SOFTWARE PVT LTD-RZP7513089571
BTXN1053715473,RZP9708487782,46283.54,2026-07-05,NEFT CR-RZP9708487782-RAZORPAY
BTXN7731318726,RZP1412090452,49119.58,2026-07-03,IMPS/RZP1412090452/RAZORPAY SETTLEMENT
BTXN2073340041,rzp9807723641,35543.89,2026-07-13,UPI-RAZORPAY SETTLEMENT ORDER 723641
BTXN1467966610,RZP2796717239,17570.28,2026-07-02,NETFLIX SUBSCRIPTION
BTXN7642451950,RZP9878568733,7940.21,2026-07-15,IRCTC TICKET BOOKING
BTXN6129647344,RZP9361533765,38166.80,2026-07-04,NEFT CR-RZP9361533765-RAZORPAY
BTXN5524054154,RZP4507921119,6443.52,2026-07-09,NETFLIX SUBSCRIPTION
BTXN8415625666,RZP6882350999,3862.61,2026-07-04,UPI-RAZORPAY SOFTWARE PVT LTD-RZP6882350999
BTXN1439427140,RZP8952502057,34695.35,2026-07-04,RTGS-RZP8952502057-RAZORPAY SOFTWARE PVT LTD
BTXN4184991587,RZP9568154436,2670.33,2026-07-09,AMAZON RETAIL PAYMENT
BTXN5090865064,RZP3289762685,37429.32,2026-07-12,IMPS/RZP3289762685/RAZORPAY SETTLEMENT
BTXN1141846670,RZP9119749018,32283.97,2026-07-01,IMPS/RZP9119749018/RAZORPAY SETTLEMENT
BTXN8873087279,RZP5952833428,58144.96,2026-07-10,UPI-RAZORPAY SOFTWARE PVT LTD-RZP5952833428
BTXN8220644239,RZP2064372762,51906.62,2026-07-01,UPI-RAZORPAY SOFTWARE PVT LTD-RZP2064372762
BTXN8499049822,RZP1488494024,42110.52,2026-07-07,NEFT CR-RZP1488494024-RAZORPAY
BTXN7121726708,RZP7970201757,73117.36,2026-07-14,IMPS/RZP7970201757/RAZORPAY SETTLEMENT
BTXN1056685161,RZP9581301791,51991.02,2026-07-05,RTGS-RZP9581301791-RAZORPAY SOFTWARE PVT LTD
BTXN1321113391,RZP9169652942,6992.47,2026-07-06,UPI-RAZORPAY SOFTWARE PVT LTD-RZP9169652942
BTXN1662524719,RZP1160955,23100.01,2026-07-06,UPI-RAZORPAY SETTLEMENT ORDER 955572
BTXN2962750929,RZP1167134213,53662.59,2026-07-13,RTGS-RZP1167134213-RAZORPAY SOFTWARE PVT LTD
BTXN7430768898,RZP1218552248,5438.19,2026-07-03,NEFT CR-RZP1218552248-RAZORPAY
BTXN4378837318,RZP1269576948,49365.98,2026-07-06,IMPS/RZP1269576948/RAZORPAY SETTLEMENT
BTXN1396644479,RZP8270895831,12810.73,2026-07-05,RTGS-RZP8270895831-RAZORPAY SOFTWARE PVT LTD
BTXN7767834064,RZP4187043237,32998.36,2026-07-08,UPI-RAZORPAY SOFTWARE PVT LTD-RZP4187043237
BTXN6250689009,RZP1445951258,60587.83,2026-07-03,NEFT CR-RZP1445951258-RAZORPAY
BTXN4221785662,RZP6472310342,62862.89,2026-07-05,UPI-RAZORPAY SOFTWARE PVT LTD-RZP6472310342
BTXN3752575401,RZP6565159191,57928.76,2026-07-06,IMPS/RZP6565159191/RAZORPAY SETTLEMENT
BTXN3702720913,RZP4775775,18555.09,2026-07-16,IMPS/RZP/775357/PAYOUT
BTXN8429819540,RZP5946548987,67339.56,2026-07-11,NEFT CR-RZP5946548987-RAZORPAY
BTXN2280212568,RZP3890172883,8385.52,2026-07-02,NEFT CR-RZP3890172883-RAZORPAY
BTXN4881096387,RZP9196096398,60736.90,2026-07-03,IMPS/RZP9196096398/RAZORPAY SETTLEMENT
BTXN7416365592,RZP8777595717,74295.56,2026-07-02,RTGS-RZP8777595717-RAZORPAY SOFTWARE PVT LTD
BTXN6263493130,RZP4545894483,34746.43,2026-07-12,IMPS/RZP4545894483/RAZORPAY SETTLEMENT
BTXN1885745240,RZP6547509626,68608.53,2026-07-07,RTGS-RZP6547509626-RAZORPAY SOFTWARE PVT LTD
BTXN6092366152,RZP2988592958,9161.50,2026-07-02,NEFT CR-RZP2988592958-RAZORPAY
BTXN8773035759,RZP9356405278,18792.06,2026-07-13,AMAZON RETAIL PAYMENT
BTXN6603749922,RZP6241468593,40255.47,2026-07-05,RTGS-RZP6241468593-RAZORPAY SOFTWARE PVT LTD
BTXN1723153656,RZP2231802740,6360.89,2026-07-12,RTGS-RZP2231802740-RAZORPAY SOFTWARE PVT LTD
BTXN9866401667,RZP7393250879,40539.95,2026-07-08,IMPS/RZP7393250879/RAZORPAY SETTLEMENT
BTXN3876086952,RZP3217665352,70570.61,2026-07-07,RTGS-RZP3217665352-RAZORPAY SOFTWARE PVT LTD
BTXN1761220563,RZP7729281766,66477.49,2026-07-02,IMPS/RZP7729281766/RAZORPAY SETTLEMENT
BTXN4274525051,RZP6654048442,69132.43,2026-07-05,UPI-RAZORPAY SOFTWARE PVT LTD-RZP6654048442
BTXN8220655155,RZP7084145353,41152.94,2026-07-04,NEFT CR-RZP7084145353-RAZORPAY
BTXN2555936898,RZP3232360156,28439.73,2026-07-04,IMPS/RZP3232360156/RAZORPAY SETTLEMENT
BTXN2078474790,RZP5836301842,8283.05,2026-07-16,RTGS-RZP5836301842-RAZORPAY SOFTWARE PVT LTD
BTXN7952773101,RZP4266807729,63007.77,2026-07-11,UPI-RAZORPAY SOFTWARE PVT LTD-RZP4266807729
BTXN9462377454,RZP1058734940,36166.82,2026-07-09,IMPS/RZP1058734940/RAZORPAY SETTLEMENT
BTXN1162361095,RZP6494451212,13909.08,2026-07-10,IMPS/RZP6494451212/RAZORPAY SETTLEMENT
BTXN7724051069,RZP9715484048,13756.77,2026-07-12,NEFT CR-RZP9715484048-RAZORPAY
BTXN8568621554,RZP7242660355,8196.90,2026-07-13,IMPS/RZP7242660355/RAZORPAY SETTLEMENT
BTXN2593009465,RZP3941630610,5891.31,2026-07-10,IRCTC TICKET BOOKING
BTXN4699829354,RZP5302597214,2732.89,2026-07-12,ELECTRICITY BILL AUTOPAY
BTXN4343752340,RZP1560556551,25906.25,2026-07-09,RTGS-RZP1560556551-RAZORPAY SOFTWARE PVT LTD
BTXN1595968545,RZP3392652436,64636.70,2026-07-11,RTGS-RZP3392652436-RAZORPAY SOFTWARE PVT LTD
BTXN9537106946,RZP1856021133,17539.95,2026-07-03,SWIGGY ORDER PAYMENT
BTXN3638670490,RZP6625408114,7947.86,2026-07-10,UPI-RAZORPAY SOFTWARE PVT LTD-RZP6625408114
BTXN1693213711,RZP3272396908,10387.85,2026-07-03,IMPS/RZP3272396908/RAZORPAY SETTLEMENT
BTXN6173258552,RZP9845703273,26885.45,2026-07-01,RTGS-RZP9845703273-RAZORPAY SOFTWARE PVT LTD
BTXN5863632799,RZP4309584310,7269.59,2026-07-12,NEFT CR-RZP4309584310-RAZORPAY
BTXN7365448239,RZP3963406853,14533.91,2026-07-03,NEFT CR-RZP3963406853-RAZORPAY
BTXN1464464514,RZP7135343382,36975.01,2026-07-14,UPI-RAZORPAY SOFTWARE PVT LTD-RZP7135343382
BTXN7806290287,RZP7991219212,7583.31,2026-07-15,UPI-RAZORPAY SOFTWARE PVT LTD-RZP7991219212
BTXN8973327211,RZP7221138169,71426.89,2026-07-12,NEFT CR-RZP7221138169-RAZORPAY
BTXN6297963360,RZP4126254000,29443.79,2026-07-07,RTGS-RZP4126254000-RAZORPAY SOFTWARE PVT LTD
BTXN6867874047,RZP4250494539,52060.26,2026-07-08,IMPS/RZP4250494539/RAZORPAY SETTLEMENT
BTXN3170159545,RZP7453787423,10512.07,2026-07-03,NEFT CR-RZP7453787423-RAZORPAY
BTXN4654223847,RZP7980756126,1725.96,2026-07-12,UPI-RAZORPAY SOFTWARE PVT LTD-RZP7980756126
BTXN9064629966,RZP3507190990,38688.75,2026-07-15,UPI-RAZORPAY SETTLEMENT ORDER 190990
BTXN2596069089,RZP1541589900,722.20,2026-07-12,UPI-RAZORPAY SOFTWARE PVT LTD-RZP1541589900
BTXN3047892237,RZP6571918,26715.42,2026-07-07,UPI-RAZORPAY SETTLEMENT ORDER 918661
BTXN4478889315,RZP9195127843,38202.52,2026-07-06,UPI-RAZORPAY SOFTWARE PVT LTD-RZP9195127843
BTXN5598615444,RZP9038253771,47197.42,2026-07-12,UPI-RAZORPAY SOFTWARE PVT LTD-RZP9038253771
BTXN6158767351,rzp6216726786,12880.40,2026-07-12,IMPS/RZP/726786/PAYOUT
BTXN4689389259,RZP1874399893,38731.72,2026-07-09,UPI-RAZORPAY SOFTWARE PVT LTD-RZP1874399893
BTXN9300719951,RZP1700714684,19317.07,2026-07-13,ZOMATO ONLINE ORDER
BTXN6857503396,RZP6132306708,34723.07,2026-07-05,IMPS/RZP6132306708/RAZORPAY SETTLEMENT
BTXN1836949785,RZP1549857034,23534.56,2026-07-06,RTGS-RZP1549857034-RAZORPAY SOFTWARE PVT LTD
BTXN4973505712,RZP5525643841,73096.19,2026-07-02,UPI-RAZORPAY SOFTWARE PVT LTD-RZP5525643841
BTXN3130964494,RZP1772508,63754.52,2026-07-12,IMPS/RZP/508468/PAYOUT
BTXN2927663928,RZP2215365525,18943.91,2026-07-03,NETFLIX SUBSCRIPTION
BTXN7216206209,RZP1989872698,15198.55,2026-07-07,RTGS-RZP1989872698-RAZORPAY SOFTWARE PVT LTD
BTXN8176965098,RZP8439069142,72325.20,2026-07-09,NEFT CR-RZP8439069142-RAZORPAY
BTXN4198375570,RZP2262961404,28701.73,2026-07-11,NEFT CR-RZP2262961404-RAZORPAY
BTXN9689011033,RZP7915155988,7083.74,2026-07-06,NEFT CR-RZP7915155988-RAZORPAY
BTXN3634288099,RZP2875843398,37608.88,2026-07-08,IMPS/RZP2875843398/RAZORPAY SETTLEMENT
BTXN5824320809,RZP9167003106,69567.32,2026-07-12,UPI-RAZORPAY SOFTWARE PVT LTD-RZP9167003106
BTXN4610686734,RZP9168184950,15624.03,2026-07-03,NEFT CR-RZP9168184950-RAZORPAY
BTXN6810727866,RZP8799197622,46906.87,2026-07-10,RTGS-RZP8799197622-RAZORPAY SOFTWARE PVT LTD
BTXN3782033128,RZP4998184156,38916.92,2026-07-07,NEFT CR-RZP4998184156-RAZORPAY
BTXN4081073892,RZP3125886704,9246.78,2026-07-07,IMPS/RZP3125886704/RAZORPAY SETTLEMENT
BTXN1138763756,RZP2185571755,14583.89,2026-07-03,ELECTRICITY BILL AUTOPAY
BTXN6697839141,RZP7232995309,18321.74,2026-07-13,IMPS/RZP7232995309/RAZORPAY SETTLEMENT
BTXN8004370096,RZP1194294443,55536.76,2026-07-06,RTGS-RZP1194294443-RAZORPAY SOFTWARE PVT LTD
BTXN9290622669,RZP1363626724,48347.10,2026-07-07,RTGS-RZP1363626724-RAZORPAY SOFTWARE PVT LTD
BTXN7957331735,RZP2383939,54569.68,2026-07-18,IMPS/RZP/939863/PAYOUT
BTXN5094490825,RPZ8217238379,69469.51,2026-07-06,IMPS/RZP/238379/PAYOUT
BTXN8155015602,RZP9059453365,70589.01,2026-07-04,NEFT CR-RZP9059453365-RAZORPAY
BTXN4170267120,RZP5630801355,42516.09,2026-07-13,UPI-RAZORPAY SOFTWARE PVT LTD-RZP5630801355
BTXN4063795585,RZP2142446935,38155.84,2026-07-08,RTGS-RZP2142446935-RAZORPAY SOFTWARE PVT LTD
BTXN2405905813,RZP3173230664,60027.38,2026-07-15,NEFT CR-RZP3173230664-RAZORPAY
BTXN2509612973,RZP3415582507,8878.65,2026-07-09,IMPS/RZP3415582507/RAZORPAY SETTLEMENT
BTXN1222814829,RZP5906830717,67029.32,2026-07-05,RTGS-RZP5906830717-RAZORPAY SOFTWARE PVT LTD
BTXN9366656397,RZP7759218405,976.88,2026-07-02,UPI-RAZORPAY SOFTWARE PVT LTD-RZP7759218405
BTXN3923238187,RZP6674404144,37446.44,2026-07-10,UPI-RAZORPAY SOFTWARE PVT LTD-RZP6674404144
BTXN8407526786,RZP3864288372,69752.29,2026-07-17,NEFT CR-RZP3864288372-RAZORPAY
BTXN7215805728,RZP1124422272,27884.66,2026-07-20,NEFT CR RAZORPAY SOFTWARE-422272
BTXN9766825106,RZP2284827547,12015.45,2026-07-01,IMPS/RZP2284827547/RAZORPAY SETTLEMENT
BTXN7269193077,RZP5597809923,64326.08,2026-07-06,IMPS/RZP5597809923/RAZORPAY SETTLEMENT
BTXN3738611918,RZP2195106251,43405.49,2026-07-12,UPI-RAZORPAY SOFTWARE PVT LTD-RZP2195106251
BTXN2903330176,RZP8466963876,19001.59,2026-07-13,SALARY CREDIT XYZ CORP
BTXN3525535697,RZP4574419893,57222.03,2026-07-16,RTGS-RZP4574419893-RAZORPAY SOFTWARE PVT LTD
BTXN4902259654,RZP4005546440,56975.73,2026-07-12,RTGS-RZP4005546440-RAZORPAY SOFTWARE PVT LTD
BTXN5564668052,RZP4756206293,20650.92,2026-07-04,NEFT CR-RZP4756206293-RAZORPAY
BTXN1971134499,RZP7564269975,11240.51,2026-07-12,IMPS/RZP7564269975/RAZORPAY SETTLEMENT
BTXN5286236080,RZP7845003222,1166.23,2026-07-06,UPI-RAZORPAY SOFTWARE PVT LTD-RZP7845003222
BTXN8814343168,RZP3381646593,5631.31,2026-07-03,RTGS-RZP3381646593-RAZORPAY SOFTWARE PVT LTD
BTXN2694638707,RZP4216940195,57775.76,2026-07-11,IMPS/RZP4216940195/RAZORPAY SETTLEMENT
BTXN4794898150,RZP7721795431,31341.72,2026-07-14,NEFT CR-RZP7721795431-RAZORPAY
BTXN7838491405,rzp9840092247,68737.22,2026-07-11,UPI-RAZORPAY SETTLEMENT ORDER 092247
BTXN8999384161,RZP8294082359,30618.85,2026-07-13,NEFT CR-RZP8294082359-RAZORPAY
BTXN5659083075,RZP2122139820,2915.31,2026-07-01,UPI-RAZORPAY SOFTWARE PVT LTD-RZP2122139820
BTXN2990636104,RZP4095515938,44893.11,2026-07-09,IMPS/RZP4095515938/RAZORPAY SETTLEMENT
BTXN9908115095,RZP8996039244,8999.49,2026-07-02,RTGS-RZP8996039244-RAZORPAY SOFTWARE PVT LTD
BTXN2068253975,RZP8261722027,51786.29,2026-07-03,IMPS/RZP8261722027/RAZORPAY SETTLEMENT
BTXN2729513745,rzp4547599045,40681.55,2026-07-15,UPI-RAZORPAY SETTLEMENT ORDER 599045
BTXN2483466632,RZP7586993884,34333.38,2026-07-13,RTGS-RZP7586993884-RAZORPAY SOFTWARE PVT LTD
BTXN2244766240,RZP6838165911,62247.19,2026-07-09,NEFT CR-RZP6838165911-RAZORPAY
BTXN2762996812,RZP8330608859,66977.14,2026-07-03,UPI-RAZORPAY SOFTWARE PVT LTD-RZP8330608859
BTXN1544998804,RZP1027271239,13866.26,2026-07-02,IMPS/RZP1027271239/RAZORPAY SETTLEMENT
BTXN9894110098,RZP1935772240,8693.12,2026-07-01,AMAZON RETAIL PAYMENT
BTXN5537093475,RZP1632881406,51906.35,2026-07-15,UPI-RAZORPAY SOFTWARE PVT LTD-RZP1632881406
BTXN4976637942,RZP9202431746,37967.53,2026-07-16,NEFT CR-RZP9202431746-RAZORPAY
BTXN2522704758,RZP1460266142,26554.27,2026-07-12,NEFT CR-RZP1460266142-RAZORPAY
BTXN7035081009,RZP9868131970,39002.88,2026-07-10,RTGS-RZP9868131970-RAZORPAY SOFTWARE PVT LTD
BTXN3096702858,RZP4204948650,29239.15,2026-07-02,IMPS/RZP4204948650/RAZORPAY SETTLEMENT
BTXN9105405775,RZP2877287204,3651.35,2026-07-12,UPI-RAZORPAY SOFTWARE PVT LTD-RZP2877287204
BTXN6961799118,RZP3858387914,62487.94,2026-07-09,NEFT CR-RZP3858387914-RAZORPAY
BTXN9231427098,RZP5003062341,8495.10,2026-07-10,RTGS-RZP5003062341-RAZORPAY SOFTWARE PVT LTD
BTXN3016702903,RZP6980060638,2735.17,2026-07-08,UPI-RAZORPAY SOFTWARE PVT LTD-RZP6980060638
BTXN4004211139,RZP1797508632,20956.36,2026-07-07,IMPS/RZP1797508632/RAZORPAY SETTLEMENT
BTXN6639336381,RZP9061380385,46163.40,2026-07-13,IMPS/RZP9061380385/RAZORPAY SETTLEMENT
BTXN1960933155,RZP7481239891,47140.08,2026-07-01,UPI-RAZORPAY SOFTWARE PVT LTD-RZP7481239891
BTXN1880923648,RZP4249197072,65925.49,2026-07-11,NEFT CR-RZP4249197072-RAZORPAY
BTXN7031871653,RZP9170352964,68007.20,2026-07-05,NEFT CR-RZP9170352964-RAZORPAY
BTXN9010195574,RZP2208480950,39921.00,2026-07-05,NEFT CR-RZP2208480950-RAZORPAY
BTXN5294535887,RZP3561629386,43323.05,2026-07-07,NEFT CR-RZP3561629386-RAZORPAY
BTXN1270075327,RZP8302586695,61239.19,2026-07-14,RTGS-RZP8302586695-RAZORPAY SOFTWARE PVT LTD
BTXN7121853301,RZP2020491916,25276.19,2026-07-05,UPI-RAZORPAY SOFTWARE PVT LTD-RZP2020491916
BTXN5996669410,RZP4805118243,34151.94,2026-07-12,NEFT CR-RZP4805118243-RAZORPAY
BTXN3097771133,RZ3P772123043,50597.29,2026-07-17,UPI-RAZORPAY SETTLEMENT ORDER 123043
BTXN1838088426,RZP1605603837,15909.81,2026-07-14,NEFT CR-RZP1605603837-RAZORPAY
BTXN7700539859,RZP1802260865,17156.56,2026-07-13,RTGS-RZP1802260865-RAZORPAY SOFTWARE PVT LTD
BTXN1248844772,RZP9252205817,14474.73,2026-07-01,IMPS/RZP9252205817/RAZORPAY SETTLEMENT
BTXN1735597938,RZP3876961999,64503.11,2026-07-14,RTGS-RZP3876961999-RAZORPAY SOFTWARE PVT LTD
BTXN9086359277,RZP4907708825,57891.44,2026-07-05,RTGS-RZP4907708825-RAZORPAY SOFTWARE PVT LTD
BTXN2727309970,RZP1433689712,32161.50,2026-07-06,RTGS-RZP1433689712-RAZORPAY SOFTWARE PVT LTD
BTXN4527619641,RZP3276660290,58335.59,2026-07-15,RTGS-RZP3276660290-RAZORPAY SOFTWARE PVT LTD
BTXN6512176075,RZP8982335947,72274.44,2026-07-11,IMPS/RZP8982335947/RAZORPAY SETTLEMENT
BTXN4444443569,RZP8191527889,48033.74,2026-07-14,IMPS/RZP8191527889/RAZORPAY SETTLEMENT
BTXN8917915698,RZP7827705771,2221.27,2026-07-14,NETFLIX SUBSCRIPTION
BTXN6200253367,RZP9009262915,33833.43,2026-07-11,NEFT CR-RZP9009262915-RAZORPAY
BTXN1775591300,RZP7821920734,73427.77,2026-07-13,UPI-RAZORPAY SOFTWARE PVT LTD-RZP7821920734
BTXN8136453451,RZP5582823940,34218.65,2026-07-02,RTGS-RZP5582823940-RAZORPAY SOFTWARE PVT LTD
BTXN5041950526,RZP2904383663,21026.65,2026-07-04,RTGS-RZP2904383663-RAZORPAY SOFTWARE PVT LTD
BTXN7253461596,RZP5364508273,67300.79,2026-07-09,UPI-RAZORPAY SOFTWARE PVT LTD-RZP5364508273
BTXN8764724996,RZP1975659193,1050.87,2026-07-16,IMPS/RZP1975659193/RAZORPAY SETTLEMENT
BTXN9801666931,RZP4220365953,3667.36,2026-07-11,IMPS/RZP4220365953/RAZORPAY SETTLEMENT
BTXN7711844865,RZP8110370091,49412.89,2026-07-12,UPI-RAZORPAY SOFTWARE PVT LTD-RZP8110370091
BTXN3472828483,RZP6992289064,11774.73,2026-07-13,RTGS-RZP6992289064-RAZORPAY SOFTWARE PVT LTD
BTXN2296988913,RZP3561392114,23196.98,2026-07-11,NEFT CR-RZP3561392114-RAZORPAY
BTXN1226599784,RZP3640004732,38616.15,2026-07-16,NEFT CR-RZP3640004732-RAZORPAY
BTXN5474620894,RZP8879525611,43896.96,2026-07-03,RTGS-RZP8879525611-RAZORPAY SOFTWARE PVT LTD
BTXN8852211626,RZP6174309086,40388.28,2026-07-14,IMPS/RZP6174309086/RAZORPAY SETTLEMENT
BTXN4495417327,RZP8644772854,4071.90,2026-07-01,ZOMATO ONLINE ORDER
BTXN7923708521,RZP4127119760,7415.24,2026-07-14,UPI-RAZORPAY SOFTWARE PVT LTD-RZP4127119760
BTXN8036032192,RZP9822808459,55778.62,2026-07-07,IMPS/RZP9822808459/RAZORPAY SETTLEMENT
BTXN9190364221,RZP7527648320,20803.52,2026-07-07,NEFT CR-RZP7527648320-RAZORPAY
BTXN8233824123,RZP7955961646,58504.63,2026-07-04,IMPS/RZP/916646/PAYOUT
BTXN5662174676,RZP4334108335,3683.95,2026-07-05,RTGS-RZP4334108335-RAZORPAY SOFTWARE PVT LTD
BTXN7251572905,RZP3754491436,872.85,2026-07-12,IMPS/RZP3754491436/RAZORPAY SETTLEMENT
BTXN8368563870,RZP9935023473,55838.57,2026-07-15,RTGS-RZP9935023473-RAZORPAY SOFTWARE PVT LTD
BTXN9795904190,RZP9826654029,62428.66,2026-07-04,UPI-RAZORPAY SOFTWARE PVT LTD-RZP9826654029
BTXN1219878556,RZP4572245480,54771.05,2026-07-02,NEFT CR-RZP4572245480-RAZORPAY
BTXN6243398164,RZP4578950639,9878.86,2026-07-05,NEFT CR-RZP4578950639-RAZORPAY
BTXN6874932985,RZP7944662433,61554.69,2026-07-08,NEFT CR-RZP7944662433-RAZORPAY
BTXN3042384253,RZP6442659483,11085.16,2026-07-05,IMPS/RZP6442659483/RAZORPAY SETTLEMENT
BTXN1527952946,RZP5821843711,42457.43,2026-07-01,UPI-RAZORPAY SOFTWARE PVT LTD-RZP5821843711
BTXN3985356699,RZP8017523794,35908.72,2026-07-08,IMPS/RZP8017523794/RAZORPAY SETTLEMENT
BTXN7341406033,rzp2520258359,51368.09,2026-07-17,IMPS/RZP/258359/PAYOUT
BTXN8417295489,RZP1293834,42809.65,2026-07-17,NEFT CR RAZORPAY SOFTWARE-834744
BTXN7931051926,RZP7816551953,5573.10,2026-07-07,SWIGGY ORDER PAYMENT
BTXN7128497634,RZP1029549288,55717.22,2026-07-11,RTGS-RZP1029549288-RAZORPAY SOFTWARE PVT LTD
BTXN3091509391,RZP1572823571,59433.40,2026-07-11,RTGS-RZP1572823571-RAZORPAY SOFTWARE PVT LTD
BTXN1315480049,RZP8837948360,19703.45,2026-07-14,SWIGGY ORDER PAYMENT
BTXN2977393553,RZP7553086475,14250.09,2026-07-14,SWIGGY ORDER PAYMENT
BTXN5477605100,RZP3796843835,18953.03,2026-07-04,IRCTC TICKET BOOKING
BTXN4918588246,RZP5562593349,53743.11,2026-07-13,IMPS/RZP5562593349/RAZORPAY SETTLEMENT
BTXN6135814827,RPZ9404385273,31542.23,2026-07-04,UPI-RAZORPAY SETTLEMENT ORDER 385273
BTXN1853254184,RZP5868387535,13424.19,2026-07-10,IMPS/RZP5868387535/RAZORPAY SETTLEMENT
BTXN5030141398,RZP7456358646,19081.76,2026-07-12,IMPS/RZP7456358646/RAZORPAY SETTLEMENT
BTXN3562110878,RZP4845675713,63812.48,2026-07-09,UPI-RAZORPAY SOFTWARE PVT LTD-RZP4845675713
BTXN4108000348,RZP7704185905,69266.37,2026-07-11,UPI-RAZORPAY SOFTWARE PVT LTD-RZP7704185905
BTXN8343320901,RZP8255477214,54632.55,2026-07-10,IMPS/RZP8255477214/RAZORPAY SETTLEMENT
BTXN9581991473,RZP8257484586,26690.25,2026-07-01,IMPS/RZP8257484586/RAZORPAY SETTLEMENT
BTXN7472128835,RZP2958147674,12898.25,2026-07-11,NEFT CR-RZP2958147674-RAZORPAY
BTXN2124076364,RZP3551817814,23137.85,2026-07-14,IMPS/RZP3551817814/RAZORPAY SETTLEMENT
BTXN8792246124,RZP6107213,4359.02,2026-07-13,NEFT CR RAZORPAY SOFTWARE-213380
BTXN1525768422,RZP7613341216,10214.09,2026-07-05,ATM WDL MUM
BTXN1638178448,RZP8879002701,44584.70,2026-07-09,NEFT CR-RZP8879002701-RAZORPAY
BTXN8670963741,RZP9919028687,35149.37,2026-07-09,UPI-RAZORPAY SOFTWARE PVT LTD-RZP9919028687
BTXN6550233140,RZP6896190289,34204.59,2026-07-09,UPI-RAZORPAY SOFTWARE PVT LTD-RZP6896190289
BTXN7649520759,RZP8584350472,59948.38,2026-07-10,NEFT CR-RZP8584350472-RAZORPAY
BTXN9482984894,RZP9056727891,11159.42,2026-07-06,IMPS/RZP9056727891/RAZORPAY SETTLEMENT
BTXN1964216842,RZP3485424146,10291.18,2026-07-01,NEFT CR-RZP3485424146-RAZORPAY
BTXN6033153215,RZP2059151220,45077.90,2026-07-11,RTGS-RZP2059151220-RAZORPAY SOFTWARE PVT LTD
BTXN6822786638,RZP2845300,44832.84,2026-07-05,UPI-RAZORPAY SETTLEMENT ORDER 300914
BTXN9429109595,RZP2691911008,68753.92,2026-07-11,RTGS-RZP2691911008-RAZORPAY SOFTWARE PVT LTD
BTXN3879222960,RZP9037064785,38606.37,2026-07-07,UPI-RAZORPAY SOFTWARE PVT LTD-RZP9037064785
BTXN4411393967,RZP5332913271,9003.42,2026-07-04,IMPS/RZP5332913271/RAZORPAY SETTLEMENT
BTXN3667218990,RZP8473921939,47413.59,2026-07-06,UPI-RAZORPAY SOFTWARE PVT LTD-RZP8473921939
BTXN3003655292,RZP4612168543,19544.71,2026-07-01,NEFT CR-RZP4612168543-RAZORPAY
BTXN5101654203,RZP8491324542,51607.09,2026-07-05,NEFT CR-RZP8491324542-RAZORPAY
BTXN3359652162,RZP6676278071,26353.03,2026-07-12,RTGS-RZP6676278071-RAZORPAY SOFTWARE PVT LTD
BTXN2759434936,RZP2119937328,4553.00,2026-07-08,ELECTRICITY BILL AUTOPAY
BTXN5481229050,RZP7471586644,72678.16,2026-07-10,UPI-RAZORPAY SOFTWARE PVT LTD-RZP7471586644
BTXN5700549587,RZP2128899620,18922.16,2026-07-02,NEFT CR-RZP2128899620-RAZORPAY
BTXN7037674143,RZP4944183853,8154.10,2026-07-06,UPI-RAZORPAY SOFTWARE PVT LTD-RZP4944183853
BTXN3025529723,RZP6043194975,8539.88,2026-07-15,IRCTC TICKET BOOKING
BTXN2912383978,RZP6581658046,2696.43,2026-07-11,ATM WDL HYD
BTXN6769878403,RZP7486045851,8811.72,2026-07-02,UPI-RAZORPAY SOFTWARE PVT LTD-RZP7486045851
BTXN7078720988,RZ4P542257079,12901.16,2026-07-07,IMPS/RZP/257079/PAYOUT
BTXN6660423238,RZP1965122806,10293.31,2026-07-12,NEFT CR-RZP1965122806-RAZORPAY
BTXN6484335871,RZP1236603471,11175.47,2026-07-10,SALARY CREDIT XYZ CORP
BTXN3252904101,RZP6818736165,16181.26,2026-07-10,IMPS/RZP6818736165/RAZORPAY SETTLEMENT
BTXN3075769888,RZP2119819986,51492.96,2026-07-15,IMPS/RZP2119819986/RAZORPAY SETTLEMENT
BTXN4611150515,RZP7465793109,46409.77,2026-07-08,IMPS/RZP7465793109/RAZORPAY SETTLEMENT
BTXN4351139334,RZP1802132550,70075.87,2026-07-08,IMPS/RZP1802132550/RAZORPAY SETTLEMENT
BTXN6852832151,RZP6630271,52306.06,2026-07-20,UPI-RAZORPAY SETTLEMENT ORDER 271942
BTXN7285425698,RZP3398926888,54299.61,2026-07-08,NEFT CR-RZP3398926888-RAZORPAY
BTXN8215535604,RZP1002331874,70046.26,2026-07-08,IMPS/RZP1002331874/RAZORPAY SETTLEMENT
BTXN1895055028,RZP5901855460,41420.73,2026-07-07,IMPS/RZP5901855460/RAZORPAY SETTLEMENT
BTXN6109693316,RZP4496539342,42778.17,2026-07-17,RTGS-RZP4496539342-RAZORPAY SOFTWARE PVT LTD
BTXN5322527660,RZP2684307417,51608.59,2026-07-06,IMPS/RZP/370417/PAYOUT
BTXN7698285682,RZP3378247866,15013.22,2026-07-06,RTGS-RZP3378247866-RAZORPAY SOFTWARE PVT LTD
BTXN2931780009,RZP8411584152,2535.44,2026-07-04,RTGS-RZP8411584152-RAZORPAY SOFTWARE PVT LTD
BTXN4326849931,RZP5961803454,64942.94,2026-07-03,NEFT CR-RZP5961803454-RAZORPAY
BTXN7831299927,RZP3789372578,59536.10,2026-07-09,RTGS-RZP3789372578-RAZORPAY SOFTWARE PVT LTD
BTXN5884207222,RZP1697125957,53716.50,2026-07-08,NEFT CR-RZP1697125957-RAZORPAY
BTXN5454064409,RZP8058382074,37726.47,2026-07-14,RTGS-RZP8058382074-RAZORPAY SOFTWARE PVT LTD
BTXN2142492761,RZP4222051513,46958.72,2026-07-02,RTGS-RZP4222051513-RAZORPAY SOFTWARE PVT LTD
BTXN5838636972,RZP6128695961,17447.50,2026-07-03,IMPS/RZP6128695961/RAZORPAY SETTLEMENT
BTXN6546438292,RZP7330565158,73536.05,2026-07-07,RTGS-RZP7330565158-RAZORPAY SOFTWARE PVT LTD
BTXN8309156190,RZP3825372336,46172.59,2026-07-04,UPI-RAZORPAY SOFTWARE PVT LTD-RZP3825372336
BTXN8746137515,RZP4889761307,15548.29,2026-07-05,NEFT CR-RZP4889761307-RAZORPAY
BTXN2118435301,RZP3010409194,7178.77,2026-07-12,RTGS-RZP3010409194-RAZORPAY SOFTWARE PVT LTD
BTXN6787592309,RZP1866813449,60912.54,2026-07-13,NEFT CR-RZP1866813449-RAZORPAY
BTXN3511411140,RZP8428629929,6896.82,2026-07-03,ELECTRICITY BILL AUTOPAY
BTXN1067198189,RZP7273337794,12056.54,2026-07-04,UPI-RAZORPAY SOFTWARE PVT LTD-RZP7273337794
BTXN9301537234,RZP7608153267,26211.73,2026-07-09,RTGS-RZP7608153267-RAZORPAY SOFTWARE PVT LTD
BTXN3816548023,RZP4695579393,50698.91,2026-07-09,UPI-RAZORPAY SOFTWARE PVT LTD-RZP4695579393
BTXN1081931524,RZP2640019499,17835.77,2026-07-09,RTGS-RZP2640019499-RAZORPAY SOFTWARE PVT LTD
BTXN3272837084,RZP5692400242,48324.81,2026-07-14,IMPS/RZP5692400242/RAZORPAY SETTLEMENT
BTXN4771612502,RZP3649349199,71457.66,2026-07-09,UPI-RAZORPAY SOFTWARE PVT LTD-RZP3649349199
BTXN3664441464,RZP4845529215,5589.43,2026-07-02,IRCTC TICKET BOOKING
BTXN5785590330,RZP8039917766,44974.33,2026-07-10,RTGS-RZP8039917766-RAZORPAY SOFTWARE PVT LTD
BTXN5179669199,RZP2453552459,68862.22,2026-07-13,UPI-RAZORPAY SOFTWARE PVT LTD-RZP2453552459
BTXN7707542522,rzp4716875673,48059.19,2026-07-15,NEFT CR RAZORPAY SOFTWARE-875673
BTXN6011667728,RZP1479641898,18305.55,2026-07-06,UPI-RAZORPAY SOFTWARE PVT LTD-RZP1479641898
BTXN3354336159,RZP6775668552,45965.33,2026-07-10,NEFT CR-RZP6775668552-RAZORPAY
BTXN1756939877,RZP9811400857,20867.92,2026-07-11,UPI-RAZORPAY SETTLEMENT ORDER 100857
BTXN9240280726,RZP1303335689,8164.58,2026-07-13,ELECTRICITY BILL AUTOPAY
BTXN4342811602,RZP5504695792,43213.53,2026-07-04,RTGS-RZP5504695792-RAZORPAY SOFTWARE PVT LTD
BTXN4347513884,RZP8096865506,33613.12,2026-07-05,NEFT CR-RZP8096865506-RAZORPAY
BTXN4845713748,RZP4392849534,64833.97,2026-07-11,NEFT CR-RZP4392849534-RAZORPAY
BTXN6361225622,RZP6651020291,71680.70,2026-07-09,UPI-RAZORPAY SOFTWARE PVT LTD-RZP6651020291
BTXN5921993838,RZP3097440798,35600.29,2026-07-10,UPI-RAZORPAY SOFTWARE PVT LTD-RZP3097440798
BTXN8947001940,RZP7970005322,27097.70,2026-07-07,UPI-RAZORPAY SOFTWARE PVT LTD-RZP7970005322
BTXN4181976714,RZP6174162427,66823.54,2026-07-04,RTGS-RZP6174162427-RAZORPAY SOFTWARE PVT LTD
BTXN2453688395,RZP5436790493,493.20,2026-07-14,IRCTC TICKET BOOKING
BTXN9898335967,RZP4854990179,6230.73,2026-07-11,UPI-RAZORPAY SOFTWARE PVT LTD-RZP4854990179
BTXN7365458490,RZP2389755996,62219.31,2026-07-03,RTGS-RZP2389755996-RAZORPAY SOFTWARE PVT LTD
BTXN6333358917,RZP1975595901,37451.83,2026-07-06,NEFT CR-RZP1975595901-RAZORPAY
BTXN3071908421,RZP5970181532,38391.62,2026-07-14,RTGS-RZP5970181532-RAZORPAY SOFTWARE PVT LTD
BTXN3097101621,RZP1215109597,898.26,2026-07-03,UPI-RAZORPAY SOFTWARE PVT LTD-RZP1215109597
BTXN8568444722,RZP2794711537,9269.33,2026-07-05,SALARY CREDIT XYZ CORP
BTXN8586422846,RZP8932160323,48495.24,2026-07-14,NEFT CR-RZP8932160323-RAZORPAY
BTXN1698553625,RZP1838128496,25077.27,2026-07-03,IMPS/RZP1838128496/RAZORPAY SETTLEMENT
BTXN1754049136,RZP4497639750,22750.92,2026-07-13,NEFT CR-RZP4497639750-RAZORPAY
BTXN9234394778,RZP6824305952,48925.88,2026-07-09,NEFT CR-RZP6824305952-RAZORPAY
BTXN7902031541,RZP4790955889,9112.47,2026-07-10,NEFT CR-RZP4790955889-RAZORPAY
BTXN2908812198,RZP2763544042,1266.90,2026-07-03,UPI-RAZORPAY SOFTWARE PVT LTD-RZP2763544042
BTXN8046301787,RZP5260523439,12600.56,2026-07-11,IMPS/RZP5260523439/RAZORPAY SETTLEMENT
BTXN1309077497,RZP3564059351,37804.62,2026-07-14,IMPS/RZP3564059351/RAZORPAY SETTLEMENT
BTXN5221203462,RZP4715477780,71222.62,2026-07-11,IMPS/RZP4715477780/RAZORPAY SETTLEMENT
BTXN7659256649,RZP5593301898,24920.64,2026-07-06,UPI-RAZORPAY SOFTWARE PVT LTD-RZP5593301898
BTXN4078644705,RZP2318766528,13243.17,2026-07-06,IMPS/RZP2318766528/RAZORPAY SETTLEMENT
BTXN5128174736,RZP9683886,20359.98,2026-07-10,NEFT CR RAZORPAY SOFTWARE-886301
BTXN4343361778,RZP9295007661,35822.61,2026-07-12,UPI-RAZORPAY SOFTWARE PVT LTD-RZP9295007661
BTXN5231112087,RZP3738900744,59630.38,2026-07-09,NEFT CR-RZP3738900744-RAZORPAY
BTXN9412010808,RZP5388083146,30806.30,2026-07-03,IMPS/RZP5388083146/RAZORPAY SETTLEMENT
BTXN3280489078,RZP6430485,70279.65,2026-07-12,IMPS/RZP/485172/PAYOUT
BTXN2468424098,RZP9210660829,60895.94,2026-07-07,NEFT CR-RZP9210660829-RAZORPAY
BTXN3194933034,RZP1148660309,17888.77,2026-07-12,NEFT CR RAZORPAY SOFTWARE-660309
BTXN1379103373,RZP5640785576,44959.57,2026-07-06,NEFT CR-RZP5640785576-RAZORPAY
BTXN7413081635,RZP2650831268,47658.12,2026-07-12,IMPS/RZP2650831268/RAZORPAY SETTLEMENT
BTXN3490672970,RZP3530511116,29478.88,2026-07-02,RTGS-RZP3530511116-RAZORPAY SOFTWARE PVT LTD
BTXN6217459270,RZP2769753981,7372.52,2026-07-07,NEFT CR-RZP2769753981-RAZORPAY
BTXN3090725801,RZP9616721857,20935.80,2026-07-13,NEFT CR-RZP9616721857-RAZORPAY
BTXN1626674261,RZP8542000114,37580.28,2026-07-15,UPI-RAZORPAY SOFTWARE PVT LTD-RZP8542000114
BTXN9094734535,RZP5591208936,4885.75,2026-07-11,UPI-RAZORPAY SOFTWARE PVT LTD-RZP5591208936
BTXN4058772962,RZP5889306243,38128.52,2026-07-14,UPI-RAZORPAY SETTLEMENT ORDER 036243
BTXN7909663981,RZP3474674209,20554.97,2026-07-04,RTGS-RZP3474674209-RAZORPAY SOFTWARE PVT LTD
BTXN3477545388,RZP3208729314,3301.79,2026-07-10,ATM WDL MUM
BTXN2999693105,RZP7624475354,3892.51,2026-07-11,ZOMATO ONLINE ORDER
BTXN5148524493,RZP8923011407,64320.15,2026-07-06,IMPS/RZP8923011407/RAZORPAY SETTLEMENT
BTXN2837762967,RZP7013236576,11844.13,2026-07-04,NEFT CR-RZP7013236576-RAZORPAY
BTXN8347314406,RZP2933731041,55387.53,2026-07-09,RTGS-RZP2933731041-RAZORPAY SOFTWARE PVT LTD
BTXN2109138446,RZP6015546219,42554.59,2026-07-04,NEFT CR-RZP6015546219-RAZORPAY
BTXN8664625201,RZP9036743258,53355.08,2026-07-04,UPI-RAZORPAY SOFTWARE PVT LTD-RZP9036743258
BTXN1369534687,RZP1104984016,20242.37,2026-07-01,IMPS/RZP1104984016/RAZORPAY SETTLEMENT
BTXN9660709494,RZP9555880976,27142.03,2026-07-14,NEFT CR-RZP9555880976-RAZORPAY
BTXN6473572695,RZP2374911007,15185.68,2026-07-13,RTGS-RZP2374911007-RAZORPAY SOFTWARE PVT LTD
BTXN8995234013,RZP7976503515,64507.08,2026-07-14,IMPS/RZP/505315/PAYOUT
BTXN9033177572,RZP3412836818,31446.10,2026-07-07,RTGS-RZP3412836818-RAZORPAY SOFTWARE PVT LTD
BTXN3093289801,RZP6583376103,63825.31,2026-07-09,UPI-RAZORPAY SOFTWARE PVT LTD-RZP6583376103
BTXN1738842585,RZP3019175561,31660.73,2026-07-12,IMPS/RZP3019175561/RAZORPAY SETTLEMENT
BTXN2512355135,RZP5722757262,51314.76,2026-07-14,RTGS-RZP5722757262-RAZORPAY SOFTWARE PVT LTD
BTXN6673381261,RZP8168036130,33702.21,2026-07-15,NEFT CR-RZP8168036130-RAZORPAY
BTXN4734842728,RZP2982853903,65787.43,2026-07-15,NEFT CR-RZP2982853903-RAZORPAY
BTXN2587135848,RZP3105824567,35771.91,2026-07-14,UPI-RAZORPAY SOFTWARE PVT LTD-RZP3105824567
BTXN5746677104,RZP8741405405,70461.61,2026-07-06,NEFT CR-RZP8741405405-RAZORPAY
BTXN1106456634,RZP4713453204,73227.35,2026-07-13,NEFT CR-RZP4713453204-RAZORPAY
BTXN4674665074,RZP1081053147,17279.63,2026-07-07,NEFT CR-RZP1081053147-RAZORPAY
BTXN4538242462,RZP8180889345,25074.99,2026-07-11,UPI-RAZORPAY SOFTWARE PVT LTD-RZP8180889345
BTXN1808358153,RZP2409438438,54458.77,2026-07-05,IMPS/RZP2409438438/RAZORPAY SETTLEMENT
BTXN2157004351,RZP4257583307,17091.51,2026-07-09,IMPS/RZP4257583307/RAZORPAY SETTLEMENT
BTXN8891575659,RZP5693956344,14438.98,2026-07-08,IRCTC TICKET BOOKING
BTXN5252525649,RZP6669008912,62395.94,2026-07-03,IMPS/RZP6669008912/RAZORPAY SETTLEMENT
BTXN8435142333,RZP3280624198,2724.45,2026-07-15,AMAZON RETAIL PAYMENT
BTXN9863747409,RZP4813850640,8027.26,2026-07-10,SWIGGY ORDER PAYMENT
BTXN1372559829,RZP6364950198,12187.22,2026-07-10,NEFT CR-RZP6364950198-RAZORPAY
BTXN8540657395,RZP1444806603,72502.39,2026-07-10,UPI-RAZORPAY SOFTWARE PVT LTD-RZP1444806603
BTXN9439876419,RZP1734996197,59420.62,2026-07-15,NEFT CR-RZP1734996197-RAZORPAY
BTXN8372107278,RZP1412720524,54807.83,2026-07-02,NEFT CR-RZP1412720524-RAZORPAY
BTXN5699068516,RZP3968179935,64574.46,2026-07-06,UPI-RAZORPAY SOFTWARE PVT LTD-RZP3968179935
BTXN4529374529,RZP4753688629,6440.70,2026-07-07,IRCTC TICKET BOOKING
BTXN1554043083,RZP1296824435,69148.70,2026-07-07,NEFT CR RAZORPAY SOFTWARE-824435
BTXN4641902461,RZP7065369178,12100.96,2026-07-01,UPI-RAZORPAY SOFTWARE PVT LTD-RZP7065369178
BTXN1086201988,RZP6601867087,24744.18,2026-07-06,IMPS/RZP6601867087/RAZORPAY SETTLEMENT
BTXN4080690629,RZP9579021901,34723.38,2026-07-07,IMPS/RZP9579021901/RAZORPAY SETTLEMENT
BTXN3070405534,RZP9199639927,10118.73,2026-07-04,UPI-RAZORPAY SOFTWARE PVT LTD-RZP9199639927
BTXN5231756299,RZP3843230247,31575.48,2026-07-13,NEFT CR-RZP3843230247-RAZORPAY
BTXN6371892196,RZP3594768036,34447.78,2026-07-03,RTGS-RZP3594768036-RAZORPAY SOFTWARE PVT LTD
BTXN8372390871,RZP6728620,53393.75,2026-07-07,IMPS/RZP/620623/PAYOUT
BTXN6474936701,RZP5114549022,63676.79,2026-07-06,IMPS/RZP5114549022/RAZORPAY SETTLEMENT
BTXN4749369776,RZP4212617255,40673.48,2026-07-04,RTGS-RZP4212617255-RAZORPAY SOFTWARE PVT LTD
BTXN1360642836,RZP1278979168,61966.04,2026-07-09,NEFT CR-RZP1278979168-RAZORPAY
BTXN7268955808,RZP8036816985,10175.61,2026-07-06,ELECTRICITY BILL AUTOPAY
BTXN9523104008,RZP8663811838,67846.09,2026-07-04,IMPS/RZP8663811838/RAZORPAY SETTLEMENT
BTXN3065148658,RZP3644470213,46307.60,2026-07-05,UPI-RAZORPAY SOFTWARE PVT LTD-RZP3644470213
BTXN7892884405,rzp8201977556,30100.07,2026-07-12,UPI-RAZORPAY SETTLEMENT ORDER 977556
BTXN1581896260,RZP8842204961,47629.53,2026-07-04,IMPS/RZP8842204961/RAZORPAY SETTLEMENT
BTXN5628617823,RZP7537127248,2378.70,2026-07-02,NEFT CR-RZP7537127248-RAZORPAY
BTXN6130802891,RZP9239428735,40164.57,2026-07-06,UPI-RAZORPAY SOFTWARE PVT LTD-RZP9239428735
BTXN7920558804,RZP8340099132,34627.39,2026-07-07,UPI-RAZORPAY SOFTWARE PVT LTD-RZP8340099132
BTXN1953246993,RZP7098746030,1821.82,2026-07-09,NEFT CR-RZP7098746030-RAZORPAY
BTXN3496051506,RZP9644213043,27107.22,2026-07-13,NEFT CR RAZORPAY SOFTWARE-213043
BTXN1015399313,RZP1595676380,63433.36,2026-07-14,RTGS-RZP1595676380-RAZORPAY SOFTWARE PVT LTD
BTXN6640124123,RZP9259573484,20013.92,2026-07-01,IMPS/RZP9259573484/RAZORPAY SETTLEMENT
BTXN7748926030,RZP1379791622,68360.72,2026-07-04,NEFT CR-RZP1379791622-RAZORPAY
BTXN9227462496,RPZ4047493906,47168.11,2026-07-17,NEFT CR RAZORPAY SOFTWARE-493906
BTXN6485605386,RZP2791674708,37145.54,2026-07-12,NEFT CR-RZP2791674708-RAZORPAY
BTXN7175608725,RZP7293357327,43282.31,2026-07-01,RTGS-RZP7293357327-RAZORPAY SOFTWARE PVT LTD
BTXN9704672160,RZP4878911399,4785.35,2026-07-07,SWIGGY ORDER PAYMENT
BTXN4774475953,RZP1808677956,33563.15,2026-07-03,UPI-RAZORPAY SOFTWARE PVT LTD-RZP1808677956
BTXN5691069540,RZP6326370998,20988.96,2026-07-06,RTGS-RZP6326370998-RAZORPAY SOFTWARE PVT LTD
BTXN9844247258,RZP4151039967,6170.81,2026-07-02,UPI-RAZORPAY SOFTWARE PVT LTD-RZP4151039967
BTXN5290027783,RZP8781808184,32454.75,2026-07-01,UPI-RAZORPAY SOFTWARE PVT LTD-RZP8781808184
BTXN5735675966,RZP2226088190,52051.31,2026-07-01,UPI-RAZORPAY SOFTWARE PVT LTD-RZP2226088190
BTXN7849904645,RZP4649258528,38917.98,2026-07-15,UPI-RAZORPAY SOFTWARE PVT LTD-RZP4649258528
BTXN9056616444,RZP1600566083,21134.09,2026-07-02,NEFT CR-RZP1600566083-RAZORPAY
BTXN4753589315,RZP4220479048,24678.64,2026-07-13,RTGS-RZP4220479048-RAZORPAY SOFTWARE PVT LTD
BTXN8321776821,RZP1548867,35999.97,2026-07-16,NEFT CR RAZORPAY SOFTWARE-867546
BTXN7181355068,RZP3101531293,7007.08,2026-07-05,ATM WDL BLR
BTXN8078239546,RZP9953944341,5103.67,2026-07-01,UPI-RAZORPAY SOFTWARE PVT LTD-RZP9953944341
BTXN5580408548,RZP5872669,74820.55,2026-07-09,UPI-RAZORPAY SETTLEMENT ORDER 669601
BTXN2039718291,RZP7132627692,33173.91,2026-07-07,NEFT CR-RZP7132627692-RAZORPAY
BTXN7386205686,RZP7214267356,43071.08,2026-07-03,RTGS-RZP7214267356-RAZORPAY SOFTWARE PVT LTD
BTXN9987742677,rzp7473633597,65212.47,2026-07-14,NEFT CR RAZORPAY SOFTWARE-633597
BTXN7126307687,RZP2726537711,68796.09,2026-07-07,UPI-RAZORPAY SOFTWARE PVT LTD-RZP2726537711
BTXN9351548768,RZP3555599455,12859.84,2026-07-13,UPI-RAZORPAY SOFTWARE PVT LTD-RZP3555599455
BTXN6236803179,RZP7115189,11618.04,2026-07-17,IMPS/RZP/189196/PAYOUT
BTXN7748275865,RZP1346778467,688.36,2026-07-09,SALARY CREDIT XYZ CORP
BTXN7640296994,RZP4437569809,17748.19,2026-07-05,IMPS/RZP4437569809/RAZORPAY SETTLEMENT
BTXN2081885552,RZP3255992861,51569.72,2026-07-06,NEFT CR-RZP3255992861-RAZORPAY
BTXN9439882247,RZP7394745338,1029.92,2026-07-02,IMPS/RZP7394745338/RAZORPAY SETTLEMENT
BTXN1203406258,RZP8128769606,11671.46,2026-07-11,AMAZON RETAIL PAYMENT
BTXN8078207721,RZP3693040708,40283.21,2026-07-17,NEFT CR-RZP3693040708-RAZORPAY
BTXN9346312079,RZP9722993710,69970.36,2026-07-07,RTGS-RZP9722993710-RAZORPAY SOFTWARE PVT LTD
BTXN7187975042,RZP7279296550,56896.06,2026-07-08,NEFT CR-RZP7279296550-RAZORPAY
BTXN7390423457,RZP4557971799,29067.29,2026-07-13,NEFT CR-RZP4557971799-RAZORPAY
BTXN7924085299,RZP5341685819,68445.46,2026-07-11,UPI-RAZORPAY SOFTWARE PVT LTD-RZP5341685819
BTXN9365333271,RZP8844221158,12602.46,2026-07-04,RTGS-RZP8844221158-RAZORPAY SOFTWARE PVT LTD
BTXN3013107624,RZP5293511572,33117.48,2026-07-03,RTGS-RZP5293511572-RAZORPAY SOFTWARE PVT LTD
BTXN3136984143,RZP6074996463,65991.27,2026-07-02,NEFT CR-RZP6074996463-RAZORPAY
BTXN8491239677,RZP3658963313,66654.07,2026-07-04,RTGS-RZP3658963313-RAZORPAY SOFTWARE PVT LTD
BTXN4583013366,RZP2813224,8711.53,2026-07-12,UPI-RAZORPAY SETTLEMENT ORDER 224877
BTXN4940297530,RZP5927319,20911.18,2026-07-13,UPI-RAZORPAY SETTLEMENT ORDER 319514
BTXN9161403075,RZP7667700338,55618.68,2026-07-05,NEFT CR-RZP7667700338-RAZORPAY
BTXN5268060108,RZP6576763981,69068.66,2026-07-01,UPI-RAZORPAY SOFTWARE PVT LTD-RZP6576763981
BTXN2957343969,RZP3194150990,24290.53,2026-07-07,NEFT CR-RZP3194150990-RAZORPAY
BTXN6986656323,RZP4957366035,16038.75,2026-07-14,RTGS-RZP4957366035-RAZORPAY SOFTWARE PVT LTD
BTXN8015215852,RZP9807141210,55599.83,2026-07-01,IMPS/RZP9807141210/RAZORPAY SETTLEMENT
BTXN7892457034,RZP1439470206,59867.89,2026-07-10,RTGS-RZP1439470206-RAZORPAY SOFTWARE PVT LTD
BTXN5913746393,RZP1565838870,27360.67,2026-07-02,RTGS-RZP1565838870-RAZORPAY SOFTWARE PVT LTD
BTXN5222736250,RZP2090989292,6945.48,2026-07-09,SWIGGY ORDER PAYMENT
BTXN3775968883,RZP2799185275,4515.12,2026-07-02,SWIGGY ORDER PAYMENT
BTXN2592535796,RZP8415124854,17539.91,2026-07-05,RTGS-RZP8415124854-RAZORPAY SOFTWARE PVT LTD
BTXN9401592815,RZP7015566817,58592.03,2026-07-12,UPI-RAZORPAY SOFTWARE PVT LTD-RZP7015566817
BTXN8359533607,RZP5973365056,34661.64,2026-07-07,UPI-RAZORPAY SOFTWARE PVT LTD-RZP5973365056
BTXN5269728610,RZP3483827971,3874.09,2026-07-06,UPI-RAZORPAY SOFTWARE PVT LTD-RZP3483827971
BTXN8961446732,RZP5631292306,26841.95,2026-07-11,NEFT CR-RZP5631292306-RAZORPAY
BTXN4875962612,RZP2015242176,30777.85,2026-07-08,NEFT CR-RZP2015242176-RAZORPAY
BTXN2072442362,RZP1032545020,52739.47,2026-07-14,IMPS/RZP1032545020/RAZORPAY SETTLEMENT
BTXN4566568576,RZP7242490615,10760.15,2026-07-10,UPI-RAZORPAY SOFTWARE PVT LTD-RZP7242490615
BTXN1235424997,RZP4188342134,59846.29,2026-07-07,IMPS/RZP4188342134/RAZORPAY SETTLEMENT
BTXN4303253485,RZP4561474064,2469.99,2026-07-02,RTGS-RZP4561474064-RAZORPAY SOFTWARE PVT LTD
BTXN7105566223,RZP9497440581,28112.81,2026-07-06,NEFT CR-RZP9497440581-RAZORPAY
BTXN2481979811,RZP9283032908,24809.05,2026-07-05,RTGS-RZP9283032908-RAZORPAY SOFTWARE PVT LTD
BTXN8021068713,RZP5535530476,55501.57,2026-07-10,UPI-RAZORPAY SOFTWARE PVT LTD-RZP5535530476
BTXN9957198363,RZP4205648213,11384.44,2026-07-11,UPI-RAZORPAY SOFTWARE PVT LTD-RZP4205648213
BTXN3730248478,RZP2219460880,7415.06,2026-07-09,IMPS/RZP2219460880/RAZORPAY SETTLEMENT
BTXN1013343912,ZRP5944962594,4357.71,2026-07-04,NEFT CR RAZORPAY SOFTWARE-962594
BTXN9102064850,RZP8952782076,34664.13,2026-07-03,IMPS/RZP8952782076/RAZORPAY SETTLEMENT
BTXN8100997954,RZP2554267761,26722.85,2026-07-09,UPI-RAZORPAY SOFTWARE PVT LTD-RZP2554267761
BTXN3863150529,RZP8725379896,51628.03,2026-07-16,NEFT CR-RZP8725379896-RAZORPAY
BTXN8437672213,RZP9890303224,70204.67,2026-07-11,NEFT CR-RZP9890303224-RAZORPAY
BTXN9353235284,RZP8572038389,25549.49,2026-07-04,IMPS/RZP8572038389/RAZORPAY SETTLEMENT
BTXN4143097177,RZP7358309737,56046.95,2026-07-14,IMPS/RZP/307937/PAYOUT
BTXN1841890711,RZP2525258771,11250.19,2026-07-06,ELECTRICITY BILL AUTOPAY
BTXN5042815942,RZP4142948375,31935.74,2026-07-03,NEFT CR-RZP4142948375-RAZORPAY
BTXN2785527526,RZP2901202659,2681.25,2026-07-15,AMAZON RETAIL PAYMENT
BTXN8660495862,RZP6438456687,47378.92,2026-07-13,RTGS-RZP6438456687-RAZORPAY SOFTWARE PVT LTD
BTXN3195816092,RZP7002382182,7812.54,2026-07-12,UPI-RAZORPAY SOFTWARE PVT LTD-RZP7002382182
BTXN8616095594,RZP5706531945,10073.43,2026-07-13,NEFT CR-RZP5706531945-RAZORPAY
BTXN6165207446,RZP5025422406,71587.40,2026-07-06,IMPS/RZP5025422406/RAZORPAY SETTLEMENT
BTXN7538865954,RZP5777658056,62573.68,2026-07-11,RTGS-RZP5777658056-RAZORPAY SOFTWARE PVT LTD
BTXN2544635215,RZP1227544020,6440.22,2026-07-03,RTGS-RZP1227544020-RAZORPAY SOFTWARE PVT LTD
BTXN3147420019,RZP2977377566,7455.89,2026-07-14,IMPS/RZP2977377566/RAZORPAY SETTLEMENT
BTXN1721827873,RZP1312368943,18778.60,2026-07-17,IMPS/RZP/268943/PAYOUT
BTXN3798646432,RZP2241634686,6265.30,2026-07-14,RTGS-RZP2241634686-RAZORPAY SOFTWARE PVT LTD
BTXN8628111461,RZP3863111823,15259.04,2026-07-02,UPI-RAZORPAY SOFTWARE PVT LTD-RZP3863111823
BTXN5610716857,RZP2616967901,55536.16,2026-07-01,RTGS-RZP2616967901-RAZORPAY SOFTWARE PVT LTD
BTXN2881290982,RZP3547412200,62581.91,2026-07-10,RTGS-RZP3547412200-RAZORPAY SOFTWARE PVT LTD
BTXN1996918199,RZP2128713445,72787.12,2026-07-04,NEFT CR-RZP2128713445-RAZORPAY
BTXN7546741316,RZP7155948235,12316.08,2026-07-13,UPI-RAZORPAY SOFTWARE PVT LTD-RZP7155948235
BTXN7744870231,RZP9423323856,61064.92,2026-07-01,UPI-RAZORPAY SOFTWARE PVT LTD-RZP9423323856
BTXN3460086479,RZP9897225534,1561.59,2026-07-01,SWIGGY ORDER PAYMENT
BTXN7359403225,RZP7054856909,12447.83,2026-07-09,RTGS-RZP7054856909-RAZORPAY SOFTWARE PVT LTD
BTXN7996918269,RZP8318349999,12469.81,2026-07-05,SWIGGY ORDER PAYMENT
BTXN9774789637,RZP6861074287,4634.92,2026-07-11,SWIGGY ORDER PAYMENT
BTXN5624467774,RZP3996507604,4768.53,2026-07-12,IMPS/RZP3996507604/RAZORPAY SETTLEMENT
BTXN6963404324,RZP6319629373,9212.69,2026-07-06,NEFT CR-RZP6319629373-RAZORPAY
BTXN8287228425,RZP6147970594,70674.65,2026-07-08,RTGS-RZP6147970594-RAZORPAY SOFTWARE PVT LTD
BTXN3088517710,RZP2554039848,27513.53,2026-07-03,NEFT CR-RZP2554039848-RAZORPAY
BTXN6093529607,RZP4467165272,73588.59,2026-07-11,UPI-RAZORPAY SOFTWARE PVT LTD-RZP4467165272
BTXN1251944255,RZP2138243545,15234.14,2026-07-02,NETFLIX SUBSCRIPTION
BTXN9518816186,RZP2743640975,55677.67,2026-07-04,RTGS-RZP2743640975-RAZORPAY SOFTWARE PVT LTD
BTXN4173213274,RZP8785671502,19362.33,2026-07-07,IMPS/RZP8785671502/RAZORPAY SETTLEMENT
BTXN9656191456,RZP3379244771,28655.09,2026-07-12,RTGS-RZP3379244771-RAZORPAY SOFTWARE PVT LTD
BTXN5850313333,RZP3067609531,19075.30,2026-07-03,SWIGGY ORDER PAYMENT
BTXN7613341153,RZP4813651372,18216.77,2026-07-07,ATM WDL DEL
BTXN1234084952,RZP7172607733,23829.08,2026-07-03,NEFT CR-RZP7172607733-RAZORPAY
BTXN7511795508,RZP5116559225,37674.58,2026-07-01,IMPS/RZP5116559225/RAZORPAY SETTLEMENT
BTXN8933019770,RZP8038199310,68118.18,2026-07-10,UPI-RAZORPAY SOFTWARE PVT LTD-RZP8038199310
BTXN8004113912,RZP5947296012,35016.69,2026-07-14,NEFT CR RAZORPAY SOFTWARE-796012
BTXN5127219887,RZP9082996054,69174.99,2026-07-14,NEFT CR-RZP9082996054-RAZORPAY
BTXN4389160208,RZP9191861133,17531.13,2026-07-10,SWIGGY ORDER PAYMENT
BTXN4725042375,RZP5396882521,69437.44,2026-07-08,IMPS/RZP5396882521/RAZORPAY SETTLEMENT
BTXN9774202570,RZP3441808541,16682.01,2026-07-07,RTGS-RZP3441808541-RAZORPAY SOFTWARE PVT LTD
BTXN8505033317,RZP7137305144,42604.61,2026-07-11,NEFT CR-RZP7137305144-RAZORPAY
BTXN6317820782,ZRP2328687286,5876.69,2026-07-10,UPI-RAZORPAY SETTLEMENT ORDER 687286
BTXN2281799405,RZP8979734990,9904.87,2026-07-01,NEFT CR-RZP8979734990-RAZORPAY
BTXN4679126737,RZP2856269407,13059.64,2026-07-10,IMPS/RZP2856269407/RAZORPAY SETTLEMENT
BTXN4631317398,RZP2775519219,41694.86,2026-07-04,UPI-RAZORPAY SOFTWARE PVT LTD-RZP2775519219
BTXN9210421313,rzp3817429192,70858.72,2026-07-10,NEFT CR RAZORPAY SOFTWARE-429192
BTXN5745031784,RZP2923274793,67300.75,2026-07-06,UPI-RAZORPAY SOFTWARE PVT LTD-RZP2923274793
BTXN9881791732,ZRP1267834505,57474.51,2026-07-11,IMPS/RZP/834505/PAYOUT
BTXN5520414347,RZP8405611782,17362.42,2026-07-02,NEFT CR-RZP8405611782-RAZORPAY
BTXN3463228718,RZP8946657104,66434.82,2026-07-07,RTGS-RZP8946657104-RAZORPAY SOFTWARE PVT LTD
BTXN8662451920,RZP2294788502,17635.39,2026-07-13,NEFT CR-RZP2294788502-RAZORPAY
BTXN6868119022,RZP7830361496,28695.40,2026-07-13,NEFT CR-RZP7830361496-RAZORPAY
BTXN3127965346,RZP9440606328,56003.90,2026-07-17,UPI-RAZORPAY SOFTWARE PVT LTD-RZP9440606328
BTXN1829080142,RZP6271757496,891.44,2026-07-15,IMPS/RZP/757469/PAYOUT
BTXN5682286001,RZP2936540028,13826.45,2026-07-10,NEFT CR-RZP2936540028-RAZORPAY
BTXN9291451926,RZP1855638700,3476.83,2026-07-08,NETFLIX SUBSCRIPTION
BTXN2240947236,RZP1986427235,45830.17,2026-07-12,NEFT CR-RZP1986427235-RAZORPAY
BTXN8902306056,RZP1053810906,61863.79,2026-07-07,IMPS/RZP1053810906/RAZORPAY SETTLEMENT
BTXN6906857160,RZP1310054084,67957.82,2026-07-02,NEFT CR-RZP1310054084-RAZORPAY
BTXN3765336251,RZP1650964942,4479.05,2026-07-08,ELECTRICITY BILL AUTOPAY
BTXN7771235501,RZP3800334254,63674.68,2026-07-08,IMPS/RZP3800334254/RAZORPAY SETTLEMENT
BTXN7097914256,RZP5500086353,73133.05,2026-07-10,RTGS-RZP5500086353-RAZORPAY SOFTWARE PVT LTD
BTXN6140505359,RZP3353623510,16350.79,2026-07-12,AMAZON RETAIL PAYMENT
BTXN8754521823,RZP2117293258,21019.74,2026-07-16,UPI-RAZORPAY SETTLEMENT ORDER 292358
BTXN5739091195,RZP7055196,11361.10,2026-07-18,IMPS/RZP/196992/PAYOUT
BTXN5387103952,RZP4851888832,8582.82,2026-07-02,IMPS/RZP4851888832/RAZORPAY SETTLEMENT
BTXN5899546522,RZP1977144,31246.59,2026-07-18,NEFT CR RAZORPAY SOFTWARE-144735
BTXN1298058353,RZP4382751858,37581.95,2026-07-03,UPI-RAZORPAY SOFTWARE PVT LTD-RZP4382751858
BTXN8014291300,RZP5912460173,51713.36,2026-07-13,RTGS-RZP5912460173-RAZORPAY SOFTWARE PVT LTD
BTXN1558663601,RZP5600953105,46188.08,2026-07-06,RTGS-RZP5600953105-RAZORPAY SOFTWARE PVT LTD
BTXN9440430148,RZP6159743592,48092.32,2026-07-11,IMPS/RZP6159743592/RAZORPAY SETTLEMENT
BTXN7018759301,rzp4309809481,65119.95,2026-07-12,UPI-RAZORPAY SETTLEMENT ORDER 809481
BTXN1893862915,RZP8357029021,64528.67,2026-07-11,RTGS-RZP8357029021-RAZORPAY SOFTWARE PVT LTD
BTXN1641889887,RZP2094233834,43867.42,2026-07-11,NEFT CR-RZP2094233834-RAZORPAY
BTXN1412129737,RZP5483308751,67421.98,2026-07-04,IMPS/RZP5483308751/RAZORPAY SETTLEMENT
BTXN9039082110,RZP3577363576,19217.35,2026-07-03,RTGS-RZP3577363576-RAZORPAY SOFTWARE PVT LTD
BTXN7080764576,RZP6188310258,57428.97,2026-07-09,UPI-RAZORPAY SOFTWARE PVT LTD-RZP6188310258
BTXN6121510453,RZP2068046073,69448.48,2026-07-12,NEFT CR-RZP2068046073-RAZORPAY
BTXN7008382795,RZP2590382399,72386.06,2026-07-03,UPI-RAZORPAY SOFTWARE PVT LTD-RZP2590382399
BTXN4057828676,RZP1583308750,50336.13,2026-07-01,NEFT CR-RZP1583308750-RAZORPAY
BTXN3798741710,ZRP1041675032,2400.42,2026-07-14,NEFT CR RAZORPAY SOFTWARE-675032
BTXN9146723894,RZP8125442390,41629.24,2026-07-15,IMPS/RZP8125442390/RAZORPAY SETTLEMENT
BTXN9099544909,RZP9212185911,42759.29,2026-07-01,RTGS-RZP9212185911-RAZORPAY SOFTWARE PVT LTD
BTXN9080510951,RZP4501446994,8214.77,2026-07-11,IMPS/RZP4501446994/RAZORPAY SETTLEMENT
BTXN5207774585,RZP4771056790,12523.87,2026-07-15,IRCTC TICKET BOOKING
BTXN8991678061,RZP5888445909,45388.07,2026-07-15,IMPS/RZP5888445909/RAZORPAY SETTLEMENT
BTXN9055262383,RZP5160850457,28708.11,2026-07-02,UPI-RAZORPAY SOFTWARE PVT LTD-RZP5160850457
BTXN2375902193,RZP9577023015,4242.89,2026-07-08,UPI-RAZORPAY SOFTWARE PVT LTD-RZP9577023015
BTXN7127584892,RZP4320036885,17803.63,2026-07-08,IMPS/RZP4320036885/RAZORPAY SETTLEMENT
BTXN2542943951,RZP5563018598,67630.14,2026-07-01,UPI-RAZORPAY SOFTWARE PVT LTD-RZP5563018598
BTXN4740049775,RZP4846215290,68991.57,2026-07-03,UPI-RAZORPAY SOFTWARE PVT LTD-RZP4846215290
BTXN1935755906,RZP2906226505,7418.05,2026-07-15,ZOMATO ONLINE ORDER
BTXN3905287810,RZP8003744133,7424.59,2026-07-09,IMPS/RZP8003744133/RAZORPAY SETTLEMENT
BTXN8668523948,RZP4406459668,19767.17,2026-07-05,RTGS-RZP4406459668-RAZORPAY SOFTWARE PVT LTD
BTXN3386255094,RZP7207512160,18896.13,2026-07-01,NETFLIX SUBSCRIPTION
BTXN9061467941,RZP4315722478,1575.51,2026-07-07,ATM WDL CHN
BTXN7100408092,RZP9305502799,2864.25,2026-07-07,NEFT CR-RZP9305502799-RAZORPAY
BTXN5409689796,RZP4698205508,9679.23,2026-07-04,NEFT CR RAZORPAY SOFTWARE-025508
BTXN5070596225,RZP4829551639,39653.90,2026-07-12,UPI-RAZORPAY SOFTWARE PVT LTD-RZP4829551639
BTXN4881558272,RZP1047589753,10360.35,2026-07-05,ATM WDL BLR
BTXN4173554352,RZP9309279227,56622.89,2026-07-09,NEFT CR-RZP9309279227-RAZORPAY
BTXN7873683155,RZP9465553285,61787.03,2026-07-14,RTGS-RZP9465553285-RAZORPAY SOFTWARE PVT LTD
BTXN4130305126,RZP6920114673,55182.63,2026-07-05,NEFT CR-RZP6920114673-RAZORPAY
BTXN6918017122,RZP1112748733,45141.27,2026-07-01,IMPS/RZP1112748733/RAZORPAY SETTLEMENT
BTXN4139951803,RZP9905261826,53491.69,2026-07-02,IMPS/RZP9905261826/RAZORPAY SETTLEMENT
BTXN8087505377,RZP2348932586,55335.51,2026-07-07,NEFT CR-RZP2348932586-RAZORPAY
BTXN2985268958,RZP7361965344,1865.75,2026-07-05,NETFLIX SUBSCRIPTION
BTXN5821901558,RZP5262048,13168.59,2026-07-07,IMPS/RZP/048955/PAYOUT
BTXN7309639914,RZP9876623451,47192.75,2026-07-09,IMPS/RZP9876623451/RAZORPAY SETTLEMENT
BTXN6840713618,RZP3575119409,44097.99,2026-07-12,RTGS-RZP3575119409-RAZORPAY SOFTWARE PVT LTD
BTXN9473134188,RZP2972218606,51433.50,2026-07-08,NEFT CR-RZP2972218606-RAZORPAY
BTXN5171171195,RZP4582916793,30018.02,2026-07-03,IMPS/RZP4582916793/RAZORPAY SETTLEMENT
BTXN8361362119,RZP9833381,21951.75,2026-07-18,NEFT CR RAZORPAY SOFTWARE-381471
BTXN2801187985,RZP5002733154,43180.76,2026-07-04,RTGS-RZP5002733154-RAZORPAY SOFTWARE PVT LTD
BTXN6609495751,RZP8026399093,18008.37,2026-07-15,IMPS/RZP8026399093/RAZORPAY SETTLEMENT
BTXN3492232067,RZP6171613089,15678.33,2026-07-05,ATM WDL HYD
BTXN2803149618,RZP6391572395,33095.48,2026-07-16,UPI-RAZORPAY SOFTWARE PVT LTD-RZP6391572395
BTXN8693774360,RZP7839853746,13152.63,2026-07-10,NETFLIX SUBSCRIPTION
BTXN1762664201,RZP9427279074,26957.31,2026-07-15,IMPS/RZP9427279074/RAZORPAY SETTLEMENT
BTXN3754035650,RZP1566194766,70015.96,2026-07-06,UPI-RAZORPAY SOFTWARE PVT LTD-RZP1566194766
BTXN2952399654,RZP4678506911,26620.52,2026-07-10,UPI-RAZORPAY SOFTWARE PVT LTD-RZP4678506911
BTXN9303285822,RZP5278201677,5957.92,2026-07-04,IMPS/RZP5278201677/RAZORPAY SETTLEMENT
BTXN6213634642,RZP6391469277,41922.19,2026-07-13,RTGS-RZP6391469277-RAZORPAY SOFTWARE PVT LTD
BTXN3780475472,RZP1213249628,64109.69,2026-07-13,NEFT CR-RZP1213249628-RAZORPAY
BTXN2156581143,RZP6310688903,38392.28,2026-07-09,RTGS-RZP6310688903-RAZORPAY SOFTWARE PVT LTD
BTXN2197826153,RZP7844674517,56844.57,2026-07-13,RTGS-RZP7844674517-RAZORPAY SOFTWARE PVT LTD
BTXN6880532969,rzp6311441482,23275.47,2026-07-08,NEFT CR RAZORPAY SOFTWARE-441482
BTXN4020582737,RZP9111377542,59378.08,2026-07-11,UPI-RAZORPAY SOFTWARE PVT LTD-RZP9111377542
BTXN8792726419,RZP4793278865,69141.08,2026-07-10,IMPS/RZP4793278865/RAZORPAY SETTLEMENT
BTXN3654191036,RZP6984296009,52386.04,2026-07-08,RTGS-RZP6984296009-RAZORPAY SOFTWARE PVT LTD
BTXN7996560746,RZP2018705546,6896.43,2026-07-01,SALARY CREDIT XYZ CORP
BTXN5777844536,RZP8720248706,19852.24,2026-07-14,RTGS-RZP8720248706-RAZORPAY SOFTWARE PVT LTD
BTXN6406140271,RZP9818333459,18375.65,2026-07-12,IRCTC TICKET BOOKING
BTXN7462972995,RZP5816198518,10433.76,2026-07-08,IMPS/RZP5816198518/RAZORPAY SETTLEMENT
BTXN4877691921,RZP5820484898,63419.07,2026-07-17,NEFT CR RAZORPAY SOFTWARE-448898
BTXN7869437646,RZP1049065981,71745.73,2026-07-13,IMPS/RZP1049065981/RAZORPAY SETTLEMENT
BTXN4941171659,RZP2745484166,18530.83,2026-07-10,NEFT CR-RZP2745484166-RAZORPAY
BTXN8111001852,RPZ9176605108,59268.55,2026-07-17,UPI-RAZORPAY SETTLEMENT ORDER 605108
BTXN4194596665,RZP4707754422,60216.07,2026-07-05,IMPS/RZP4707754422/RAZORPAY SETTLEMENT
BTXN3171263487,RZP1114127251,56322.85,2026-07-02,RTGS-RZP1114127251-RAZORPAY SOFTWARE PVT LTD
BTXN3859268475,RZP5130558073,3635.80,2026-07-14,IMPS/RZP5130558073/RAZORPAY SETTLEMENT
BTXN4780074961,RZP3731502219,11253.72,2026-07-10,NEFT CR-RZP3731502219-RAZORPAY
BTXN5282676313,RZP3183382165,47788.16,2026-07-13,IMPS/RZP3183382165/RAZORPAY SETTLEMENT
BTXN9317187275,RZP2832906827,70257.57,2026-07-12,UPI-RAZORPAY SOFTWARE PVT LTD-RZP2832906827
BTXN3749960383,RZP7050681917,3801.19,2026-07-13,IMPS/RZP7050681917/RAZORPAY SETTLEMENT
BTXN6553755986,RZP3227464625,10946.42,2026-07-08,UPI-RAZORPAY SOFTWARE PVT LTD-RZP3227464625
BTXN9571027439,RZP1315619761,66554.89,2026-07-09,IMPS/RZP1315619761/RAZORPAY SETTLEMENT
BTXN8920368341,RZP5901185070,33157.85,2026-07-09,IMPS/RZP5901185070/RAZORPAY SETTLEMENT
BTXN9950076698,RZP8303476040,8024.26,2026-07-07,UPI-RAZORPAY SETTLEMENT ORDER 746040
BTXN9256720065,RZP8386534826,20572.71,2026-07-02,UPI-RAZORPAY SOFTWARE PVT LTD-RZP8386534826
BTXN5433883446,RZP1538016099,8847.70,2026-07-06,ELECTRICITY BILL AUTOPAY
BTXN2728683349,RZP7372237606,67559.56,2026-07-02,IMPS/RZP7372237606/RAZORPAY SETTLEMENT
BTXN5898455878,RZP9777186310,3732.37,2026-07-01,RTGS-RZP9777186310-RAZORPAY SOFTWARE PVT LTD
BTXN4484322210,RZP2100356167,25202.41,2026-07-06,IMPS/RZP2100356167/RAZORPAY SETTLEMENT
BTXN4449879918,RZP6655802152,6345.26,2026-07-06,IMPS/RZP6655802152/RAZORPAY SETTLEMENT
BTXN9803393159,RZP9165984639,51032.56,2026-07-15,RTGS-RZP9165984639-RAZORPAY SOFTWARE PVT LTD
BTXN3168413772,RZP7818870353,58050.07,2026-07-15,UPI-RAZORPAY SOFTWARE PVT LTD-RZP7818870353
BTXN8511253082,RZP8998147048,19976.14,2026-07-04,IMPS/RZP8998147048/RAZORPAY SETTLEMENT
BTXN1186406600,RZP1811507547,53011.76,2026-07-14,UPI-RAZORPAY SOFTWARE PVT LTD-RZP1811507547
BTXN5365311243,RZP4069161909,43827.16,2026-07-13,IMPS/RZP/611909/PAYOUT
BTXN7954974283,RZP1160385771,16771.58,2026-07-14,NEFT CR-RZP1160385771-RAZORPAY
BTXN6186123241,RZP9594397427,8296.70,2026-07-03,UPI-RAZORPAY SOFTWARE PVT LTD-RZP9594397427
BTXN6587092351,rzp3483852029,54326.74,2026-07-10,NEFT CR RAZORPAY SOFTWARE-852029
BTXN2484140743,RZP5090075,50034.81,2026-07-17,NEFT CR RAZORPAY SOFTWARE-075099
BTXN6349956494,RZP2449001997,66601.86,2026-07-13,RTGS-RZP2449001997-RAZORPAY SOFTWARE PVT LTD
BTXN7545564967,RZP5843721429,1370.41,2026-07-07,RTGS-RZP5843721429-RAZORPAY SOFTWARE PVT LTD
BTXN1603987848,RZP8468120873,13277.77,2026-07-09,AMAZON RETAIL PAYMENT
BTXN1804628684,RZP4016308,47751.65,2026-07-08,UPI-RAZORPAY SETTLEMENT ORDER 308777
BTXN7381555874,RZP9584343419,55141.77,2026-07-06,UPI-RAZORPAY SOFTWARE PVT LTD-RZP9584343419
BTXN3072742714,RZP1370452535,3449.82,2026-07-15,ZOMATO ONLINE ORDER
BTXN9940464731,RZP8759852036,32723.53,2026-07-12,RTGS-RZP8759852036-RAZORPAY SOFTWARE PVT LTD
BTXN8117752389,RZP4958223956,65151.95,2026-07-01,RTGS-RZP4958223956-RAZORPAY SOFTWARE PVT LTD
BTXN4732356431,RZP3403283611,5456.92,2026-07-06,IMPS/RZP3403283611/RAZORPAY SETTLEMENT
BTXN6110646714,RZP9190122806,30642.62,2026-07-12,UPI-RAZORPAY SOFTWARE PVT LTD-RZP9190122806
BTXN8677529892,RZP7701661016,21478.66,2026-07-09,RTGS-RZP7701661016-RAZORPAY SOFTWARE PVT LTD
BTXN2467714967,RZP1463686680,16394.11,2026-07-12,RTGS-RZP1463686680-RAZORPAY SOFTWARE PVT LTD
BTXN7660496928,RZP7534242021,73164.31,2026-07-06,UPI-RAZORPAY SOFTWARE PVT LTD-RZP7534242021
BTXN9988561480,RZP4534607014,44472.23,2026-07-14,IMPS/RZP4534607014/RAZORPAY SETTLEMENT
BTXN6242604762,RZP8103123072,65316.92,2026-07-11,NEFT CR-RZP8103123072-RAZORPAY
BTXN6616713280,RZP4215284742,51889.59,2026-07-04,RTGS-RZP4215284742-RAZORPAY SOFTWARE PVT LTD
BTXN8229166144,RZP3454041932,50010.60,2026-07-05,UPI-RAZORPAY SOFTWARE PVT LTD-RZP3454041932
BTXN8014915880,RZP4561537381,28136.86,2026-07-03,UPI-RAZORPAY SOFTWARE PVT LTD-RZP4561537381
BTXN4263087973,RZP2494905,34547.23,2026-07-05,UPI-RAZORPAY SETTLEMENT ORDER 905482
BTXN9004461080,RZP5057457438,4223.37,2026-07-08,ATM WDL MUM
BTXN3946766309,RZP5140460939,5031.49,2026-07-08,RTGS-RZP5140460939-RAZORPAY SOFTWARE PVT LTD
BTXN7444025793,rzp6489898478,34008.63,2026-07-09,NEFT CR RAZORPAY SOFTWARE-898478
BTXN4987037957,RZP4322233185,29092.71,2026-07-01,UPI-RAZORPAY SOFTWARE PVT LTD-RZP4322233185
BTXN3304560537,RZP7688606771,7227.56,2026-07-07,UPI-RAZORPAY SOFTWARE PVT LTD-RZP7688606771
BTXN5985445431,RZP2850751197,35947.87,2026-07-07,IMPS/RZP2850751197/RAZORPAY SETTLEMENT
BTXN7927992916,RZP1154941132,29420.69,2026-07-02,IMPS/RZP1154941132/RAZORPAY SETTLEMENT
BTXN8981209835,RZP7071307934,16002.32,2026-07-13,NETFLIX SUBSCRIPTION
BTXN2185114766,RZP1129540050,34600.91,2026-07-11,RTGS-RZP1129540050-RAZORPAY SOFTWARE PVT LTD
BTXN5455441991,RZP5230025371,16233.67,2026-07-01,NEFT CR-RZP5230025371-RAZORPAY
BTXN6006121459,RZP6585784329,21144.75,2026-07-03,IMPS/RZP6585784329/RAZORPAY SETTLEMENT
BTXN2251806716,RZP7210845752,48850.53,2026-07-10,NEFT CR RAZORPAY SOFTWARE-845725
BTXN4416041612,RZP8118137854,58525.04,2026-07-12,UPI-RAZORPAY SOFTWARE PVT LTD-RZP8118137854
BTXN5092936968,RZP9894795891,4772.04,2026-07-09,IMPS/RZP9894795891/RAZORPAY SETTLEMENT
BTXN8285343280,RZP3349689476,52277.39,2026-07-13,NEFT CR-RZP3349689476-RAZORPAY
BTXN6866533970,RZP1764066701,15491.91,2026-07-15,IMPS/RZP1764066701/RAZORPAY SETTLEMENT
BTXN8726345349,RZP3613963144,32173.78,2026-07-04,IMPS/RZP3613963144/RAZORPAY SETTLEMENT
BTXN2586712032,RZP1173601852,57229.69,2026-07-04,UPI-RAZORPAY SOFTWARE PVT LTD-RZP1173601852
BTXN8663698501,RZP8515051879,668.86,2026-07-01,IMPS/RZP8515051879/RAZORPAY SETTLEMENT
BTXN8119718074,RZP5716066308,57872.09,2026-07-05,RTGS-RZP5716066308-RAZORPAY SOFTWARE PVT LTD
BTXN7171819313,RZP2211769923,62559.28,2026-07-06,NEFT CR-RZP2211769923-RAZORPAY
BTXN1199373030,RZP6230107836,6786.60,2026-07-07,ATM WDL CHN
BTXN6693766342,RZP5733942414,3341.51,2026-07-13,NEFT CR-RZP5733942414-RAZORPAY
BTXN9601279346,RZP3098584086,32885.08,2026-07-09,RTGS-RZP3098584086-RAZORPAY SOFTWARE PVT LTD
BTXN3474961963,RZP2075321966,7303.85,2026-07-11,UPI-RAZORPAY SOFTWARE PVT LTD-RZP2075321966
BTXN8041246170,RZP1339581951,21429.33,2026-07-02,UPI-RAZORPAY SOFTWARE PVT LTD-RZP1339581951
BTXN1918282009,RZP4998362151,61792.89,2026-07-07,IMPS/RZP4998362151/RAZORPAY SETTLEMENT
BTXN3734812163,RZP5696548897,28755.17,2026-07-09,RTGS-RZP5696548897-RAZORPAY SOFTWARE PVT LTD
BTXN3685585090,RZP7217550774,16987.60,2026-07-15,NEFT CR-RZP7217550774-RAZORPAY
BTXN3528924461,RZP8373547961,8528.55,2026-07-07,UPI-RAZORPAY SOFTWARE PVT LTD-RZP8373547961
BTXN5394771196,RZP5996896017,13303.44,2026-07-13,RTGS-RZP5996896017-RAZORPAY SOFTWARE PVT LTD
BTXN3421739187,rzp2813154635,68038.00,2026-07-10,IMPS/RZP/154635/PAYOUT
BTXN4440983926,RZP1114894901,61145.91,2026-07-09,UPI-RAZORPAY SOFTWARE PVT LTD-RZP1114894901
BTXN1795059757,RZP1910924450,11355.07,2026-07-01,UPI-RAZORPAY SOFTWARE PVT LTD-RZP1910924450
BTXN2345304674,RZP1533960292,38199.88,2026-07-12,IMPS/RZP1533960292/RAZORPAY SETTLEMENT
BTXN1555691138,RZP9460522459,22792.49,2026-07-12,RTGS-RZP9460522459-RAZORPAY SOFTWARE PVT LTD
BTXN7192419593,RZP7847668183,12647.91,2026-07-05,IRCTC TICKET BOOKING
BTXN4422358182,RZP3752718584,42693.61,2026-07-15,RTGS-RZP3752718584-RAZORPAY SOFTWARE PVT LTD
BTXN3046634193,RZP8323599903,8408.36,2026-07-08,SWIGGY ORDER PAYMENT
BTXN3454017128,RZP4707279480,29994.55,2026-07-05,RTGS-RZP4707279480-RAZORPAY SOFTWARE PVT LTD
BTXN1054655025,RZP6788039585,73826.48,2026-07-04,UPI-RAZORPAY SOFTWARE PVT LTD-RZP6788039585
BTXN7944675764,RZP5555672620,42072.48,2026-07-15,RTGS-RZP5555672620-RAZORPAY SOFTWARE PVT LTD
BTXN5655441939,RZP4661549914,72302.12,2026-07-08,UPI-RAZORPAY SOFTWARE PVT LTD-RZP4661549914
BTXN7534376878,RZP2779621437,42013.24,2026-07-13,RTGS-RZP2779621437-RAZORPAY SOFTWARE PVT LTD
BTXN9562190704,RZP1125791798,4063.65,2026-07-01,NEFT CR-RZP1125791798-RAZORPAY
BTXN1162240931,RZP7278829740,26102.50,2026-07-07,NEFT CR-RZP7278829740-RAZORPAY
BTXN9770230531,RZP3463990919,73303.78,2026-07-13,NEFT CR-RZP3463990919-RAZORPAY
BTXN1029045484,RZP7354917980,53520.81,2026-07-12,RTGS-RZP7354917980-RAZORPAY SOFTWARE PVT LTD
BTXN9358480505,RZP8467178415,28108.44,2026-07-11,RTGS-RZP8467178415-RAZORPAY SOFTWARE PVT LTD
BTXN7700772345,RZP7320856459,23040.59,2026-07-13,UPI-RAZORPAY SOFTWARE PVT LTD-RZP7320856459
BTXN8699244299,RZP8441627106,2001.49,2026-07-12,NEFT CR-RZP8441627106-RAZORPAY
BTXN8610525331,RZP8893435687,15064.33,2026-07-09,NEFT CR-RZP8893435687-RAZORPAY
BTXN5897361184,RZP7376992353,5583.67,2026-07-09,NEFT CR-RZP7376992353-RAZORPAY
BTXN3108051856,RZP5384395326,22933.88,2026-07-13,NEFT CR-RZP5384395326-RAZORPAY
BTXN1748640005,RZP8793998005,17399.54,2026-07-10,NEFT CR-RZP8793998005-RAZORPAY
BTXN1441048728,RZP4362655061,34328.72,2026-07-06,NEFT CR-RZP4362655061-RAZORPAY
BTXN1025247551,RZP5537545737,20925.22,2026-07-01,UPI-RAZORPAY SOFTWARE PVT LTD-RZP5537545737
BTXN7145779441,RZP6244141623,67672.02,2026-07-15,NEFT CR-RZP6244141623-RAZORPAY
BTXN9798372109,RZP3284251060,73740.82,2026-07-06,NEFT CR-RZP3284251060-RAZORPAY
BTXN5014410308,RZP5723304144,29107.30,2026-07-02,UPI-RAZORPAY SOFTWARE PVT LTD-RZP5723304144
BTXN3602340319,RZP9250556958,5016.18,2026-07-07,IMPS/RZP9250556958/RAZORPAY SETTLEMENT
BTXN4981874017,RZP9135370659,23156.50,2026-07-03,NEFT CR-RZP9135370659-RAZORPAY
BTXN9934964645,RZP9829614192,48011.23,2026-07-03,RTGS-RZP9829614192-RAZORPAY SOFTWARE PVT LTD
BTXN5831297817,RZP3967274684,42816.01,2026-07-12,UPI-RAZORPAY SOFTWARE PVT LTD-RZP3967274684
BTXN7682169593,RZP5323395110,48091.05,2026-07-05,RTGS-RZP5323395110-RAZORPAY SOFTWARE PVT LTD
BTXN3443063752,RZP9772988674,59904.18,2026-07-09,UPI-RAZORPAY SOFTWARE PVT LTD-RZP9772988674
BTXN1828696697,RZP4408485949,57558.39,2026-07-10,UPI-RAZORPAY SOFTWARE PVT LTD-RZP4408485949
BTXN6739635525,RZP7061713859,52765.60,2026-07-02,UPI-RAZORPAY SOFTWARE PVT LTD-RZP7061713859
BTXN6978711833,RZ7P075214754,71721.80,2026-07-05,IMPS/RZP/214754/PAYOUT
BTXN4531566367,RZP1229352711,50193.42,2026-07-08,UPI-RAZORPAY SOFTWARE PVT LTD-RZP1229352711
BTXN6388500844,RZP2671005087,71031.70,2026-07-15,NEFT CR-RZP2671005087-RAZORPAY
BTXN6150438341,RZP6364252503,57956.29,2026-07-08,NEFT CR-RZP6364252503-RAZORPAY
BTXN9730103138,RZP9300010365,8223.81,2026-07-12,UPI-RAZORPAY SOFTWARE PVT LTD-RZP9300010365
BTXN1202870419,RZP6624693591,8081.55,2026-07-01,IRCTC TICKET BOOKING
BTXN7583090712,RZP4459716271,59818.93,2026-07-10,UPI-RAZORPAY SOFTWARE PVT LTD-RZP4459716271
BTXN6616631340,RZP3011397787,9013.92,2026-07-13,IRCTC TICKET BOOKING
BTXN5048456979,RZP6310010573,40355.86,2026-07-13,NEFT CR-RZP6310010573-RAZORPAY
BTXN1742670892,RZP5176259794,9050.07,2026-07-09,IMPS/RZP5176259794/RAZORPAY SETTLEMENT
BTXN1989633733,RZP6146712641,6938.04,2026-07-04,UPI-RAZORPAY SOFTWARE PVT LTD-RZP6146712641
BTXN6527129795,RZP9200233904,50720.83,2026-07-11,NEFT CR-RZP9200233904-RAZORPAY
BTXN4612117088,RZP1018658620,5518.59,2026-07-03,NEFT CR-RZP1018658620-RAZORPAY
BTXN6026846481,RZP9000704831,26882.01,2026-07-08,UPI-RAZORPAY SOFTWARE PVT LTD-RZP9000704831
BTXN1689212683,RZP5515457407,690.65,2026-07-12,NEFT CR-RZP5515457407-RAZORPAY
BTXN3144706898,RZP2729608727,44813.24,2026-07-12,IMPS/RZP2729608727/RAZORPAY SETTLEMENT
BTXN5781629868,RZP4943401571,24614.71,2026-07-01,IMPS/RZP4943401571/RAZORPAY SETTLEMENT
BTXN9317219061,RZP4633660628,20223.28,2026-07-07,NEFT CR-RZP4633660628-RAZORPAY
BTXN2374937720,RZP8404411718,6281.36,2026-07-01,IRCTC TICKET BOOKING
BTXN3581063480,RZP4093633493,2956.13,2026-07-15,IMPS/RZP4093633493/RAZORPAY SETTLEMENT
BTXN2288844584,RZP8540250413,68512.21,2026-07-07,RTGS-RZP8540250413-RAZORPAY SOFTWARE PVT LTD
BTXN6661112202,RZP2896308983,60879.53,2026-07-12,IMPS/RZP2896308983/RAZORPAY SETTLEMENT
BTXN8332638556,RZP8933945089,14132.73,2026-07-05,IMPS/RZP8933945089/RAZORPAY SETTLEMENT
BTXN8018032769,RZP9054434899,49304.32,2026-07-15,NEFT CR-RZP9054434899-RAZORPAY
BTXN1565710336,RZP7867273057,56334.54,2026-07-16,RTGS-RZP7867273057-RAZORPAY SOFTWARE PVT LTD
BTXN4693210979,RZP3918554632,45397.94,2026-07-11,UPI-RAZORPAY SOFTWARE PVT LTD-RZP3918554632
BTXN7738124846,RZP6540785880,36492.79,2026-07-05,NEFT CR-RZP6540785880-RAZORPAY
BTXN8226786404,RZP8744882085,21000.80,2026-07-13,UPI-RAZORPAY SOFTWARE PVT LTD-RZP8744882085
BTXN6984050212,RZP1652343126,67204.39,2026-07-14,IMPS/RZP1652343126/RAZORPAY SETTLEMENT
BTXN3895042700,RZP2364582405,55116.49,2026-07-04,NEFT CR-RZP2364582405-RAZORPAY
BTXN4134745501,RZP7675956756,4080.94,2026-07-11,UPI-RAZORPAY SOFTWARE PVT LTD-RZP7675956756
BTXN5853303260,RZP2299340645,16291.67,2026-07-04,IRCTC TICKET BOOKING
BTXN2464137110,RZP9984030846,40020.96,2026-07-07,RTGS-RZP9984030846-RAZORPAY SOFTWARE PVT LTD
BTXN2941837800,RZP2305801819,12137.39,2026-07-09,ELECTRICITY BILL AUTOPAY
BTXN4052014028,RZP5814645976,64176.69,2026-07-07,IMPS/RZP5814645976/RAZORPAY SETTLEMENT
BTXN9105456108,rzp3643086249,54304.67,2026-07-17,IMPS/RZP/086249/PAYOUT
BTXN1517376881,RZP3624656441,14555.84,2026-07-14,NEFT CR-RZP3624656441-RAZORPAY
BTXN1515926136,RZP9976597874,12178.92,2026-07-11,RTGS-RZP9976597874-RAZORPAY SOFTWARE PVT LTD
BTXN3508259580,RZP1599190144,70391.55,2026-07-15,RTGS-RZP1599190144-RAZORPAY SOFTWARE PVT LTD
BTXN1087296391,RZP8335804380,41769.67,2026-07-11,NEFT CR-RZP8335804380-RAZORPAY
BTXN9618831173,RZP2533775744,63681.80,2026-07-10,IMPS/RZP2533775744/RAZORPAY SETTLEMENT
BTXN4260282321,RZP4876536412,2208.45,2026-07-12,IRCTC TICKET BOOKING
BTXN8660206297,RZP2959373785,66741.78,2026-07-05,NEFT CR-RZP2959373785-RAZORPAY
BTXN2309263254,RZP1936330742,27201.22,2026-07-04,UPI-RAZORPAY SOFTWARE PVT LTD-RZP1936330742
BTXN3817345493,RZP9703442016,37413.07,2026-07-15,UPI-RAZORPAY SOFTWARE PVT LTD-RZP9703442016
BTXN1018668606,RZP9544733282,3296.10,2026-07-05,IMPS/RZP9544733282/RAZORPAY SETTLEMENT
BTXN8195273324,RZP7451910650,65633.77,2026-07-11,IMPS/RZP7451910650/RAZORPAY SETTLEMENT
BTXN7354545179,RZP7235218683,16877.33,2026-07-15,UPI-RAZORPAY SOFTWARE PVT LTD-RZP7235218683
BTXN5429118587,RZP7217809,18220.56,2026-07-19,UPI-RAZORPAY SETTLEMENT ORDER 809281
BTXN8089046146,RZP5049873,45476.17,2026-07-06,UPI-RAZORPAY SETTLEMENT ORDER 873134
BTXN5782932996,RZP6896819130,12029.38,2026-07-16,UPI-RAZORPAY SOFTWARE PVT LTD-RZP6896819130
BTXN2628858432,RZP1741528090,12989.84,2026-07-02,ZOMATO ONLINE ORDER
BTXN5882476873,rzp1909308096,20027.46,2026-07-06,NEFT CR RAZORPAY SOFTWARE-308096
BTXN3408302622,RZP4847786569,56185.00,2026-07-14,UPI-RAZORPAY SOFTWARE PVT LTD-RZP4847786569
BTXN7930564616,RZP8169652310,40830.53,2026-07-06,RTGS-RZP8169652310-RAZORPAY SOFTWARE PVT LTD
BTXN6041380203,RZP2190701597,57792.62,2026-07-10,IMPS/RZP2190701597/RAZORPAY SETTLEMENT
BTXN6720348784,RZP6201918201,3499.64,2026-07-10,NETFLIX SUBSCRIPTION
BTXN7065217872,RZP9807858188,41105.16,2026-07-09,UPI-RAZORPAY SOFTWARE PVT LTD-RZP9807858188
BTXN1156391160,RZP7245450482,55090.91,2026-07-11,NEFT CR-RZP7245450482-RAZORPAY
BTXN5703121570,RZP9699132534,49722.37,2026-07-09,UPI-RAZORPAY SOFTWARE PVT LTD-RZP9699132534
BTXN9027245812,RZP3053548361,8766.58,2026-07-08,RTGS-RZP3053548361-RAZORPAY SOFTWARE PVT LTD
BTXN9743213197,RZP3925562184,48652.69,2026-07-02,NEFT CR-RZP3925562184-RAZORPAY
BTXN5759163820,RZP6150481898,4298.98,2026-07-07,RTGS-RZP6150481898-RAZORPAY SOFTWARE PVT LTD
BTXN8876514100,RZP8389693983,55114.29,2026-07-07,RTGS-RZP8389693983-RAZORPAY SOFTWARE PVT LTD
BTXN7259307820,RZP9179645299,48289.26,2026-07-03,IMPS/RZP9179645299/RAZORPAY SETTLEMENT
BTXN3376077463,RZP7676965974,69915.82,2026-07-02,NEFT CR-RZP7676965974-RAZORPAY
BTXN6378420609,RZP3004122832,74561.15,2026-07-11,UPI-RAZORPAY SOFTWARE PVT LTD-RZP3004122832
BTXN4619147739,RZP7249674106,15439.01,2026-07-14,AMAZON RETAIL PAYMENT
BTXN8108182561,RZP8530183382,2641.68,2026-07-05,UPI-RAZORPAY SOFTWARE PVT LTD-RZP8530183382
BTXN4914616473,RZP8525393148,14233.83,2026-07-03,RTGS-RZP8525393148-RAZORPAY SOFTWARE PVT LTD
BTXN7305029814,RZP7016703050,29538.04,2026-07-09,RTGS-RZP7016703050-RAZORPAY SOFTWARE PVT LTD
BTXN5867273849,RZP8528799072,48504.09,2026-07-04,IMPS/RZP8528799072/RAZORPAY SETTLEMENT
BTXN1894185968,RZP4007236112,25152.48,2026-07-06,RTGS-RZP4007236112-RAZORPAY SOFTWARE PVT LTD
BTXN6605950149,RZP5069522255,13364.44,2026-07-02,NEFT CR-RZP5069522255-RAZORPAY
BTXN8006606505,RZP4249864004,22658.01,2026-07-14,NEFT CR-RZP4249864004-RAZORPAY
BTXN6846065645,RZP2397405937,24215.32,2026-07-16,RTGS-RZP2397405937-RAZORPAY SOFTWARE PVT LTD
BTXN9844103660,RZP1842886615,73707.00,2026-07-01,IMPS/RZP1842886615/RAZORPAY SETTLEMENT
BTXN3107112281,RZP8099229666,15279.78,2026-07-08,UPI-RAZORPAY SOFTWARE PVT LTD-RZP8099229666
BTXN1273170424,RZP3805975141,20393.29,2026-07-19,UPI-RAZORPAY SETTLEMENT ORDER 975141
BTXN2116592859,RZP9626401134,18087.96,2026-07-18,IMPS/RZP/401134/PAYOUT
BTXN9682029345,rzp1020631509,60930.04,2026-07-05,IMPS/RZP/631509/PAYOUT
BTXN5693990003,RZP6441919715,19198.02,2026-07-14,NEFT CR-RZP6441919715-RAZORPAY
BTXN7994062039,RZP6861171028,44646.17,2026-07-16,NEFT CR-RZP6861171028-RAZORPAY
BTXN8247054708,RZP5389271768,5981.41,2026-07-11,UPI-RAZORPAY SOFTWARE PVT LTD-RZP5389271768
BTXN2583743454,RZP9065491032,40380.98,2026-07-03,RTGS-RZP9065491032-RAZORPAY SOFTWARE PVT LTD
BTXN5102847233,RZP5964282695,31661.45,2026-07-11,IMPS/RZP/282695/PAYOUT
BTXN7706567268,rzp4991398470,13409.72,2026-07-07,NEFT CR RAZORPAY SOFTWARE-398470
BTXN6520587804,RZP9045252906,13637.78,2026-07-13,UPI-RAZORPAY SOFTWARE PVT LTD-RZP9045252906
BTXN8790059295,RZP9786854538,33833.87,2026-07-13,UPI-RAZORPAY SOFTWARE PVT LTD-RZP9786854538
BTXN9292332680,RZP8269166804,65406.19,2026-07-07,RTGS-RZP8269166804-RAZORPAY SOFTWARE PVT LTD
BTXN5564618134,RZP8230710707,21467.96,2026-07-03,UPI-RAZORPAY SOFTWARE PVT LTD-RZP8230710707
BTXN2489321225,RZP5105807576,51451.29,2026-07-07,UPI-RAZORPAY SOFTWARE PVT LTD-RZP5105807576
BTXN6856674089,RZP6561692070,52468.08,2026-07-05,UPI-RAZORPAY SOFTWARE PVT LTD-RZP6561692070
BTXN5774643348,RZP2791260069,33784.38,2026-07-05,UPI-RAZORPAY SOFTWARE PVT LTD-RZP2791260069
BTXN9860620676,RZP5728943081,65653.73,2026-07-09,RTGS-RZP5728943081-RAZORPAY SOFTWARE PVT LTD
BTXN8331976865,RZP3896792711,48984.65,2026-07-06,NEFT CR-RZP3896792711-RAZORPAY
BTXN4839750884,RZP7244670452,57746.57,2026-07-03,IMPS/RZP7244670452/RAZORPAY SETTLEMENT
BTXN2679397047,RZP8492914483,35818.40,2026-07-03,UPI-RAZORPAY SOFTWARE PVT LTD-RZP8492914483
BTXN8521796268,RZP7353332692,13642.56,2026-07-08,SALARY CREDIT XYZ CORP
BTXN7782026980,RZP9496893093,22082.42,2026-07-02,RTGS-RZP9496893093-RAZORPAY SOFTWARE PVT LTD
BTXN1026333597,RZP8258568023,19454.11,2026-07-02,IMPS/RZP8258568023/RAZORPAY SETTLEMENT
BTXN5057237212,RZP6942685114,47018.45,2026-07-07,UPI-RAZORPAY SOFTWARE PVT LTD-RZP6942685114
BTXN7441728825,RZP5165158981,28793.23,2026-07-13,IMPS/RZP5165158981/RAZORPAY SETTLEMENT
BTXN4025253362,RZP4012419787,52028.33,2026-07-01,NEFT CR-RZP4012419787-RAZORPAY
BTXN8352090029,RZP2986773900,11579.82,2026-07-05,NEFT CR-RZP2986773900-RAZORPAY
BTXN7372285827,RZP5619848573,9696.45,2026-07-12,NEFT CR-RZP5619848573-RAZORPAY
BTXN8243013336,RZP4374454221,39407.92,2026-07-15,RTGS-RZP4374454221-RAZORPAY SOFTWARE PVT LTD
BTXN3420975571,RZP8584203800,40509.74,2026-07-11,RTGS-RZP8584203800-RAZORPAY SOFTWARE PVT LTD
BTXN3220788060,RZP9670609574,53712.27,2026-07-11,IMPS/RZP/609574/PAYOUT
BTXN2902768832,RZP4710707285,4663.38,2026-07-07,ATM WDL DEL
BTXN9188155931,RZP2390578302,28080.06,2026-07-11,NEFT CR-RZP2390578302-RAZORPAY
BTXN4709345796,RZP7426700013,2043.74,2026-07-15,NETFLIX SUBSCRIPTION
BTXN5160172369,RZP9620185445,41644.92,2026-07-15,RTGS-RZP9620185445-RAZORPAY SOFTWARE PVT LTD
BTXN3947313852,RZP8097945598,6204.73,2026-07-12,RTGS-RZP8097945598-RAZORPAY SOFTWARE PVT LTD
BTXN6327433872,RZP4067844091,47063.76,2026-07-01,RTGS-RZP4067844091-RAZORPAY SOFTWARE PVT LTD
BTXN2249440068,RZP8649965624,54348.48,2026-07-12,RTGS-RZP8649965624-RAZORPAY SOFTWARE PVT LTD
BTXN2740222969,RZP4818528274,43295.22,2026-07-05,RTGS-RZP4818528274-RAZORPAY SOFTWARE PVT LTD
BTXN8751796907,RZP4789795295,24216.39,2026-07-11,IMPS/RZP4789795295/RAZORPAY SETTLEMENT
BTXN5567946981,RZP6043349038,4403.73,2026-07-12,RTGS-RZP6043349038-RAZORPAY SOFTWARE PVT LTD
BTXN9619926628,RZP6232379249,19195.76,2026-07-06,NEFT CR-RZP6232379249-RAZORPAY
BTXN3830233903,RZP6210267808,16374.05,2026-07-14,RTGS-RZP6210267808-RAZORPAY SOFTWARE PVT LTD
BTXN1172893522,RZP4242550727,15329.81,2026-07-09,RTGS-RZP4242550727-RAZORPAY SOFTWARE PVT LTD
BTXN6097146801,RZP5864913957,66147.87,2026-07-13,IMPS/RZP5864913957/RAZORPAY SETTLEMENT
BTXN4844574882,RZP3136844280,60452.12,2026-07-03,IMPS/RZP3136844280/RAZORPAY SETTLEMENT
BTXN3981789282,RZP7441085761,6845.38,2026-07-06,IMPS/RZP7441085761/RAZORPAY SETTLEMENT
BTXN1304334002,RZP4649702189,3637.08,2026-07-15,ELECTRICITY BILL AUTOPAY
BTXN7092855324,RZP7570119545,55188.66,2026-07-12,IMPS/RZP7570119545/RAZORPAY SETTLEMENT
BTXN3569843345,RZP4303243018,7987.83,2026-07-09,AMAZON RETAIL PAYMENT
BTXN7565604764,RZP2610051378,32696.06,2026-07-10,IMPS/RZP/051378/PAYOUT
BTXN9277829914,RZP4746733942,4572.43,2026-07-08,IMPS/RZP4746733942/RAZORPAY SETTLEMENT
BTXN3757092338,RZP4466709887,54429.10,2026-07-11,RTGS-RZP4466709887-RAZORPAY SOFTWARE PVT LTD
BTXN1583683437,RZP1254209906,38618.49,2026-07-13,IMPS/RZP1254209906/RAZORPAY SETTLEMENT
BTXN4556233581,RZP3124349964,3811.56,2026-07-13,SALARY CREDIT XYZ CORP
BTXN4023445846,RPZ4533237956,26049.36,2026-07-09,NEFT CR RAZORPAY SOFTWARE-237956
BTXN8149239656,RZP7372127982,19285.77,2026-07-10,IRCTC TICKET BOOKING
BTXN6109255798,RZP4714448882,25296.54,2026-07-09,NEFT CR-RZP4714448882-RAZORPAY
BTXN4752749869,RZP2495966316,11377.45,2026-07-02,RTGS-RZP2495966316-RAZORPAY SOFTWARE PVT LTD
BTXN3761961847,RZP4988375033,56858.57,2026-07-08,RTGS-RZP4988375033-RAZORPAY SOFTWARE PVT LTD
BTXN7753327998,RZP8222947656,8746.57,2026-07-12,AMAZON RETAIL PAYMENT
BTXN5923576224,rzp1800625357,3464.52,2026-07-15,NEFT CR RAZORPAY SOFTWARE-625357
BTXN9675904954,rzp2358097066,15487.07,2026-07-11,NEFT CR RAZORPAY SOFTWARE-097066
BTXN8834402141,RZP8500915689,28964.48,2026-07-07,NEFT CR-RZP8500915689-RAZORPAY
BTXN3125978974,RZP4846835600,40830.34,2026-07-01,NEFT CR-RZP4846835600-RAZORPAY
BTXN5172886971,RZP8615610670,42290.28,2026-07-09,UPI-RAZORPAY SOFTWARE PVT LTD-RZP8615610670
BTXN7275529188,RZP8866009894,1743.79,2026-07-04,RTGS-RZP8866009894-RAZORPAY SOFTWARE PVT LTD
BTXN9313644461,RZP7941228499,6636.21,2026-07-13,RTGS-RZP7941228499-RAZORPAY SOFTWARE PVT LTD
BTXN8555878639,RZP8038103904,65395.97,2026-07-08,UPI-RAZORPAY SOFTWARE PVT LTD-RZP8038103904
BTXN3419394235,RZP4858824552,28768.58,2026-07-15,RTGS-RZP4858824552-RAZORPAY SOFTWARE PVT LTD
BTXN7584570593,RZP9897374538,17731.50,2026-07-15,IRCTC TICKET BOOKING
BTXN2065354117,RZP5667503195,50359.56,2026-07-03,NEFT CR-RZP5667503195-RAZORPAY
BTXN2204127801,RZP1384106725,32899.56,2026-07-12,UPI-RAZORPAY SOFTWARE PVT LTD-RZP1384106725
BTXN8334368351,RZP3597260296,60354.63,2026-07-13,UPI-RAZORPAY SETTLEMENT ORDER 260926
BTXN9049012072,RZP5732138,26650.10,2026-07-06,NEFT CR RAZORPAY SOFTWARE-138877
BTXN8215783718,RZP4593470531,15939.68,2026-07-14,SALARY CREDIT XYZ CORP
BTXN2279670690,RZP4265268036,20582.89,2026-07-13,IMPS/RZP4265268036/RAZORPAY SETTLEMENT
BTXN5092208762,RZP3347424103,5703.10,2026-07-10,UPI-RAZORPAY SETTLEMENT ORDER 724103
BTXN7197981591,RZP3606735113,69341.94,2026-07-06,UPI-RAZORPAY SOFTWARE PVT LTD-RZP3606735113
BTXN7801180691,RZP9704383251,35856.97,2026-07-11,NEFT CR-RZP9704383251-RAZORPAY
BTXN5666928358,RZP6821910354,52692.50,2026-07-09,UPI-RAZORPAY SOFTWARE PVT LTD-RZP6821910354
BTXN8019198243,RZP7465682673,19208.53,2026-07-15,UPI-RAZORPAY SOFTWARE PVT LTD-RZP7465682673
BTXN3204924481,RZP4119821134,20759.98,2026-07-13,RTGS-RZP4119821134-RAZORPAY SOFTWARE PVT LTD
BTXN4606264829,RZP7308862328,49229.43,2026-07-09,UPI-RAZORPAY SOFTWARE PVT LTD-RZP7308862328
BTXN6969075039,rzp3435707682,53025.94,2026-07-12,NEFT CR RAZORPAY SOFTWARE-707682
BTXN9037684241,RZP6146514431,28624.16,2026-07-11,NEFT CR-RZP6146514431-RAZORPAY
BTXN8193703733,RZP1691660882,35467.68,2026-07-13,RTGS-RZP1691660882-RAZORPAY SOFTWARE PVT LTD
BTXN7713898959,RZP3480653221,64034.46,2026-07-14,RTGS-RZP3480653221-RAZORPAY SOFTWARE PVT LTD
BTXN5682484056,RZP9349262040,20306.49,2026-07-08,IMPS/RZP9349262040/RAZORPAY SETTLEMENT
BTXN7964912846,RZP7515638892,16532.50,2026-07-10,NEFT CR-RZP7515638892-RAZORPAY
BTXN9290597522,RZP9758687253,55253.94,2026-07-10,UPI-RAZORPAY SOFTWARE PVT LTD-RZP9758687253
BTXN4037213055,rzp1152529779,39226.96,2026-07-06,IMPS/RZP/529779/PAYOUT
BTXN7493985530,RZP7196428511,59582.32,2026-07-03,IMPS/RZP7196428511/RAZORPAY SETTLEMENT
BTXN4639885721,RZP7743008379,3412.49,2026-07-09,IMPS/RZP7743008379/RAZORPAY SETTLEMENT
BTXN6034711569,RZP3590814341,7753.45,2026-07-02,RTGS-RZP3590814341-RAZORPAY SOFTWARE PVT LTD
BTXN5898871428,RZP4282716970,56526.43,2026-07-05,IMPS/RZP4282716970/RAZORPAY SETTLEMENT
BTXN4796585489,RZP1842087750,68451.78,2026-07-08,IMPS/RZP1842087750/RAZORPAY SETTLEMENT
BTXN8058679999,RZP4788308237,33272.45,2026-07-04,UPI-RAZORPAY SOFTWARE PVT LTD-RZP4788308237
BTXN2663349795,RZP2304704,63172.07,2026-07-16,UPI-RAZORPAY SETTLEMENT ORDER 704031
BTXN3070923700,RZP4590423490,16086.46,2026-07-01,RTGS-RZP4590423490-RAZORPAY SOFTWARE PVT LTD
BTXN4072233211,RZP3156709212,39933.27,2026-07-17,UPI-RAZORPAY SETTLEMENT ORDER 709122
BTXN6577349701,RZP3469954227,49121.72,2026-07-02,IMPS/RZP3469954227/RAZORPAY SETTLEMENT
BTXN7667810623,RZP2742618570,56891.51,2026-07-05,RTGS-RZP2742618570-RAZORPAY SOFTWARE PVT LTD
BTXN3381395514,RZP3592027247,74801.97,2026-07-15,IMPS/RZP3592027247/RAZORPAY SETTLEMENT
BTXN4512843366,RZP5786763432,14082.95,2026-07-02,NEFT CR-RZP5786763432-RAZORPAY
BTXN9128109021,RZP8212634244,24612.62,2026-07-04,NEFT CR-RZP8212634244-RAZORPAY
BTXN7514188954,RZP9180203758,13179.99,2026-07-05,RTGS-RZP9180203758-RAZORPAY SOFTWARE PVT LTD
BTXN1144613537,RZP5164141218,24229.26,2026-07-14,NEFT CR-RZP5164141218-RAZORPAY
BTXN2641495985,RZP5520310548,48713.00,2026-07-15,NEFT CR-RZP5520310548-RAZORPAY
BTXN1171772385,RZP9591295473,5861.90,2026-07-09,ELECTRICITY BILL AUTOPAY
BTXN6771394050,RZP3971203213,23312.35,2026-07-10,IMPS/RZP3971203213/RAZORPAY SETTLEMENT
BTXN9269565014,RZP2917158572,28242.04,2026-07-10,NEFT CR-RZP2917158572-RAZORPAY
BTXN4073965834,RZP6501575683,68592.80,2026-07-14,RTGS-RZP6501575683-RAZORPAY SOFTWARE PVT LTD
BTXN3523594849,RZP9169271401,11247.18,2026-07-15,IRCTC TICKET BOOKING
BTXN6887457471,RZP4926398275,29277.66,2026-07-07,IMPS/RZP4926398275/RAZORPAY SETTLEMENT
BTXN3944160184,RZP8692551359,31843.59,2026-07-06,IMPS/RZP8692551359/RAZORPAY SETTLEMENT
BTXN2870501627,rzp2953760363,38501.79,2026-07-09,IMPS/RZP/760363/PAYOUT
BTXN7106973093,RZP5026632063,72378.33,2026-07-08,RTGS-RZP5026632063-RAZORPAY SOFTWARE PVT LTD
BTXN7438628899,RZP5188484316,25728.06,2026-07-10,RTGS-RZP5188484316-RAZORPAY SOFTWARE PVT LTD
BTXN8676809029,RZP9534780292,48540.93,2026-07-09,UPI-RAZORPAY SOFTWARE PVT LTD-RZP9534780292
BTXN2903692434,RZP3660296720,8637.13,2026-07-02,NEFT CR-RZP3660296720-RAZORPAY
BTXN9526141003,RZP1173266884,18536.46,2026-07-15,UPI-RAZORPAY SOFTWARE PVT LTD-RZP1173266884
BTXN8583709744,RZP9981412922,2836.46,2026-07-05,NETFLIX SUBSCRIPTION
BTXN4043695358,RZP2721886916,3366.25,2026-07-10,NEFT CR-RZP2721886916-RAZORPAY
BTXN9479096235,RZP5707352871,54850.23,2026-07-08,RTGS-RZP5707352871-RAZORPAY SOFTWARE PVT LTD
BTXN7962017083,RZP2014128816,56150.70,2026-07-11,NEFT CR-RZP2014128816-RAZORPAY
BTXN4088457355,RZP3876943964,23741.29,2026-07-14,RTGS-RZP3876943964-RAZORPAY SOFTWARE PVT LTD
BTXN2901504456,RZP5250145142,8487.23,2026-07-09,UPI-RAZORPAY SOFTWARE PVT LTD-RZP5250145142
BTXN8547905075,RZP1416412083,34878.69,2026-07-04,IMPS/RZP1416412083/RAZORPAY SETTLEMENT
BTXN3829915449,RZP7927950813,24533.70,2026-07-11,IMPS/RZP7927950813/RAZORPAY SETTLEMENT
BTXN5567782929,RZP6026571706,38189.89,2026-07-15,NEFT CR-RZP6026571706-RAZORPAY
BTXN8610268924,RZP5604426184,19858.76,2026-07-06,ZOMATO ONLINE ORDER
BTXN1654321163,RZP1522240599,45655.25,2026-07-09,UPI-RAZORPAY SOFTWARE PVT LTD-RZP1522240599
BTXN2829056890,RZP7059050795,39905.65,2026-07-09,IMPS/RZP7059050795/RAZORPAY SETTLEMENT
BTXN6501555716,RZP1848314813,17875.01,2026-07-13,NEFT CR-RZP1848314813-RAZORPAY
BTXN6511295124,RZP7418981351,36266.64,2026-07-15,IMPS/RZP7418981351/RAZORPAY SETTLEMENT
BTXN5599949190,rzp6609316450,48505.40,2026-07-11,UPI-RAZORPAY SETTLEMENT ORDER 316450
BTXN8241501235,RZP5055990915,37868.88,2026-07-12,UPI-RAZORPAY SOFTWARE PVT LTD-RZP5055990915
BTXN9204785357,RZP5128043220,34166.63,2026-07-13,UPI-RAZORPAY SOFTWARE PVT LTD-RZP5128043220
BTXN9657680328,RZP7474231449,74492.69,2026-07-10,UPI-RAZORPAY SOFTWARE PVT LTD-RZP7474231449
BTXN9388140708,RZP9644330231,10722.28,2026-07-01,NEFT CR-RZP9644330231-RAZORPAY
BTXN2573894655,RZP6171196416,72978.62,2026-07-13,UPI-RAZORPAY SOFTWARE PVT LTD-RZP6171196416
BTXN5297778886,RZP4220213945,59394.34,2026-07-09,IMPS/RZP4220213945/RAZORPAY SETTLEMENT
BTXN3057538382,RZP6840643166,36920.73,2026-07-04,NEFT CR-RZP6840643166-RAZORPAY
BTXN7399912515,RZP3070798449,8428.06,2026-07-02,RTGS-RZP3070798449-RAZORPAY SOFTWARE PVT LTD
BTXN8561431302,RZP1889347996,74232.08,2026-07-12,IMPS/RZP1889347996/RAZORPAY SETTLEMENT
BTXN2891673334,RZP9841554539,70443.15,2026-07-05,IMPS/RZP9841554539/RAZORPAY SETTLEMENT
BTXN8728010542,RZP6672357218,53499.91,2026-07-13,UPI-RAZORPAY SOFTWARE PVT LTD-RZP6672357218
BTXN3786787479,RZP7685653955,49324.37,2026-07-14,NEFT CR-RZP7685653955-RAZORPAY
BTXN6334676619,RZP8823646146,27818.16,2026-07-14,IMPS/RZP8823646146/RAZORPAY SETTLEMENT
BTXN1013372312,RZP6590312708,53720.51,2026-07-09,NEFT CR-RZP6590312708-RAZORPAY
BTXN9502366284,RZP9056076201,18982.79,2026-07-04,RTGS-RZP9056076201-RAZORPAY SOFTWARE PVT LTD
BTXN2462185567,RZP4527947584,67540.01,2026-07-07,NEFT CR-RZP4527947584-RAZORPAY
BTXN7209886874,RZP9643085877,35767.56,2026-07-12,RTGS-RZP9643085877-RAZORPAY SOFTWARE PVT LTD
BTXN8914965741,RZP5381866906,61395.25,2026-07-05,IMPS/RZP5381866906/RAZORPAY SETTLEMENT
BTXN2355590047,RZP4579402178,33674.47,2026-07-10,UPI-RAZORPAY SOFTWARE PVT LTD-RZP4579402178
BTXN3321962662,RZP3024328956,37818.24,2026-07-02,RTGS-RZP3024328956-RAZORPAY SOFTWARE PVT LTD
BTXN2286381646,RZP1996714127,28718.17,2026-07-03,NEFT CR-RZP1996714127-RAZORPAY
BTXN7301773105,RZP5402436770,65472.89,2026-07-01,RTGS-RZP5402436770-RAZORPAY SOFTWARE PVT LTD
BTXN6881718021,RZP2050941765,6388.10,2026-07-14,IMPS/RZP2050941765/RAZORPAY SETTLEMENT
BTXN5173010454,RZP2526788512,54920.51,2026-07-05,NEFT CR-RZP2526788512-RAZORPAY
BTXN7648652474,RZP2679603225,39824.41,2026-07-05,IMPS/RZP2679603225/RAZORPAY SETTLEMENT
BTXN6086704432,RZP6214542551,1487.33,2026-07-13,IRCTC TICKET BOOKING
BTXN8606848744,RZP3352406322,55626.01,2026-07-13,IMPS/RZP3352406322/RAZORPAY SETTLEMENT
BTXN2891571587,RZP1956487847,31781.27,2026-07-02,UPI-RAZORPAY SOFTWARE PVT LTD-RZP1956487847
BTXN2487241262,RZP7674997006,13237.20,2026-07-10,IMPS/RZP7674997006/RAZORPAY SETTLEMENT
BTXN4592356998,RZP8596610995,68449.00,2026-07-08,RTGS-RZP8596610995-RAZORPAY SOFTWARE PVT LTD
BTXN2894923420,RZP3345145183,48051.30,2026-07-07,NEFT CR RAZORPAY SOFTWARE-141583
BTXN8127985586,RZP1991838864,12198.75,2026-07-08,UPI-RAZORPAY SOFTWARE PVT LTD-RZP1991838864
BTXN8109889986,RZP7444206363,10150.03,2026-07-03,NEFT CR-RZP7444206363-RAZORPAY
BTXN6727794924,RZP6380161587,7674.59,2026-07-14,AMAZON RETAIL PAYMENT
BTXN9465358708,RZP3736227300,19070.69,2026-07-09,ZOMATO ONLINE ORDER
BTXN1303727064,RZP3840412106,64041.58,2026-07-14,IMPS/RZP3840412106/RAZORPAY SETTLEMENT
BTXN8105100406,RZP1304307434,15738.13,2026-07-12,IRCTC TICKET BOOKING
BTXN9263581867,RZP9923724522,73815.10,2026-07-11,NEFT CR RAZORPAY SOFTWARE-724522
BTXN6687944150,RZP6566504900,29174.38,2026-07-09,IMPS/RZP6566504900/RAZORPAY SETTLEMENT
BTXN5855091639,RZP7009686555,53610.33,2026-07-06,NEFT CR-RZP7009686555-RAZORPAY
BTXN8210176888,RZP6585609060,5041.34,2026-07-10,NEFT CR-RZP6585609060-RAZORPAY
BTXN7016632216,RZP9695032653,71758.46,2026-07-15,IMPS/RZP9695032653/RAZORPAY SETTLEMENT
BTXN7323166785,RZP8485331263,15039.57,2026-07-11,SALARY CREDIT XYZ CORP
BTXN3481742251,RZP5458346881,22426.18,2026-07-12,RTGS-RZP5458346881-RAZORPAY SOFTWARE PVT LTD
BTXN1828289951,RZP3851894234,7389.39,2026-07-04,RTGS-RZP3851894234-RAZORPAY SOFTWARE PVT LTD
BTXN3111351481,RZP7317953949,19742.35,2026-07-10,ELECTRICITY BILL AUTOPAY
BTXN2093337078,RZP6037776655,70722.53,2026-07-08,IMPS/RZP6037776655/RAZORPAY SETTLEMENT
BTXN2295324021,RZP8458824572,37438.23,2026-07-03,IMPS/RZP8458824572/RAZORPAY SETTLEMENT
BTXN4757891328,RPZ6927755019,73569.79,2026-07-09,IMPS/RZP/755019/PAYOUT
BTXN3689157547,rzp8703361611,59026.14,2026-07-06,UPI-RAZORPAY SETTLEMENT ORDER 361611
BTXN2700186847,RZP8488903450,6976.59,2026-07-01,RTGS-RZP8488903450-RAZORPAY SOFTWARE PVT LTD
BTXN1312606333,RZP9987064419,54481.56,2026-07-04,UPI-RAZORPAY SOFTWARE PVT LTD-RZP9987064419
BTXN7807483768,RZP4877658273,53193.15,2026-07-12,RTGS-RZP4877658273-RAZORPAY SOFTWARE PVT LTD
BTXN2811626619,RZP2993144653,57749.52,2026-07-07,NEFT CR-RZP2993144653-RAZORPAY
BTXN6583604299,RZP6053489772,37720.04,2026-07-15,IMPS/RZP6053489772/RAZORPAY SETTLEMENT
BTXN8546174134,RZP3979487804,34639.03,2026-07-12,RTGS-RZP3979487804-RAZORPAY SOFTWARE PVT LTD
BTXN4084671203,rzp9263416545,10102.76,2026-07-09,NEFT CR RAZORPAY SOFTWARE-416545
BTXN6888377015,rzp3544653158,3443.87,2026-07-10,UPI-RAZORPAY SETTLEMENT ORDER 653158
BTXN3891055285,RZP5578602607,73058.39,2026-07-06,NEFT CR-RZP5578602607-RAZORPAY
BTXN3045347041,RZP2411844389,24137.72,2026-07-10,RTGS-RZP2411844389-RAZORPAY SOFTWARE PVT LTD
BTXN7942827102,RZP1303220952,48403.82,2026-07-06,RTGS-RZP1303220952-RAZORPAY SOFTWARE PVT LTD
BTXN4140659793,RZP9895675097,45387.01,2026-07-09,IMPS/RZP9895675097/RAZORPAY SETTLEMENT
BTXN9358007444,RZP3227343782,2021.46,2026-07-09,UPI-RAZORPAY SOFTWARE PVT LTD-RZP3227343782
BTXN6505350387,RZP4872405446,37140.63,2026-07-02,NEFT CR-RZP4872405446-RAZORPAY
BTXN2851467866,RZP3825767452,22131.51,2026-07-06,RTGS-RZP3825767452-RAZORPAY SOFTWARE PVT LTD
BTXN2739605149,RZP7435373966,11569.09,2026-07-05,ZOMATO ONLINE ORDER
BTXN3296695786,RZP7664458838,11045.53,2026-07-15,NEFT CR-RZP7664458838-RAZORPAY
BTXN8008851808,RZP7022116624,18248.29,2026-07-11,NEFT CR-RZP7022116624-RAZORPAY
BTXN7573020806,RZP6236629334,20711.50,2026-07-14,IMPS/RZP6236629334/RAZORPAY SETTLEMENT
BTXN1774115211,RZP5316097957,13500.62,2026-07-04,RTGS-RZP5316097957-RAZORPAY SOFTWARE PVT LTD
BTXN9693981830,RZP6421925348,12431.23,2026-07-12,RTGS-RZP6421925348-RAZORPAY SOFTWARE PVT LTD
BTXN5676763614,RZP7584358217,61102.55,2026-07-16,NEFT CR-RZP7584358217-RAZORPAY
BTXN2654379043,RZP3880570732,8890.89,2026-07-07,SALARY CREDIT XYZ CORP
BTXN9455416021,RZP7714263988,57320.80,2026-07-01,RTGS-RZP7714263988-RAZORPAY SOFTWARE PVT LTD
BTXN2570712518,RZP5676010515,6855.98,2026-07-09,ATM WDL CHN
BTXN7826105737,RZP2242507300,9939.70,2026-07-04,IMPS/RZP2242507300/RAZORPAY SETTLEMENT
BTXN7235355257,rzp6817921678,62390.94,2026-07-11,IMPS/RZP/921678/PAYOUT
BTXN6393768156,RZP5902556142,28068.28,2026-07-09,NEFT CR-RZP5902556142-RAZORPAY
BTXN1628537791,RZP7746809896,59560.39,2026-07-07,RTGS-RZP7746809896-RAZORPAY SOFTWARE PVT LTD
BTXN2634361278,RZP8585567525,65810.39,2026-07-05,RTGS-RZP8585567525-RAZORPAY SOFTWARE PVT LTD
BTXN2419312064,RZP1753522118,61807.96,2026-07-08,IMPS/RZP1753522118/RAZORPAY SETTLEMENT
BTXN9624563057,RZP1334744286,44729.12,2026-07-09,RTGS-RZP1334744286-RAZORPAY SOFTWARE PVT LTD
BTXN8851959614,RZP5496980355,19383.19,2026-07-04,UPI-RAZORPAY SOFTWARE PVT LTD-RZP5496980355
BTXN3928446954,rzp1109562211,13827.50,2026-07-20,UPI-RAZORPAY SETTLEMENT ORDER 562211
BTXN8359880081,RZP6927479280,46139.13,2026-07-03,RTGS-RZP6927479280-RAZORPAY SOFTWARE PVT LTD
BTXN5534783423,RZP5794660682,58367.99,2026-07-15,IMPS/RZP5794660682/RAZORPAY SETTLEMENT
BTXN6921525436,RZP5501759051,33147.40,2026-07-07,NEFT CR-RZP5501759051-RAZORPAY
BTXN4439427565,RZP4650013087,25123.43,2026-07-02,NEFT CR-RZP4650013087-RAZORPAY
BTXN8105372696,RZP2981675903,46342.53,2026-07-02,NEFT CR-RZP2981675903-RAZORPAY
BTXN9163368265,RZP8952403751,12072.26,2026-07-05,RTGS-RZP8952403751-RAZORPAY SOFTWARE PVT LTD
BTXN9760047394,RZP9357475916,55574.54,2026-07-06,NEFT CR-RZP9357475916-RAZORPAY
BTXN4216389667,RZP9067094482,13226.97,2026-07-04,ATM WDL HYD
BTXN1861379367,RZP2342094845,43528.21,2026-07-05,NEFT CR-RZP2342094845-RAZORPAY
BTXN4922193193,RZP9687514170,45300.02,2026-07-13,RTGS-RZP9687514170-RAZORPAY SOFTWARE PVT LTD
BTXN6166847778,RZP7791145117,48038.87,2026-07-13,UPI-RAZORPAY SOFTWARE PVT LTD-RZP7791145117
BTXN4281180441,RZP4994713549,49450.83,2026-07-13,UPI-RAZORPAY SOFTWARE PVT LTD-RZP4994713549
BTXN5364729182,rzp1186191881,32860.44,2026-07-15,NEFT CR RAZORPAY SOFTWARE-191881
BTXN6684543867,RZP7014506186,51819.34,2026-07-06,UPI-RAZORPAY SOFTWARE PVT LTD-RZP7014506186
BTXN1430065281,RZP1014186105,9818.78,2026-07-02,IMPS/RZP1014186105/RAZORPAY SETTLEMENT
BTXN7640556632,RZP6125551262,39197.12,2026-07-07,NEFT CR-RZP6125551262-RAZORPAY
BTXN5496651691,RZP4466010948,22754.15,2026-07-10,IMPS/RZP4466010948/RAZORPAY SETTLEMENT
BTXN8531400860,RZP3641956433,60648.02,2026-07-04,RTGS-RZP3641956433-RAZORPAY SOFTWARE PVT LTD
BTXN4602737793,RZP5753990,20282.38,2026-07-08,UPI-RAZORPAY SETTLEMENT ORDER 990519
BTXN6722568528,RZP9886665402,32590.80,2026-07-02,UPI-RAZORPAY SOFTWARE PVT LTD-RZP9886665402
BTXN2199653373,RZP8774550979,25396.98,2026-07-10,RTGS-RZP8774550979-RAZORPAY SOFTWARE PVT LTD
BTXN5964367856,RZP4831154095,45450.42,2026-07-01,NEFT CR-RZP4831154095-RAZORPAY
BTXN8185384294,RZP6195400294,59927.57,2026-07-14,UPI-RAZORPAY SOFTWARE PVT LTD-RZP6195400294
BTXN2668026500,RZP4646995305,18372.13,2026-07-06,NEFT CR-RZP4646995305-RAZORPAY
BTXN5428082088,RZP9108603060,12487.38,2026-07-02,UPI-RAZORPAY SOFTWARE PVT LTD-RZP9108603060
BTXN2461909037,RZP5108936996,14052.88,2026-07-04,AMAZON RETAIL PAYMENT
BTXN6411252253,RZP6184633422,23921.91,2026-07-07,NEFT CR-RZP6184633422-RAZORPAY
BTXN7129953363,RZP2454685747,63440.66,2026-07-10,RTGS-RZP2454685747-RAZORPAY SOFTWARE PVT LTD
BTXN1534774753,RZP9566600330,20655.68,2026-07-07,RTGS-RZP9566600330-RAZORPAY SOFTWARE PVT LTD
BTXN6101265620,rzp2497433291,14899.62,2026-07-15,NEFT CR RAZORPAY SOFTWARE-433291
BTXN7328080348,RZP1351793856,74236.91,2026-07-03,RTGS-RZP1351793856-RAZORPAY SOFTWARE PVT LTD
BTXN9424481810,RZP5768094561,1009.57,2026-07-02,NEFT CR-RZP5768094561-RAZORPAY
BTXN5177200371,RZP1786072383,23270.05,2026-07-02,UPI-RAZORPAY SOFTWARE PVT LTD-RZP1786072383
BTXN7550942419,RZP4619584847,18085.07,2026-07-10,UPI-RAZORPAY SOFTWARE PVT LTD-RZP4619584847
BTXN6566299577,RZP2009264953,16650.47,2026-07-12,NEFT CR-RZP2009264953-RAZORPAY
BTXN6350735793,RZP8125814170,40430.83,2026-07-05,UPI-RAZORPAY SOFTWARE PVT LTD-RZP8125814170
BTXN2400804845,RZP6171742010,46447.33,2026-07-10,NEFT CR-RZP6171742010-RAZORPAY
BTXN8940753114,RZP3950384825,62388.78,2026-07-11,NEFT CR-RZP3950384825-RAZORPAY
BTXN2148126752,RZP4789040823,21883.82,2026-07-04,RTGS-RZP4789040823-RAZORPAY SOFTWARE PVT LTD
BTXN8047183271,RZP1241053537,10571.27,2026-07-03,SWIGGY ORDER PAYMENT
BTXN7306709043,RZP7115945125,72471.96,2026-07-13,UPI-RAZORPAY SOFTWARE PVT LTD-RZP7115945125
BTXN5913328324,RZP9822459571,18525.59,2026-07-11,RTGS-RZP9822459571-RAZORPAY SOFTWARE PVT LTD
BTXN1498846659,RZP7999911001,57622.42,2026-07-12,RTGS-RZP7999911001-RAZORPAY SOFTWARE PVT LTD
BTXN9677056799,RZP7177253689,4265.15,2026-07-11,NEFT CR-RZP7177253689-RAZORPAY
BTXN4525297872,RZP9972023568,52374.18,2026-07-10,NEFT CR-RZP9972023568-RAZORPAY
BTXN9114630460,RZP4710726706,45774.40,2026-07-04,UPI-RAZORPAY SOFTWARE PVT LTD-RZP4710726706
BTXN3623404941,RZP9587551470,61355.12,2026-07-06,RTGS-RZP9587551470-RAZORPAY SOFTWARE PVT LTD
BTXN5206568292,RZP5262652941,63916.40,2026-07-02,RTGS-RZP5262652941-RAZORPAY SOFTWARE PVT LTD
BTXN9705980300,RZP8823794152,19708.67,2026-07-11,UPI-RAZORPAY SOFTWARE PVT LTD-RZP8823794152
BTXN1802138863,RZP7512465222,9800.27,2026-07-11,IMPS/RZP7512465222/RAZORPAY SETTLEMENT
BTXN4383631992,rzp6016294470,50177.76,2026-07-12,IMPS/RZP/294470/PAYOUT
BTXN6235970805,RZP1284448229,64483.63,2026-07-05,RTGS-RZP1284448229-RAZORPAY SOFTWARE PVT LTD
BTXN3206741109,RZP5088666917,17619.58,2026-07-08,RTGS-RZP5088666917-RAZORPAY SOFTWARE PVT LTD
BTXN1780977819,RZP8488434439,55733.92,2026-07-06,IMPS/RZP8488434439/RAZORPAY SETTLEMENT
BTXN9089248760,RZP4466096192,5491.17,2026-07-14,IMPS/RZP4466096192/RAZORPAY SETTLEMENT
BTXN5281050400,RZP4639270904,14975.55,2026-07-10,SALARY CREDIT XYZ CORP
BTXN3905778118,RZP2466042991,41419.29,2026-07-14,NEFT CR-RZP2466042991-RAZORPAY
BTXN4365005756,RZP9552623807,4320.85,2026-07-10,IMPS/RZP9552623807/RAZORPAY SETTLEMENT
BTXN5533543603,RZP4942099283,5418.05,2026-07-10,NEFT CR-RZP4942099283-RAZORPAY
BTXN7967342967,RZP5567796383,1981.05,2026-07-04,RTGS-RZP5567796383-RAZORPAY SOFTWARE PVT LTD
BTXN8030335064,RZP3716924538,15466.24,2026-07-10,IMPS/RZP3716924538/RAZORPAY SETTLEMENT
BTXN4944899549,RZP7980611182,63204.37,2026-07-09,NEFT CR-RZP7980611182-RAZORPAY
BTXN3600199941,RZP3888470238,73310.86,2026-07-13,RTGS-RZP3888470238-RAZORPAY SOFTWARE PVT LTD
BTXN5695328401,RZP1790110281,65253.47,2026-07-03,IMPS/RZP1790110281/RAZORPAY SETTLEMENT
BTXN7839559554,RZP2904445365,11738.49,2026-07-07,SALARY CREDIT XYZ CORP
BTXN8240940498,RZP9876515546,56044.64,2026-07-10,RTGS-RZP9876515546-RAZORPAY SOFTWARE PVT LTD
BTXN5032250862,RZP7422818845,1332.21,2026-07-13,ELECTRICITY BILL AUTOPAY
BTXN3103429418,RZP9851591952,28878.10,2026-07-05,RTGS-RZP9851591952-RAZORPAY SOFTWARE PVT LTD
BTXN7925490044,RZP4424713310,27082.68,2026-07-03,RTGS-RZP4424713310-RAZORPAY SOFTWARE PVT LTD
BTXN2220651115,RZP1631856882,10954.49,2026-07-03,SALARY CREDIT XYZ CORP
BTXN9875557593,RZP4233603,31755.30,2026-07-09,NEFT CR RAZORPAY SOFTWARE-603310
BTXN4702423920,RZP4753696734,33311.88,2026-07-11,NEFT CR-RZP4753696734-RAZORPAY
BTXN4656572173,RZP8163317351,53360.77,2026-07-09,IMPS/RZP8163317351/RAZORPAY SETTLEMENT
BTXN6140783250,rzp7106766101,30227.46,2026-07-05,NEFT CR RAZORPAY SOFTWARE-766101
BTXN4586620848,RZP4555731999,374.75,2026-07-11,NETFLIX SUBSCRIPTION
BTXN6064374162,RZP2970019599,30054.72,2026-07-05,UPI-RAZORPAY SOFTWARE PVT LTD-RZP2970019599
BTXN4637618701,RZP5975495777,69970.18,2026-07-05,IMPS/RZP5975495777/RAZORPAY SETTLEMENT
BTXN3490824215,RZP8577963750,13938.35,2026-07-01,NEFT CR-RZP8577963750-RAZORPAY
BTXN7874511930,RZP6865624655,12732.28,2026-07-04,IMPS/RZP6865624655/RAZORPAY SETTLEMENT
BTXN4477723644,RZP2498421499,73307.71,2026-07-11,NEFT CR-RZP2498421499-RAZORPAY
BTXN8258746411,RZP8047902745,71206.63,2026-07-10,UPI-RAZORPAY SETTLEMENT ORDER 907245
BTXN4837044125,RZP3126059149,37431.85,2026-07-06,UPI-RAZORPAY SOFTWARE PVT LTD-RZP3126059149
BTXN9070278706,RZP6419765847,4484.80,2026-07-09,NEFT CR-RZP6419765847-RAZORPAY
BTXN5922242047,RZP9490058905,64027.26,2026-07-06,IMPS/RZP9490058905/RAZORPAY SETTLEMENT
BTXN1491667127,RZP8207850789,68385.60,2026-07-09,UPI-RAZORPAY SOFTWARE PVT LTD-RZP8207850789
BTXN1861601765,RZP9070520735,37726.30,2026-07-03,IMPS/RZP9070520735/RAZORPAY SETTLEMENT
BTXN5849598465,RZP7947690312,2883.30,2026-07-05,UPI-RAZORPAY SOFTWARE PVT LTD-RZP7947690312
BTXN4511354523,RZP5636039055,24370.17,2026-07-09,NEFT CR-RZP5636039055-RAZORPAY
BTXN7773173269,RZP7475750719,54931.98,2026-07-10,UPI-RAZORPAY SOFTWARE PVT LTD-RZP7475750719
BTXN5115808015,RZP5855605194,50058.44,2026-07-11,NEFT CR-RZP5855605194-RAZORPAY
BTXN6256205686,RZP1673671104,67555.14,2026-07-12,NEFT CR-RZP1673671104-RAZORPAY
BTXN8862274087,RZP8393717165,72777.76,2026-07-13,NEFT CR-RZP8393717165-RAZORPAY
BTXN5787741487,RZP7997333666,10483.28,2026-07-12,UPI-RAZORPAY SOFTWARE PVT LTD-RZP7997333666
BTXN1010508398,RZP7808417605,37310.49,2026-07-12,RTGS-RZP7808417605-RAZORPAY SOFTWARE PVT LTD
BTXN4717023511,RZP3318308900,64290.39,2026-07-03,NEFT CR-RZP3318308900-RAZORPAY
BTXN7681652474,RZP7333568707,17693.04,2026-07-13,ATM WDL MUM
BTXN2395553996,RZP3726735744,36081.88,2026-07-12,UPI-RAZORPAY SOFTWARE PVT LTD-RZP3726735744
BTXN8404493426,RPZ3324410531,32243.82,2026-07-17,NEFT CR RAZORPAY SOFTWARE-410531
BTXN3892686817,RZP8468278040,70592.46,2026-07-09,IMPS/RZP8468278040/RAZORPAY SETTLEMENT
BTXN7861663565,RZP1366538359,7662.52,2026-07-06,NETFLIX SUBSCRIPTION
BTXN1726670039,RZP2225576343,14108.84,2026-07-13,UPI-RAZORPAY SOFTWARE PVT LTD-RZP2225576343
BTXN2954871639,RZP6324076716,15551.96,2026-07-07,IMPS/RZP6324076716/RAZORPAY SETTLEMENT
BTXN9621872080,RZP6302368780,34026.34,2026-07-12,NEFT CR-RZP6302368780-RAZORPAY
BTXN4072036411,RZP2582891447,52067.29,2026-07-07,RTGS-RZP2582891447-RAZORPAY SOFTWARE PVT LTD
BTXN6168954758,RZP4183436604,20455.21,2026-07-07,UPI-RAZORPAY SOFTWARE PVT LTD-RZP4183436604
BTXN2739036806,RZP4721043139,65038.76,2026-07-04,UPI-RAZORPAY SOFTWARE PVT LTD-RZP4721043139
BTXN5740906404,RZP3368916429,51318.56,2026-07-02,IMPS/RZP3368916429/RAZORPAY SETTLEMENT
BTXN9478813347,RZP5072098082,69271.87,2026-07-11,NEFT CR-RZP5072098082-RAZORPAY
BTXN5160703558,RZP7761638457,46649.01,2026-07-13,UPI-RAZORPAY SOFTWARE PVT LTD-RZP7761638457
BTXN3310851068,RZP6913267137,26214.56,2026-07-10,NEFT CR-RZP6913267137-RAZORPAY
BTXN1225685630,RZP8951986696,68143.44,2026-07-07,IMPS/RZP8951986696/RAZORPAY SETTLEMENT
BTXN7009128102,RZP4646907429,52147.11,2026-07-08,NEFT CR-RZP4646907429-RAZORPAY
BTXN4386659754,RZP8522769101,6253.23,2026-07-13,IMPS/RZP8522769101/RAZORPAY SETTLEMENT
BTXN6614482895,RZP5759135728,22996.82,2026-07-01,NEFT CR-RZP5759135728-RAZORPAY
BTXN7425896687,RZP1498600785,12750.28,2026-07-03,UPI-RAZORPAY SOFTWARE PVT LTD-RZP1498600785
BTXN5427741963,RZP7533755475,37536.44,2026-07-02,RTGS-RZP7533755475-RAZORPAY SOFTWARE PVT LTD
BTXN3235986982,RZP2537965898,58910.34,2026-07-06,NEFT CR-RZP2537965898-RAZORPAY
BTXN9624645834,RZP4330728529,11481.98,2026-07-05,IMPS/RZP4330728529/RAZORPAY SETTLEMENT
BTXN6653036492,RZP4295130591,43972.93,2026-07-08,UPI-RAZORPAY SOFTWARE PVT LTD-RZP4295130591
BTXN3644344965,RZP7682946011,65376.23,2026-07-11,UPI-RAZORPAY SOFTWARE PVT LTD-RZP7682946011
BTXN6534435123,RZP1990041788,23279.20,2026-07-07,UPI-RAZORPAY SOFTWARE PVT LTD-RZP1990041788
BTXN2910594463,RZP9226032256,64885.97,2026-07-08,IMPS/RZP9226032256/RAZORPAY SETTLEMENT
BTXN6982582414,RZP5462443270,13796.47,2026-07-07,RTGS-RZP5462443270-RAZORPAY SOFTWARE PVT LTD
BTXN1909240861,RZP6229797421,62969.02,2026-07-09,UPI-RAZORPAY SETTLEMENT ORDER 779421
BTXN7092268944,RZP6521455884,56466.42,2026-07-14,NEFT CR-RZP6521455884-RAZORPAY
BTXN7041297852,RZP4376685680,30441.62,2026-07-09,NEFT CR-RZP4376685680-RAZORPAY
BTXN7262141251,RZP8639441437,14633.54,2026-07-14,IMPS/RZP8639441437/RAZORPAY SETTLEMENT
BTXN7732457043,RZP2643608667,27997.50,2026-07-09,UPI-RAZORPAY SOFTWARE PVT LTD-RZP2643608667
BTXN2127061808,RZP9616029981,32005.20,2026-07-14,IMPS/RZP9616029981/RAZORPAY SETTLEMENT
BTXN7997023025,RZP2447727202,52011.09,2026-07-06,UPI-RAZORPAY SOFTWARE PVT LTD-RZP2447727202
BTXN1774350839,RZP7853880208,54454.43,2026-07-04,IMPS/RZP7853880208/RAZORPAY SETTLEMENT
BTXN3055712892,RZP6934826422,74497.94,2026-07-13,NEFT CR-RZP6934826422-RAZORPAY
BTXN3245425842,RZP2394325232,6313.56,2026-07-09,SALARY CREDIT XYZ CORP
BTXN8623372888,RZP4505991035,42260.09,2026-07-11,NEFT CR-RZP4505991035-RAZORPAY
BTXN7383213464,RZP9130280665,24254.99,2026-07-09,UPI-RAZORPAY SOFTWARE PVT LTD-RZP9130280665
BTXN4671791607,RZP8592337336,6430.23,2026-07-10,SWIGGY ORDER PAYMENT
BTXN5969690219,rzp9666464245,43042.31,2026-07-07,NEFT CR RAZORPAY SOFTWARE-464245
BTXN6211807189,RZP2887046215,39289.56,2026-07-13,IMPS/RZP2887046215/RAZORPAY SETTLEMENT
BTXN2037468443,RZP4359506482,38313.28,2026-07-05,IMPS/RZP4359506482/RAZORPAY SETTLEMENT
BTXN5759719846,RZP3785549418,714.32,2026-07-02,SWIGGY ORDER PAYMENT
BTXN9047676682,RZP2987951705,62808.86,2026-07-14,IMPS/RZP2987951705/RAZORPAY SETTLEMENT
BTXN4778864717,RZP5197585518,31213.84,2026-07-05,UPI-RAZORPAY SOFTWARE PVT LTD-RZP5197585518
BTXN7592903310,RZP7426901412,68165.98,2026-07-14,UPI-RAZORPAY SOFTWARE PVT LTD-RZP7426901412
BTXN7027068480,RZP7086319171,26320.06,2026-07-15,RTGS-RZP7086319171-RAZORPAY SOFTWARE PVT LTD
BTXN3584362473,rzp1780539380,46778.07,2026-07-06,IMPS/RZP/539380/PAYOUT
BTXN2125663333,RZP2560502,11622.23,2026-07-18,NEFT CR RAZORPAY SOFTWARE-502746
BTXN3965676060,RZP1819412471,33357.37,2026-07-07,NEFT CR-RZP1819412471-RAZORPAY
BTXN3739054209,RZP4717617442,41034.16,2026-07-16,IMPS/RZP4717617442/RAZORPAY SETTLEMENT
BTXN6448508300,RZP4291888618,2470.50,2026-07-10,NEFT CR-RZP4291888618-RAZORPAY
BTXN8562837321,RZP1330916371,58076.31,2026-07-05,NEFT CR-RZP1330916371-RAZORPAY
BTXN6941235901,RZP3550605518,49768.39,2026-07-03,RTGS-RZP3550605518-RAZORPAY SOFTWARE PVT LTD
BTXN3195155142,RZP2991918962,48763.34,2026-07-04,IMPS/RZP2991918962/RAZORPAY SETTLEMENT
BTXN6891476496,RZP9312124849,33072.36,2026-07-08,RTGS-RZP9312124849-RAZORPAY SOFTWARE PVT LTD
BTXN2920536604,RZP4251624056,49735.66,2026-07-08,IMPS/RZP4251624056/RAZORPAY SETTLEMENT
BTXN8054041029,RZP6358129812,51731.72,2026-07-05,IMPS/RZP6358129812/RAZORPAY SETTLEMENT
BTXN3963878353,RZP4049449533,10097.19,2026-07-15,NEFT CR-RZP4049449533-RAZORPAY
BTXN1008958266,RZP9135754389,66734.76,2026-07-04,NEFT CR-RZP9135754389-RAZORPAY
BTXN3823156701,rzp4619251044,74562.89,2026-07-12,IMPS/RZP/251044/PAYOUT
BTXN2362410218,RZP1698899029,30041.62,2026-07-12,IMPS/RZP1698899029/RAZORPAY SETTLEMENT
BTXN8691868390,RZP6637880115,67683.16,2026-07-02,UPI-RAZORPAY SOFTWARE PVT LTD-RZP6637880115
BTXN3923089394,RZP7737658873,3449.65,2026-07-14,IMPS/RZP7737658873/RAZORPAY SETTLEMENT
BTXN1630167984,RZP9550652216,17879.90,2026-07-15,RTGS-RZP9550652216-RAZORPAY SOFTWARE PVT LTD
BTXN4344011063,RZP1352892706,60487.73,2026-07-02,RTGS-RZP1352892706-RAZORPAY SOFTWARE PVT LTD
BTXN6299862033,RZP8017976079,29455.32,2026-07-06,NEFT CR-RZP8017976079-RAZORPAY
BTXN6430593898,RZP7787425569,2097.15,2026-07-06,RTGS-RZP7787425569-RAZORPAY SOFTWARE PVT LTD
BTXN2812739346,RZP4385937995,17097.14,2026-07-10,RTGS-RZP4385937995-RAZORPAY SOFTWARE PVT LTD
BTXN2829841740,RZP8730816130,21144.23,2026-07-14,UPI-RAZORPAY SOFTWARE PVT LTD-RZP8730816130
BTXN8156087158,RZP5944569650,4971.02,2026-07-10,ZOMATO ONLINE ORDER
BTXN3775141456,RZP5259726276,34727.19,2026-07-07,RTGS-RZP5259726276-RAZORPAY SOFTWARE PVT LTD
BTXN2334857594,RZP1716198209,18990.12,2026-07-03,UPI-RAZORPAY SOFTWARE PVT LTD-RZP1716198209
BTXN8028543315,RZP7724905086,67571.40,2026-07-13,RTGS-RZP7724905086-RAZORPAY SOFTWARE PVT LTD
BTXN8274038884,RZP5635499954,28695.74,2026-07-02,IMPS/RZP5635499954/RAZORPAY SETTLEMENT
BTXN4012497650,RZP4148561166,52361.13,2026-07-07,IMPS/RZP4148561166/RAZORPAY SETTLEMENT
BTXN7758661258,RZP4709315603,51519.76,2026-07-04,UPI-RAZORPAY SOFTWARE PVT LTD-RZP4709315603
BTXN3954899995,RZP9832382243,18695.05,2026-07-04,IMPS/RZP9832382243/RAZORPAY SETTLEMENT
BTXN8384840466,RZP3851839348,12407.44,2026-07-02,RTGS-RZP3851839348-RAZORPAY SOFTWARE PVT LTD
BTXN7422832448,RZP6219829416,56486.43,2026-07-12,RTGS-RZP6219829416-RAZORPAY SOFTWARE PVT LTD
BTXN3365370642,RZP1491921670,60185.91,2026-07-14,NEFT CR-RZP1491921670-RAZORPAY
BTXN4462604723,RZP1701078605,18379.45,2026-07-09,NEFT CR-RZP1701078605-RAZORPAY
BTXN2291305927,RZP8407833077,58682.62,2026-07-10,UPI-RAZORPAY SOFTWARE PVT LTD-RZP8407833077
BTXN8699025891,RZP5110186308,3339.19,2026-07-10,NETFLIX SUBSCRIPTION
BTXN4468468836,RZP5256678151,33707.00,2026-07-14,RTGS-RZP5256678151-RAZORPAY SOFTWARE PVT LTD
BTXN4613393791,RZP8242423,9811.43,2026-07-04,IMPS/RZP/423165/PAYOUT
BTXN5012083370,RZP5927602848,17077.64,2026-07-11,IRCTC TICKET BOOKING
BTXN7998365236,RZP4585049357,3841.53,2026-07-10,IMPS/RZP/049537/PAYOUT
BTXN4673201554,RZP5514851131,74170.70,2026-07-04,IMPS/RZP5514851131/RAZORPAY SETTLEMENT
BTXN6539000757,RZP7033404500,11504.87,2026-07-09,NEFT CR-RZP7033404500-RAZORPAY
BTXN2346537227,RZP8034572680,54935.32,2026-07-11,IMPS/RZP8034572680/RAZORPAY SETTLEMENT
BTXN5353767467,RZP1014369973,53541.53,2026-07-05,UPI-RAZORPAY SOFTWARE PVT LTD-RZP1014369973
BTXN5969518110,RZP5645409727,19524.10,2026-07-05,SALARY CREDIT XYZ CORP
BTXN4006575895,RZP5170050995,11997.83,2026-07-15,NETFLIX SUBSCRIPTION
BTXN5203485067,RZP4103801478,16630.22,2026-07-08,IMPS/RZP4103801478/RAZORPAY SETTLEMENT
BTXN8612597743,RZP5902079140,38801.70,2026-07-04,IMPS/RZP5902079140/RAZORPAY SETTLEMENT
BTXN7629557099,RZP2290719288,1742.86,2026-07-09,RTGS-RZP2290719288-RAZORPAY SOFTWARE PVT LTD
BTXN4733241041,RZP7817973529,63708.90,2026-07-08,RTGS-RZP7817973529-RAZORPAY SOFTWARE PVT LTD
BTXN2900575334,RZP7622092,22831.74,2026-07-19,UPI-RAZORPAY SETTLEMENT ORDER 092432
BTXN7205801048,RZP4609517287,28285.06,2026-07-10,IMPS/RZP4609517287/RAZORPAY SETTLEMENT
BTXN8965451958,RZP8203447752,19882.43,2026-07-03,UPI-RAZORPAY SOFTWARE PVT LTD-RZP8203447752
BTXN2874884099,RZP3428990394,32813.25,2026-07-13,UPI-RAZORPAY SOFTWARE PVT LTD-RZP3428990394
BTXN6886576605,RZP4450846697,57137.93,2026-07-15,NEFT CR-RZP4450846697-RAZORPAY
BTXN7627480643,RZP9161013180,30366.06,2026-07-07,UPI-RAZORPAY SOFTWARE PVT LTD-RZP9161013180
BTXN1845579519,RZP4167298652,73368.12,2026-07-07,UPI-RAZORPAY SOFTWARE PVT LTD-RZP4167298652
BTXN3024482067,RZP8095293870,17587.23,2026-07-12,UPI-RAZORPAY SOFTWARE PVT LTD-RZP8095293870
BTXN2928610987,RZP4067919621,37906.56,2026-07-15,NEFT CR-RZP4067919621-RAZORPAY
BTXN3297904676,RZP6711135015,9242.60,2026-07-13,SWIGGY ORDER PAYMENT
BTXN6798862126,RZP9880633279,16818.12,2026-07-02,NEFT CR-RZP9880633279-RAZORPAY
BTXN2379757816,RZP1247291426,71568.26,2026-07-14,IMPS/RZP1247291426/RAZORPAY SETTLEMENT
BTXN2229872876,RZP7951111261,66475.03,2026-07-05,IMPS/RZP7951111261/RAZORPAY SETTLEMENT
BTXN6348207818,RZP7828174742,43269.56,2026-07-09,UPI-RAZORPAY SOFTWARE PVT LTD-RZP7828174742
BTXN1228615871,RZP5867805724,10977.05,2026-07-03,UPI-RAZORPAY SOFTWARE PVT LTD-RZP5867805724
BTXN8627150192,rzp9161806186,25941.90,2026-07-16,NEFT CR RAZORPAY SOFTWARE-806186
BTXN3436507567,RZP6008744392,53670.43,2026-07-12,IMPS/RZP6008744392/RAZORPAY SETTLEMENT
BTXN8014883867,RZP8442785768,68241.86,2026-07-08,RTGS-RZP8442785768-RAZORPAY SOFTWARE PVT LTD
BTXN4732346759,RZP3088618501,40666.76,2026-07-10,NEFT CR-RZP3088618501-RAZORPAY
BTXN4684632608,RZP1068527684,61024.73,2026-07-05,RTGS-RZP1068527684-RAZORPAY SOFTWARE PVT LTD
BTXN8365584530,RZP1889620495,23908.78,2026-07-07,IMPS/RZP1889620495/RAZORPAY SETTLEMENT
BTXN4520360280,RZP3101463976,2787.53,2026-07-14,RTGS-RZP3101463976-RAZORPAY SOFTWARE PVT LTD
BTXN7901388916,RZP4379095790,18773.86,2026-07-12,RTGS-RZP4379095790-RAZORPAY SOFTWARE PVT LTD
BTXN1514532676,RZP8866479551,28794.43,2026-07-10,NEFT CR-RZP8866479551-RAZORPAY
BTXN4738080919,RZP3301175286,36708.45,2026-07-14,NEFT CR-RZP3301175286-RAZORPAY
BTXN7312325287,RZP4138389137,17717.77,2026-07-06,NEFT CR-RZP4138389137-RAZORPAY
BTXN4169092030,RZP2465435460,32599.56,2026-07-13,NEFT CR-RZP2465435460-RAZORPAY
BTXN2631171678,RZP9121002893,14291.35,2026-07-02,ELECTRICITY BILL AUTOPAY
BTXN3824322987,RZP7296296960,71818.97,2026-07-02,NEFT CR-RZP7296296960-RAZORPAY
BTXN4319890521,RZP1058951224,48799.26,2026-07-12,RTGS-RZP1058951224-RAZORPAY SOFTWARE PVT LTD
BTXN8112829602,RZP1221088367,21316.52,2026-07-05,NEFT CR-RZP1221088367-RAZORPAY
BTXN5331745377,RZP1554769721,51415.44,2026-07-11,UPI-RAZORPAY SOFTWARE PVT LTD-RZP1554769721
BTXN1059760920,RZP4463769174,14444.94,2026-07-15,NEFT CR-RZP4463769174-RAZORPAY
BTXN9405229760,RZP6813162860,7307.39,2026-07-12,UPI-RAZORPAY SOFTWARE PVT LTD-RZP6813162860
BTXN6157617867,RZP7185710340,32580.91,2026-07-14,NEFT CR-RZP7185710340-RAZORPAY
BTXN3633780120,RZP1738668338,32786.11,2026-07-07,IMPS/RZP1738668338/RAZORPAY SETTLEMENT
BTXN4971179056,RZP4123450065,4506.59,2026-07-02,UPI-RAZORPAY SOFTWARE PVT LTD-RZP4123450065
BTXN3650709794,RZP6361554008,48343.43,2026-07-10,IMPS/RZP6361554008/RAZORPAY SETTLEMENT
BTXN6317727777,RZP6455290963,14753.00,2026-07-13,IMPS/RZP6455290963/RAZORPAY SETTLEMENT
BTXN5365804202,RZP3645861,41945.21,2026-07-08,NEFT CR RAZORPAY SOFTWARE-861580
BTXN4312964517,RZP2952887577,36717.38,2026-07-11,RTGS-RZP2952887577-RAZORPAY SOFTWARE PVT LTD
BTXN3241645514,RZP4401573612,45321.11,2026-07-11,IMPS/RZP4401573612/RAZORPAY SETTLEMENT
BTXN7175819429,RZP2277688727,60949.39,2026-07-11,NEFT CR RAZORPAY SOFTWARE-688277
BTXN1406795995,RZP4012767672,15345.44,2026-07-02,RTGS-RZP4012767672-RAZORPAY SOFTWARE PVT LTD
BTXN8271912045,RZP8943645600,33263.25,2026-07-08,IMPS/RZP8943645600/RAZORPAY SETTLEMENT
BTXN7544331855,RZP6056571297,29028.46,2026-07-09,UPI-RAZORPAY SOFTWARE PVT LTD-RZP6056571297
BTXN1571692538,RZP1067320913,67732.50,2026-07-07,RTGS-RZP1067320913-RAZORPAY SOFTWARE PVT LTD
BTXN1312629623,RZP3029032,35427.10,2026-07-14,NEFT CR RAZORPAY SOFTWARE-032714
BTXN4644080920,RZP6303853,72525.47,2026-07-06,NEFT CR RAZORPAY SOFTWARE-853327
BTXN5573588670,RZP7397434674,26917.63,2026-07-05,RTGS-RZP7397434674-RAZORPAY SOFTWARE PVT LTD
BTXN8142446993,RZP2147765030,10006.69,2026-07-15,RTGS-RZP2147765030-RAZORPAY SOFTWARE PVT LTD
BTXN4626029922,RZP1599433930,16468.50,2026-07-01,RTGS-RZP1599433930-RAZORPAY SOFTWARE PVT LTD
BTXN3501818326,RZP7480638276,68428.82,2026-07-03,IMPS/RZP7480638276/RAZORPAY SETTLEMENT
BTXN5546033669,RZP1487341576,60349.31,2026-07-04,IMPS/RZP1487341576/RAZORPAY SETTLEMENT
BTXN6957280598,RZP4375183488,16668.50,2026-07-08,IMPS/RZP4375183488/RAZORPAY SETTLEMENT
BTXN9271820759,RZP8385965837,50185.79,2026-07-06,NEFT CR-RZP8385965837-RAZORPAY
BTXN1637088959,RZP9202102595,5975.06,2026-07-02,IMPS/RZP9202102595/RAZORPAY SETTLEMENT
BTXN4689662563,RZP2981555412,7050.19,2026-07-03,UPI-RAZORPAY SOFTWARE PVT LTD-RZP2981555412
BTXN1624030165,RZP6650272287,46722.97,2026-07-06,RTGS-RZP6650272287-RAZORPAY SOFTWARE PVT LTD
BTXN6200011339,RZP6185945187,52624.21,2026-07-09,IMPS/RZP6185945187/RAZORPAY SETTLEMENT
BTXN5852060811,RZP9191036931,64833.31,2026-07-11,UPI-RAZORPAY SOFTWARE PVT LTD-RZP9191036931
BTXN3272176178,RZP1009019882,35121.47,2026-07-13,UPI-RAZORPAY SOFTWARE PVT LTD-RZP1009019882
BTXN2090933061,RZP8648311,12701.22,2026-07-08,IMPS/RZP/311638/PAYOUT
BTXN2059962775,RZP8340650878,47805.99,2026-07-06,UPI-RAZORPAY SOFTWARE PVT LTD-RZP8340650878
BTXN3992397136,RZP1888734391,768.24,2026-07-10,NEFT CR-RZP1888734391-RAZORPAY
BTXN5676789571,RZP7954623052,7225.21,2026-07-11,ZOMATO ONLINE ORDER
BTXN4037606871,RZP9694228701,21750.20,2026-07-05,NEFT CR-RZP9694228701-RAZORPAY
BTXN1793847567,RZP5418737410,45450.91,2026-07-11,RTGS-RZP5418737410-RAZORPAY SOFTWARE PVT LTD
BTXN6037916859,RZP1577469240,7034.00,2026-07-13,NEFT CR RAZORPAY SOFTWARE-469204
BTXN8287032823,RZP7011703161,18545.93,2026-07-11,UPI-RAZORPAY SOFTWARE PVT LTD-RZP7011703161
BTXN7578636015,RZP9333120408,19408.73,2026-07-15,IMPS/RZP9333120408/RAZORPAY SETTLEMENT
BTXN6382698198,RZP1563307902,34579.41,2026-07-02,RTGS-RZP1563307902-RAZORPAY SOFTWARE PVT LTD
BTXN5582738085,RZP7066138134,33223.38,2026-07-03,UPI-RAZORPAY SOFTWARE PVT LTD-RZP7066138134
BTXN9977486924,RZP5877651085,12029.24,2026-07-10,UPI-RAZORPAY SOFTWARE PVT LTD-RZP5877651085
BTXN2167850715,RZP7036213838,5067.85,2026-07-15,IRCTC TICKET BOOKING
BTXN3858170432,RZP3391927547,29265.35,2026-07-09,RTGS-RZP3391927547-RAZORPAY SOFTWARE PVT LTD
BTXN3107049214,RZP1588097152,14357.48,2026-07-07,IMPS/RZP1588097152/RAZORPAY SETTLEMENT
BTXN8744711244,RZP5640619740,677.09,2026-07-09,SWIGGY ORDER PAYMENT
BTXN9159454599,RZP4435293304,61108.92,2026-07-08,RTGS-RZP4435293304-RAZORPAY SOFTWARE PVT LTD
BTXN7650880401,RZP6686457539,16331.44,2026-07-11,IMPS/RZP6686457539/RAZORPAY SETTLEMENT
BTXN7644679689,RZP3126801368,47149.29,2026-07-09,RTGS-RZP3126801368-RAZORPAY SOFTWARE PVT LTD
BTXN5541503427,RZP7017572490,58732.32,2026-07-16,NEFT CR-RZP7017572490-RAZORPAY
BTXN5437090032,RZP4469649363,19963.32,2026-07-12,NEFT CR-RZP4469649363-RAZORPAY
BTXN7053352053,RZP4686463846,24513.90,2026-07-07,UPI-RAZORPAY SOFTWARE PVT LTD-RZP4686463846
BTXN3397657114,RZP8666074487,68036.22,2026-07-11,IMPS/RZP8666074487/RAZORPAY SETTLEMENT
BTXN2345280810,RZP6233748238,22117.66,2026-07-09,RTGS-RZP6233748238-RAZORPAY SOFTWARE PVT LTD
BTXN2814444204,RZP7207913874,65856.20,2026-07-05,NEFT CR-RZP7207913874-RAZORPAY
BTXN2593252179,RZP2565800378,55753.24,2026-07-06,RTGS-RZP2565800378-RAZORPAY SOFTWARE PVT LTD
BTXN7808791343,RZP8452049003,18509.65,2026-07-14,SALARY CREDIT XYZ CORP
BTXN4022663059,RZP5025070544,72174.78,2026-07-02,RTGS-RZP5025070544-RAZORPAY SOFTWARE PVT LTD
BTXN1407650680,RZP8162102928,3636.54,2026-07-02,UPI-RAZORPAY SOFTWARE PVT LTD-RZP8162102928
BTXN2950190806,RZP2871060473,40437.26,2026-07-09,RTGS-RZP2871060473-RAZORPAY SOFTWARE PVT LTD
BTXN3598217672,RZP3301691543,5756.57,2026-07-12,IMPS/RZP3301691543/RAZORPAY SETTLEMENT
BTXN2268386576,RZP2815378931,15586.96,2026-07-13,UPI-RAZORPAY SETTLEMENT ORDER 378931
BTXN6415884171,RZP9703054272,19314.50,2026-07-04,RTGS-RZP9703054272-RAZORPAY SOFTWARE PVT LTD
BTXN4069092303,RZP2642431326,74489.97,2026-07-12,RTGS-RZP2642431326-RAZORPAY SOFTWARE PVT LTD
BTXN5051305301,RZP2619437043,52144.40,2026-07-04,NEFT CR-RZP2619437043-RAZORPAY
BTXN5393036949,RZP1962899942,45923.10,2026-07-09,UPI-RAZORPAY SOFTWARE PVT LTD-RZP1962899942
BTXN3480489826,rzp2374050406,70547.88,2026-07-15,IMPS/RZP/050406/PAYOUT
BTXN8034922852,RZP5147931679,57620.83,2026-07-13,UPI-RAZORPAY SOFTWARE PVT LTD-RZP5147931679
BTXN2977353085,RZP9209236972,27383.96,2026-07-14,NEFT CR-RZP9209236972-RAZORPAY
BTXN4933355644,RZP9339812601,37821.11,2026-07-08,IMPS/RZP9339812601/RAZORPAY SETTLEMENT
BTXN7346925934,RZP1871940551,64938.74,2026-07-16,IMPS/RZP1871940551/RAZORPAY SETTLEMENT
BTXN3787895119,RZP2740411609,68006.44,2026-07-03,NEFT CR-RZP2740411609-RAZORPAY
BTXN8503648320,RZP8396192882,32793.64,2026-07-08,RTGS-RZP8396192882-RAZORPAY SOFTWARE PVT LTD
BTXN6993434996,RZP2475860255,23854.41,2026-07-11,IMPS/RZP2475860255/RAZORPAY SETTLEMENT
BTXN7614995830,RZP7307173065,58052.19,2026-07-15,RTGS-RZP7307173065-RAZORPAY SOFTWARE PVT LTD
BTXN8768199216,RZP8227284120,68122.51,2026-07-09,IMPS/RZP8227284120/RAZORPAY SETTLEMENT
BTXN1514853911,RZP7707213,20921.18,2026-07-11,NEFT CR RAZORPAY SOFTWARE-213660
BTXN5583394443,RZP4575143282,42992.57,2026-07-08,IMPS/RZP4575143282/RAZORPAY SETTLEMENT
BTXN9933656070,RZP6258932697,24682.51,2026-07-11,RTGS-RZP6258932697-RAZORPAY SOFTWARE PVT LTD
BTXN3629897176,RZP8532051002,30325.65,2026-07-09,IMPS/RZP8532051002/RAZORPAY SETTLEMENT
BTXN4382362550,RZP9857587608,9114.47,2026-07-10,IRCTC TICKET BOOKING
BTXN4647891535,RZP5935852056,28546.28,2026-07-13,RTGS-RZP5935852056-RAZORPAY SOFTWARE PVT LTD
BTXN6943944201,RZP6166460,42141.15,2026-07-05,IMPS/RZP/460322/PAYOUT
BTXN6592661012,RZP1341278254,66228.32,2026-07-12,IMPS/RZP1341278254/RAZORPAY SETTLEMENT
BTXN3412985084,RZP8575707116,27762.33,2026-07-07,UPI-RAZORPAY SOFTWARE PVT LTD-RZP8575707116
BTXN3074807966,RZP3260679659,68220.01,2026-07-03,NEFT CR-RZP3260679659-RAZORPAY
BTXN5322030817,RZP3145887668,19563.47,2026-07-06,UPI-RAZORPAY SOFTWARE PVT LTD-RZP3145887668
BTXN5632353853,RZP2608566503,17263.22,2026-07-01,IRCTC TICKET BOOKING
BTXN5990131871,RZP2562842335,35720.94,2026-07-02,IMPS/RZP2562842335/RAZORPAY SETTLEMENT
BTXN6452107672,RZP8564009287,20424.95,2026-07-09,NEFT CR-RZP8564009287-RAZORPAY
BTXN1453796587,RZP2003352579,70794.82,2026-07-03,UPI-RAZORPAY SOFTWARE PVT LTD-RZP2003352579
BTXN5703979945,RZP6253822091,20642.08,2026-07-12,RTGS-RZP6253822091-RAZORPAY SOFTWARE PVT LTD
BTXN3102146575,RZP7882301046,62764.68,2026-07-05,RTGS-RZP7882301046-RAZORPAY SOFTWARE PVT LTD
BTXN8266802956,RZP3333025865,14441.60,2026-07-15,IMPS/RZP3333025865/RAZORPAY SETTLEMENT
BTXN3592909888,RZP9468902807,37704.66,2026-07-03,UPI-RAZORPAY SOFTWARE PVT LTD-RZP9468902807
BTXN1207168448,RZP4928756490,18563.83,2026-07-07,SWIGGY ORDER PAYMENT
BTXN2152047417,RZP2544413647,60477.88,2026-07-16,RTGS-RZP2544413647-RAZORPAY SOFTWARE PVT LTD
BTXN6118911135,RZP8127148156,54521.87,2026-07-10,UPI-RAZORPAY SOFTWARE PVT LTD-RZP8127148156
BTXN8115628227,RZP7873709012,26697.64,2026-07-10,NEFT CR-RZP7873709012-RAZORPAY
BTXN4609825256,rzp1103230975,56579.38,2026-07-17,NEFT CR RAZORPAY SOFTWARE-230975
BTXN8273623250,RZP4724450209,19330.90,2026-07-11,NEFT CR-RZP4724450209-RAZORPAY
BTXN6075654476,RZP4923471181,37356.58,2026-07-08,RTGS-RZP4923471181-RAZORPAY SOFTWARE PVT LTD
BTXN6945462526,RZP5364616578,3984.41,2026-07-09,SALARY CREDIT XYZ CORP
BTXN6551695964,RZP2971198743,15669.08,2026-07-11,NEFT CR-RZP2971198743-RAZORPAY
BTXN5080006170,RZP9382361,70498.78,2026-07-17,NEFT CR RAZORPAY SOFTWARE-361767
BTXN6750807259,RZP7748429750,15146.24,2026-07-09,UPI-RAZORPAY SOFTWARE PVT LTD-RZP7748429750
BTXN7580737343,RZP9862583795,47272.51,2026-07-08,RTGS-RZP9862583795-RAZORPAY SOFTWARE PVT LTD
BTXN3979572449,RZP2982148,38081.44,2026-07-13,IMPS/RZP/148105/PAYOUT
BTXN3998136562,RZP4459372544,14868.54,2026-07-11,NEFT CR-RZP4459372544-RAZORPAY
BTXN4289204246,RZP4883466415,30955.62,2026-07-10,IMPS/RZP4883466415/RAZORPAY SETTLEMENT
BTXN3312668067,RZP2236730914,55018.59,2026-07-07,NEFT CR-RZP2236730914-RAZORPAY
BTXN8808043113,RZP6931131419,28763.05,2026-07-03,UPI-RAZORPAY SOFTWARE PVT LTD-RZP6931131419
BTXN5513899594,RZP9671342496,10106.72,2026-07-15,SWIGGY ORDER PAYMENT
BTXN3381580667,RZP1855226225,21665.52,2026-07-04,IMPS/RZP1855226225/RAZORPAY SETTLEMENT
BTXN9207621403,RZP9770191959,8353.13,2026-07-11,UPI-RAZORPAY SOFTWARE PVT LTD-RZP9770191959
BTXN8274897671,RZP7464194739,69775.96,2026-07-08,UPI-RAZORPAY SETTLEMENT ORDER 194379
BTXN2075684693,RZP4924087360,8050.28,2026-07-15,NETFLIX SUBSCRIPTION
BTXN4352623546,RZP5715301959,67837.97,2026-07-03,UPI-RAZORPAY SOFTWARE PVT LTD-RZP5715301959
BTXN8602409970,RZP5351585770,24174.10,2026-07-01,RTGS-RZP5351585770-RAZORPAY SOFTWARE PVT LTD
BTXN6295431920,RZP1953402564,50062.29,2026-07-10,IMPS/RZP1953402564/RAZORPAY SETTLEMENT
BTXN5465613190,RZP8877825837,41421.41,2026-07-07,UPI-RAZORPAY SOFTWARE PVT LTD-RZP8877825837
BTXN4048420548,RZP4261200703,29879.64,2026-07-06,UPI-RAZORPAY SOFTWARE PVT LTD-RZP4261200703
BTXN7921335110,RZP6126906498,6675.87,2026-07-03,RTGS-RZP6126906498-RAZORPAY SOFTWARE PVT LTD
BTXN4935462811,RZP5705283453,52549.03,2026-07-01,NEFT CR-RZP5705283453-RAZORPAY
BTXN5315141420,RZP6517787103,13978.83,2026-07-14,IRCTC TICKET BOOKING
BTXN9301471211,RZP2556601809,17417.58,2026-07-04,IMPS/RZP2556601809/RAZORPAY SETTLEMENT
BTXN4435982741,RZP7969458355,6712.16,2026-07-07,IMPS/RZP7969458355/RAZORPAY SETTLEMENT
BTXN6822269001,RZP8391005798,62835.50,2026-07-10,IMPS/RZP8391005798/RAZORPAY SETTLEMENT
BTXN5373042172,RZP9764424485,3097.54,2026-07-06,NEFT CR-RZP9764424485-RAZORPAY
BTXN5798854040,RZP4118694155,59979.36,2026-07-03,NEFT CR-RZP4118694155-RAZORPAY
BTXN4882530458,RZP9906519015,72985.45,2026-07-16,RTGS-RZP9906519015-RAZORPAY SOFTWARE PVT LTD
BTXN2321048099,RZP4407848229,6907.76,2026-07-06,NEFT CR-RZP4407848229-RAZORPAY
BTXN7323357957,RZP4843064487,34218.99,2026-07-04,NEFT CR-RZP4843064487-RAZORPAY
BTXN8023001183,RZP9067148137,16208.34,2026-07-09,IMPS/RZP9067148137/RAZORPAY SETTLEMENT
BTXN3136654202,RZP3762744182,40805.82,2026-07-05,IMPS/RZP3762744182/RAZORPAY SETTLEMENT
BTXN3842495665,RZP5644329006,21509.33,2026-07-14,UPI-RAZORPAY SOFTWARE PVT LTD-RZP5644329006
BTXN3605817880,RZP5476233445,14001.59,2026-07-13,SWIGGY ORDER PAYMENT
BTXN6617251085,RZP9198762527,36383.05,2026-07-04,UPI-RAZORPAY SOFTWARE PVT LTD-RZP9198762527
BTXN8956449152,RZP5253259971,43913.16,2026-07-10,RTGS-RZP5253259971-RAZORPAY SOFTWARE PVT LTD
BTXN8898633738,RZP1908811930,29322.56,2026-07-08,RTGS-RZP1908811930-RAZORPAY SOFTWARE PVT LTD
BTXN5679198972,RZP2636257705,37076.33,2026-07-12,RTGS-RZP2636257705-RAZORPAY SOFTWARE PVT LTD
BTXN5636675251,RZP8161287700,56677.78,2026-07-09,UPI-RAZORPAY SOFTWARE PVT LTD-RZP8161287700
BTXN4895472923,RZP3435867338,52422.25,2026-07-08,NEFT CR-RZP3435867338-RAZORPAY
BTXN6050969978,RZP2273250728,39454.96,2026-07-01,NEFT CR-RZP2273250728-RAZORPAY
BTXN9412142507,RZP3830203183,36540.93,2026-07-11,IMPS/RZP3830203183/RAZORPAY SETTLEMENT
BTXN6435840812,RZP9159800657,36265.93,2026-07-06,IMPS/RZP9159800657/RAZORPAY SETTLEMENT
BTXN4609854912,RZP7523237718,67900.00,2026-07-12,IMPS/RZP7523237718/RAZORPAY SETTLEMENT
BTXN5499329066,RZP4355813211,60375.07,2026-07-02,RTGS-RZP4355813211-RAZORPAY SOFTWARE PVT LTD
BTXN5050613408,RZP9929126,56143.26,2026-07-15,IMPS/RZP/126136/PAYOUT
BTXN2054799243,RZP4384805,18513.22,2026-07-12,NEFT CR RAZORPAY SOFTWARE-805511
BTXN5043088851,rzp5735714978,26123.04,2026-07-12,IMPS/RZP/714978/PAYOUT
BTXN2649479425,RZP7892193329,18249.79,2026-07-05,NEFT CR-RZP7892193329-RAZORPAY
BTXN7336450279,RZP4367289409,35976.77,2026-07-08,RTGS-RZP4367289409-RAZORPAY SOFTWARE PVT LTD
BTXN1952733506,RZP7329520038,8295.53,2026-07-06,ATM WDL CHN
BTXN8199427560,RZP3913779494,18000.87,2026-07-12,UPI-RAZORPAY SOFTWARE PVT LTD-RZP3913779494
BTXN1600337712,RZP8833399096,68249.38,2026-07-05,RTGS-RZP8833399096-RAZORPAY SOFTWARE PVT LTD
BTXN9802850771,RZP2907514397,17779.77,2026-07-10,SWIGGY ORDER PAYMENT
BTXN9647679295,RZP9255176775,6995.62,2026-07-10,NEFT CR-RZP9255176775-RAZORPAY
BTXN4480163319,RZP9649459430,11216.31,2026-07-07,SWIGGY ORDER PAYMENT
BTXN5596630225,RZP4953200174,71980.66,2026-07-11,UPI-RAZORPAY SOFTWARE PVT LTD-RZP4953200174
BTXN9226994601,RZP2867023987,2885.94,2026-07-06,RTGS-RZP2867023987-RAZORPAY SOFTWARE PVT LTD
BTXN4377346239,RZP3278488482,71914.96,2026-07-05,NEFT CR-RZP3278488482-RAZORPAY
BTXN1633885220,RZP5144099828,65292.18,2026-07-15,UPI-RAZORPAY SOFTWARE PVT LTD-RZP5144099828
BTXN8446301381,rzp2261468796,38343.01,2026-07-15,UPI-RAZORPAY SETTLEMENT ORDER 468796
BTXN1275805454,RZP2562838716,13818.38,2026-07-01,RTGS-RZP2562838716-RAZORPAY SOFTWARE PVT LTD
BTXN9599382988,RZP1671516294,1678.27,2026-07-13,SWIGGY ORDER PAYMENT
BTXN4973881255,RZP1010115401,72641.43,2026-07-11,IMPS/RZP1010115401/RAZORPAY SETTLEMENT
BTXN9827370268,RZP7690765393,33851.25,2026-07-05,NEFT CR-RZP7690765393-RAZORPAY
BTXN6554422145,RZP8194054256,57629.11,2026-07-01,IMPS/RZP8194054256/RAZORPAY SETTLEMENT
BTXN6811761052,RZP6879251501,40027.53,2026-07-06,UPI-RAZORPAY SOFTWARE PVT LTD-RZP6879251501
BTXN5516825943,RZP6738840177,36200.05,2026-07-09,RTGS-RZP6738840177-RAZORPAY SOFTWARE PVT LTD
BTXN5333929422,RZP5942058154,35875.84,2026-07-06,IMPS/RZP5942058154/RAZORPAY SETTLEMENT
BTXN9414194553,RZP6434595041,36193.77,2026-07-13,IMPS/RZP6434595041/RAZORPAY SETTLEMENT
BTXN9763943705,RZP8427578361,39425.64,2026-07-02,IMPS/RZP8427578361/RAZORPAY SETTLEMENT
BTXN9642849769,RZP4351439288,10318.81,2026-07-11,IRCTC TICKET BOOKING
BTXN4287709186,RZP8221295771,74460.02,2026-07-06,UPI-RAZORPAY SOFTWARE PVT LTD-RZP8221295771
BTXN7284126881,RZP3736505287,2552.19,2026-07-14,AMAZON RETAIL PAYMENT
BTXN3638017707,RZP1771774810,43644.05,2026-07-08,IMPS/RZP1771774810/RAZORPAY SETTLEMENT
BTXN2915795547,RZP2154459322,43833.95,2026-07-13,RTGS-RZP2154459322-RAZORPAY SOFTWARE PVT LTD
BTXN1590416424,RZP2000025413,7964.75,2026-07-06,RTGS-RZP2000025413-RAZORPAY SOFTWARE PVT LTD
BTXN3791194627,RZP2240231474,68836.55,2026-07-04,IMPS/RZP2240231474/RAZORPAY SETTLEMENT
BTXN2291721810,RZP6850032034,25292.68,2026-07-06,IMPS/RZP6850032034/RAZORPAY SETTLEMENT
BTXN7714625070,rzp9223915042,63925.40,2026-07-14,IMPS/RZP/915042/PAYOUT
BTXN6253032575,RZP6283507492,30860.53,2026-07-11,UPI-RAZORPAY SOFTWARE PVT LTD-RZP6283507492
BTXN8447116347,RZP4300165020,21722.35,2026-07-07,IMPS/RZP4300165020/RAZORPAY SETTLEMENT
BTXN5033402196,RZP4351461655,40510.81,2026-07-15,IMPS/RZP4351461655/RAZORPAY SETTLEMENT
BTXN5649495861,RZP7150116885,59084.44,2026-07-03,NEFT CR-RZP7150116885-RAZORPAY
BTXN7662927609,RZP3925621610,18524.39,2026-07-08,RTGS-RZP3925621610-RAZORPAY SOFTWARE PVT LTD
BTXN8935453301,RZP3176444381,24106.38,2026-07-11,UPI-RAZORPAY SOFTWARE PVT LTD-RZP3176444381
BTXN9436719452,RZP1841099081,2089.14,2026-07-10,NEFT CR-RZP1841099081-RAZORPAY
BTXN7406664514,RZP1996877618,12905.38,2026-07-11,AMAZON RETAIL PAYMENT
BTXN2610572608,RZP7335050473,1277.78,2026-07-10,ZOMATO ONLINE ORDER
BTXN4412435714,RZP9055656081,47915.85,2026-07-10,IMPS/RZP/656801/PAYOUT
BTXN5750333022,RZP6080216977,17491.45,2026-07-15,SWIGGY ORDER PAYMENT
BTXN9837161774,rzp1754159037,16167.34,2026-07-06,IMPS/RZP/159037/PAYOUT
BTXN8329312966,RZP8399580743,70641.31,2026-07-10,RTGS-RZP8399580743-RAZORPAY SOFTWARE PVT LTD
BTXN6191756866,RZP8019246255,50527.21,2026-07-17,UPI-RAZORPAY SETTLEMENT ORDER 246525
BTXN9259570753,RZP8816613101,3550.75,2026-07-07,UPI-RAZORPAY SOFTWARE PVT LTD-RZP8816613101
BTXN4178919460,RZP3381820614,8037.34,2026-07-08,RTGS-RZP3381820614-RAZORPAY SOFTWARE PVT LTD
BTXN6821396356,RZP7770593436,65782.33,2026-07-02,IMPS/RZP7770593436/RAZORPAY SETTLEMENT
BTXN1181025051,RZP2278423218,32430.40,2026-07-12,NEFT CR-RZP2278423218-RAZORPAY
BTXN5587720178,RZP3142811846,34383.19,2026-07-03,IMPS/RZP3142811846/RAZORPAY SETTLEMENT
BTXN8351495111,RZP6643435536,67351.03,2026-07-09,RTGS-RZP6643435536-RAZORPAY SOFTWARE PVT LTD
BTXN5342815588,RZP6186672572,70202.62,2026-07-01,NEFT CR-RZP6186672572-RAZORPAY
BTXN1246332700,RZP2707274830,6612.09,2026-07-15,RTGS-RZP2707274830-RAZORPAY SOFTWARE PVT LTD
BTXN4379745677,RZP4106156846,11877.54,2026-07-15,NEFT CR-RZP4106156846-RAZORPAY
BTXN8294178468,RZP9483870638,65544.27,2026-07-13,UPI-RAZORPAY SOFTWARE PVT LTD-RZP9483870638
BTXN9357444493,RZP2951038709,30457.28,2026-07-09,NEFT CR-RZP2951038709-RAZORPAY
BTXN4589154183,RZP3290101581,47206.51,2026-07-04,NEFT CR-RZP3290101581-RAZORPAY
BTXN4435939407,RZP5945122,11941.64,2026-07-08,NEFT CR RAZORPAY SOFTWARE-122241
BTXN6586462138,RZP9710414928,65934.88,2026-07-06,IMPS/RZP9710414928/RAZORPAY SETTLEMENT
BTXN5891883703,RZP9208556709,9148.65,2026-07-13,RTGS-RZP9208556709-RAZORPAY SOFTWARE PVT LTD
BTXN1498107298,RZP6422668648,69520.98,2026-07-05,IMPS/RZP6422668648/RAZORPAY SETTLEMENT
BTXN3684909206,RZP6733365481,11054.79,2026-07-03,RTGS-RZP6733365481-RAZORPAY SOFTWARE PVT LTD
BTXN7507293214,RZP1024772260,58476.81,2026-07-06,RTGS-RZP1024772260-RAZORPAY SOFTWARE PVT LTD
BTXN5274165660,RZP8461720259,54460.16,2026-07-07,IMPS/RZP8461720259/RAZORPAY SETTLEMENT
BTXN5097308027,RZP3296526984,49957.97,2026-07-14,IMPS/RZP3296526984/RAZORPAY SETTLEMENT
BTXN4478233603,RZP6922377726,37324.99,2026-07-11,UPI-RAZORPAY SOFTWARE PVT LTD-RZP6922377726
BTXN8463699824,RZP7558043192,5991.31,2026-07-08,SALARY CREDIT XYZ CORP
BTXN2148679234,RZP8761956684,63464.06,2026-07-13,UPI-RAZORPAY SOFTWARE PVT LTD-RZP8761956684
BTXN2433131986,RZP4555408315,51218.52,2026-07-09,IMPS/RZP4555408315/RAZORPAY SETTLEMENT
BTXN4711527821,RZP9245155783,50359.30,2026-07-15,IMPS/RZP9245155783/RAZORPAY SETTLEMENT
BTXN9647207780,rzp2966857817,27702.63,2026-07-09,IMPS/RZP/857817/PAYOUT
BTXN1289198179,RZP8159336,45163.17,2026-07-15,NEFT CR RAZORPAY SOFTWARE-336308
BTXN4673147674,RZP2144042218,3516.91,2026-07-07,NETFLIX SUBSCRIPTION
BTXN6208185274,RZP8892593252,40183.03,2026-07-10,RTGS-RZP8892593252-RAZORPAY SOFTWARE PVT LTD
BTXN2606470862,RZP5121529498,18779.77,2026-07-03,UPI-RAZORPAY SOFTWARE PVT LTD-RZP5121529498
BTXN6451830691,RZP3636167678,48191.01,2026-07-14,RTGS-RZP3636167678-RAZORPAY SOFTWARE PVT LTD
BTXN3578494751,RZP2322051984,54150.90,2026-07-06,NEFT CR-RZP2322051984-RAZORPAY
BTXN4750893974,RZP9383349325,43073.74,2026-07-07,IMPS/RZP9383349325/RAZORPAY SETTLEMENT
BTXN9741096919,RZP8789808241,57767.81,2026-07-02,NEFT CR-RZP8789808241-RAZORPAY
BTXN6684569707,RZP6545746648,16550.92,2026-07-03,UPI-RAZORPAY SOFTWARE PVT LTD-RZP6545746648
BTXN7509378369,RZP8030314152,25709.15,2026-07-04,NEFT CR-RZP8030314152-RAZORPAY
BTXN4554005171,RZP1473337600,23222.51,2026-07-10,UPI-RAZORPAY SETTLEMENT ORDER 337600
BTXN9121823188,RZP1260694,31777.28,2026-07-16,NEFT CR RAZORPAY SOFTWARE-694617
BTXN6014783585,RZP1845827901,13709.13,2026-07-01,ZOMATO ONLINE ORDER
BTXN1317196446,RZP2824993617,46931.31,2026-07-02,UPI-RAZORPAY SOFTWARE PVT LTD-RZP2824993617
BTXN7007282752,RZP8194023175,31136.57,2026-07-13,RTGS-RZP8194023175-RAZORPAY SOFTWARE PVT LTD
BTXN2442364344,RZP7057565244,26739.74,2026-07-09,RTGS-RZP7057565244-RAZORPAY SOFTWARE PVT LTD
BTXN2504591799,RZP5713824027,13120.07,2026-07-01,NEFT CR-RZP5713824027-RAZORPAY
BTXN6156714934,RZP8169114430,7182.48,2026-07-08,AMAZON RETAIL PAYMENT
BTXN6244338653,RZP7769342363,43521.87,2026-07-13,IMPS/RZP7769342363/RAZORPAY SETTLEMENT
BTXN1716309186,RZP5783872028,30318.64,2026-07-08,IMPS/RZP5783872028/RAZORPAY SETTLEMENT
BTXN5388591405,RZP1872745172,39956.12,2026-07-06,RTGS-RZP1872745172-RAZORPAY SOFTWARE PVT LTD
BTXN8702200640,RZP4008689653,37435.06,2026-07-01,IMPS/RZP4008689653/RAZORPAY SETTLEMENT
BTXN1130060495,RZP3027554916,31315.98,2026-07-14,UPI-RAZORPAY SOFTWARE PVT LTD-RZP3027554916
BTXN1749459431,RZP5307145891,64451.26,2026-07-03,NEFT CR-RZP5307145891-RAZORPAY
BTXN2179647263,RZP1164438536,56063.76,2026-07-09,NEFT CR-RZP1164438536-RAZORPAY
BTXN8327317741,RZP3859542876,26826.02,2026-07-02,UPI-RAZORPAY SOFTWARE PVT LTD-RZP3859542876
BTXN5792624220,rzp3413477605,39193.53,2026-07-16,NEFT CR RAZORPAY SOFTWARE-477605
BTXN9216029240,RZP7354344304,956.68,2026-07-09,IMPS/RZP7354344304/RAZORPAY SETTLEMENT
BTXN2935570082,RZP7136727,31160.44,2026-07-11,NEFT CR RAZORPAY SOFTWARE-727496
BTXN1037811610,RZP6844582171,16774.17,2026-07-13,RTGS-RZP6844582171-RAZORPAY SOFTWARE PVT LTD
BTXN7019239448,RZP8349671737,40605.32,2026-07-14,RTGS-RZP8349671737-RAZORPAY SOFTWARE PVT LTD
BTXN9116239208,RZP9004124593,23797.19,2026-07-10,NEFT CR-RZP9004124593-RAZORPAY
BTXN3707281860,RZP8673971451,19835.79,2026-07-08,NEFT CR-RZP8673971451-RAZORPAY
BTXN4189376783,RZP3068007538,47226.44,2026-07-15,IMPS/RZP3068007538/RAZORPAY SETTLEMENT
BTXN7902338893,RZP9803662851,6577.82,2026-07-08,RTGS-RZP9803662851-RAZORPAY SOFTWARE PVT LTD
BTXN9422110981,RZP2720627470,47604.30,2026-07-11,UPI-RAZORPAY SOFTWARE PVT LTD-RZP2720627470
BTXN8387095101,RZP2331017102,16623.55,2026-07-03,IMPS/RZP2331017102/RAZORPAY SETTLEMENT
BTXN6046381494,RZP9441556624,65847.23,2026-07-11,RTGS-RZP9441556624-RAZORPAY SOFTWARE PVT LTD
BTXN7871714360,RZP2780507306,1656.99,2026-07-03,IMPS/RZP2780507306/RAZORPAY SETTLEMENT
BTXN7715922660,RZP3032542142,56490.39,2026-07-01,RTGS-RZP3032542142-RAZORPAY SOFTWARE PVT LTD
BTXN2326145831,RZP7634421476,26755.06,2026-07-14,NEFT CR-RZP7634421476-RAZORPAY
BTXN5960026231,RZP6488540612,6043.56,2026-07-07,NEFT CR-RZP6488540612-RAZORPAY
BTXN5122045743,RZP5009619919,64405.70,2026-07-03,NEFT CR-RZP5009619919-RAZORPAY
BTXN1129262174,RZP2460576163,12531.32,2026-07-10,NEFT CR-RZP2460576163-RAZORPAY
BTXN5899537253,rzp5002301661,26347.06,2026-07-10,NEFT CR RAZORPAY SOFTWARE-301661
BTXN9935429720,RZP8252816758,52630.16,2026-07-05,RTGS-RZP8252816758-RAZORPAY SOFTWARE PVT LTD
BTXN6637611254,RZP8510027271,55246.10,2026-07-06,UPI-RAZORPAY SOFTWARE PVT LTD-RZP8510027271
BTXN2900641393,RZP1916493683,7977.31,2026-07-02,RTGS-RZP1916493683-RAZORPAY SOFTWARE PVT LTD
BTXN1429991715,RZP7611994436,57306.42,2026-07-12,NEFT CR-RZP7611994436-RAZORPAY
BTXN7718693233,RZP5067288681,27356.70,2026-07-04,RTGS-RZP5067288681-RAZORPAY SOFTWARE PVT LTD
BTXN3749306425,RZP3112945105,17521.20,2026-07-03,IMPS/RZP3112945105/RAZORPAY SETTLEMENT
BTXN5179528603,RZP7450493016,53346.78,2026-07-07,NEFT CR-RZP7450493016-RAZORPAY
BTXN6644556579,RZP4181592077,34923.56,2026-07-10,RTGS-RZP4181592077-RAZORPAY SOFTWARE PVT LTD
BTXN6312556210,RZP4547789215,24244.44,2026-07-05,RTGS-RZP4547789215-RAZORPAY SOFTWARE PVT LTD
BTXN2374111231,RZP8035033345,60919.96,2026-07-12,UPI-RAZORPAY SOFTWARE PVT LTD-RZP8035033345
BTXN6927597015,RZP3840104345,58093.59,2026-07-02,NEFT CR-RZP3840104345-RAZORPAY
BTXN2259539306,RZP9590781732,45160.13,2026-07-05,RTGS-RZP9590781732-RAZORPAY SOFTWARE PVT LTD
BTXN5564180816,RZP5669676964,3892.82,2026-07-09,IMPS/RZP5669676964/RAZORPAY SETTLEMENT
BTXN8585115498,RZP3289775635,8828.13,2026-07-14,NEFT CR RAZORPAY SOFTWARE-775635
BTXN9047497227,RZP8687015846,58526.89,2026-07-05,UPI-RAZORPAY SOFTWARE PVT LTD-RZP8687015846
BTXN8098813239,RZP2152574890,2841.95,2026-07-07,IMPS/RZP2152574890/RAZORPAY SETTLEMENT
BTXN5289839506,RZP2023176784,68124.59,2026-07-05,IMPS/RZP2023176784/RAZORPAY SETTLEMENT
BTXN8680456210,RZP7512511137,12347.01,2026-07-10,IRCTC TICKET BOOKING
BTXN6613325040,RZP7033387883,22261.60,2026-07-05,NEFT CR-RZP7033387883-RAZORPAY
BTXN6070243272,RZP5488170576,64717.09,2026-07-01,IMPS/RZP5488170576/RAZORPAY SETTLEMENT
BTXN8432430482,RZP8387752295,49435.40,2026-07-07,UPI-RAZORPAY SOFTWARE PVT LTD-RZP8387752295
BTXN8793810968,RZP8279577736,60865.17,2026-07-06,IMPS/RZP8279577736/RAZORPAY SETTLEMENT
BTXN1353434306,rzp9304502200,69505.26,2026-07-09,UPI-RAZORPAY SETTLEMENT ORDER 502200
BTXN6067703428,RZP4217320974,55206.35,2026-07-10,NEFT CR-RZP4217320974-RAZORPAY
BTXN4474242294,RZP4582213302,6204.83,2026-07-01,SALARY CREDIT XYZ CORP
BTXN9623378746,RZP7449607767,59724.03,2026-07-08,UPI-RAZORPAY SOFTWARE PVT LTD-RZP7449607767
BTXN3514604433,RZP7790041807,62911.04,2026-07-11,RTGS-RZP7790041807-RAZORPAY SOFTWARE PVT LTD
BTXN2315443813,RZP6732546435,48767.16,2026-07-02,NEFT CR-RZP6732546435-RAZORPAY
BTXN7508461289,RZP7614024489,15405.74,2026-07-07,IMPS/RZP7614024489/RAZORPAY SETTLEMENT
BTXN2351531223,RZP4529615275,60475.91,2026-07-07,IMPS/RZP4529615275/RAZORPAY SETTLEMENT
BTXN8658778475,RZP9288340525,6741.58,2026-07-03,NEFT CR-RZP9288340525-RAZORPAY
BTXN4424547133,RZP1199399060,71517.22,2026-07-04,RTGS-RZP1199399060-RAZORPAY SOFTWARE PVT LTD
BTXN8867986271,RZP9299757653,33447.19,2026-07-09,RTGS-RZP9299757653-RAZORPAY SOFTWARE PVT LTD
BTXN9965458410,RZP8274993556,12370.84,2026-07-10,ELECTRICITY BILL AUTOPAY
BTXN4825491742,RZP7808135331,53177.47,2026-07-03,UPI-RAZORPAY SOFTWARE PVT LTD-RZP7808135331
BTXN2969827797,RZP2088766007,47698.81,2026-07-09,IMPS/RZP2088766007/RAZORPAY SETTLEMENT
BTXN1115993340,rzp2817333546,37883.07,2026-07-16,UPI-RAZORPAY SETTLEMENT ORDER 333546
BTXN2777734091,RZP2477770938,38623.64,2026-07-11,UPI-RAZORPAY SOFTWARE PVT LTD-RZP2477770938
BTXN2937731978,RZP2339224496,72942.12,2026-07-02,IMPS/RZP2339224496/RAZORPAY SETTLEMENT
BTXN1655845401,RZP5902099884,70437.59,2026-07-14,IMPS/RZP5902099884/RAZORPAY SETTLEMENT
BTXN8340308630,RZP4917150323,72132.73,2026-07-14,NEFT CR-RZP4917150323-RAZORPAY
BTXN9654034196,RZP1973604824,33831.95,2026-07-07,UPI-RAZORPAY SOFTWARE PVT LTD-RZP1973604824
BTXN2079264778,RZP9024171796,5857.70,2026-07-18,UPI-RAZORPAY SETTLEMENT ORDER 171796
BTXN1005236240,RZP3207242242,13025.04,2026-07-13,RTGS-RZP3207242242-RAZORPAY SOFTWARE PVT LTD
BTXN3438069864,RZP8124848677,29024.30,2026-07-10,RTGS-RZP8124848677-RAZORPAY SOFTWARE PVT LTD
BTXN7118988756,RZP6973915016,11441.24,2026-07-14,RTGS-RZP6973915016-RAZORPAY SOFTWARE PVT LTD
BTXN4092870576,RZP1604381788,35642.57,2026-07-03,NEFT CR-RZP1604381788-RAZORPAY
BTXN8835273249,RZP1585320,73631.66,2026-07-08,UPI-RAZORPAY SETTLEMENT ORDER 320794
BTXN1174972955,rzp7197278901,15072.68,2026-07-15,NEFT CR RAZORPAY SOFTWARE-278901
BTXN2357554878,RZP3483131,37860.59,2026-07-19,UPI-RAZORPAY SETTLEMENT ORDER 131209
BTXN8676128752,RZP9212338132,31835.53,2026-07-13,NEFT CR-RZP9212338132-RAZORPAY
BTXN7936488208,RZP9034796944,28446.15,2026-07-04,IMPS/RZP9034796944/RAZORPAY SETTLEMENT
BTXN4661785483,RZP5535691593,47992.12,2026-07-01,IMPS/RZP5535691593/RAZORPAY SETTLEMENT
BTXN3232950452,RZP6887163882,13216.89,2026-07-15,IMPS/RZP6887163882/RAZORPAY SETTLEMENT
BTXN1267429212,RZP1918920620,31407.66,2026-07-06,RTGS-RZP1918920620-RAZORPAY SOFTWARE PVT LTD
BTXN3394039673,RZP1939915527,60406.18,2026-07-12,RTGS-RZP1939915527-RAZORPAY SOFTWARE PVT LTD
BTXN3816872014,RZP5741311316,68759.46,2026-07-11,IMPS/RZP5741311316/RAZORPAY SETTLEMENT
BTXN5473480533,RZP2876873321,42790.57,2026-07-02,RTGS-RZP2876873321-RAZORPAY SOFTWARE PVT LTD
BTXN1612183378,RZP7482463235,66402.66,2026-07-11,RTGS-RZP7482463235-RAZORPAY SOFTWARE PVT LTD
BTXN2833906002,RZP4597184348,47722.19,2026-07-09,IMPS/RZP4597184348/RAZORPAY SETTLEMENT
BTXN3216007663,RZP1740835294,47680.92,2026-07-09,UPI-RAZORPAY SOFTWARE PVT LTD-RZP1740835294
BTXN8679701975,RZP9922180172,62852.01,2026-07-11,RTGS-RZP9922180172-RAZORPAY SOFTWARE PVT LTD
BTXN5034076408,RZP4994825020,37937.49,2026-07-02,RTGS-RZP4994825020-RAZORPAY SOFTWARE PVT LTD
BTXN7823427148,RZP5487388603,34614.06,2026-07-13,NEFT CR-RZP5487388603-RAZORPAY
BTXN7176498363,RZP6635724009,20228.58,2026-07-14,RTGS-RZP6635724009-RAZORPAY SOFTWARE PVT LTD
BTXN9246913870,RZP2671461179,15071.83,2026-07-09,RTGS-RZP2671461179-RAZORPAY SOFTWARE PVT LTD
BTXN5675847285,RZP5206415161,10577.64,2026-07-03,UPI-RAZORPAY SOFTWARE PVT LTD-RZP5206415161
BTXN6126668956,RZP2880993200,67337.43,2026-07-15,IMPS/RZP2880993200/RAZORPAY SETTLEMENT
BTXN6848102525,RZP2707649836,5625.19,2026-07-09,SWIGGY ORDER PAYMENT
BTXN4736152218,RZP4382391143,72756.69,2026-07-15,IMPS/RZP4382391143/RAZORPAY SETTLEMENT
BTXN4412789131,RZP4397349956,18396.87,2026-07-08,RTGS-RZP4397349956-RAZORPAY SOFTWARE PVT LTD
BTXN1322427034,RZP1289405849,72764.13,2026-07-11,NEFT CR-RZP1289405849-RAZORPAY
BTXN7336229400,RZP3483321097,44593.92,2026-07-05,UPI-RAZORPAY SOFTWARE PVT LTD-RZP3483321097
BTXN5437408165,RZP1166098686,15936.88,2026-07-14,NEFT CR-RZP1166098686-RAZORPAY
BTXN8278386581,RZP8157563135,1154.43,2026-07-06,AMAZON RETAIL PAYMENT
BTXN5980378246,RZP6256237941,5562.84,2026-07-06,ZOMATO ONLINE ORDER
BTXN2113957672,RZP1768225924,64582.31,2026-07-08,NEFT CR-RZP1768225924-RAZORPAY
BTXN2933692925,rzp1726472332,29879.47,2026-07-06,NEFT CR RAZORPAY SOFTWARE-472332
BTXN9572619176,RZP6516661865,66712.95,2026-07-13,UPI-RAZORPAY SOFTWARE PVT LTD-RZP6516661865
BTXN2168274876,RZP6328113458,61310.36,2026-07-11,IMPS/RZP6328113458/RAZORPAY SETTLEMENT
BTXN1327361044,RZP9408947410,61051.14,2026-07-09,NEFT CR-RZP9408947410-RAZORPAY
BTXN8832070666,RZP9017739343,44992.55,2026-07-13,NEFT CR-RZP9017739343-RAZORPAY
BTXN4645326145,RZP5076766763,52719.01,2026-07-08,UPI-RAZORPAY SOFTWARE PVT LTD-RZP5076766763
BTXN6477805489,RZP1925528738,6260.27,2026-07-09,NETFLIX SUBSCRIPTION
BTXN3542275995,RZP5762166969,63864.50,2026-07-05,IMPS/RZP5762166969/RAZORPAY SETTLEMENT
BTXN2867314129,RZP3345691473,51395.83,2026-07-10,UPI-RAZORPAY SOFTWARE PVT LTD-RZP3345691473
BTXN4532858338,RZP2308423044,69434.50,2026-07-08,IMPS/RZP2308423044/RAZORPAY SETTLEMENT
BTXN1920266305,RZP6702549932,12256.32,2026-07-16,NEFT CR-RZP6702549932-RAZORPAY
BTXN5312459977,RZP3992203182,4310.64,2026-07-15,UPI-RAZORPAY SOFTWARE PVT LTD-RZP3992203182
BTXN5295224675,RZP4965615534,38549.14,2026-07-13,RTGS-RZP4965615534-RAZORPAY SOFTWARE PVT LTD
BTXN6926328391,RZP3439970171,27101.59,2026-07-13,UPI-RAZORPAY SOFTWARE PVT LTD-RZP3439970171
BTXN4760976605,RZP1668151109,19376.57,2026-07-06,UPI-RAZORPAY SOFTWARE PVT LTD-RZP1668151109
BTXN8597967737,RZP6208403262,67788.44,2026-07-13,NEFT CR-RZP6208403262-RAZORPAY
BTXN7536365904,RZP3621304823,18539.34,2026-07-06,NETFLIX SUBSCRIPTION
BTXN1051457286,RZP9457591461,63433.19,2026-07-03,RTGS-RZP9457591461-RAZORPAY SOFTWARE PVT LTD
BTXN2942167303,RZP1495076257,35157.11,2026-07-11,UPI-RAZORPAY SOFTWARE PVT LTD-RZP1495076257
BTXN9248748373,RZP4224262568,33214.96,2026-07-13,UPI-RAZORPAY SOFTWARE PVT LTD-RZP4224262568
BTXN9817847029,RZP4471642620,39443.38,2026-07-01,RTGS-RZP4471642620-RAZORPAY SOFTWARE PVT LTD
BTXN5955828790,RZP1692900833,55106.75,2026-07-09,IMPS/RZP1692900833/RAZORPAY SETTLEMENT
BTXN7305096451,RZP3272981491,44699.71,2026-07-09,RTGS-RZP3272981491-RAZORPAY SOFTWARE PVT LTD
BTXN4667363718,RZP7618355464,59011.82,2026-07-16,IMPS/RZP/354564/PAYOUT
BTXN6250363569,RZP5617540127,64727.91,2026-07-13,RTGS-RZP5617540127-RAZORPAY SOFTWARE PVT LTD
BTXN4729100207,RZP9136343175,43831.83,2026-07-08,UPI-RAZORPAY SOFTWARE PVT LTD-RZP9136343175
BTXN8629295171,RZP5763568393,71303.82,2026-07-13,UPI-RAZORPAY SOFTWARE PVT LTD-RZP5763568393
BTXN9554080418,RZP8476283500,14061.68,2026-07-14,SALARY CREDIT XYZ CORP
BTXN9454207717,RZP5819946657,26843.06,2026-07-11,RTGS-RZP5819946657-RAZORPAY SOFTWARE PVT LTD
BTXN4601060755,RZP9675693783,9256.74,2026-07-10,NEFT CR-RZP9675693783-RAZORPAY
BTXN3652137746,RZP8025431800,44910.17,2026-07-11,NEFT CR-RZP8025431800-RAZORPAY
BTXN2936764769,RZP9192607518,9776.10,2026-07-11,SALARY CREDIT XYZ CORP
BTXN4502414628,RZP6688737441,52583.28,2026-07-11,IMPS/RZP6688737441/RAZORPAY SETTLEMENT
BTXN3934250362,RZP4387264700,54223.75,2026-07-06,IMPS/RZP4387264700/RAZORPAY SETTLEMENT
BTXN4769194888,RZ4P071483203,2646.49,2026-07-09,UPI-RAZORPAY SETTLEMENT ORDER 483203
BTXN1980386833,RZP9441106275,38860.00,2026-07-15,IMPS/RZP9441106275/RAZORPAY SETTLEMENT
BTXN6222687104,RZP1723271214,55207.86,2026-07-09,UPI-RAZORPAY SOFTWARE PVT LTD-RZP1723271214
BTXN7157811853,RZP6301142665,37233.61,2026-07-03,RTGS-RZP6301142665-RAZORPAY SOFTWARE PVT LTD
BTXN8645367105,RZP2160598266,12546.08,2026-07-10,UPI-RAZORPAY SOFTWARE PVT LTD-RZP2160598266
BTXN4478452088,RZP5642462942,21824.02,2026-07-09,NEFT CR-RZP5642462942-RAZORPAY
BTXN6926717770,RZP7995844776,50402.80,2026-07-10,IMPS/RZP7995844776/RAZORPAY SETTLEMENT
BTXN2755008946,RZP9729982247,12184.56,2026-07-09,IMPS/RZP9729982247/RAZORPAY SETTLEMENT
BTXN6183206363,RZP5325893810,55318.67,2026-07-16,IMPS/RZP5325893810/RAZORPAY SETTLEMENT
BTXN9344648619,RZP5752750352,1184.54,2026-07-14,RTGS-RZP5752750352-RAZORPAY SOFTWARE PVT LTD
BTXN2166115416,RZP3223152638,10172.14,2026-07-09,AMAZON RETAIL PAYMENT
BTXN3508932019,RZP8732686400,10907.10,2026-07-07,RTGS-RZP8732686400-RAZORPAY SOFTWARE PVT LTD
BTXN4887816258,RZP4410033885,26450.88,2026-07-15,RTGS-RZP4410033885-RAZORPAY SOFTWARE PVT LTD
BTXN4753688223,RZP6798421597,24609.22,2026-07-03,RTGS-RZP6798421597-RAZORPAY SOFTWARE PVT LTD
BTXN1898568002,RZP5883953964,46541.97,2026-07-13,NEFT CR-RZP5883953964-RAZORPAY
BTXN2981470996,RZP1211722336,22192.86,2026-07-07,IMPS/RZP1211722336/RAZORPAY SETTLEMENT
BTXN9744984402,RZP8772041834,12254.85,2026-07-02,UPI-RAZORPAY SOFTWARE PVT LTD-RZP8772041834
BTXN9368508491,RZP6977205339,62699.92,2026-07-02,UPI-RAZORPAY SOFTWARE PVT LTD-RZP6977205339
BTXN6922713963,RZP5667181604,66181.52,2026-07-04,RTGS-RZP5667181604-RAZORPAY SOFTWARE PVT LTD
BTXN1059679254,RZP3419187196,17930.01,2026-07-11,ELECTRICITY BILL AUTOPAY
BTXN1445150188,RZP2124566911,21427.32,2026-07-04,UPI-RAZORPAY SOFTWARE PVT LTD-RZP2124566911
BTXN9475960430,RZP6423516654,30071.37,2026-07-02,IMPS/RZP6423516654/RAZORPAY SETTLEMENT
BTXN9948166475,rzp8816311148,2387.00,2026-07-19,IMPS/RZP/311148/PAYOUT
BTXN2287756575,RZP8478301973,52174.71,2026-07-05,UPI-RAZORPAY SOFTWARE PVT LTD-RZP8478301973
BTXN3574056958,RZP3312165922,2752.52,2026-07-12,IRCTC TICKET BOOKING
BTXN1238841913,RZP2055505208,60107.48,2026-07-02,IMPS/RZP2055505208/RAZORPAY SETTLEMENT
BTXN7080024308,RZP8428017178,56272.54,2026-07-11,NEFT CR-RZP8428017178-RAZORPAY
BTXN1147617239,RZP1961163542,7373.89,2026-07-10,IMPS/RZP1961163542/RAZORPAY SETTLEMENT
BTXN3202764162,RZP2716422919,9576.21,2026-07-06,IMPS/RZP2716422919/RAZORPAY SETTLEMENT
BTXN8192642678,RZP5049072489,73972.39,2026-07-04,RTGS-RZP5049072489-RAZORPAY SOFTWARE PVT LTD
BTXN6806497624,RZP6335565073,24209.26,2026-07-14,IMPS/RZP6335565073/RAZORPAY SETTLEMENT
BTXN5966620201,RZP2177603399,26156.54,2026-07-16,NEFT CR-RZP2177603399-RAZORPAY
BTXN4503177707,RZP4124917052,72155.60,2026-07-12,UPI-RAZORPAY SOFTWARE PVT LTD-RZP4124917052
BTXN9354145009,RZP8812538243,28897.16,2026-07-04,RTGS-RZP8812538243-RAZORPAY SOFTWARE PVT LTD
BTXN8945578726,RZP9473385132,13329.91,2026-07-06,IRCTC TICKET BOOKING
BTXN1097083224,RZP6461468295,55772.13,2026-07-08,RTGS-RZP6461468295-RAZORPAY SOFTWARE PVT LTD
BTXN7180242731,RZP4485474748,11330.56,2026-07-05,NEFT CR-RZP4485474748-RAZORPAY
BTXN6698349136,RZP9929329605,69108.90,2026-07-13,NEFT CR-RZP9929329605-RAZORPAY
BTXN3467704659,RZP4317315247,32838.38,2026-07-07,UPI-RAZORPAY SOFTWARE PVT LTD-RZP4317315247
BTXN4305243118,RZP7968536176,26180.19,2026-07-10,RTGS-RZP7968536176-RAZORPAY SOFTWARE PVT LTD
BTXN2406802118,RZP3802615906,64916.06,2026-07-05,NEFT CR-RZP3802615906-RAZORPAY
BTXN4657104313,RZP9878167585,6128.67,2026-07-02,UPI-RAZORPAY SOFTWARE PVT LTD-RZP9878167585
BTXN4584144878,RZP6176403894,52089.88,2026-07-03,NEFT CR-RZP6176403894-RAZORPAY
BTXN7506619703,RZP9758393482,28891.75,2026-07-06,UPI-RAZORPAY SOFTWARE PVT LTD-RZP9758393482
BTXN8702988224,RZP4707665198,6090.39,2026-07-08,IMPS/RZP4707665198/RAZORPAY SETTLEMENT
BTXN8488196081,RZP1515182601,60417.74,2026-07-05,IMPS/RZP1515182601/RAZORPAY SETTLEMENT
BTXN8871197203,RZP9715972310,48936.45,2026-07-11,IMPS/RZP9715972310/RAZORPAY SETTLEMENT
BTXN7170439921,rzp1212395658,63582.69,2026-07-06,NEFT CR RAZORPAY SOFTWARE-395658
BTXN9883514712,RZP4916613219,60481.20,2026-07-15,RTGS-RZP4916613219-RAZORPAY SOFTWARE PVT LTD
BTXN7568377041,RZP8833624009,15267.32,2026-07-10,RTGS-RZP8833624009-RAZORPAY SOFTWARE PVT LTD
BTXN9424128944,RZP5340871252,68509.57,2026-07-08,NEFT CR-RZP5340871252-RAZORPAY
BTXN1985130103,RZP5817727629,65328.53,2026-07-11,NEFT CR-RZP5817727629-RAZORPAY
BTXN7092745048,RZP7956156986,45019.01,2026-07-07,RTGS-RZP7956156986-RAZORPAY SOFTWARE PVT LTD
BTXN3599323158,RZP8527926157,55037.63,2026-07-04,RTGS-RZP8527926157-RAZORPAY SOFTWARE PVT LTD
BTXN1794339400,RZP5488918077,40107.09,2026-07-14,IMPS/RZP5488918077/RAZORPAY SETTLEMENT
BTXN9229682947,RZP5125063457,28045.03,2026-07-04,UPI-RAZORPAY SOFTWARE PVT LTD-RZP5125063457
BTXN4115960020,RZP2201746280,61880.66,2026-07-08,UPI-RAZORPAY SOFTWARE PVT LTD-RZP2201746280
BTXN5644496644,rzp5161308534,51848.41,2026-07-14,IMPS/RZP/308534/PAYOUT
BTXN2661614934,RZP4643521573,24500.81,2026-07-09,NEFT CR-RZP4643521573-RAZORPAY
BTXN3607480835,RZP5937876622,25390.48,2026-07-15,RTGS-RZP5937876622-RAZORPAY SOFTWARE PVT LTD
BTXN5805756498,RZP5632271702,16147.79,2026-07-10,IMPS/RZP5632271702/RAZORPAY SETTLEMENT
BTXN1100965649,RZP8652399740,17131.56,2026-07-14,SALARY CREDIT XYZ CORP
BTXN7525805561,RZP1794764136,37080.35,2026-07-01,IMPS/RZP1794764136/RAZORPAY SETTLEMENT
BTXN5600888364,RZP7941720898,68471.77,2026-07-04,UPI-RAZORPAY SOFTWARE PVT LTD-RZP7941720898
BTXN4990096341,RZP3703359413,3814.76,2026-07-01,RTGS-RZP3703359413-RAZORPAY SOFTWARE PVT LTD
BTXN3812321527,RZP6791496701,63469.85,2026-07-04,IMPS/RZP6791496701/RAZORPAY SETTLEMENT
BTXN5146905025,RZP3504270670,17118.53,2026-07-09,RTGS-RZP3504270670-RAZORPAY SOFTWARE PVT LTD
BTXN1821168870,RZP5190342284,69332.06,2026-07-06,NEFT CR-RZP5190342284-RAZORPAY
BTXN8949725716,RZP1965827580,49214.58,2026-07-04,NEFT CR-RZP1965827580-RAZORPAY
BTXN8463473291,RZP9954402334,55668.12,2026-07-11,UPI-RAZORPAY SOFTWARE PVT LTD-RZP9954402334
BTXN8104030173,RZP9036291986,63026.05,2026-07-09,UPI-RAZORPAY SOFTWARE PVT LTD-RZP9036291986
BTXN8359619163,RZP7533932947,47192.76,2026-07-05,RTGS-RZP7533932947-RAZORPAY SOFTWARE PVT LTD
BTXN2939118223,RZP8357059814,30224.93,2026-07-11,IMPS/RZP8357059814/RAZORPAY SETTLEMENT
BTXN5285100605,RZP6901798608,34998.21,2026-07-11,NEFT CR-RZP6901798608-RAZORPAY
BTXN5293554265,RZP3469569280,19936.79,2026-07-05,NEFT CR-RZP3469569280-RAZORPAY
BTXN2179015897,RZP1966794324,5142.60,2026-07-01,ZOMATO ONLINE ORDER
BTXN1998361776,RZP2326582038,58671.47,2026-07-15,IMPS/RZP2326582038/RAZORPAY SETTLEMENT
BTXN9618271425,RZP7038046278,61384.14,2026-07-06,RTGS-RZP7038046278-RAZORPAY SOFTWARE PVT LTD
BTXN1221612995,RZP9996919595,14976.78,2026-07-12,IMPS/RZP9996919595/RAZORPAY SETTLEMENT
BTXN8974366421,RZP7491377296,63770.30,2026-07-13,UPI-RAZORPAY SOFTWARE PVT LTD-RZP7491377296
BTXN3202811244,RZP9647739388,27427.55,2026-07-05,IMPS/RZP9647739388/RAZORPAY SETTLEMENT
BTXN9774663884,RZP5600750696,11627.11,2026-07-16,NEFT CR-RZP5600750696-RAZORPAY
BTXN4501386912,RZP3705607064,6253.82,2026-07-06,RTGS-RZP3705607064-RAZORPAY SOFTWARE PVT LTD
BTXN6812847915,RZP4508533334,10983.19,2026-07-15,ELECTRICITY BILL AUTOPAY
BTXN3603344259,RZP3661014446,57740.81,2026-07-15,UPI-RAZORPAY SETTLEMENT ORDER 104446
BTXN4629796890,RZP6536866413,2604.99,2026-07-10,RTGS-RZP6536866413-RAZORPAY SOFTWARE PVT LTD
BTXN4270006607,RZP9720321529,30583.50,2026-07-05,RTGS-RZP9720321529-RAZORPAY SOFTWARE PVT LTD
BTXN5848417875,RZP9760630662,4504.66,2026-07-05,RTGS-RZP9760630662-RAZORPAY SOFTWARE PVT LTD
BTXN3834641231,RZP9374232317,58026.68,2026-07-11,IMPS/RZP9374232317/RAZORPAY SETTLEMENT
BTXN5058899988,RZP5278786677,33800.87,2026-07-06,NEFT CR-RZP5278786677-RAZORPAY
BTXN1909142277,RZP8919660330,62890.02,2026-07-13,NEFT CR-RZP8919660330-RAZORPAY
BTXN3906865197,RZP4585285530,47070.88,2026-07-09,NEFT CR-RZP4585285530-RAZORPAY
BTXN2694036518,RZP9948948971,63784.13,2026-07-11,UPI-RAZORPAY SOFTWARE PVT LTD-RZP9948948971
BTXN1076945301,RZP4478949331,16224.59,2026-07-02,IMPS/RZP4478949331/RAZORPAY SETTLEMENT
BTXN1806801100,RZP2332128020,66451.35,2026-07-14,RTGS-RZP2332128020-RAZORPAY SOFTWARE PVT LTD
BTXN4318484616,RZP6068118585,51397.20,2026-07-02,NEFT CR-RZP6068118585-RAZORPAY
BTXN7076445312,RZP6383589803,62939.84,2026-07-14,UPI-RAZORPAY SOFTWARE PVT LTD-RZP6383589803
BTXN1461243650,RZP3147136659,51602.88,2026-07-06,UPI-RAZORPAY SOFTWARE PVT LTD-RZP3147136659
BTXN3608739899,RZP2961846,29352.46,2026-07-10,NEFT CR RAZORPAY SOFTWARE-846071
BTXN2461042543,RZP4095476665,51287.42,2026-07-09,IMPS/RZP4095476665/RAZORPAY SETTLEMENT
BTXN6190246399,RZP9635325734,45018.28,2026-07-06,RTGS-RZP9635325734-RAZORPAY SOFTWARE PVT LTD
BTXN5581784456,RZP1353679498,73885.88,2026-07-11,RTGS-RZP1353679498-RAZORPAY SOFTWARE PVT LTD
BTXN3942727473,RZP3177364747,7184.99,2026-07-14,RTGS-RZP3177364747-RAZORPAY SOFTWARE PVT LTD
BTXN5633745222,RZP7929311813,950.20,2026-07-12,ELECTRICITY BILL AUTOPAY
BTXN6196549896,RZP4887686435,27259.10,2026-07-04,NEFT CR-RZP4887686435-RAZORPAY
BTXN4403596665,RZP8191890793,52840.01,2026-07-07,UPI-RAZORPAY SOFTWARE PVT LTD-RZP8191890793
BTXN6551405716,RZP4708605445,27039.91,2026-07-11,RTGS-RZP4708605445-RAZORPAY SOFTWARE PVT LTD
BTXN7336475003,RZP1202047881,24339.11,2026-07-02,RTGS-RZP1202047881-RAZORPAY SOFTWARE PVT LTD
BTXN1869650095,RZP8003696033,57495.05,2026-07-15,IMPS/RZP8003696033/RAZORPAY SETTLEMENT
BTXN9695123929,RZP3649598315,25098.10,2026-07-16,RTGS-RZP3649598315-RAZORPAY SOFTWARE PVT LTD
BTXN3498937011,RZP9400258852,42234.97,2026-07-05,IMPS/RZP9400258852/RAZORPAY SETTLEMENT
BTXN9770592892,RZP6627671162,24319.05,2026-07-09,UPI-RAZORPAY SOFTWARE PVT LTD-RZP6627671162
BTXN6289870992,RZP6878560310,70682.03,2026-07-10,NEFT CR-RZP6878560310-RAZORPAY
BTXN7094457356,RZP3038822322,4024.79,2026-07-14,SALARY CREDIT XYZ CORP
BTXN7728807064,RZP2942212433,13240.67,2026-07-09,UPI-RAZORPAY SOFTWARE PVT LTD-RZP2942212433
BTXN3946392738,RZP9020706213,49052.06,2026-07-01,NEFT CR-RZP9020706213-RAZORPAY
BTXN7168259697,rzp5533984464,1618.50,2026-07-16,NEFT CR RAZORPAY SOFTWARE-984464
BTXN7646022634,RZP4895449784,64831.90,2026-07-10,IMPS/RZP4895449784/RAZORPAY SETTLEMENT
BTXN9065112088,RZP9189853166,59104.09,2026-07-10,IMPS/RZP9189853166/RAZORPAY SETTLEMENT
BTXN7782933787,RZP2010188178,29133.49,2026-07-15,IMPS/RZP2010188178/RAZORPAY SETTLEMENT
BTXN6877361656,RZP1596412178,45342.23,2026-07-14,IMPS/RZP1596412178/RAZORPAY SETTLEMENT
BTXN2220554463,RZP8000807942,991.47,2026-07-04,IMPS/RZP8000807942/RAZORPAY SETTLEMENT
BTXN7517616549,RZP1856458337,25657.39,2026-07-15,NEFT CR-RZP1856458337-RAZORPAY
BTXN6874470603,RZ4P968039634,70929.51,2026-07-15,UPI-RAZORPAY SETTLEMENT ORDER 039634
BTXN2854440229,RZP4142432955,27420.87,2026-07-06,NEFT CR-RZP4142432955-RAZORPAY
BTXN1098227999,RZP5559260840,35926.35,2026-07-07,IMPS/RZP5559260840/RAZORPAY SETTLEMENT
BTXN7276357387,RZP6909837473,12150.66,2026-07-02,IMPS/RZP6909837473/RAZORPAY SETTLEMENT
BTXN3224241469,RZP3979266089,71200.96,2026-07-12,IMPS/RZP3979266089/RAZORPAY SETTLEMENT
BTXN9749725056,RZP4453343129,13101.07,2026-07-03,ELECTRICITY BILL AUTOPAY
BTXN1555426027,RZP9778256009,46866.18,2026-07-08,IMPS/RZP9778256009/RAZORPAY SETTLEMENT
BTXN7334232115,RZP6990043955,25529.92,2026-07-07,UPI-RAZORPAY SOFTWARE PVT LTD-RZP6990043955
BTXN3299857639,RZP8182394150,10957.43,2026-07-14,ZOMATO ONLINE ORDER
BTXN7293892222,rzp6654396790,39903.39,2026-07-19,UPI-RAZORPAY SETTLEMENT ORDER 396790
BTXN4675851767,RZP1305829255,44732.98,2026-07-03,IMPS/RZP1305829255/RAZORPAY SETTLEMENT
BTXN3607740949,RZP6065016713,15877.66,2026-07-05,ELECTRICITY BILL AUTOPAY
BTXN8516688272,RZP5400183752,52462.70,2026-07-10,NEFT CR-RZP5400183752-RAZORPAY
BTXN2313183696,RZP9986432562,64510.10,2026-07-15,IMPS/RZP9986432562/RAZORPAY SETTLEMENT
BTXN9543384683,RZP4915257665,28590.75,2026-07-12,IMPS/RZP4915257665/RAZORPAY SETTLEMENT
BTXN4274674309,RZP9932185571,67970.63,2026-07-16,IMPS/RZP9932185571/RAZORPAY SETTLEMENT
BTXN5391376335,RZP1400319024,50336.45,2026-07-06,NEFT CR-RZP1400319024-RAZORPAY
BTXN6282822566,RZP4798082747,50078.31,2026-07-09,UPI-RAZORPAY SOFTWARE PVT LTD-RZP4798082747
BTXN7972917113,RZP9083623565,55055.85,2026-07-14,RTGS-RZP9083623565-RAZORPAY SOFTWARE PVT LTD
BTXN6996324107,RZP6826315505,39826.56,2026-07-15,IMPS/RZP6826315505/RAZORPAY SETTLEMENT
BTXN9769778410,RZP3840364562,27782.69,2026-07-14,NEFT CR-RZP3840364562-RAZORPAY
BTXN7387885748,RZP5120004493,11897.80,2026-07-13,UPI-RAZORPAY SOFTWARE PVT LTD-RZP5120004493
BTXN2659077670,RZP6167628255,29598.94,2026-07-15,UPI-RAZORPAY SOFTWARE PVT LTD-RZP6167628255
BTXN2824782506,RZP6528788381,72717.48,2026-07-06,NEFT CR-RZP6528788381-RAZORPAY
BTXN2171149129,RZP3883811315,45544.38,2026-07-15,NEFT CR-RZP3883811315-RAZORPAY
BTXN2983524522,RZP4841584895,46035.38,2026-07-12,IMPS/RZP4841584895/RAZORPAY SETTLEMENT
BTXN5860603268,RZP9475504077,41954.74,2026-07-08,NEFT CR-RZP9475504077-RAZORPAY
BTXN2969844842,RZP2082493,59966.31,2026-07-08,IMPS/RZP/493792/PAYOUT
BTXN8772217610,RZP7630094070,3618.92,2026-07-02,AMAZON RETAIL PAYMENT
BTXN9785127655,RZP8365533826,20502.74,2026-07-17,NEFT CR RAZORPAY SOFTWARE-533286
BTXN2543721751,RZP8488524884,34144.79,2026-07-14,UPI-RAZORPAY SOFTWARE PVT LTD-RZP8488524884
BTXN2595467139,RZP7248258423,50625.71,2026-07-11,IMPS/RZP7248258423/RAZORPAY SETTLEMENT
BTXN9060868202,RZP8975906469,9167.97,2026-07-07,RTGS-RZP8975906469-RAZORPAY SOFTWARE PVT LTD
BTXN1800960335,RZP9066647198,23669.66,2026-07-11,IMPS/RZP9066647198/RAZORPAY SETTLEMENT
BTXN7363729239,RZP1662210977,43259.89,2026-07-15,IMPS/RZP1662210977/RAZORPAY SETTLEMENT
BTXN6174798468,RZP2214679501,63332.78,2026-07-17,IMPS/RZP2214679501/RAZORPAY SETTLEMENT
BTXN3913562981,RZP9880097,66218.28,2026-07-10,NEFT CR RAZORPAY SOFTWARE-097470
BTXN7573691558,RZP5836956044,47011.65,2026-07-10,IMPS/RZP5836956044/RAZORPAY SETTLEMENT
BTXN9147687657,RZP9070061596,51943.27,2026-07-01,RTGS-RZP9070061596-RAZORPAY SOFTWARE PVT LTD
BTXN4884350399,RZP2638481615,67573.89,2026-07-02,IMPS/RZP2638481615/RAZORPAY SETTLEMENT
BTXN9460317054,RZP2319071039,3722.26,2026-07-13,IRCTC TICKET BOOKING
BTXN7741876807,RZP7712397379,45214.08,2026-07-10,UPI-RAZORPAY SOFTWARE PVT LTD-RZP7712397379
BTXN3930066813,RZP2122654120,9317.20,2026-07-14,RTGS-RZP2122654120-RAZORPAY SOFTWARE PVT LTD
BTXN4642739000,RZP1950563860,58726.16,2026-07-18,UPI-RAZORPAY SETTLEMENT ORDER 563860
BTXN7134067952,RZP3652461624,62664.80,2026-07-16,IMPS/RZP3652461624/RAZORPAY SETTLEMENT
BTXN7433112483,RZP8340087066,53161.04,2026-07-17,NEFT CR-RZP8340087066-RAZORPAY
BTXN9922942160,RZP5426543084,60312.38,2026-07-07,NEFT CR-RZP5426543084-RAZORPAY
BTXN1640168066,RZP7494295446,16218.05,2026-07-12,NEFT CR-RZP7494295446-RAZORPAY
BTXN9478916450,RZP8499225600,66239.18,2026-07-13,RTGS-RZP8499225600-RAZORPAY SOFTWARE PVT LTD
BTXN1233723743,RZP2706083530,1236.01,2026-07-01,SALARY CREDIT XYZ CORP
BTXN4116849700,RZP5638675403,50392.57,2026-07-14,RTGS-RZP5638675403-RAZORPAY SOFTWARE PVT LTD
BTXN5887542842,RZP5111730750,34812.51,2026-07-08,IMPS/RZP5111730750/RAZORPAY SETTLEMENT
BTXN3763660892,RZP5854334880,54783.88,2026-07-03,UPI-RAZORPAY SOFTWARE PVT LTD-RZP5854334880
BTXN1105440729,RZP6053619892,51413.61,2026-07-07,IMPS/RZP6053619892/RAZORPAY SETTLEMENT
BTXN9703905715,RZP7831113321,2867.81,2026-07-02,NEFT CR-RZP7831113321-RAZORPAY
BTXN5060606580,RZP6946068612,45720.16,2026-07-05,NEFT CR-RZP6946068612-RAZORPAY
BTXN8864606254,RZP1657953872,40853.09,2026-07-16,IMPS/RZP1657953872/RAZORPAY SETTLEMENT
BTXN9752287341,RZP9921815346,10666.66,2026-07-03,ZOMATO ONLINE ORDER
BTXN4622440617,RZP5769654430,7443.64,2026-07-03,IMPS/RZP5769654430/RAZORPAY SETTLEMENT
BTXN3983274325,RZP6769647208,12992.11,2026-07-10,NEFT CR-RZP6769647208-RAZORPAY
BTXN7434150963,RZP5519448845,27769.04,2026-07-14,IMPS/RZP5519448845/RAZORPAY SETTLEMENT
BTXN6930877646,RZP3066770841,40008.51,2026-07-15,UPI-RAZORPAY SOFTWARE PVT LTD-RZP3066770841
BTXN6735262157,RZP4361704456,18881.25,2026-07-08,ELECTRICITY BILL AUTOPAY
BTXN8914054579,RZP6379159985,54304.67,2026-07-15,RTGS-RZP6379159985-RAZORPAY SOFTWARE PVT LTD
BTXN8724497948,RZP3907968260,17677.01,2026-07-15,ZOMATO ONLINE ORDER
BTXN1883497862,RZP2687430058,16881.68,2026-07-14,IMPS/RZP2687430058/RAZORPAY SETTLEMENT
BTXN2246314947,RZP6026880281,5027.62,2026-07-20,NEFT CR RAZORPAY SOFTWARE-880281
BTXN9818501872,RZP8723612029,2391.20,2026-07-15,ZOMATO ONLINE ORDER
BTXN1164565091,RZP9718344477,67156.40,2026-07-06,RTGS-RZP9718344477-RAZORPAY SOFTWARE PVT LTD
BTXN4657581636,RZP7654315818,17466.58,2026-07-08,RTGS-RZP7654315818-RAZORPAY SOFTWARE PVT LTD
BTXN1888127279,RZP9152644892,16618.33,2026-07-08,RTGS-RZP9152644892-RAZORPAY SOFTWARE PVT LTD
BTXN2529736332,RZP4382093131,43063.17,2026-07-11,RTGS-RZP4382093131-RAZORPAY SOFTWARE PVT LTD
BTXN9930621794,RZP5401342363,924.18,2026-07-03,ELECTRICITY BILL AUTOPAY
BTXN9876116585,RZP8266647006,57256.47,2026-07-14,UPI-RAZORPAY SOFTWARE PVT LTD-RZP8266647006
BTXN9307926537,RZP9660869976,26295.74,2026-07-09,NEFT CR-RZP9660869976-RAZORPAY
BTXN7572690357,RZP7608075864,15114.68,2026-07-09,ZOMATO ONLINE ORDER
BTXN1672609093,RZP3456413958,35586.90,2026-07-05,RTGS-RZP3456413958-RAZORPAY SOFTWARE PVT LTD
BTXN4785988101,RZP5024947275,3609.87,2026-07-05,RTGS-RZP5024947275-RAZORPAY SOFTWARE PVT LTD
BTXN7453869976,RZP3438374587,59395.58,2026-07-09,UPI-RAZORPAY SOFTWARE PVT LTD-RZP3438374587
BTXN4037797608,RZP4318260785,2417.65,2026-07-11,NEFT CR-RZP4318260785-RAZORPAY
BTXN1473117789,RZP1012309827,74545.95,2026-07-01,IMPS/RZP1012309827/RAZORPAY SETTLEMENT
BTXN8203426392,RZP3994931671,28898.70,2026-07-14,IMPS/RZP3994931671/RAZORPAY SETTLEMENT
BTXN8561091314,RZP9598391762,71337.82,2026-07-07,RTGS-RZP9598391762-RAZORPAY SOFTWARE PVT LTD
BTXN4561449985,RZP2142626871,58878.26,2026-07-07,RTGS-RZP2142626871-RAZORPAY SOFTWARE PVT LTD
BTXN9587591204,RZP7313648688,17686.85,2026-07-05,UPI-RAZORPAY SOFTWARE PVT LTD-RZP7313648688
BTXN9930105204,RZP7430586575,48286.17,2026-07-03,NEFT CR-RZP7430586575-RAZORPAY
BTXN9514058772,RZP6631930858,45211.47,2026-07-08,UPI-RAZORPAY SOFTWARE PVT LTD-RZP6631930858
BTXN5640674182,RZP6906278666,50183.94,2026-07-10,UPI-RAZORPAY SOFTWARE PVT LTD-RZP6906278666
BTXN9393655690,RZP8008155097,68500.53,2026-07-11,RTGS-RZP8008155097-RAZORPAY SOFTWARE PVT LTD
BTXN3723205427,RZP3035761595,40243.35,2026-07-03,RTGS-RZP3035761595-RAZORPAY SOFTWARE PVT LTD
BTXN2988248056,RZP5197025938,35254.08,2026-07-08,IMPS/RZP/025938/PAYOUT
BTXN8054836645,RZP4284566868,66220.36,2026-07-10,UPI-RAZORPAY SOFTWARE PVT LTD-RZP4284566868
BTXN7587906813,RZP4143419271,52761.39,2026-07-07,IMPS/RZP4143419271/RAZORPAY SETTLEMENT
BTXN5379428368,RZP1056979211,2528.57,2026-07-01,IRCTC TICKET BOOKING
BTXN6195925054,RZP4085205047,5844.21,2026-07-12,RTGS-RZP4085205047-RAZORPAY SOFTWARE PVT LTD
BTXN4810769828,RZP9602955607,25254.11,2026-07-15,NEFT CR-RZP9602955607-RAZORPAY
BTXN3413691946,RZP5568408912,32581.22,2026-07-10,NEFT CR-RZP5568408912-RAZORPAY
BTXN6817185905,RZP8249091771,15715.71,2026-07-02,RTGS-RZP8249091771-RAZORPAY SOFTWARE PVT LTD
BTXN2412784711,RZP6675458919,54689.18,2026-07-17,UPI-RAZORPAY SETTLEMENT ORDER 458919
BTXN6302473754,RZP5452096335,60140.86,2026-07-13,UPI-RAZORPAY SOFTWARE PVT LTD-RZP5452096335
BTXN4969642559,RZP1969338124,14390.20,2026-07-11,NETFLIX SUBSCRIPTION
BTXN9087861217,RZP2178229686,63651.20,2026-07-01,IMPS/RZP2178229686/RAZORPAY SETTLEMENT
BTXN9841448679,RZP7031946448,33400.45,2026-07-12,UPI-RAZORPAY SOFTWARE PVT LTD-RZP7031946448
BTXN5144708101,rzp9812970890,45252.73,2026-07-09,NEFT CR RAZORPAY SOFTWARE-970890
BTXN7101105835,RZP2015659684,60560.77,2026-07-06,RTGS-RZP2015659684-RAZORPAY SOFTWARE PVT LTD
BTXN9780876228,RZP9473163280,12977.21,2026-07-12,UPI-RAZORPAY SOFTWARE PVT LTD-RZP9473163280
BTXN5396844455,RZP8658110214,71839.32,2026-07-15,UPI-RAZORPAY SOFTWARE PVT LTD-RZP8658110214
BTXN9929525100,RZP7413483748,6971.36,2026-07-03,IMPS/RZP7413483748/RAZORPAY SETTLEMENT
BTXN2386242699,RZP8756270694,67235.63,2026-07-13,NEFT CR-RZP8756270694-RAZORPAY
BTXN7790644835,RZP8995384394,70609.15,2026-07-03,RTGS-RZP8995384394-RAZORPAY SOFTWARE PVT LTD
BTXN5297940640,RZP2791975287,14410.43,2026-07-14,NETFLIX SUBSCRIPTION
BTXN9129654609,RZP3448958180,13893.92,2026-07-09,SWIGGY ORDER PAYMENT
BTXN8572301477,RZP2827176273,45514.04,2026-07-04,UPI-RAZORPAY SOFTWARE PVT LTD-RZP2827176273
BTXN9098746608,RZP2143407986,49136.35,2026-07-01,IMPS/RZP2143407986/RAZORPAY SETTLEMENT
BTXN6523997468,RZP9606223896,61518.38,2026-07-01,RTGS-RZP9606223896-RAZORPAY SOFTWARE PVT LTD
BTXN8017042743,RZP6248368542,69731.72,2026-07-14,UPI-RAZORPAY SOFTWARE PVT LTD-RZP6248368542
BTXN7530860781,RZP4442119003,72723.79,2026-07-06,NEFT CR-RZP4442119003-RAZORPAY
BTXN2655821087,RZP9955017329,38490.48,2026-07-09,NEFT CR-RZP9955017329-RAZORPAY
BTXN6399821276,RZP6631131983,39722.35,2026-07-11,UPI-RAZORPAY SOFTWARE PVT LTD-RZP6631131983
BTXN4348468197,RZP4431924209,57290.31,2026-07-01,UPI-RAZORPAY SOFTWARE PVT LTD-RZP4431924209
BTXN1576957794,RZP7449773997,71679.91,2026-07-02,UPI-RAZORPAY SOFTWARE PVT LTD-RZP7449773997
BTXN1387652480,RZP9462750778,40888.28,2026-07-03,RTGS-RZP9462750778-RAZORPAY SOFTWARE PVT LTD
BTXN4249530777,RZP1176369928,10777.53,2026-07-01,RTGS-RZP1176369928-RAZORPAY SOFTWARE PVT LTD
BTXN1714025422,RZP3505142610,7090.32,2026-07-03,NEFT CR-RZP3505142610-RAZORPAY
BTXN2716826655,RZP9572554684,49801.10,2026-07-08,NEFT CR-RZP9572554684-RAZORPAY
BTXN3984667128,rzp1784337139,2281.66,2026-07-12,UPI-RAZORPAY SETTLEMENT ORDER 337139
BTXN6896586767,RZP7332490,70147.62,2026-07-10,IMPS/RZP/490738/PAYOUT
BTXN8147603712,ZRP4927347350,52836.10,2026-07-11,UPI-RAZORPAY SETTLEMENT ORDER 347350
BTXN4927323476,RZP8265834251,41001.57,2026-07-13,IMPS/RZP8265834251/RAZORPAY SETTLEMENT
BTXN8950685926,RZP7756873738,12069.41,2026-07-15,NEFT CR-RZP7756873738-RAZORPAY
BTXN9161730177,RZP3218489528,558.93,2026-07-10,RTGS-RZP3218489528-RAZORPAY SOFTWARE PVT LTD
BTXN3997331061,RZP9801724134,30239.75,2026-07-02,RTGS-RZP9801724134-RAZORPAY SOFTWARE PVT LTD
BTXN3835463608,RZP1676047395,65071.45,2026-07-15,RTGS-RZP1676047395-RAZORPAY SOFTWARE PVT LTD
BTXN8329147838,RZP8438660579,27389.20,2026-07-03,IMPS/RZP8438660579/RAZORPAY SETTLEMENT
BTXN7782119010,RZP8217660494,42157.08,2026-07-13,NEFT CR-RZP8217660494-RAZORPAY
BTXN5376458227,RZP8518591825,37946.59,2026-07-01,UPI-RAZORPAY SOFTWARE PVT LTD-RZP8518591825
BTXN9803076575,RZP6693657922,52933.33,2026-07-03,RTGS-RZP6693657922-RAZORPAY SOFTWARE PVT LTD
BTXN4455427967,RZP7035793540,63784.03,2026-07-05,NEFT CR-RZP7035793540-RAZORPAY
BTXN6857205431,RZP7467776722,55075.12,2026-07-02,NEFT CR-RZP7467776722-RAZORPAY
BTXN6839359948,RZP3729897436,20753.63,2026-07-13,RTGS-RZP3729897436-RAZORPAY SOFTWARE PVT LTD
BTXN1150210024,RZP2507134625,53346.99,2026-07-10,RTGS-RZP2507134625-RAZORPAY SOFTWARE PVT LTD
BTXN8533889473,RZP2137214462,48681.31,2026-07-07,RTGS-RZP2137214462-RAZORPAY SOFTWARE PVT LTD
BTXN3542132058,RZP3659387720,10517.92,2026-07-05,RTGS-RZP3659387720-RAZORPAY SOFTWARE PVT LTD
BTXN8773071982,RZP2558629876,45131.74,2026-07-02,UPI-RAZORPAY SOFTWARE PVT LTD-RZP2558629876
BTXN7569404479,RZP2991085449,7156.68,2026-07-04,NETFLIX SUBSCRIPTION
BTXN9518642744,RZP3286167917,34859.72,2026-07-06,NEFT CR-RZP3286167917-RAZORPAY
BTXN7804569428,RZP4330754807,33617.71,2026-07-10,RTGS-RZP4330754807-RAZORPAY SOFTWARE PVT LTD
BTXN9127154608,ZRP2607326112,60019.08,2026-07-10,UPI-RAZORPAY SETTLEMENT ORDER 326112
BTXN9059268380,RZP5128358636,7743.83,2026-07-06,NEFT CR-RZP5128358636-RAZORPAY
BTXN7607475590,RZP5262848,21615.73,2026-07-19,IMPS/RZP/848825/PAYOUT
BTXN7660334923,RZP6700521446,29397.53,2026-07-02,UPI-RAZORPAY SOFTWARE PVT LTD-RZP6700521446
BTXN4240098146,RZP6588497489,29315.91,2026-07-13,NEFT CR-RZP6588497489-RAZORPAY
BTXN8579375218,RZP8323766857,14961.05,2026-07-08,RTGS-RZP8323766857-RAZORPAY SOFTWARE PVT LTD
BTXN6379424827,RZP7225596472,10424.64,2026-07-11,NEFT CR-RZP7225596472-RAZORPAY
BTXN4804937484,RZP6719731089,51813.11,2026-07-03,NEFT CR-RZP6719731089-RAZORPAY
BTXN2569910915,RZP5403382034,3931.65,2026-07-04,IMPS/RZP5403382034/RAZORPAY SETTLEMENT
BTXN2128097218,RZP8986617486,58561.63,2026-07-08,NEFT CR-RZP8986617486-RAZORPAY
BTXN9610153064,RZP2885674855,4251.72,2026-07-15,UPI-RAZORPAY SOFTWARE PVT LTD-RZP2885674855
BTXN3199789570,RZP4185950418,13077.31,2026-07-14,UPI-RAZORPAY SOFTWARE PVT LTD-RZP4185950418
BTXN3980291532,RZP5434184881,7751.24,2026-07-03,SALARY CREDIT XYZ CORP
BTXN3293562801,RZP3563549922,25944.98,2026-07-05,UPI-RAZORPAY SOFTWARE PVT LTD-RZP3563549922
BTXN3575422095,RZP1567704691,57873.76,2026-07-05,NEFT CR-RZP1567704691-RAZORPAY
BTXN1060172625,RZP4075819577,19956.50,2026-07-06,NEFT CR-RZP4075819577-RAZORPAY
BTXN1385471614,RZP9267267763,56905.42,2026-07-16,NEFT CR-RZP9267267763-RAZORPAY
BTXN2471982906,RZP6706554814,67142.31,2026-07-10,IMPS/RZP6706554814/RAZORPAY SETTLEMENT
BTXN5707800373,RZP1595351227,34944.07,2026-07-14,IMPS/RZP1595351227/RAZORPAY SETTLEMENT
BTXN8521611445,RZP9876996888,74465.47,2026-07-04,IMPS/RZP9876996888/RAZORPAY SETTLEMENT
BTXN1067534811,RZP1813516620,8084.78,2026-07-06,UPI-RAZORPAY SOFTWARE PVT LTD-RZP1813516620
BTXN1680052083,RZP9456432130,56744.74,2026-07-01,IMPS/RZP9456432130/RAZORPAY SETTLEMENT
BTXN6382393124,RZP2238124744,44204.37,2026-07-15,RTGS-RZP2238124744-RAZORPAY SOFTWARE PVT LTD
BTXN6082544784,RZP3380630664,22929.14,2026-07-02,IMPS/RZP3380630664/RAZORPAY SETTLEMENT
BTXN5725463301,RZP5544439617,59468.47,2026-07-05,IMPS/RZP5544439617/RAZORPAY SETTLEMENT
BTXN4617746359,RZP5772827781,15215.29,2026-07-05,NEFT CR-RZP5772827781-RAZORPAY
BTXN4709911999,RZP3493857758,13254.45,2026-07-10,IMPS/RZP3493857758/RAZORPAY SETTLEMENT
BTXN9973832043,RZP4598759233,10908.58,2026-07-13,NEFT CR-RZP4598759233-RAZORPAY
BTXN7817230416,RZP8282667387,6013.73,2026-07-07,ZOMATO ONLINE ORDER
BTXN6118390397,RZP9176990411,46885.37,2026-07-15,IMPS/RZP9176990411/RAZORPAY SETTLEMENT
BTXN1471832735,RZP3485044295,72816.75,2026-07-07,IMPS/RZP3485044295/RAZORPAY SETTLEMENT
BTXN7038282628,RZP5758939153,63170.82,2026-07-03,UPI-RAZORPAY SOFTWARE PVT LTD-RZP5758939153
BTXN8763170148,RZP5597262809,6356.17,2026-07-11,UPI-RAZORPAY SOFTWARE PVT LTD-RZP5597262809
BTXN7369932435,RZP6415355245,20086.85,2026-07-11,IMPS/RZP6415355245/RAZORPAY SETTLEMENT
BTXN6712958420,RZP4621038626,5578.35,2026-07-14,IRCTC TICKET BOOKING
BTXN6927295160,RZP8188701632,58230.05,2026-07-01,RTGS-RZP8188701632-RAZORPAY SOFTWARE PVT LTD
BTXN9680308246,RZP1171393180,38773.74,2026-07-15,RTGS-RZP1171393180-RAZORPAY SOFTWARE PVT LTD
BTXN5697294726,RZP6199033747,37252.02,2026-07-06,NEFT CR-RZP6199033747-RAZORPAY
BTXN5111877903,rzp1141831430,14890.84,2026-07-10,IMPS/RZP/831430/PAYOUT
BTXN2326878103,rzp5946712383,47021.04,2026-07-14,NEFT CR RAZORPAY SOFTWARE-712383
BTXN2503345838,RZP3156696866,33782.77,2026-07-10,IMPS/RZP3156696866/RAZORPAY SETTLEMENT
BTXN1035048768,RZP5876748776,58045.43,2026-07-04,NEFT CR-RZP5876748776-RAZORPAY
BTXN6158513289,RZP8636532034,12336.88,2026-07-13,RTGS-RZP8636532034-RAZORPAY SOFTWARE PVT LTD
BTXN8007279725,rzp3128062954,21641.29,2026-07-13,NEFT CR RAZORPAY SOFTWARE-062954
BTXN4908108692,RZP6643040635,16783.18,2026-07-10,IMPS/RZP6643040635/RAZORPAY SETTLEMENT
BTXN8992803245,RZP2780884608,3762.41,2026-07-01,NETFLIX SUBSCRIPTION
BTXN8903905660,RZP1937145239,13590.46,2026-07-07,IMPS/RZP1937145239/RAZORPAY SETTLEMENT
BTXN3792920915,RZP7833563240,5317.00,2026-07-03,UPI-RAZORPAY SOFTWARE PVT LTD-RZP7833563240
BTXN3278568261,RZP5794255332,12955.82,2026-07-13,NEFT CR-RZP5794255332-RAZORPAY
BTXN9129156255,RZP1406186139,54645.66,2026-07-11,RTGS-RZP1406186139-RAZORPAY SOFTWARE PVT LTD
BTXN2678085636,RZP3403749684,17802.50,2026-07-03,IMPS/RZP3403749684/RAZORPAY SETTLEMENT
BTXN1919649089,RZP4441236442,14555.69,2026-07-08,RTGS-RZP4441236442-RAZORPAY SOFTWARE PVT LTD
BTXN5047265986,RZP4586469023,2923.42,2026-07-12,IMPS/RZP4586469023/RAZORPAY SETTLEMENT
BTXN9457072430,RZP4133766146,49842.36,2026-07-09,RTGS-RZP4133766146-RAZORPAY SOFTWARE PVT LTD
BTXN8215510418,RZ6P578347436,49443.50,2026-07-17,IMPS/RZP/347436/PAYOUT
BTXN6109798289,RZP5503189847,19830.74,2026-07-13,NETFLIX SUBSCRIPTION
BTXN3043054262,RZP8894783888,10662.91,2026-07-07,UPI-RAZORPAY SOFTWARE PVT LTD-RZP8894783888
BTXN3364953660,RZP8632526909,7498.64,2026-07-09,ELECTRICITY BILL AUTOPAY
BTXN5384772366,RZP3195478768,23672.90,2026-07-16,IMPS/RZP3195478768/RAZORPAY SETTLEMENT
BTXN3499610004,RZP8548620154,13019.79,2026-07-06,NEFT CR-RZP8548620154-RAZORPAY
BTXN3521503773,RZP6636109871,36683.37,2026-07-07,NEFT CR-RZP6636109871-RAZORPAY
BTXN5921331541,RZP9199494107,1162.13,2026-07-02,SALARY CREDIT XYZ CORP
BTXN7888791835,RZP2436908247,3630.90,2026-07-03,NEFT CR-RZP2436908247-RAZORPAY
BTXN2406080225,RZP3738458510,9088.24,2026-07-15,RTGS-RZP3738458510-RAZORPAY SOFTWARE PVT LTD
BTXN9527458417,RZP2793250554,15406.52,2026-07-15,NEFT CR-RZP2793250554-RAZORPAY
BTXN9849116516,RZP4334394937,25632.64,2026-07-07,NEFT CR-RZP4334394937-RAZORPAY
BTXN3237646664,RZP6928272956,16025.94,2026-07-01,NEFT CR-RZP6928272956-RAZORPAY
BTXN9214926184,RZP4943605671,1340.82,2026-07-03,ATM WDL HYD
BTXN5583024726,RZP2842895475,39502.46,2026-07-05,RTGS-RZP2842895475-RAZORPAY SOFTWARE PVT LTD
BTXN3858482846,RZP6463653220,70407.92,2026-07-09,UPI-RAZORPAY SOFTWARE PVT LTD-RZP6463653220
BTXN5497154265,RZP7020642055,53787.51,2026-07-14,UPI-RAZORPAY SOFTWARE PVT LTD-RZP7020642055
BTXN4659740195,RZP4843798780,70461.21,2026-07-11,NEFT CR-RZP4843798780-RAZORPAY
BTXN2329963930,RZP4072187789,22761.04,2026-07-04,UPI-RAZORPAY SOFTWARE PVT LTD-RZP4072187789
BTXN3457877922,RZP1096405016,3714.25,2026-07-10,NEFT CR-RZP1096405016-RAZORPAY
BTXN1322104832,RZP2743938438,27567.30,2026-07-01,UPI-RAZORPAY SOFTWARE PVT LTD-RZP2743938438
BTXN2599153310,RZP2294608642,64142.42,2026-07-03,RTGS-RZP2294608642-RAZORPAY SOFTWARE PVT LTD
BTXN7959722326,RZP5384859239,63619.73,2026-07-08,UPI-RAZORPAY SOFTWARE PVT LTD-RZP5384859239
BTXN2555084162,RZP4549253022,4475.32,2026-07-05,AMAZON RETAIL PAYMENT
BTXN2738818909,RZP8870550056,17164.73,2026-07-12,ZOMATO ONLINE ORDER
BTXN1787405993,RZP9516763729,64983.49,2026-07-10,RTGS-RZP9516763729-RAZORPAY SOFTWARE PVT LTD
BTXN1471533217,RZP8382101512,69221.82,2026-07-14,NEFT CR-RZP8382101512-RAZORPAY
BTXN6520672499,RZP6135803490,67395.65,2026-07-07,UPI-RAZORPAY SOFTWARE PVT LTD-RZP6135803490
BTXN7035630243,RZP7449792262,73708.73,2026-07-10,NEFT CR-RZP7449792262-RAZORPAY
BTXN3679121703,RZP4854570434,17339.71,2026-07-07,IMPS/RZP4854570434/RAZORPAY SETTLEMENT
BTXN7780484666,RZP4444516981,62703.59,2026-07-09,IMPS/RZP4444516981/RAZORPAY SETTLEMENT
BTXN6416613984,RZP7543255972,63933.13,2026-07-04,UPI-RAZORPAY SOFTWARE PVT LTD-RZP7543255972
BTXN1500273103,RZP7747581391,19947.33,2026-07-05,RTGS-RZP7747581391-RAZORPAY SOFTWARE PVT LTD
BTXN5533002422,RZP8396190572,64904.75,2026-07-04,UPI-RAZORPAY SOFTWARE PVT LTD-RZP8396190572
BTXN7838460497,RZP7150970643,2674.82,2026-07-10,NEFT CR-RZP7150970643-RAZORPAY
BTXN6208042378,RZP3900443486,18408.93,2026-07-03,IMPS/RZP3900443486/RAZORPAY SETTLEMENT
BTXN1034030021,RZP9720528520,14542.53,2026-07-08,ELECTRICITY BILL AUTOPAY
BTXN8897474212,RZP2590300323,8142.95,2026-07-15,UPI-RAZORPAY SOFTWARE PVT LTD-RZP2590300323
BTXN9333798503,RZP7049001493,30478.83,2026-07-05,NEFT CR-RZP7049001493-RAZORPAY
BTXN2627266504,RZP8781158965,63164.74,2026-07-05,RTGS-RZP8781158965-RAZORPAY SOFTWARE PVT LTD
BTXN2891108423,RZP5352345599,43449.13,2026-07-06,IMPS/RZP5352345599/RAZORPAY SETTLEMENT
BTXN6724617326,RZP3228402372,2874.67,2026-07-15,RTGS-RZP3228402372-RAZORPAY SOFTWARE PVT LTD
BTXN4238458647,RZP2373782379,25315.41,2026-07-09,RTGS-RZP2373782379-RAZORPAY SOFTWARE PVT LTD
BTXN1558605632,RZP9351054360,53284.17,2026-07-11,NEFT CR-RZP9351054360-RAZORPAY
BTXN9649664137,RZP3338860636,50721.09,2026-07-17,NEFT CR RAZORPAY SOFTWARE-680636
BTXN4840747561,RZP4570796724,63194.98,2026-07-09,IMPS/RZP4570796724/RAZORPAY SETTLEMENT
BTXN8342194636,RZP1504652258,6167.53,2026-07-16,IMPS/RZP1504652258/RAZORPAY SETTLEMENT
BTXN2910451341,RZP1839522247,21642.52,2026-07-13,UPI-RAZORPAY SOFTWARE PVT LTD-RZP1839522247
BTXN4414819666,RZP2581958416,74835.16,2026-07-02,IMPS/RZP2581958416/RAZORPAY SETTLEMENT
BTXN1570934817,RZP6622840063,1049.07,2026-07-02,NEFT CR-RZP6622840063-RAZORPAY
BTXN2223641067,RZP6012792578,69975.86,2026-07-13,NEFT CR-RZP6012792578-RAZORPAY
BTXN3694092489,RZP3350677102,48250.07,2026-07-14,UPI-RAZORPAY SOFTWARE PVT LTD-RZP3350677102
BTXN8162607486,RPZ4957772980,61132.77,2026-07-16,UPI-RAZORPAY SETTLEMENT ORDER 772980
BTXN6133185777,RZP9709406854,1700.91,2026-07-11,ELECTRICITY BILL AUTOPAY
BTXN9044867887,RZP4977693535,60799.16,2026-07-11,NEFT CR-RZP4977693535-RAZORPAY
BTXN1512351645,RZP7593636642,13900.81,2026-07-11,ELECTRICITY BILL AUTOPAY
BTXN5832130203,RZP8482189081,18315.14,2026-07-03,SALARY CREDIT XYZ CORP
BTXN7490542654,RZP3726964783,16607.53,2026-07-02,SALARY CREDIT XYZ CORP
BTXN2655618998,RZP8776908812,62091.08,2026-07-10,RTGS-RZP8776908812-RAZORPAY SOFTWARE PVT LTD
BTXN2017675569,RZP6423750090,64733.87,2026-07-02,RTGS-RZP6423750090-RAZORPAY SOFTWARE PVT LTD
BTXN6410008356,RZP3385384970,30143.28,2026-07-12,UPI-RAZORPAY SOFTWARE PVT LTD-RZP3385384970
BTXN1493356310,RZP6676452756,13841.02,2026-07-09,AMAZON RETAIL PAYMENT
BTXN5399746066,RZP9653250499,55297.86,2026-07-05,RTGS-RZP9653250499-RAZORPAY SOFTWARE PVT LTD
BTXN5065299908,RZP3363382168,49020.51,2026-07-13,IMPS/RZP3363382168/RAZORPAY SETTLEMENT
BTXN9186391623,RZP8366213307,50356.54,2026-07-04,RTGS-RZP8366213307-RAZORPAY SOFTWARE PVT LTD
BTXN1301797551,RZP1162595922,1009.85,2026-07-02,ELECTRICITY BILL AUTOPAY
BTXN5212023156,RZP8292249558,13942.31,2026-07-06,IMPS/RZP8292249558/RAZORPAY SETTLEMENT
BTXN1775120403,RZP3086876135,22113.42,2026-07-12,NEFT CR-RZP3086876135-RAZORPAY
BTXN8053938684,RZP6082707337,31068.29,2026-07-14,RTGS-RZP6082707337-RAZORPAY SOFTWARE PVT LTD
BTXN8696935879,RZP9194526349,68792.07,2026-07-15,NEFT CR-RZP9194526349-RAZORPAY
BTXN6544472171,RZP8193684225,11435.38,2026-07-05,SWIGGY ORDER PAYMENT
BTXN1329869970,RZP2255903097,45656.23,2026-07-08,UPI-RAZORPAY SOFTWARE PVT LTD-RZP2255903097
BTXN6932792457,RZP7813805509,21488.53,2026-07-11,UPI-RAZORPAY SOFTWARE PVT LTD-RZP7813805509
BTXN5883178329,RZP2563276537,73452.27,2026-07-14,IMPS/RZP2563276537/RAZORPAY SETTLEMENT
BTXN5142378178,RZP9744200646,64355.30,2026-07-07,IMPS/RZP9744200646/RAZORPAY SETTLEMENT
BTXN5482624860,RZP2617999521,12587.42,2026-07-14,NEFT CR-RZP2617999521-RAZORPAY
BTXN9151736001,RZP9272116312,27753.17,2026-07-07,IMPS/RZP9272116312/RAZORPAY SETTLEMENT
BTXN8930416371,RZP8750106575,2041.98,2026-07-02,NEFT CR-RZP8750106575-RAZORPAY
BTXN9984520460,RZP1046163,12609.78,2026-07-20,UPI-RAZORPAY SETTLEMENT ORDER 163618
BTXN5881787012,RZP2354968330,19773.98,2026-07-14,IMPS/RZP2354968330/RAZORPAY SETTLEMENT
BTXN9899234247,RZP1290200059,4815.38,2026-07-06,RTGS-RZP1290200059-RAZORPAY SOFTWARE PVT LTD
BTXN5873604230,RZP4418150911,70178.88,2026-07-01,UPI-RAZORPAY SOFTWARE PVT LTD-RZP4418150911
BTXN6895453160,RZP8394408253,20745.32,2026-07-12,NEFT CR-RZP8394408253-RAZORPAY
BTXN9543672873,RZP9639189838,23683.57,2026-07-03,NEFT CR-RZP9639189838-RAZORPAY
BTXN3749708434,RZP6490579087,3352.03,2026-07-03,RTGS-RZP6490579087-RAZORPAY SOFTWARE PVT LTD
BTXN1292705400,RZP5581970919,21019.30,2026-07-08,NEFT CR-RZP5581970919-RAZORPAY
BTXN1018346290,RZP4171044757,14148.56,2026-07-13,ZOMATO ONLINE ORDER
BTXN7857947709,RZP8387211804,34612.38,2026-07-07,NEFT CR-RZP8387211804-RAZORPAY
BTXN4618424487,RZP6981154148,19227.09,2026-07-12,AMAZON RETAIL PAYMENT
BTXN8079331031,RZP1109458663,70928.09,2026-07-07,UPI-RAZORPAY SOFTWARE PVT LTD-RZP1109458663
BTXN6245361301,RZP2620559122,8172.77,2026-07-02,UPI-RAZORPAY SOFTWARE PVT LTD-RZP2620559122
BTXN5034394737,RZP6532553805,8976.06,2026-07-13,RTGS-RZP6532553805-RAZORPAY SOFTWARE PVT LTD
BTXN1768434922,RZP7739127875,35501.22,2026-07-11,UPI-RAZORPAY SOFTWARE PVT LTD-RZP7739127875
BTXN8252751536,RZP1862725668,53431.79,2026-07-12,IMPS/RZP1862725668/RAZORPAY SETTLEMENT
BTXN3802822089,RZP6652127439,31472.87,2026-07-04,NEFT CR-RZP6652127439-RAZORPAY
BTXN1661486313,RZP8968230609,14549.33,2026-07-03,AMAZON RETAIL PAYMENT
BTXN1220580048,RZP4167238651,11678.45,2026-07-07,RTGS-RZP4167238651-RAZORPAY SOFTWARE PVT LTD
BTXN3755283933,RZP9955231796,38519.94,2026-07-01,RTGS-RZP9955231796-RAZORPAY SOFTWARE PVT LTD
BTXN9346200266,RZP2854739,70525.26,2026-07-14,NEFT CR RAZORPAY SOFTWARE-739500
BTXN7251475142,RZP7258519574,3562.45,2026-07-11,NETFLIX SUBSCRIPTION
BTXN8346681333,RZP5692386503,62501.19,2026-07-06,RTGS-RZP5692386503-RAZORPAY SOFTWARE PVT LTD
BTXN7567569344,RZP1342194370,44313.03,2026-07-09,RTGS-RZP1342194370-RAZORPAY SOFTWARE PVT LTD
BTXN2804437058,RZP1735888343,17227.39,2026-07-10,IMPS/RZP1735888343/RAZORPAY SETTLEMENT
BTXN9484167278,RZP3605585995,23787.40,2026-07-12,IMPS/RZP3605585995/RAZORPAY SETTLEMENT
BTXN1506395539,RZP6982124095,68121.68,2026-07-10,NEFT CR-RZP6982124095-RAZORPAY
BTXN2248163310,RZP9306613605,42527.08,2026-07-08,NEFT CR-RZP9306613605-RAZORPAY
BTXN3700274469,RZP8699841653,21994.93,2026-07-15,RTGS-RZP8699841653-RAZORPAY SOFTWARE PVT LTD
BTXN6539606100,RZP5534979362,21577.37,2026-07-06,IMPS/RZP5534979362/RAZORPAY SETTLEMENT
BTXN6810440613,RZP5014843134,18244.96,2026-07-14,NEFT CR-RZP5014843134-RAZORPAY
BTXN2646992876,RZP4654122,1176.74,2026-07-06,UPI-RAZORPAY SETTLEMENT ORDER 122528
BTXN3676763729,RZP5175019827,29006.16,2026-07-11,IMPS/RZP5175019827/RAZORPAY SETTLEMENT
BTXN1523893241,RZP9457261985,47509.72,2026-07-06,UPI-RAZORPAY SOFTWARE PVT LTD-RZP9457261985
BTXN8145438421,RZP9406724,22152.33,2026-07-11,UPI-RAZORPAY SETTLEMENT ORDER 724626
BTXN1500351882,RZP2786752528,14330.14,2026-07-04,IMPS/RZP2786752528/RAZORPAY SETTLEMENT
BTXN5942367242,RZP2073061710,22077.89,2026-07-15,RTGS-RZP2073061710-RAZORPAY SOFTWARE PVT LTD
BTXN6422984681,RZP7928917961,65433.23,2026-07-03,UPI-RAZORPAY SOFTWARE PVT LTD-RZP7928917961
BTXN6545827794,RZP5723086286,72710.05,2026-07-10,RTGS-RZP5723086286-RAZORPAY SOFTWARE PVT LTD
BTXN8803687947,rzp7181372753,50847.56,2026-07-18,IMPS/RZP/372753/PAYOUT
BTXN7691940818,rzp8889379243,15516.33,2026-07-09,IMPS/RZP/379243/PAYOUT
BTXN8911266259,RZP3383331379,36978.33,2026-07-03,NEFT CR-RZP3383331379-RAZORPAY
BTXN1641099892,RZP4155883619,10004.76,2026-07-11,NEFT CR-RZP4155883619-RAZORPAY
BTXN5128933049,RZP7648345452,70680.20,2026-07-15,NEFT CR-RZP7648345452-RAZORPAY
BTXN2112724127,RZP1572353457,42631.42,2026-07-14,RTGS-RZP1572353457-RAZORPAY SOFTWARE PVT LTD
BTXN5726469899,RZP7074260504,52078.72,2026-07-16,UPI-RAZORPAY SOFTWARE PVT LTD-RZP7074260504
BTXN2432039378,RZP6170325007,67670.72,2026-07-05,IMPS/RZP6170325007/RAZORPAY SETTLEMENT
BTXN4383745999,RZP8910272165,46952.73,2026-07-11,RTGS-RZP8910272165-RAZORPAY SOFTWARE PVT LTD
BTXN1306602396,RZP1902697901,55271.92,2026-07-03,NEFT CR-RZP1902697901-RAZORPAY
BTXN7423991868,RZP7695630064,3165.49,2026-07-05,NEFT CR-RZP7695630064-RAZORPAY
BTXN2113520251,RZP7468164619,48413.74,2026-07-06,UPI-RAZORPAY SOFTWARE PVT LTD-RZP7468164619
BTXN1367642879,RZP1893357935,53614.12,2026-07-09,UPI-RAZORPAY SOFTWARE PVT LTD-RZP1893357935
BTXN1149762119,RZP6132431860,23545.09,2026-07-14,IMPS/RZP6132431860/RAZORPAY SETTLEMENT
BTXN5501023234,RZP3415948515,37651.86,2026-07-09,IMPS/RZP3415948515/RAZORPAY SETTLEMENT
BTXN9119587751,RZP4828384170,5977.96,2026-07-10,RTGS-RZP4828384170-RAZORPAY SOFTWARE PVT LTD
BTXN7484177599,RZP6416785515,48260.04,2026-07-07,NEFT CR-RZP6416785515-RAZORPAY
BTXN8716053742,RZP9012461371,58865.40,2026-07-06,UPI-RAZORPAY SOFTWARE PVT LTD-RZP9012461371
BTXN2293673657,RZP5192846042,10771.16,2026-07-07,UPI-RAZORPAY SOFTWARE PVT LTD-RZP5192846042
BTXN3146433033,RZP1345654340,18215.04,2026-07-01,IMPS/RZP1345654340/RAZORPAY SETTLEMENT
BTXN6932581841,RZP8560936972,44897.87,2026-07-06,IMPS/RZP8560936972/RAZORPAY SETTLEMENT
BTXN7897826389,RZP6049590132,28843.54,2026-07-05,RTGS-RZP6049590132-RAZORPAY SOFTWARE PVT LTD
BTXN4051352176,RZP7259814068,60118.21,2026-07-03,IMPS/RZP7259814068/RAZORPAY SETTLEMENT
BTXN9552538757,RZP1644082961,2563.96,2026-07-13,IMPS/RZP1644082961/RAZORPAY SETTLEMENT
BTXN5580874423,RZP2562562490,16610.56,2026-07-15,NEFT CR-RZP2562562490-RAZORPAY
BTXN5690233579,RZP3193781673,36352.52,2026-07-10,IMPS/RZP3193781673/RAZORPAY SETTLEMENT
BTXN1136346958,RZP8448666187,22392.79,2026-07-04,NEFT CR-RZP8448666187-RAZORPAY
BTXN3371125304,RZP5903423844,64278.35,2026-07-04,NEFT CR-RZP5903423844-RAZORPAY
BTXN4406345733,RZP2392578489,73201.07,2026-07-10,NEFT CR-RZP2392578489-RAZORPAY
BTXN8155676981,RZP9900232480,14748.56,2026-07-09,SALARY CREDIT XYZ CORP
BTXN2345370348,RZP4052666261,30908.73,2026-07-02,UPI-RAZORPAY SOFTWARE PVT LTD-RZP4052666261
BTXN7067923577,RZP4271406666,36180.30,2026-07-05,IMPS/RZP4271406666/RAZORPAY SETTLEMENT
BTXN2241376005,RZP2780831544,44944.53,2026-07-05,IMPS/RZP2780831544/RAZORPAY SETTLEMENT
BTXN3313346852,RZP6606958660,41599.55,2026-07-03,UPI-RAZORPAY SOFTWARE PVT LTD-RZP6606958660
BTXN5673534377,RZP9343431931,3310.84,2026-07-05,NEFT CR-RZP9343431931-RAZORPAY
BTXN6994080709,ZRP1240990002,47431.94,2026-07-05,UPI-RAZORPAY SETTLEMENT ORDER 990002
BTXN4266466941,RZP5830470599,5287.55,2026-07-01,NEFT CR-RZP5830470599-RAZORPAY
BTXN5980175479,rzp1702792762,13896.53,2026-07-04,NEFT CR RAZORPAY SOFTWARE-792762
BTXN9458367501,RZP8876886954,6857.06,2026-07-08,IRCTC TICKET BOOKING
BTXN7650482816,RZP2405491983,12000.04,2026-07-14,AMAZON RETAIL PAYMENT
BTXN7436149960,RZP1063882570,38371.75,2026-07-14,NEFT CR-RZP1063882570-RAZORPAY
BTXN3486607709,RZP3977267325,24463.86,2026-07-14,NEFT CR-RZP3977267325-RAZORPAY
BTXN1866364653,RZP4405796467,30811.56,2026-07-15,NEFT CR-RZP4405796467-RAZORPAY
BTXN2298997122,RZP7039957787,23601.99,2026-07-14,RTGS-RZP7039957787-RAZORPAY SOFTWARE PVT LTD
BTXN7919285522,RZP9397902427,21880.34,2026-07-16,NEFT CR-RZP9397902427-RAZORPAY
BTXN2968745166,RZP7257914651,62909.04,2026-07-04,IMPS/RZP7257914651/RAZORPAY SETTLEMENT
BTXN8494073900,RZP4517213563,25905.17,2026-07-12,NEFT CR-RZP4517213563-RAZORPAY
BTXN3139443465,RZP8427644,5381.12,2026-07-19,UPI-RAZORPAY SETTLEMENT ORDER 644763
BTXN4934496107,RZP6130310284,42912.47,2026-07-07,NEFT CR-RZP6130310284-RAZORPAY
BTXN9481100521,RZP6552194255,16920.14,2026-07-15,NEFT CR-RZP6552194255-RAZORPAY
BTXN3095318649,RZP2602884797,46528.73,2026-07-11,RTGS-RZP2602884797-RAZORPAY SOFTWARE PVT LTD
BTXN3431702140,RZP4396825966,12936.67,2026-07-05,NEFT CR-RZP4396825966-RAZORPAY
BTXN9117526155,rzp7098599458,23023.86,2026-07-18,IMPS/RZP/599458/PAYOUT
BTXN9145012813,RZP5669015536,62510.38,2026-07-09,RTGS-RZP5669015536-RAZORPAY SOFTWARE PVT LTD
BTXN3500227241,RZP4255914897,46035.94,2026-07-13,UPI-RAZORPAY SOFTWARE PVT LTD-RZP4255914897
BTXN9783583943,RZP9938997287,4730.46,2026-07-08,NEFT CR-RZP9938997287-RAZORPAY
BTXN1058377860,RZP8671568466,2366.87,2026-07-11,UPI-RAZORPAY SOFTWARE PVT LTD-RZP8671568466
BTXN9487551059,RZP4903144440,55632.82,2026-07-01,NEFT CR-RZP4903144440-RAZORPAY
BTXN4023338969,RZP3326593388,42988.97,2026-07-13,NEFT CR-RZP3326593388-RAZORPAY
BTXN3533603956,RZP1431261655,18366.70,2026-07-07,IMPS/RZP1431261655/RAZORPAY SETTLEMENT
BTXN6913950851,rzp1619482856,35593.79,2026-07-16,UPI-RAZORPAY SETTLEMENT ORDER 482856
BTXN5421051452,RZP8390631634,12938.74,2026-07-03,IMPS/RZP8390631634/RAZORPAY SETTLEMENT
BTXN5993358302,RZP5926890511,51228.77,2026-07-09,IMPS/RZP5926890511/RAZORPAY SETTLEMENT
BTXN8544220159,RZ9P662348994,28215.29,2026-07-11,NEFT CR RAZORPAY SOFTWARE-348994
BTXN7270797916,RZP8199747416,2507.63,2026-07-14,NETFLIX SUBSCRIPTION
BTXN9169543824,RZP1991999034,20980.12,2026-07-12,RTGS-RZP1991999034-RAZORPAY SOFTWARE PVT LTD
BTXN3116947822,RZP5571258074,18749.62,2026-07-13,NETFLIX SUBSCRIPTION
BTXN4649109824,RZP5025534,55001.83,2026-07-19,UPI-RAZORPAY SETTLEMENT ORDER 534662
BTXN4965904930,RZP6128335271,19353.94,2026-07-02,ZOMATO ONLINE ORDER
BTXN2268578598,RZP9241356427,29166.76,2026-07-15,RTGS-RZP9241356427-RAZORPAY SOFTWARE PVT LTD
BTXN2120193085,RZP9084031052,38266.29,2026-07-06,RTGS-RZP9084031052-RAZORPAY SOFTWARE PVT LTD
BTXN2670817331,RZP9551744392,26430.40,2026-07-13,NEFT CR-RZP9551744392-RAZORPAY
BTXN2567092504,RZP9373934414,52104.16,2026-07-14,RTGS-RZP9373934414-RAZORPAY SOFTWARE PVT LTD
BTXN4060132759,RZP1338882832,72897.95,2026-07-15,NEFT CR-RZP1338882832-RAZORPAY
BTXN2468055063,RZP5438474114,1995.81,2026-07-05,UPI-RAZORPAY SOFTWARE PVT LTD-RZP5438474114
BTXN8893268422,RZP4566526494,29773.03,2026-07-02,IMPS/RZP4566526494/RAZORPAY SETTLEMENT
BTXN2576137883,RZP7976167764,70683.45,2026-07-12,IMPS/RZP7976167764/RAZORPAY SETTLEMENT
BTXN4218845963,RZP2213756353,15293.69,2026-07-15,UPI-RAZORPAY SOFTWARE PVT LTD-RZP2213756353
BTXN7567013597,RZP3961484472,6277.35,2026-07-12,IMPS/RZP3961484472/RAZORPAY SETTLEMENT
BTXN3172384206,RZP6556177919,36714.94,2026-07-14,UPI-RAZORPAY SOFTWARE PVT LTD-RZP6556177919
BTXN5823732987,RZP1110146803,74262.45,2026-07-15,UPI-RAZORPAY SOFTWARE PVT LTD-RZP1110146803
BTXN7455461147,RZP9165341108,2735.96,2026-07-14,NEFT CR-RZP9165341108-RAZORPAY
BTXN6242173772,RZP6805759868,56633.90,2026-07-14,RTGS-RZP6805759868-RAZORPAY SOFTWARE PVT LTD
BTXN6722130298,RZP4592808397,6550.46,2026-07-09,RTGS-RZP4592808397-RAZORPAY SOFTWARE PVT LTD
BTXN5742042850,RZP5855505105,54307.59,2026-07-14,RTGS-RZP5855505105-RAZORPAY SOFTWARE PVT LTD
BTXN4775955984,RZP5336031,39454.86,2026-07-05,UPI-RAZORPAY SETTLEMENT ORDER 031786
BTXN6241114360,RZP5979055601,52241.50,2026-07-13,RTGS-RZP5979055601-RAZORPAY SOFTWARE PVT LTD
BTXN8055045947,RZP1167936422,21174.25,2026-07-02,UPI-RAZORPAY SOFTWARE PVT LTD-RZP1167936422
BTXN5806950413,RZP3191123153,42356.51,2026-07-15,UPI-RAZORPAY SOFTWARE PVT LTD-RZP3191123153
BTXN1507514952,RZP1495019872,7257.13,2026-07-15,NEFT CR-RZP1495019872-RAZORPAY
BTXN5775523824,RZP5492615,29536.09,2026-07-15,NEFT CR RAZORPAY SOFTWARE-615715
BTXN8353982445,RZP8129370857,29474.39,2026-07-05,UPI-RAZORPAY SOFTWARE PVT LTD-RZP8129370857
BTXN1639076194,RZP8345945238,23890.27,2026-07-06,RTGS-RZP8345945238-RAZORPAY SOFTWARE PVT LTD
BTXN5072937201,RZP5788478677,5241.33,2026-07-01,IMPS/RZP5788478677/RAZORPAY SETTLEMENT
BTXN4604055078,RZP2374515132,66628.83,2026-07-11,RTGS-RZP2374515132-RAZORPAY SOFTWARE PVT LTD
BTXN9006346563,RZP5128485075,64909.57,2026-07-06,UPI-RAZORPAY SOFTWARE PVT LTD-RZP5128485075
BTXN6196659034,RZP3396505830,36422.98,2026-07-11,UPI-RAZORPAY SOFTWARE PVT LTD-RZP3396505830
BTXN7447115469,RZP7345078992,1844.63,2026-07-12,AMAZON RETAIL PAYMENT
BTXN3022927661,RZP2345140115,11992.18,2026-07-14,RTGS-RZP2345140115-RAZORPAY SOFTWARE PVT LTD
BTXN3834826984,RZP4077556665,61794.18,2026-07-15,UPI-RAZORPAY SOFTWARE PVT LTD-RZP4077556665
BTXN9362949575,RZP3024163842,69675.26,2026-07-15,UPI-RAZORPAY SOFTWARE PVT LTD-RZP3024163842
BTXN4153626710,RZP1215100541,15939.50,2026-07-05,SWIGGY ORDER PAYMENT
BTXN1018613890,RZP6251077436,18258.24,2026-07-02,ZOMATO ONLINE ORDER
BTXN5691587262,RZP5816024490,9373.77,2026-07-13,UPI-RAZORPAY SOFTWARE PVT LTD-RZP5816024490
BTXN6206282439,RZP2962968,17550.65,2026-07-13,IMPS/RZP/968238/PAYOUT
BTXN9986689848,RZP6933257157,4074.40,2026-07-04,UPI-RAZORPAY SOFTWARE PVT LTD-RZP6933257157
BTXN2159295684,RZP2634106492,4573.04,2026-07-06,RTGS-RZP2634106492-RAZORPAY SOFTWARE PVT LTD
BTXN3454243528,RZP3546395964,29105.01,2026-07-11,RTGS-RZP3546395964-RAZORPAY SOFTWARE PVT LTD
BTXN8637481827,RZP2935930035,63921.02,2026-07-07,IMPS/RZP2935930035/RAZORPAY SETTLEMENT
BTXN4132523616,RZP5763954598,53367.48,2026-07-05,NEFT CR-RZP5763954598-RAZORPAY
BTXN1158803545,RZP5224950031,59798.52,2026-07-15,IMPS/RZP5224950031/RAZORPAY SETTLEMENT
BTXN9433860822,RZP4059299016,15679.57,2026-07-07,RTGS-RZP4059299016-RAZORPAY SOFTWARE PVT LTD
BTXN1181429472,RZP7458527,17543.58,2026-07-06,UPI-RAZORPAY SETTLEMENT ORDER 527770
BTXN1577023334,RZP2177173316,49986.50,2026-07-15,RTGS-RZP2177173316-RAZORPAY SOFTWARE PVT LTD
BTXN9721236816,RZP6553442049,43798.09,2026-07-07,UPI-RAZORPAY SOFTWARE PVT LTD-RZP6553442049
BTXN4368754912,RZP8812592505,57311.10,2026-07-03,IMPS/RZP8812592505/RAZORPAY SETTLEMENT
BTXN3906250434,rzp6727019251,55007.09,2026-07-14,UPI-RAZORPAY SETTLEMENT ORDER 019251
BTXN9463392724,RZP3948595172,31591.33,2026-07-10,NEFT CR-RZP3948595172-RAZORPAY
BTXN4909089385,RZP9920295949,48534.87,2026-07-11,RTGS-RZP9920295949-RAZORPAY SOFTWARE PVT LTD
BTXN2621013168,RZP6237171500,42375.66,2026-07-05,RTGS-RZP6237171500-RAZORPAY SOFTWARE PVT LTD
BTXN4625639863,RZP9089772580,2260.82,2026-07-15,NEFT CR-RZP9089772580-RAZORPAY
BTXN5524065335,RZP2614569295,41050.48,2026-07-04,IMPS/RZP2614569295/RAZORPAY SETTLEMENT
BTXN1038606254,RZP2824247152,63788.07,2026-07-05,RTGS-RZP2824247152-RAZORPAY SOFTWARE PVT LTD
BTXN8746770248,RZP3409618453,16569.29,2026-07-15,RTGS-RZP3409618453-RAZORPAY SOFTWARE PVT LTD
BTXN3030531411,RZP5060938,13354.59,2026-07-16,UPI-RAZORPAY SETTLEMENT ORDER 938850
BTXN9998897973,RZP1395537267,486.25,2026-07-09,SWIGGY ORDER PAYMENT
BTXN5372660943,RZP5433903275,74567.53,2026-07-13,NEFT CR-RZP5433903275-RAZORPAY
BTXN2558767250,RZP1371223702,11990.21,2026-07-04,RTGS-RZP1371223702-RAZORPAY SOFTWARE PVT LTD
BTXN2939564580,rzp1687187319,65842.19,2026-07-16,IMPS/RZP/187319/PAYOUT
BTXN7687360087,RZP7383890366,74527.88,2026-07-13,IMPS/RZP7383890366/RAZORPAY SETTLEMENT
BTXN3753182261,RZP5372809924,38801.85,2026-07-06,UPI-RAZORPAY SOFTWARE PVT LTD-RZP5372809924
BTXN7104729072,RZP3010457133,52096.37,2026-07-06,RTGS-RZP3010457133-RAZORPAY SOFTWARE PVT LTD
BTXN6765749477,RZP1997987680,50085.96,2026-07-09,IMPS/RZP1997987680/RAZORPAY SETTLEMENT
BTXN2414493506,RZP5582425,4331.12,2026-07-11,NEFT CR RAZORPAY SOFTWARE-425501
BTXN5406165428,RZP2736057295,57151.41,2026-07-06,RTGS-RZP2736057295-RAZORPAY SOFTWARE PVT LTD
BTXN8952399097,RZP9367760189,49870.99,2026-07-03,UPI-RAZORPAY SOFTWARE PVT LTD-RZP9367760189
BTXN2906099061,RZP7342531833,73398.37,2026-07-08,NEFT CR-RZP7342531833-RAZORPAY
BTXN5335094763,ZRP3839183551,72895.91,2026-07-09,IMPS/RZP/183551/PAYOUT
BTXN8311074040,RZP3300806132,2714.25,2026-07-09,SWIGGY ORDER PAYMENT
BTXN8645889106,RZP6103578149,60626.46,2026-07-15,UPI-RAZORPAY SOFTWARE PVT LTD-RZP6103578149
BTXN8052072910,RZP6220665395,5649.05,2026-07-06,NEFT CR-RZP6220665395-RAZORPAY
BTXN9650425740,RZP5778781449,12605.82,2026-07-08,IMPS/RZP5778781449/RAZORPAY SETTLEMENT
BTXN3276297510,RZP4039019230,60530.32,2026-07-15,UPI-RAZORPAY SOFTWARE PVT LTD-RZP4039019230
BTXN5433395802,RZP3346569443,74238.29,2026-07-02,NEFT CR-RZP3346569443-RAZORPAY
BTXN5510096245,RZP1301983878,13703.33,2026-07-01,ATM WDL MUM
BTXN5087289769,RZP1535257094,49824.54,2026-07-08,IMPS/RZP1535257094/RAZORPAY SETTLEMENT
BTXN2390587865,RZP1110724913,1607.09,2026-07-13,NEFT CR-RZP1110724913-RAZORPAY
BTXN2766300020,RZP3351978047,50623.74,2026-07-14,UPI-RAZORPAY SOFTWARE PVT LTD-RZP3351978047
BTXN9776319254,RZP9489709081,20871.20,2026-07-14,IMPS/RZP9489709081/RAZORPAY SETTLEMENT
BTXN8687792244,RZP3508628357,56068.46,2026-07-17,UPI-RAZORPAY SOFTWARE PVT LTD-RZP3508628357
BTXN7904444350,RZP5964247971,23106.90,2026-07-07,RTGS-RZP5964247971-RAZORPAY SOFTWARE PVT LTD
BTXN6851007573,RZP7712527946,24368.69,2026-07-12,IMPS/RZP7712527946/RAZORPAY SETTLEMENT
BTXN2221341894,RZP3475678519,21735.25,2026-07-11,UPI-RAZORPAY SOFTWARE PVT LTD-RZP3475678519
BTXN7849472712,RZP7625566268,64382.00,2026-07-08,RTGS-RZP7625566268-RAZORPAY SOFTWARE PVT LTD
BTXN3659574996,RZP5340522065,29102.04,2026-07-13,RTGS-RZP5340522065-RAZORPAY SOFTWARE PVT LTD
BTXN3687831910,RZP6551484064,71614.71,2026-07-05,RTGS-RZP6551484064-RAZORPAY SOFTWARE PVT LTD
BTXN5707489159,RZP4686932034,28553.41,2026-07-07,NEFT CR-RZP4686932034-RAZORPAY
BTXN9870651299,rzp9124910329,24451.96,2026-07-13,IMPS/RZP/910329/PAYOUT
BTXN3659773355,RZP5027928464,6286.72,2026-07-02,UPI-RAZORPAY SOFTWARE PVT LTD-RZP5027928464
BTXN6028554337,RZP3093825472,5369.71,2026-07-02,IMPS/RZP3093825472/RAZORPAY SETTLEMENT
BTXN8667309157,RZP6066611371,11103.71,2026-07-15,SALARY CREDIT XYZ CORP
BTXN5852450204,RZP7012843640,30317.38,2026-07-15,RTGS-RZP7012843640-RAZORPAY SOFTWARE PVT LTD
BTXN8397941018,RZP6673751940,4492.94,2026-07-02,IMPS/RZP6673751940/RAZORPAY SETTLEMENT
BTXN9957734001,RZP1978115726,73689.21,2026-07-10,RTGS-RZP1978115726-RAZORPAY SOFTWARE PVT LTD
BTXN6024947317,RZP4319677548,693.68,2026-07-03,NEFT CR-RZP4319677548-RAZORPAY
BTXN8057994126,RZP7406579219,18446.44,2026-07-05,UPI-RAZORPAY SOFTWARE PVT LTD-RZP7406579219
BTXN9640565939,RZP1616423848,32266.43,2026-07-08,RTGS-RZP1616423848-RAZORPAY SOFTWARE PVT LTD
BTXN7945217063,RZP2774010584,55806.32,2026-07-04,NEFT CR-RZP2774010584-RAZORPAY
BTXN8130361837,RZP7182077478,62819.08,2026-07-11,UPI-RAZORPAY SOFTWARE PVT LTD-RZP7182077478
BTXN1294252306,RZP4719475587,6555.44,2026-07-01,ATM WDL CHN
BTXN1783222522,RZP9229222408,46361.26,2026-07-13,RTGS-RZP9229222408-RAZORPAY SOFTWARE PVT LTD
BTXN4335507486,RZP3172727263,40702.02,2026-07-11,NEFT CR-RZP3172727263-RAZORPAY
BTXN7075558807,RZP9545687374,48096.68,2026-07-11,UPI-RAZORPAY SOFTWARE PVT LTD-RZP9545687374
BTXN8772507191,RZP3327106942,48173.05,2026-07-08,NEFT CR-RZP3327106942-RAZORPAY
BTXN9027831306,rzp4725131667,41035.01,2026-07-16,UPI-RAZORPAY SETTLEMENT ORDER 131667
BTXN8878172281,RZP5502605209,12115.25,2026-07-03,NEFT CR-RZP5502605209-RAZORPAY
BTXN6498957205,RZP2487336194,4226.40,2026-07-15,SALARY CREDIT XYZ CORP
BTXN1599885633,RZP8915657094,55388.88,2026-07-09,IMPS/RZP8915657094/RAZORPAY SETTLEMENT
BTXN7344102709,RZP5106442139,9731.66,2026-07-14,IMPS/RZP5106442139/RAZORPAY SETTLEMENT
BTXN7931600285,RZP3113940020,44997.14,2026-07-04,IMPS/RZP3113940020/RAZORPAY SETTLEMENT
BTXN8549324944,RZP9682559090,29725.28,2026-07-07,RTGS-RZP9682559090-RAZORPAY SOFTWARE PVT LTD
BTXN2137229901,RZP8965482218,53195.04,2026-07-13,UPI-RAZORPAY SOFTWARE PVT LTD-RZP8965482218
BTXN3378238228,RZP1170157299,67523.51,2026-07-04,RTGS-RZP1170157299-RAZORPAY SOFTWARE PVT LTD
BTXN4859121314,RZP5621812162,31602.78,2026-07-01,IMPS/RZP5621812162/RAZORPAY SETTLEMENT
BTXN3868024866,RZP8354027982,54754.53,2026-07-03,UPI-RAZORPAY SOFTWARE PVT LTD-RZP8354027982
BTXN9985983111,RZP2596877240,52587.89,2026-07-11,RTGS-RZP2596877240-RAZORPAY SOFTWARE PVT LTD
BTXN7747730896,RZP4539826734,8789.48,2026-07-06,SWIGGY ORDER PAYMENT
BTXN6273521228,RZP1993540220,2608.86,2026-07-09,NEFT CR-RZP1993540220-RAZORPAY
BTXN7995898924,RZP6116286886,11611.31,2026-07-10,NETFLIX SUBSCRIPTION
BTXN3196545325,RZP1164313410,44944.56,2026-07-06,IMPS/RZP1164313410/RAZORPAY SETTLEMENT
BTXN8162715496,RZP7358555069,22063.95,2026-07-02,RTGS-RZP7358555069-RAZORPAY SOFTWARE PVT LTD
BTXN5311738516,RZP1706906069,45221.34,2026-07-01,IMPS/RZP1706906069/RAZORPAY SETTLEMENT
BTXN7122273318,RZP1063377425,36898.72,2026-07-10,NEFT CR-RZP1063377425-RAZORPAY
BTXN2671174485,RZP3468123887,938.89,2026-07-02,SWIGGY ORDER PAYMENT
BTXN8270308917,RZP3047192106,1208.21,2026-07-11,SWIGGY ORDER PAYMENT
BTXN8675666474,RZP7117754787,25431.07,2026-07-05,RTGS-RZP7117754787-RAZORPAY SOFTWARE PVT LTD
BTXN4462297939,RZP1332951134,3449.55,2026-07-18,UPI-RAZORPAY SETTLEMENT ORDER 951134
BTXN6251254367,RZP2452127464,19300.98,2026-07-07,IMPS/RZP2452127464/RAZORPAY SETTLEMENT
BTXN5654239386,RZP1485852193,5410.41,2026-07-09,IMPS/RZP1485852193/RAZORPAY SETTLEMENT
BTXN1579602009,RZP4493121673,37818.03,2026-07-15,UPI-RAZORPAY SOFTWARE PVT LTD-RZP4493121673
BTXN8358870981,RZP1261903104,21343.31,2026-07-03,RTGS-RZP1261903104-RAZORPAY SOFTWARE PVT LTD
BTXN4582394192,RZP9347090313,71461.02,2026-07-10,RTGS-RZP9347090313-RAZORPAY SOFTWARE PVT LTD
BTXN7445676932,RZP2108351802,54387.25,2026-07-02,NEFT CR-RZP2108351802-RAZORPAY
BTXN8016047783,RZP1016673996,26222.07,2026-07-04,NEFT CR-RZP1016673996-RAZORPAY
BTXN3760063479,RZP7387607079,42915.03,2026-07-10,RTGS-RZP7387607079-RAZORPAY SOFTWARE PVT LTD
BTXN6283839849,RZP9535934,37608.93,2026-07-08,NEFT CR RAZORPAY SOFTWARE-934569
BTXN6323793563,RZP7440774698,43036.76,2026-07-11,UPI-RAZORPAY SOFTWARE PVT LTD-RZP7440774698
BTXN3858148691,RZP5674898592,72664.98,2026-07-05,NEFT CR-RZP5674898592-RAZORPAY
BTXN2521136431,RZP5328166990,56152.55,2026-07-03,NEFT CR-RZP5328166990-RAZORPAY
BTXN1866872555,RZP3724700790,50008.15,2026-07-14,UPI-RAZORPAY SOFTWARE PVT LTD-RZP3724700790
BTXN4999961674,rzp6963598177,46785.57,2026-07-19,IMPS/RZP/598177/PAYOUT
BTXN9195703289,RZP6596147038,19769.35,2026-07-11,UPI-RAZORPAY SOFTWARE PVT LTD-RZP6596147038
BTXN5705042592,RZP4528661143,32922.93,2026-07-10,IMPS/RZP4528661143/RAZORPAY SETTLEMENT
BTXN3736568652,RZP4737041994,12391.50,2026-07-10,ELECTRICITY BILL AUTOPAY
BTXN2985741376,RZP3558378316,10155.67,2026-07-06,NETFLIX SUBSCRIPTION
BTXN7914927480,RZP9508058222,62187.01,2026-07-15,IMPS/RZP9508058222/RAZORPAY SETTLEMENT
BTXN5919398997,RZP6720096105,74756.28,2026-07-15,RTGS-RZP6720096105-RAZORPAY SOFTWARE PVT LTD
BTXN5777461863,RZP1649518377,6368.03,2026-07-12,UPI-RAZORPAY SOFTWARE PVT LTD-RZP1649518377
BTXN4675905639,RZP5650566007,42109.38,2026-07-14,NEFT CR-RZP5650566007-RAZORPAY
BTXN1179414276,RZP8077851013,71825.68,2026-07-01,NEFT CR-RZP8077851013-RAZORPAY
BTXN5354883368,RZP1592652741,7403.60,2026-07-02,NETFLIX SUBSCRIPTION
BTXN8105614604,RZP8077692721,1740.12,2026-07-05,RTGS-RZP8077692721-RAZORPAY SOFTWARE PVT LTD
BTXN1795385507,RZP4530783484,25493.91,2026-07-10,NEFT CR RAZORPAY SOFTWARE-783448
BTXN4272602734,RZP6555540744,12282.75,2026-07-01,IMPS/RZP6555540744/RAZORPAY SETTLEMENT
BTXN3131257551,RZP3023235513,1766.76,2026-07-09,UPI-RAZORPAY SOFTWARE PVT LTD-RZP3023235513
BTXN4116490252,RZP1936269247,38649.02,2026-07-10,RTGS-RZP1936269247-RAZORPAY SOFTWARE PVT LTD
BTXN1647812758,RZP6302109556,25520.64,2026-07-15,UPI-RAZORPAY SOFTWARE PVT LTD-RZP6302109556
BTXN4033209410,RZP4001236185,68506.06,2026-07-11,RTGS-RZP4001236185-RAZORPAY SOFTWARE PVT LTD
BTXN8166179069,RZP5446280742,63256.49,2026-07-07,RTGS-RZP5446280742-RAZORPAY SOFTWARE PVT LTD
BTXN3657068871,RZP1380663681,20401.16,2026-07-13,UPI-RAZORPAY SOFTWARE PVT LTD-RZP1380663681
BTXN1709229698,RZP1073032938,20342.48,2026-07-12,RTGS-RZP1073032938-RAZORPAY SOFTWARE PVT LTD
BTXN1659212199,RZP4969115197,53530.01,2026-07-05,NEFT CR-RZP4969115197-RAZORPAY
BTXN6686039480,RZP5903791119,62469.42,2026-07-07,UPI-RAZORPAY SOFTWARE PVT LTD-RZP5903791119
BTXN2159722915,RZP7063493550,56460.43,2026-07-11,RTGS-RZP7063493550-RAZORPAY SOFTWARE PVT LTD
BTXN6636024977,RZP2537191134,65496.97,2026-07-03,IMPS/RZP2537191134/RAZORPAY SETTLEMENT
BTXN5293309996,rzp7439460189,2819.41,2026-07-17,IMPS/RZP/460189/PAYOUT
BTXN9044718611,RZP3151271937,27338.82,2026-07-06,NEFT CR-RZP3151271937-RAZORPAY
BTXN2456300441,RZP4285857270,19027.68,2026-07-13,ELECTRICITY BILL AUTOPAY
BTXN3920618933,RZP5214600995,14938.06,2026-07-09,SALARY CREDIT XYZ CORP
BTXN3333984251,RZP3694445661,18039.72,2026-07-06,IMPS/RZP3694445661/RAZORPAY SETTLEMENT
BTXN4361440027,RZP5185555500,68795.22,2026-07-07,IMPS/RZP5185555500/RAZORPAY SETTLEMENT
BTXN4397214369,RZP1553223640,63079.36,2026-07-10,NEFT CR-RZP1553223640-RAZORPAY
BTXN1194428960,RZP5085551169,15946.49,2026-07-14,ATM WDL BLR
BTXN6998027918,RZ8P606030911,31080.29,2026-07-10,IMPS/RZP/030911/PAYOUT
BTXN5216823123,RZP6940070601,16750.07,2026-07-04,RTGS-RZP6940070601-RAZORPAY SOFTWARE PVT LTD
BTXN6854191999,RZP5159594821,56331.00,2026-07-03,RTGS-RZP5159594821-RAZORPAY SOFTWARE PVT LTD
BTXN2433400257,RZP5656031325,32644.79,2026-07-03,RTGS-RZP5656031325-RAZORPAY SOFTWARE PVT LTD
BTXN6093465668,RZP7573439658,30173.85,2026-07-02,NEFT CR-RZP7573439658-RAZORPAY
BTXN5666274814,RZP4005591724,29104.21,2026-07-03,NEFT CR-RZP4005591724-RAZORPAY
BTXN3767548002,RZP3933865071,7086.67,2026-07-10,NETFLIX SUBSCRIPTION
BTXN7158856500,RZP1009073541,5195.79,2026-07-09,RTGS-RZP1009073541-RAZORPAY SOFTWARE PVT LTD
BTXN5230873857,RZP8337324204,40384.31,2026-07-02,NEFT CR-RZP8337324204-RAZORPAY
BTXN8288021818,RZP1271208490,11617.86,2026-07-14,NETFLIX SUBSCRIPTION
BTXN6228316278,RZP1665906427,55392.97,2026-07-03,IMPS/RZP1665906427/RAZORPAY SETTLEMENT
BTXN5644953292,RZP9238933863,28614.94,2026-07-04,IMPS/RZP9238933863/RAZORPAY SETTLEMENT
BTXN3946369486,RZP5691501,59029.40,2026-07-14,NEFT CR RAZORPAY SOFTWARE-501928
BTXN7439043910,RZP8337214125,68291.65,2026-07-05,UPI-RAZORPAY SOFTWARE PVT LTD-RZP8337214125
BTXN2646140692,RZP4611071065,11801.87,2026-07-09,IMPS/RZP4611071065/RAZORPAY SETTLEMENT
BTXN4770185521,RZP5872391496,30394.81,2026-07-02,NEFT CR-RZP5872391496-RAZORPAY
BTXN9529261412,RZP5140278209,3294.44,2026-07-11,RTGS-RZP5140278209-RAZORPAY SOFTWARE PVT LTD
BTXN4236294708,RZP4328311457,49205.96,2026-07-06,NEFT CR-RZP4328311457-RAZORPAY
BTXN5343265310,RZP7660345250,35947.07,2026-07-05,IMPS/RZP7660345250/RAZORPAY SETTLEMENT
BTXN4197571301,RZP4437638887,639.10,2026-07-05,UPI-RAZORPAY SOFTWARE PVT LTD-RZP4437638887
BTXN9725510256,RZP6584331165,3595.65,2026-07-02,UPI-RAZORPAY SOFTWARE PVT LTD-RZP6584331165
BTXN9006224548,RZP9561681114,73029.80,2026-07-03,NEFT CR-RZP9561681114-RAZORPAY
BTXN2263796669,RZP3104596714,73430.35,2026-07-14,RTGS-RZP3104596714-RAZORPAY SOFTWARE PVT LTD
BTXN1933058809,RZP7185179917,54321.19,2026-07-11,NEFT CR-RZP7185179917-RAZORPAY
BTXN3845288647,RZP8980116708,5870.18,2026-07-14,IRCTC TICKET BOOKING
BTXN1358664525,RPZ4354544809,38304.60,2026-07-14,UPI-RAZORPAY SETTLEMENT ORDER 544809
BTXN8603048701,RZP3119241634,60683.22,2026-07-05,RTGS-RZP3119241634-RAZORPAY SOFTWARE PVT LTD
BTXN4059529622,RZP6526039325,19886.73,2026-07-01,NETFLIX SUBSCRIPTION
BTXN9656841389,RZP8914309267,5453.95,2026-07-10,SALARY CREDIT XYZ CORP
BTXN5237588145,RZP5910110341,64748.35,2026-07-03,UPI-RAZORPAY SOFTWARE PVT LTD-RZP5910110341
BTXN3560110233,RZP6728850543,47944.09,2026-07-08,IMPS/RZP6728850543/RAZORPAY SETTLEMENT
BTXN9092343193,RZP9871451516,20887.25,2026-07-03,UPI-RAZORPAY SOFTWARE PVT LTD-RZP9871451516
BTXN8031779258,RZP4944085554,31384.42,2026-07-06,RTGS-RZP4944085554-RAZORPAY SOFTWARE PVT LTD
BTXN2430082714,RZP3882767769,70292.34,2026-07-06,IMPS/RZP3882767769/RAZORPAY SETTLEMENT
BTXN4289233844,RZP1338258951,55027.12,2026-07-14,UPI-RAZORPAY SOFTWARE PVT LTD-RZP1338258951
BTXN3485494364,RZP9661038671,15877.22,2026-07-14,NEFT CR-RZP9661038671-RAZORPAY
BTXN2588876294,RZP9185970495,9922.25,2026-07-03,IMPS/RZP9185970495/RAZORPAY SETTLEMENT
BTXN9877849558,RZP1451584316,13751.22,2026-07-01,NETFLIX SUBSCRIPTION
BTXN7329608508,RZP4455292153,25076.06,2026-07-05,NEFT CR-RZP4455292153-RAZORPAY
BTXN5759106123,RZP8875612315,29741.01,2026-07-03,IMPS/RZP8875612315/RAZORPAY SETTLEMENT
BTXN3327719428,RZP9123511358,3668.10,2026-07-13,IMPS/RZP9123511358/RAZORPAY SETTLEMENT
BTXN9424142669,RZP1214160632,9278.15,2026-07-15,RTGS-RZP1214160632-RAZORPAY SOFTWARE PVT LTD
BTXN2893965515,RZP1986647743,16849.74,2026-07-05,RTGS-RZP1986647743-RAZORPAY SOFTWARE PVT LTD
BTXN7627264996,RZP4983661172,21478.45,2026-07-11,IMPS/RZP4983661172/RAZORPAY SETTLEMENT
BTXN1113345362,RZP8834453685,59646.41,2026-07-14,NEFT CR-RZP8834453685-RAZORPAY
BTXN8180384434,RZP5890552715,11958.87,2026-07-09,IRCTC TICKET BOOKING
BTXN1947483284,RZP9953440827,45258.49,2026-07-11,RTGS-RZP9953440827-RAZORPAY SOFTWARE PVT LTD
BTXN8927955472,RZP1953975192,8585.27,2026-07-02,IMPS/RZP1953975192/RAZORPAY SETTLEMENT
BTXN3336176522,RZP7826758231,2026.32,2026-07-07,NEFT CR-RZP7826758231-RAZORPAY
BTXN5982874026,RZP2266700413,41085.36,2026-07-05,UPI-RAZORPAY SOFTWARE PVT LTD-RZP2266700413
BTXN7785534282,RZP7536594567,4796.19,2026-07-09,ZOMATO ONLINE ORDER
BTXN3453948319,RZP2320209324,67127.37,2026-07-14,UPI-RAZORPAY SOFTWARE PVT LTD-RZP2320209324
BTXN9451797194,RZP6312974972,60452.35,2026-07-06,IMPS/RZP6312974972/RAZORPAY SETTLEMENT
BTXN4396320937,RZP5908838558,58137.92,2026-07-15,RTGS-RZP5908838558-RAZORPAY SOFTWARE PVT LTD
BTXN1489894050,RZP4845705,39956.39,2026-07-16,NEFT CR RAZORPAY SOFTWARE-705131
BTXN8270110908,RZP1662976399,35477.05,2026-07-05,IMPS/RZP1662976399/RAZORPAY SETTLEMENT
BTXN9012328127,RZP7881789697,7395.05,2026-07-05,NEFT CR-RZP7881789697-RAZORPAY
BTXN4053473268,RZP5771575572,70240.50,2026-07-05,RTGS-RZP5771575572-RAZORPAY SOFTWARE PVT LTD
BTXN5095507581,RZP6479346740,16907.70,2026-07-01,IMPS/RZP6479346740/RAZORPAY SETTLEMENT
BTXN3711099979,RZP6950837445,43891.24,2026-07-14,IMPS/RZP6950837445/RAZORPAY SETTLEMENT
BTXN7032536684,RZP2143226860,5405.63,2026-07-02,IMPS/RZP2143226860/RAZORPAY SETTLEMENT
BTXN2499569976,RZP4993904710,63703.56,2026-07-03,UPI-RAZORPAY SOFTWARE PVT LTD-RZP4993904710
BTXN7034721527,RZP2236098235,55327.83,2026-07-03,NEFT CR-RZP2236098235-RAZORPAY
BTXN6967995058,RZP2037717924,21334.27,2026-07-11,RTGS-RZP2037717924-RAZORPAY SOFTWARE PVT LTD
BTXN7614865024,RZP2666810156,9511.50,2026-07-07,RTGS-RZP2666810156-RAZORPAY SOFTWARE PVT LTD
BTXN1510289448,RZP2239534867,29282.99,2026-07-08,IMPS/RZP2239534867/RAZORPAY SETTLEMENT
BTXN8887124537,RZP3852060864,33774.43,2026-07-13,IMPS/RZP3852060864/RAZORPAY SETTLEMENT
BTXN8166293834,RZP6275816824,68859.99,2026-07-07,UPI-RAZORPAY SOFTWARE PVT LTD-RZP6275816824
BTXN1051558770,RZP4184843672,17337.16,2026-07-13,AMAZON RETAIL PAYMENT
BTXN6127897303,RZP7190510734,28048.66,2026-07-01,RTGS-RZP7190510734-RAZORPAY SOFTWARE PVT LTD
BTXN4999560451,RZP5738455979,35874.17,2026-07-03,RTGS-RZP5738455979-RAZORPAY SOFTWARE PVT LTD
BTXN5775354694,RZP1824682,57240.88,2026-07-17,UPI-RAZORPAY SETTLEMENT ORDER 682016
BTXN2910289889,RZP8717110306,14863.43,2026-07-11,NEFT CR-RZP8717110306-RAZORPAY
BTXN1834717285,rzp9213240373,8517.60,2026-07-11,IMPS/RZP/240373/PAYOUT
BTXN3559402688,RZP9155693487,11389.04,2026-07-14,NETFLIX SUBSCRIPTION
BTXN7891351401,RZP3792676715,11043.06,2026-07-09,NEFT CR-RZP3792676715-RAZORPAY
BTXN2080507949,RZP6976163118,55421.30,2026-07-11,UPI-RAZORPAY SOFTWARE PVT LTD-RZP6976163118
BTXN6790933752,RZP7977528197,19983.57,2026-07-14,ELECTRICITY BILL AUTOPAY
BTXN2729067297,RZP5318446519,15322.88,2026-07-11,NEFT CR-RZP5318446519-RAZORPAY
BTXN6777521943,RZP5572830027,53623.69,2026-07-01,RTGS-RZP5572830027-RAZORPAY SOFTWARE PVT LTD
BTXN7417592931,RZP4296014364,30543.80,2026-07-08,NEFT CR-RZP4296014364-RAZORPAY
BTXN9190003904,RZP2110840715,58676.49,2026-07-10,UPI-RAZORPAY SOFTWARE PVT LTD-RZP2110840715
BTXN4703586662,RZP6491101304,2606.48,2026-07-02,NETFLIX SUBSCRIPTION
BTXN9684509562,RZP4778863280,65060.12,2026-07-11,NEFT CR-RZP4778863280-RAZORPAY
BTXN7859382984,RZP6467206053,50165.65,2026-07-05,UPI-RAZORPAY SETTLEMENT ORDER 706053
BTXN7517874645,RZP5846349195,10229.67,2026-07-19,UPI-RAZORPAY SETTLEMENT ORDER 341995
BTXN1905248698,RZP1336923353,68447.67,2026-07-14,NEFT CR-RZP1336923353-RAZORPAY
BTXN5371414482,RZP6897585303,26490.43,2026-07-11,NEFT CR-RZP6897585303-RAZORPAY
BTXN1754304440,RZP7723110101,12678.69,2026-07-13,NEFT CR-RZP7723110101-RAZORPAY
BTXN7810370860,RZP5204778700,17795.78,2026-07-06,UPI-RAZORPAY SOFTWARE PVT LTD-RZP5204778700
BTXN5910794683,RZP1014034229,56077.99,2026-07-07,NEFT CR RAZORPAY SOFTWARE-043229
BTXN7166672526,RZP2515215551,1127.34,2026-07-11,IMPS/RZP2515215551/RAZORPAY SETTLEMENT
BTXN5573077595,RZP7550842481,13566.36,2026-07-15,RTGS-RZP7550842481-RAZORPAY SOFTWARE PVT LTD
BTXN6341773484,RZP4685598710,13718.03,2026-07-15,SALARY CREDIT XYZ CORP
BTXN5712495431,RZP3726289216,72126.57,2026-07-13,NEFT CR-RZP3726289216-RAZORPAY
BTXN9487209808,RZP3089304,41066.52,2026-07-08,UPI-RAZORPAY SETTLEMENT ORDER 304032
BTXN9788092523,RZP8096999627,4985.93,2026-07-07,NETFLIX SUBSCRIPTION
BTXN9898781512,RZP1448397977,28225.79,2026-07-01,UPI-RAZORPAY SOFTWARE PVT LTD-RZP1448397977
BTXN2491037125,RZP3756668945,1430.06,2026-07-09,UPI-RAZORPAY SOFTWARE PVT LTD-RZP3756668945
BTXN6387013077,RZP9511885169,8718.08,2026-07-06,ATM WDL HYD
BTXN2074249850,RZP6631354606,26470.25,2026-07-06,UPI-RAZORPAY SOFTWARE PVT LTD-RZP6631354606
BTXN9130004433,RZP4344391456,50578.93,2026-07-07,NEFT CR-RZP4344391456-RAZORPAY
BTXN4268749912,RZP6005817882,65623.91,2026-07-13,IMPS/RZP6005817882/RAZORPAY SETTLEMENT
BTXN1188361043,RZP1490869240,68136.53,2026-07-06,UPI-RAZORPAY SOFTWARE PVT LTD-RZP1490869240
BTXN2280996396,RZP8197537454,11667.82,2026-07-06,NETFLIX SUBSCRIPTION
BTXN6026812916,RZP6201447936,55018.86,2026-07-09,RTGS-RZP6201447936-RAZORPAY SOFTWARE PVT LTD
BTXN9750061667,RZP6191270918,28134.06,2026-07-12,RTGS-RZP6191270918-RAZORPAY SOFTWARE PVT LTD
BTXN1268073083,RZP7443178631,7814.64,2026-07-20,IMPS/RZP/176831/PAYOUT
BTXN5525899856,RZP5083437740,54581.34,2026-07-14,IMPS/RZP5083437740/RAZORPAY SETTLEMENT
BTXN1302291722,RZP9631360576,1501.82,2026-07-13,IMPS/RZP9631360576/RAZORPAY SETTLEMENT
BTXN8201054390,RZP4646282906,16237.65,2026-07-11,RTGS-RZP4646282906-RAZORPAY SOFTWARE PVT LTD
BTXN5777431569,RZP6210307156,31474.22,2026-07-09,IMPS/RZP6210307156/RAZORPAY SETTLEMENT
BTXN3795855101,RZP6500182511,16766.48,2026-07-13,RTGS-RZP6500182511-RAZORPAY SOFTWARE PVT LTD
BTXN8215220203,RZP4990187462,11991.73,2026-07-15,NEFT CR-RZP4990187462-RAZORPAY
BTXN9047336929,RZP5689529608,30177.64,2026-07-04,IMPS/RZP5689529608/RAZORPAY SETTLEMENT
BTXN4371370540,RZP3787042789,54236.80,2026-07-10,RTGS-RZP3787042789-RAZORPAY SOFTWARE PVT LTD
BTXN7161946294,RZP4385765083,23901.47,2026-07-08,UPI-RAZORPAY SOFTWARE PVT LTD-RZP4385765083
BTXN9077650488,RZP7595053479,25257.52,2026-07-09,UPI-RAZORPAY SOFTWARE PVT LTD-RZP7595053479
BTXN9665924481,RZP5171005522,61752.40,2026-07-04,RTGS-RZP5171005522-RAZORPAY SOFTWARE PVT LTD
BTXN9776527376,RZP4900757199,25592.66,2026-07-07,RTGS-RZP4900757199-RAZORPAY SOFTWARE PVT LTD
BTXN2241677412,RZP5892574117,36865.08,2026-07-04,RTGS-RZP5892574117-RAZORPAY SOFTWARE PVT LTD
BTXN7167187803,RZP8474260231,9093.17,2026-07-04,SALARY CREDIT XYZ CORP
BTXN3452511942,RZP2684722305,1551.61,2026-07-10,UPI-RAZORPAY SOFTWARE PVT LTD-RZP2684722305
BTXN6526648468,RZP6694479033,3201.17,2026-07-13,AMAZON RETAIL PAYMENT
BTXN8162155862,RZP6319567867,37168.49,2026-07-06,IMPS/RZP6319567867/RAZORPAY SETTLEMENT
BTXN3628911331,rzp1225235378,55728.06,2026-07-07,IMPS/RZP/235378/PAYOUT
BTXN3950926492,RZP1336517434,4170.33,2026-07-09,UPI-RAZORPAY SOFTWARE PVT LTD-RZP1336517434
BTXN1765713073,RZP9845676228,25024.90,2026-07-12,IMPS/RZP9845676228/RAZORPAY SETTLEMENT
BTXN4302560463,RZP3917289570,19324.13,2026-07-14,SWIGGY ORDER PAYMENT
BTXN9989495548,RZP1724920897,19058.43,2026-07-02,RTGS-RZP1724920897-RAZORPAY SOFTWARE PVT LTD
BTXN9842399805,RZP7858790416,6335.61,2026-07-08,NEFT CR RAZORPAY SOFTWARE-790416
BTXN6902842342,RZP3509269249,19826.88,2026-07-12,RTGS-RZP3509269249-RAZORPAY SOFTWARE PVT LTD
BTXN5387456428,RZP7726537890,45323.85,2026-07-05,NEFT CR-RZP7726537890-RAZORPAY
BTXN3763116394,RZP1465705342,40777.10,2026-07-07,NEFT CR-RZP1465705342-RAZORPAY
BTXN8681497469,RZP5299303003,68478.38,2026-07-02,NEFT CR-RZP5299303003-RAZORPAY
BTXN5558832196,RZP5448393478,19518.43,2026-07-02,UPI-RAZORPAY SOFTWARE PVT LTD-RZP5448393478
BTXN5800364300,RZP2972379077,17343.98,2026-07-14,RTGS-RZP2972379077-RAZORPAY SOFTWARE PVT LTD
BTXN6932365592,RZP4757341777,52474.39,2026-07-07,NEFT CR-RZP4757341777-RAZORPAY
BTXN7756539434,RZP8975841464,52594.79,2026-07-04,UPI-RAZORPAY SOFTWARE PVT LTD-RZP8975841464
BTXN5897467265,RZP9253470372,36255.38,2026-07-12,UPI-RAZORPAY SOFTWARE PVT LTD-RZP9253470372
BTXN3527258525,RZP2590770430,23446.55,2026-07-08,RTGS-RZP2590770430-RAZORPAY SOFTWARE PVT LTD
BTXN3092186967,RZP2907089455,452.29,2026-07-04,AMAZON RETAIL PAYMENT
BTXN4089700309,RZP5025386975,25243.78,2026-07-03,UPI-RAZORPAY SOFTWARE PVT LTD-RZP5025386975
BTXN4136438795,RZP5899603625,14677.10,2026-07-05,NETFLIX SUBSCRIPTION
BTXN7403065218,RZP4957040268,18574.48,2026-07-06,UPI-RAZORPAY SOFTWARE PVT LTD-RZP4957040268
BTXN8803943713,RZP3769413993,2231.48,2026-07-01,UPI-RAZORPAY SOFTWARE PVT LTD-RZP3769413993
BTXN9691878531,RZP1554004364,37809.59,2026-07-05,UPI-RAZORPAY SOFTWARE PVT LTD-RZP1554004364
BTXN9847124353,RZP9324088968,20461.23,2026-07-11,RTGS-RZP9324088968-RAZORPAY SOFTWARE PVT LTD
BTXN3348938701,RZP7637837871,12396.39,2026-07-01,UPI-RAZORPAY SOFTWARE PVT LTD-RZP7637837871
BTXN4985434551,RZP5153464258,59164.55,2026-07-11,NEFT CR-RZP5153464258-RAZORPAY
BTXN6881694353,RZP1630802706,26744.72,2026-07-12,RTGS-RZP1630802706-RAZORPAY SOFTWARE PVT LTD
BTXN8756052042,RZP5158875951,61262.79,2026-07-13,IMPS/RZP5158875951/RAZORPAY SETTLEMENT
BTXN7735563741,RZP3899521378,18850.55,2026-07-09,NEFT CR-RZP3899521378-RAZORPAY
BTXN7862813824,RZP4082789249,50372.14,2026-07-14,RTGS-RZP4082789249-RAZORPAY SOFTWARE PVT LTD
BTXN1352443324,RZP5215310301,55357.45,2026-07-14,IMPS/RZP/310310/PAYOUT
BTXN4132027739,RZP7454461401,62617.64,2026-07-15,UPI-RAZORPAY SOFTWARE PVT LTD-RZP7454461401
BTXN8442983316,RZP2148089724,16161.98,2026-07-02,SWIGGY ORDER PAYMENT
BTXN4848706085,RZP2911979713,34805.18,2026-07-15,IMPS/RZP2911979713/RAZORPAY SETTLEMENT
BTXN2801493906,RZP9359520282,57067.06,2026-07-06,UPI-RAZORPAY SOFTWARE PVT LTD-RZP9359520282
BTXN7999914203,RZP9851726961,26190.97,2026-07-09,RTGS-RZP9851726961-RAZORPAY SOFTWARE PVT LTD
BTXN1119180627,RZP6629054001,10508.07,2026-07-06,UPI-RAZORPAY SOFTWARE PVT LTD-RZP6629054001
BTXN8583521129,RZP7022816944,36548.52,2026-07-05,RTGS-RZP7022816944-RAZORPAY SOFTWARE PVT LTD
BTXN5529698639,RZP3034960905,71004.26,2026-07-03,RTGS-RZP3034960905-RAZORPAY SOFTWARE PVT LTD
BTXN6951731471,rzp7400154822,69805.70,2026-07-14,NEFT CR RAZORPAY SOFTWARE-154822
BTXN4675580752,RZP1052464667,5242.03,2026-07-02,IMPS/RZP1052464667/RAZORPAY SETTLEMENT
BTXN3496897808,RZP5594447367,57343.95,2026-07-10,UPI-RAZORPAY SOFTWARE PVT LTD-RZP5594447367
BTXN6526390110,RZP9627481869,50036.80,2026-07-03,NEFT CR-RZP9627481869-RAZORPAY
BTXN9516733215,RZP9425230216,33838.73,2026-07-07,UPI-RAZORPAY SOFTWARE PVT LTD-RZP9425230216
BTXN1605138408,RZP4169464244,38211.29,2026-07-15,RTGS-RZP4169464244-RAZORPAY SOFTWARE PVT LTD
BTXN3039154519,RZP2637750783,71177.60,2026-07-02,RTGS-RZP2637750783-RAZORPAY SOFTWARE PVT LTD
BTXN8193627026,RZP1875755962,58912.42,2026-07-06,NEFT CR-RZP1875755962-RAZORPAY
BTXN6391627751,RZP3284446225,2924.35,2026-07-12,NEFT CR-RZP3284446225-RAZORPAY
BTXN7382716294,RZP3577979652,35206.32,2026-07-09,IMPS/RZP3577979652/RAZORPAY SETTLEMENT
BTXN9722420985,rzp1416049457,44497.69,2026-07-12,IMPS/RZP/049457/PAYOUT
BTXN1029633987,RZP8951119339,5667.63,2026-07-04,SALARY CREDIT XYZ CORP
BTXN6061557739,RZP5694439775,50690.49,2026-07-14,IMPS/RZP5694439775/RAZORPAY SETTLEMENT
BTXN2192739002,RZP3575623989,14039.62,2026-07-12,SWIGGY ORDER PAYMENT
BTXN7359524813,RZP9940452109,54679.01,2026-07-07,IMPS/RZP9940452109/RAZORPAY SETTLEMENT
BTXN4605234304,RZP1696794102,57933.00,2026-07-10,IMPS/RZP1696794102/RAZORPAY SETTLEMENT
BTXN6776388343,RZP8962027840,28037.43,2026-07-06,UPI-RAZORPAY SOFTWARE PVT LTD-RZP8962027840
BTXN8596008310,RZP4801053993,2910.90,2026-07-02,IMPS/RZP4801053993/RAZORPAY SETTLEMENT
BTXN9987567783,RZP9627321151,12401.81,2026-07-15,NEFT CR-RZP9627321151-RAZORPAY
BTXN5591801596,RZP5913020068,31370.90,2026-07-15,NEFT CR-RZP5913020068-RAZORPAY
BTXN3957340806,RZP2566960641,2236.26,2026-07-05,IMPS/RZP2566960641/RAZORPAY SETTLEMENT
BTXN8874706932,RZP9249946916,874.01,2026-07-01,ELECTRICITY BILL AUTOPAY
BTXN3895052369,RZP5802545723,54859.35,2026-07-11,RTGS-RZP5802545723-RAZORPAY SOFTWARE PVT LTD
BTXN6449549092,RZP2129491690,31956.83,2026-07-04,IMPS/RZP2129491690/RAZORPAY SETTLEMENT
BTXN4434430867,RZP5652855954,18826.59,2026-07-03,ATM WDL CHN
BTXN4528853285,RZP3583907963,33205.83,2026-07-10,RTGS-RZP3583907963-RAZORPAY SOFTWARE PVT LTD
BTXN6140359604,rzp1620742389,26968.40,2026-07-15,UPI-RAZORPAY SETTLEMENT ORDER 742389
BTXN3858427236,RZP2438556542,52745.00,2026-07-09,RTGS-RZP2438556542-RAZORPAY SOFTWARE PVT LTD
BTXN8410598437,RZP8383800349,50111.98,2026-07-15,UPI-RAZORPAY SOFTWARE PVT LTD-RZP8383800349
BTXN6069009371,RZP3288797,10488.08,2026-07-17,IMPS/RZP/797367/PAYOUT
BTXN9538352314,RZP2890964718,67503.94,2026-07-07,IMPS/RZP2890964718/RAZORPAY SETTLEMENT
BTXN8733214570,RZP2088082021,11911.45,2026-07-10,ELECTRICITY BILL AUTOPAY
BTXN4385556682,RZP1593158202,21978.84,2026-07-02,UPI-RAZORPAY SOFTWARE PVT LTD-RZP1593158202
BTXN7300940869,RZP8015638525,61885.67,2026-07-13,RTGS-RZP8015638525-RAZORPAY SOFTWARE PVT LTD
BTXN8971041739,RZP9164319224,58856.83,2026-07-06,UPI-RAZORPAY SOFTWARE PVT LTD-RZP9164319224
BTXN2442686017,RZP3223359907,40886.03,2026-07-03,IMPS/RZP3223359907/RAZORPAY SETTLEMENT
BTXN4356175095,RZP1841476312,9495.56,2026-07-14,RTGS-RZP1841476312-RAZORPAY SOFTWARE PVT LTD
BTXN7171564688,RZP9533035636,64826.37,2026-07-02,NEFT CR-RZP9533035636-RAZORPAY
BTXN9752058817,RZP1590838716,6248.80,2026-07-14,UPI-RAZORPAY SOFTWARE PVT LTD-RZP1590838716
BTXN6305113826,RZP8365529848,39757.47,2026-07-13,NEFT CR-RZP8365529848-RAZORPAY
BTXN4498226612,RZP9375661256,18516.58,2026-07-07,IMPS/RZP9375661256/RAZORPAY SETTLEMENT
BTXN1622028603,RZP4275108156,1107.51,2026-07-19,NEFT CR RAZORPAY SOFTWARE-108165
BTXN4454359624,RZP4980273734,65222.05,2026-07-14,IMPS/RZP4980273734/RAZORPAY SETTLEMENT
BTXN1365242668,RZP1483076047,63832.51,2026-07-04,UPI-RAZORPAY SOFTWARE PVT LTD-RZP1483076047
BTXN9504196483,RZP3777282989,3121.12,2026-07-04,AMAZON RETAIL PAYMENT
BTXN9452854027,RZP5986013420,72970.51,2026-07-05,IMPS/RZP5986013420/RAZORPAY SETTLEMENT
BTXN2186346730,RZP3540114135,19018.71,2026-07-06,UPI-RAZORPAY SOFTWARE PVT LTD-RZP3540114135
BTXN4327057610,RZP8240566719,12460.87,2026-07-15,RTGS-RZP8240566719-RAZORPAY SOFTWARE PVT LTD
BTXN6520394348,RZP1175617484,4383.73,2026-07-12,IMPS/RZP1175617484/RAZORPAY SETTLEMENT
BTXN3374716512,RZP9426460165,48105.75,2026-07-05,UPI-RAZORPAY SOFTWARE PVT LTD-RZP9426460165
BTXN6041118344,RZP6038721,36980.21,2026-07-17,UPI-RAZORPAY SETTLEMENT ORDER 721995
BTXN1746152788,RZP5331551411,19858.60,2026-07-12,SALARY CREDIT XYZ CORP
BTXN7145702684,RZP4333330668,46265.97,2026-07-13,RTGS-RZP4333330668-RAZORPAY SOFTWARE PVT LTD
BTXN9234767157,ZRP5091107475,32076.25,2026-07-19,NEFT CR RAZORPAY SOFTWARE-107475
BTXN6351134654,RZP7417567959,36356.00,2026-07-07,IMPS/RZP7417567959/RAZORPAY SETTLEMENT
BTXN6070452848,RZP2256288444,12414.59,2026-07-09,IMPS/RZP2256288444/RAZORPAY SETTLEMENT
BTXN3559595400,RZP5214228515,35936.62,2026-07-11,NEFT CR-RZP5214228515-RAZORPAY
BTXN5918906354,RZP3977215653,27262.36,2026-07-09,RTGS-RZP3977215653-RAZORPAY SOFTWARE PVT LTD
BTXN7380762884,RZP2409646794,59702.86,2026-07-10,NEFT CR-RZP2409646794-RAZORPAY
BTXN5904959073,rzp8618815208,71362.37,2026-07-14,IMPS/RZP/815208/PAYOUT
BTXN6997308841,RZP7064518450,44474.79,2026-07-05,UPI-RAZORPAY SOFTWARE PVT LTD-RZP7064518450
BTXN5840579969,RZP2803668946,18223.30,2026-07-15,SALARY CREDIT XYZ CORP
BTXN9558906999,RZP8822438146,71070.41,2026-07-04,RTGS-RZP8822438146-RAZORPAY SOFTWARE PVT LTD
BTXN2556633464,RZP1661261317,18903.09,2026-07-10,IRCTC TICKET BOOKING
BTXN7050091525,RZP5714658227,10474.29,2026-07-08,NEFT CR-RZP5714658227-RAZORPAY
BTXN8824192025,RZP4369220138,3651.12,2026-07-10,UPI-RAZORPAY SOFTWARE PVT LTD-RZP4369220138
BTXN8403277050,RZP3039350446,3948.12,2026-07-04,ZOMATO ONLINE ORDER
BTXN4283432667,RZP1249166485,34177.97,2026-07-04,NEFT CR-RZP1249166485-RAZORPAY
BTXN2914590233,RZP2664416298,28141.03,2026-07-07,IMPS/RZP2664416298/RAZORPAY SETTLEMENT
BTXN4947660867,RZP2054857936,65698.45,2026-07-05,NEFT CR-RZP2054857936-RAZORPAY
BTXN6622452518,RZP7444935990,29902.33,2026-07-13,NEFT CR-RZP7444935990-RAZORPAY
BTXN5341705868,RZP3425401732,9276.46,2026-07-12,NEFT CR-RZP3425401732-RAZORPAY
BTXN1203048629,RZP9640982046,3199.45,2026-07-11,RTGS-RZP9640982046-RAZORPAY SOFTWARE PVT LTD
BTXN2333992835,RZP5728951390,18421.70,2026-07-13,AMAZON RETAIL PAYMENT
BTXN2915263394,RZP4147842449,46678.48,2026-07-14,RTGS-RZP4147842449-RAZORPAY SOFTWARE PVT LTD
BTXN9363309372,RZP7698884618,60472.35,2026-07-15,NEFT CR-RZP7698884618-RAZORPAY
BTXN9019515562,RZP3772636814,14501.21,2026-07-04,RTGS-RZP3772636814-RAZORPAY SOFTWARE PVT LTD
BTXN6873689039,RZP2842295376,13282.85,2026-07-13,SWIGGY ORDER PAYMENT
BTXN2510002930,RZP6901746164,41516.12,2026-07-03,UPI-RAZORPAY SOFTWARE PVT LTD-RZP6901746164
BTXN8880162996,RZP7081867,63636.32,2026-07-17,UPI-RAZORPAY SETTLEMENT ORDER 867549
BTXN8113315274,RZP2715155243,14392.07,2026-07-02,UPI-RAZORPAY SOFTWARE PVT LTD-RZP2715155243
BTXN2144833885,RZP8749951970,43183.58,2026-07-05,IMPS/RZP8749951970/RAZORPAY SETTLEMENT
BTXN7732162114,RZP2688269899,5457.71,2026-07-13,IMPS/RZP2688269899/RAZORPAY SETTLEMENT
BTXN8078661984,RZP6087599588,32463.54,2026-07-07,UPI-RAZORPAY SOFTWARE PVT LTD-RZP6087599588
BTXN7452826259,RZP8625962172,49863.13,2026-07-11,IMPS/RZP8625962172/RAZORPAY SETTLEMENT
BTXN7703615023,rzp2897103072,65783.73,2026-07-04,UPI-RAZORPAY SETTLEMENT ORDER 103072
BTXN3982920803,RZP6414555491,48907.79,2026-07-03,RTGS-RZP6414555491-RAZORPAY SOFTWARE PVT LTD
BTXN7508080884,RZP1829621429,46016.11,2026-07-11,RTGS-RZP1829621429-RAZORPAY SOFTWARE PVT LTD
BTXN8356592812,RZP3539302505,8414.29,2026-07-04,IMPS/RZP3539302505/RAZORPAY SETTLEMENT
BTXN5339994906,RZP8864025,23759.65,2026-07-16,NEFT CR RAZORPAY SOFTWARE-025097
BTXN7716675968,RZP1518084694,40343.87,2026-07-10,IMPS/RZP1518084694/RAZORPAY SETTLEMENT
BTXN3290435802,RZP1683002790,14175.73,2026-07-06,UPI-RAZORPAY SOFTWARE PVT LTD-RZP1683002790
BTXN1868964847,RZP4400156805,40906.58,2026-07-14,IMPS/RZP4400156805/RAZORPAY SETTLEMENT
BTXN4361527572,RZP1271730355,32883.38,2026-07-07,IMPS/RZP1271730355/RAZORPAY SETTLEMENT
BTXN6236310581,RZP1876092918,68294.21,2026-07-09,UPI-RAZORPAY SOFTWARE PVT LTD-RZP1876092918
BTXN3811717813,RZP8225823737,30470.40,2026-07-06,IMPS/RZP8225823737/RAZORPAY SETTLEMENT
BTXN8060926433,RZP7953020572,67576.40,2026-07-09,RTGS-RZP7953020572-RAZORPAY SOFTWARE PVT LTD
BTXN8083898173,RZP9100625268,17227.95,2026-07-11,AMAZON RETAIL PAYMENT
BTXN7486369423,RZP9804617558,24820.51,2026-07-02,NEFT CR-RZP9804617558-RAZORPAY
BTXN1187041101,RZP9547488052,45399.15,2026-07-02,IMPS/RZP9547488052/RAZORPAY SETTLEMENT
BTXN6564157915,RZP5484807299,17156.32,2026-07-03,NETFLIX SUBSCRIPTION
BTXN9124417757,RZP3106823591,50194.13,2026-07-07,RTGS-RZP3106823591-RAZORPAY SOFTWARE PVT LTD
BTXN7282885927,RZP8903212516,10505.78,2026-07-12,IMPS/RZP8903212516/RAZORPAY SETTLEMENT
BTXN2878930355,RZP2224336336,57352.20,2026-07-05,RTGS-RZP2224336336-RAZORPAY SOFTWARE PVT LTD
BTXN9698742755,RZP4980010109,60322.33,2026-07-05,RTGS-RZP4980010109-RAZORPAY SOFTWARE PVT LTD
BTXN7197498694,RZP3076255790,74330.33,2026-07-09,IMPS/RZP3076255790/RAZORPAY SETTLEMENT
BTXN1843419702,RZP1972502718,67787.49,2026-07-12,IMPS/RZP1972502718/RAZORPAY SETTLEMENT
BTXN2187329565,RZP8933878586,9923.74,2026-07-02,RTGS-RZP8933878586-RAZORPAY SOFTWARE PVT LTD
BTXN2033921654,RZP7505693643,37657.60,2026-07-05,RTGS-RZP7505693643-RAZORPAY SOFTWARE PVT LTD
BTXN8789490101,RZP1845477031,25272.61,2026-07-14,RTGS-RZP1845477031-RAZORPAY SOFTWARE PVT LTD
BTXN9293877846,RZP5189593189,40256.40,2026-07-02,UPI-RAZORPAY SOFTWARE PVT LTD-RZP5189593189
BTXN3073995755,RZP3670792703,21543.06,2026-07-12,UPI-RAZORPAY SOFTWARE PVT LTD-RZP3670792703
BTXN5768330844,RZP6568908323,25252.51,2026-07-06,NEFT CR-RZP6568908323-RAZORPAY
BTXN2912604915,RZP6973554506,46840.83,2026-07-11,RTGS-RZP6973554506-RAZORPAY SOFTWARE PVT LTD
BTXN8465400975,RZP7882014958,50501.60,2026-07-11,UPI-RAZORPAY SOFTWARE PVT LTD-RZP7882014958
BTXN8001693811,RZP3298621,23645.27,2026-07-05,IMPS/RZP/621672/PAYOUT
BTXN1792214339,RZP3216176949,41617.32,2026-07-06,RTGS-RZP3216176949-RAZORPAY SOFTWARE PVT LTD
BTXN3238824855,RZP5781525796,17837.38,2026-07-04,IMPS/RZP5781525796/RAZORPAY SETTLEMENT
BTXN1839947796,RZP2651164873,66539.45,2026-07-01,RTGS-RZP2651164873-RAZORPAY SOFTWARE PVT LTD
BTXN1249900899,RZP3364255319,22316.04,2026-07-03,UPI-RAZORPAY SOFTWARE PVT LTD-RZP3364255319
BTXN9716937418,RZP5281741827,72846.46,2026-07-13,UPI-RAZORPAY SOFTWARE PVT LTD-RZP5281741827
BTXN9446278791,RZP6378080573,14398.91,2026-07-08,RTGS-RZP6378080573-RAZORPAY SOFTWARE PVT LTD
BTXN5731605478,RZP3091490905,43251.51,2026-07-09,IMPS/RZP3091490905/RAZORPAY SETTLEMENT
BTXN9728106700,rzp5289621615,70915.61,2026-07-15,NEFT CR RAZORPAY SOFTWARE-621615
BTXN6418365941,RZP6510697299,35235.66,2026-07-11,IMPS/RZP6510697299/RAZORPAY SETTLEMENT
BTXN8543106319,RZP9295269363,23948.70,2026-07-14,IMPS/RZP9295269363/RAZORPAY SETTLEMENT
BTXN4086798287,RZP5579814495,4099.52,2026-07-10,ATM WDL BLR
BTXN5638829357,RZP4026611609,29813.78,2026-07-08,IMPS/RZP4026611609/RAZORPAY SETTLEMENT
BTXN6355819302,RZP1364568477,34214.27,2026-07-12,NEFT CR RAZORPAY SOFTWARE-658477
BTXN4786662896,RZP5335980953,3013.09,2026-07-06,IMPS/RZP5335980953/RAZORPAY SETTLEMENT
BTXN5321042868,RZP9605366115,10154.75,2026-07-02,UPI-RAZORPAY SOFTWARE PVT LTD-RZP9605366115
BTXN1668042048,RZP9861078025,47412.14,2026-07-12,NEFT CR-RZP9861078025-RAZORPAY
BTXN3366355159,RZP7193796102,51841.45,2026-07-12,RTGS-RZP7193796102-RAZORPAY SOFTWARE PVT LTD
BTXN5699233025,RZP8244972,52176.48,2026-07-10,IMPS/RZP/972669/PAYOUT
BTXN1987202268,RZP1890000799,60554.21,2026-07-12,RTGS-RZP1890000799-RAZORPAY SOFTWARE PVT LTD
BTXN7376802061,RZP7403547936,22759.28,2026-07-05,IMPS/RZP7403547936/RAZORPAY SETTLEMENT
BTXN1344359592,RZP9172974132,57613.82,2026-07-03,RTGS-RZP9172974132-RAZORPAY SOFTWARE PVT LTD
BTXN6336595947,RZP5090692550,35119.95,2026-07-04,UPI-RAZORPAY SOFTWARE PVT LTD-RZP5090692550
BTXN5203784005,RZP5178155941,55849.86,2026-07-06,IMPS/RZP5178155941/RAZORPAY SETTLEMENT
BTXN2486444303,RZP6164534330,8438.69,2026-07-10,ELECTRICITY BILL AUTOPAY
BTXN2957841781,RZP1778883460,19693.68,2026-07-09,RTGS-RZP1778883460-RAZORPAY SOFTWARE PVT LTD
BTXN8381744026,RZP3194842724,51977.54,2026-07-03,RTGS-RZP3194842724-RAZORPAY SOFTWARE PVT LTD
BTXN4758680301,RZP5408179151,17222.91,2026-07-12,NEFT CR-RZP5408179151-RAZORPAY
BTXN7515713187,RZP9098060974,14035.11,2026-07-11,NETFLIX SUBSCRIPTION
BTXN8701879782,RZP1640979105,61017.90,2026-07-13,UPI-RAZORPAY SOFTWARE PVT LTD-RZP1640979105
BTXN8134102097,RZP2226074635,16508.64,2026-07-12,UPI-RAZORPAY SETTLEMENT ORDER 674635
BTXN9819024171,RZP2521367039,39696.38,2026-07-02,IMPS/RZP2521367039/RAZORPAY SETTLEMENT
BTXN7529364553,RZP2344416323,68071.31,2026-07-07,IMPS/RZP2344416323/RAZORPAY SETTLEMENT
BTXN5677108385,RZP2160179042,40094.53,2026-07-11,RTGS-RZP2160179042-RAZORPAY SOFTWARE PVT LTD
BTXN5146780827,RZP7760554363,35470.07,2026-07-08,IMPS/RZP7760554363/RAZORPAY SETTLEMENT
BTXN8723160924,RZP6334049043,6922.30,2026-07-12,NETFLIX SUBSCRIPTION
BTXN5733397970,RZP3419948195,12017.23,2026-07-15,AMAZON RETAIL PAYMENT
BTXN1734776533,RZP3071618158,48605.10,2026-07-12,RTGS-RZP3071618158-RAZORPAY SOFTWARE PVT LTD
BTXN2867284477,RZP2053478308,23305.88,2026-07-05,UPI-RAZORPAY SOFTWARE PVT LTD-RZP2053478308
BTXN9961628570,RZP7107794839,7356.05,2026-07-01,RTGS-RZP7107794839-RAZORPAY SOFTWARE PVT LTD
BTXN3769798986,RZP7159466482,2280.34,2026-07-02,ATM WDL MUM
BTXN8511075290,RZP9432620877,66889.92,2026-07-17,IMPS/RZP9432620877/RAZORPAY SETTLEMENT
BTXN6887471533,RZP3307329307,50732.76,2026-07-03,NEFT CR-RZP3307329307-RAZORPAY
BTXN5794892619,RZP5479652535,11151.98,2026-07-02,RTGS-RZP5479652535-RAZORPAY SOFTWARE PVT LTD
BTXN1870262312,RZP8486239223,46978.56,2026-07-18,IMPS/RZP/239223/PAYOUT
BTXN2227798284,RZP9527091489,23826.22,2026-07-03,RTGS-RZP9527091489-RAZORPAY SOFTWARE PVT LTD
BTXN5800633419,RZP4009596757,31702.52,2026-07-15,UPI-RAZORPAY SOFTWARE PVT LTD-RZP4009596757
BTXN9368759645,RZP1313643390,48764.07,2026-07-06,RTGS-RZP1313643390-RAZORPAY SOFTWARE PVT LTD
BTXN6367105676,RPZ6120000725,14793.46,2026-07-11,UPI-RAZORPAY SETTLEMENT ORDER 000725
BTXN9557432005,RZP3195475289,50247.34,2026-07-13,NEFT CR-RZP3195475289-RAZORPAY
BTXN9476183372,RZP7706692408,30141.55,2026-07-14,RTGS-RZP7706692408-RAZORPAY SOFTWARE PVT LTD
BTXN2430065360,RZP5540054020,10036.91,2026-07-08,NETFLIX SUBSCRIPTION
BTXN7451570193,RZP4733202878,57140.91,2026-07-13,RTGS-RZP4733202878-RAZORPAY SOFTWARE PVT LTD
BTXN2930724174,RZP9932365625,69462.87,2026-07-04,UPI-RAZORPAY SOFTWARE PVT LTD-RZP9932365625
BTXN8288424566,RZP6051716670,71745.51,2026-07-11,UPI-RAZORPAY SOFTWARE PVT LTD-RZP6051716670
BTXN5853540975,RZP3524699378,67513.40,2026-07-13,RTGS-RZP3524699378-RAZORPAY SOFTWARE PVT LTD
BTXN3687509976,RZP4572624069,29551.48,2026-07-07,UPI-RAZORPAY SOFTWARE PVT LTD-RZP4572624069
BTXN4957321396,RZP7261069753,54367.98,2026-07-04,NEFT CR-RZP7261069753-RAZORPAY
BTXN1456007305,RZP3616477635,35053.07,2026-07-10,NEFT CR-RZP3616477635-RAZORPAY
BTXN2050149115,RZP9039383947,68396.36,2026-07-04,UPI-RAZORPAY SOFTWARE PVT LTD-RZP9039383947
BTXN5956042044,RZP3644452962,50631.34,2026-07-10,NEFT CR-RZP3644452962-RAZORPAY
BTXN2965065478,RZP5576251269,5312.85,2026-07-05,SALARY CREDIT XYZ CORP
BTXN6420264597,RZP2414054150,30248.61,2026-07-06,NEFT CR-RZP2414054150-RAZORPAY
BTXN9498183077,RZP5779272394,51590.92,2026-07-12,UPI-RAZORPAY SOFTWARE PVT LTD-RZP5779272394
BTXN4620931091,RZP5044308800,61900.14,2026-07-10,UPI-RAZORPAY SOFTWARE PVT LTD-RZP5044308800
BTXN6616725651,RZP5798341982,17042.69,2026-07-14,IMPS/RZP5798341982/RAZORPAY SETTLEMENT
BTXN5847449986,RZP2755551844,46642.20,2026-07-05,NEFT CR RAZORPAY SOFTWARE-551484
BTXN3806251008,RZP5318924429,73200.87,2026-07-11,UPI-RAZORPAY SOFTWARE PVT LTD-RZP5318924429
BTXN9945002229,RZP7406913885,53405.61,2026-07-08,RTGS-RZP7406913885-RAZORPAY SOFTWARE PVT LTD
BTXN1774840914,RZP7352199325,6405.88,2026-07-04,RTGS-RZP7352199325-RAZORPAY SOFTWARE PVT LTD
BTXN1449488984,RZP3961219520,73896.71,2026-07-14,NEFT CR-RZP3961219520-RAZORPAY
BTXN7848500406,RZP3275388036,8610.99,2026-07-09,RTGS-RZP3275388036-RAZORPAY SOFTWARE PVT LTD
BTXN3326924276,RZP7562288074,28959.82,2026-07-02,UPI-RAZORPAY SOFTWARE PVT LTD-RZP7562288074
BTXN7683457806,RZP1779601691,42243.47,2026-07-09,NEFT CR-RZP1779601691-RAZORPAY
BTXN2143209173,RZP7377834977,71464.70,2026-07-08,RTGS-RZP7377834977-RAZORPAY SOFTWARE PVT LTD
BTXN6605727343,RZP2443318324,59836.46,2026-07-12,NEFT CR-RZP2443318324-RAZORPAY
BTXN1993529899,RZP3038247464,6027.40,2026-07-07,RTGS-RZP3038247464-RAZORPAY SOFTWARE PVT LTD
BTXN2762511121,RZP8843307609,49598.09,2026-07-14,NEFT CR-RZP8843307609-RAZORPAY
BTXN9486011002,RZP2907135532,22893.43,2026-07-08,UPI-RAZORPAY SOFTWARE PVT LTD-RZP2907135532
BTXN8076384853,RZP5113469354,27403.24,2026-07-07,NEFT CR-RZP5113469354-RAZORPAY
BTXN5904938179,RZP2669781844,13412.74,2026-07-12,UPI-RAZORPAY SOFTWARE PVT LTD-RZP2669781844
BTXN1254076931,RZP5431434520,31237.24,2026-07-11,IMPS/RZP5431434520/RAZORPAY SETTLEMENT
BTXN2837728660,RZP6276939452,21477.17,2026-07-14,NEFT CR-RZP6276939452-RAZORPAY
BTXN2073751432,RZP6986770846,28728.55,2026-07-15,NEFT CR-RZP6986770846-RAZORPAY
BTXN8760244550,RZP7490622765,69856.52,2026-07-09,NEFT CR-RZP7490622765-RAZORPAY
BTXN7304085815,RZP1145804835,13774.20,2026-07-01,UPI-RAZORPAY SOFTWARE PVT LTD-RZP1145804835
BTXN2213904136,RZP7167562259,1547.53,2026-07-11,NEFT CR-RZP7167562259-RAZORPAY
BTXN5427110401,RZP2886870434,52548.08,2026-07-13,IMPS/RZP2886870434/RAZORPAY SETTLEMENT
BTXN5770287032,RZP3667904464,35298.12,2026-07-08,RTGS-RZP3667904464-RAZORPAY SOFTWARE PVT LTD
BTXN3210486700,RZP8312619,26427.97,2026-07-08,UPI-RAZORPAY SETTLEMENT ORDER 619038
BTXN7424487117,rzp3497540589,74980.90,2026-07-17,NEFT CR RAZORPAY SOFTWARE-540589
BTXN3954626058,RZP3020657308,73054.21,2026-07-09,NEFT CR-RZP3020657308-RAZORPAY
BTXN1744568961,RZP2150111350,68764.87,2026-07-09,RTGS-RZP2150111350-RAZORPAY SOFTWARE PVT LTD
BTXN1159780353,RZP5767370114,63139.22,2026-07-08,IMPS/RZP5767370114/RAZORPAY SETTLEMENT
BTXN1231078662,RZP6933852220,31534.18,2026-07-13,IMPS/RZP6933852220/RAZORPAY SETTLEMENT
BTXN5378882599,ZRP9295044444,33040.89,2026-07-17,NEFT CR RAZORPAY SOFTWARE-044444
BTXN8757853295,RZP8975368480,19112.30,2026-07-08,ATM WDL MUM
BTXN7958228179,RZP4372228799,20143.46,2026-07-14,IMPS/RZP4372228799/RAZORPAY SETTLEMENT
BTXN6903464529,RZP2376032241,52471.71,2026-07-07,RTGS-RZP2376032241-RAZORPAY SOFTWARE PVT LTD
BTXN9564439379,RZP1088567319,41366.51,2026-07-07,NEFT CR-RZP1088567319-RAZORPAY
BTXN7785686812,RZP7441151847,42881.66,2026-07-07,IMPS/RZP7441151847/RAZORPAY SETTLEMENT
BTXN5338657949,RZP7959376045,11700.32,2026-07-15,IMPS/RZP7959376045/RAZORPAY SETTLEMENT
BTXN9559889837,RZP4682466170,25477.73,2026-07-13,RTGS-RZP4682466170-RAZORPAY SOFTWARE PVT LTD
BTXN2324120599,RZP1136241513,9410.84,2026-07-15,ATM WDL CHN
BTXN4837214810,RZP9582806381,13574.78,2026-07-11,RTGS-RZP9582806381-RAZORPAY SOFTWARE PVT LTD
BTXN2643592995,RZP7059004982,20729.87,2026-07-08,UPI-RAZORPAY SOFTWARE PVT LTD-RZP7059004982
BTXN7020906836,RZP2568334904,54632.19,2026-07-03,NEFT CR-RZP2568334904-RAZORPAY
BTXN7120426793,RZP3957634571,11712.57,2026-07-02,RTGS-RZP3957634571-RAZORPAY SOFTWARE PVT LTD
BTXN6928691380,RZP8872207630,29516.02,2026-07-13,UPI-RAZORPAY SOFTWARE PVT LTD-RZP8872207630
BTXN5552219961,RZP2782747,22331.21,2026-07-05,IMPS/RZP/747113/PAYOUT
BTXN2976851343,RZP9930278372,16906.34,2026-07-11,NEFT CR-RZP9930278372-RAZORPAY
BTXN1986399651,RZP4585531525,56835.37,2026-07-05,RTGS-RZP4585531525-RAZORPAY SOFTWARE PVT LTD
BTXN6735229466,RZP4407284549,54688.44,2026-07-06,NEFT CR-RZP4407284549-RAZORPAY
BTXN4276582879,RZP1064193896,21177.51,2026-07-06,RTGS-RZP1064193896-RAZORPAY SOFTWARE PVT LTD
BTXN3792347639,RZP3019952485,56302.31,2026-07-01,IMPS/RZP3019952485/RAZORPAY SETTLEMENT
BTXN8215825195,RZP3357396890,27062.07,2026-07-11,NEFT CR-RZP3357396890-RAZORPAY
BTXN1068880890,RZP1928030156,39882.74,2026-07-06,NEFT CR-RZP1928030156-RAZORPAY
BTXN9508049153,RZP5299561996,54757.48,2026-07-03,RTGS-RZP5299561996-RAZORPAY SOFTWARE PVT LTD
BTXN3260453952,RZP9665070,21361.49,2026-07-10,IMPS/RZP/070494/PAYOUT
BTXN8419871455,RZP4622545857,27237.70,2026-07-01,NEFT CR-RZP4622545857-RAZORPAY
BTXN5743058642,RZP1561619778,12192.66,2026-07-09,UPI-RAZORPAY SOFTWARE PVT LTD-RZP1561619778
BTXN1685558299,RZP3412557285,48104.48,2026-07-08,IMPS/RZP3412557285/RAZORPAY SETTLEMENT
BTXN3644595726,RZP8098532401,28831.65,2026-07-02,UPI-RAZORPAY SOFTWARE PVT LTD-RZP8098532401
BTXN5084322220,RZP7632960466,2542.27,2026-07-03,UPI-RAZORPAY SOFTWARE PVT LTD-RZP7632960466
BTXN5255004842,RZP9927934381,53991.18,2026-07-13,IMPS/RZP9927934381/RAZORPAY SETTLEMENT
BTXN1257157317,RZP6674305390,41284.28,2026-07-07,UPI-RAZORPAY SOFTWARE PVT LTD-RZP6674305390
BTXN7282518886,RZP5666371719,64344.55,2026-07-08,NEFT CR-RZP5666371719-RAZORPAY
BTXN6457800493,RZP8539999969,74421.71,2026-07-05,RTGS-RZP8539999969-RAZORPAY SOFTWARE PVT LTD
BTXN2331324699,RZP3147100,7216.29,2026-07-15,NEFT CR RAZORPAY SOFTWARE-100342
BTXN6550542528,RZP9288998884,73218.12,2026-07-13,UPI-RAZORPAY SOFTWARE PVT LTD-RZP9288998884
BTXN6404582459,RZP5418232833,63895.99,2026-07-03,RTGS-RZP5418232833-RAZORPAY SOFTWARE PVT LTD
BTXN7316122432,RZP7800411181,4125.03,2026-07-05,RTGS-RZP7800411181-RAZORPAY SOFTWARE PVT LTD
BTXN4916280388,RZP4435623168,48076.97,2026-07-12,UPI-RAZORPAY SOFTWARE PVT LTD-RZP4435623168
BTXN5047590087,RZP8593500258,8548.73,2026-07-05,RTGS-RZP8593500258-RAZORPAY SOFTWARE PVT LTD
BTXN1381575922,RZP1761391752,62575.88,2026-07-12,RTGS-RZP1761391752-RAZORPAY SOFTWARE PVT LTD
BTXN4475787726,RZP7052552512,5966.97,2026-07-14,ZOMATO ONLINE ORDER
BTXN1922591213,RZP2816427403,6961.61,2026-07-10,NETFLIX SUBSCRIPTION
BTXN5419278866,RZP7288299446,36009.08,2026-07-11,RTGS-RZP7288299446-RAZORPAY SOFTWARE PVT LTD
BTXN5682080072,RZP2398288554,34995.65,2026-07-04,IMPS/RZP2398288554/RAZORPAY SETTLEMENT
BTXN5847023855,RZP7253228578,15234.66,2026-07-10,RTGS-RZP7253228578-RAZORPAY SOFTWARE PVT LTD
BTXN4908201827,RZP6945728232,53102.20,2026-07-15,UPI-RAZORPAY SOFTWARE PVT LTD-RZP6945728232
BTXN2100480553,RZP8271480813,51670.51,2026-07-12,RTGS-RZP8271480813-RAZORPAY SOFTWARE PVT LTD
BTXN1169345056,RZP6949909066,2428.30,2026-07-13,RTGS-RZP6949909066-RAZORPAY SOFTWARE PVT LTD
BTXN3968455849,RZP1882287377,61782.60,2026-07-09,NEFT CR-RZP1882287377-RAZORPAY
BTXN9355126557,RZP1352339683,2460.61,2026-07-13,NEFT CR-RZP1352339683-RAZORPAY
BTXN8805241695,RZP6813590023,43089.72,2026-07-10,UPI-RAZORPAY SOFTWARE PVT LTD-RZP6813590023
BTXN7708110377,RZP4307819065,10317.54,2026-07-07,ELECTRICITY BILL AUTOPAY
BTXN8722482799,RZP2267081065,51689.20,2026-07-06,IMPS/RZP2267081065/RAZORPAY SETTLEMENT
BTXN8237380833,RZP8411916248,13704.14,2026-07-11,NEFT CR-RZP8411916248-RAZORPAY
BTXN4794276323,RZP2520174713,68168.66,2026-07-05,IMPS/RZP2520174713/RAZORPAY SETTLEMENT
BTXN4654465530,RZP5379313918,2494.26,2026-07-09,SWIGGY ORDER PAYMENT
BTXN6458919680,RZP9049737799,9921.52,2026-07-10,NEFT CR-RZP9049737799-RAZORPAY
BTXN9200084089,RZP9472515108,31738.24,2026-07-15,IMPS/RZP9472515108/RAZORPAY SETTLEMENT
BTXN9376281767,RZP6657470517,30844.02,2026-07-14,RTGS-RZP6657470517-RAZORPAY SOFTWARE PVT LTD
BTXN7318210795,RZP3832633770,8377.05,2026-07-05,IMPS/RZP3832633770/RAZORPAY SETTLEMENT
BTXN2251273196,rzp5732185158,8368.05,2026-07-05,IMPS/RZP/185158/PAYOUT
BTXN9594878379,RZP5673181221,19303.71,2026-07-02,RTGS-RZP5673181221-RAZORPAY SOFTWARE PVT LTD
BTXN9559039917,RZP4974460167,5225.96,2026-07-03,IMPS/RZP4974460167/RAZORPAY SETTLEMENT
BTXN8025889111,RZP5278016190,3004.41,2026-07-06,IMPS/RZP5278016190/RAZORPAY SETTLEMENT
BTXN5856127658,RZP8208643631,14003.91,2026-07-07,IMPS/RZP8208643631/RAZORPAY SETTLEMENT
BTXN6284297249,RZP1908459040,14424.47,2026-07-06,UPI-RAZORPAY SOFTWARE PVT LTD-RZP1908459040
BTXN2620328765,RZP8256220336,27266.81,2026-07-03,RTGS-RZP8256220336-RAZORPAY SOFTWARE PVT LTD
BTXN4830354490,RZP7463438053,57000.68,2026-07-06,RTGS-RZP7463438053-RAZORPAY SOFTWARE PVT LTD
BTXN9089902494,RZP6142044865,69802.53,2026-07-14,IMPS/RZP6142044865/RAZORPAY SETTLEMENT
BTXN2774499359,RZP9533921028,15922.89,2026-07-13,IMPS/RZP9533921028/RAZORPAY SETTLEMENT
BTXN7665771565,RZP1193440190,3586.63,2026-07-14,IMPS/RZP1193440190/RAZORPAY SETTLEMENT
BTXN5518993732,RZP5025190774,33396.24,2026-07-15,RTGS-RZP5025190774-RAZORPAY SOFTWARE PVT LTD
BTXN2559154043,RZP1078044326,47876.19,2026-07-13,UPI-RAZORPAY SOFTWARE PVT LTD-RZP1078044326
BTXN5275891045,RZP9961462409,63560.85,2026-07-04,NEFT CR-RZP9961462409-RAZORPAY
BTXN1629588063,RZP9902515391,32776.29,2026-07-09,UPI-RAZORPAY SOFTWARE PVT LTD-RZP9902515391
BTXN5842848696,RZP6228480081,33064.32,2026-07-15,NEFT CR-RZP6228480081-RAZORPAY
BTXN4259170579,RZP4806778325,13881.80,2026-07-02,AMAZON RETAIL PAYMENT
BTXN1196544779,RZP9515510,33883.69,2026-07-10,NEFT CR RAZORPAY SOFTWARE-510547
BTXN4681934042,RZP8189540372,20078.80,2026-07-12,UPI-RAZORPAY SOFTWARE PVT LTD-RZP8189540372
BTXN9548532991,rzp7368641722,46965.38,2026-07-09,NEFT CR RAZORPAY SOFTWARE-641722
BTXN9099596606,RZP5933057363,18914.29,2026-07-11,IMPS/RZP5933057363/RAZORPAY SETTLEMENT
BTXN8130076816,RZP5059502085,5461.54,2026-07-11,IMPS/RZP5059502085/RAZORPAY SETTLEMENT
BTXN8266023817,RZP4825606167,8307.37,2026-07-05,IMPS/RZP4825606167/RAZORPAY SETTLEMENT
BTXN8990448505,RZP7747423487,10117.11,2026-07-12,NEFT CR-RZP7747423487-RAZORPAY
BTXN1670717310,RZP5023860071,17717.16,2026-07-07,UPI-RAZORPAY SOFTWARE PVT LTD-RZP5023860071
BTXN5452341175,RZP2996896673,7192.67,2026-07-06,ATM WDL HYD
BTXN7365253126,RZP5597969090,62480.11,2026-07-01,RTGS-RZP5597969090-RAZORPAY SOFTWARE PVT LTD
BTXN9693316138,RZP4492695244,52379.98,2026-07-12,RTGS-RZP4492695244-RAZORPAY SOFTWARE PVT LTD
BTXN1614685938,RZP1751917162,45907.14,2026-07-07,NEFT CR-RZP1751917162-RAZORPAY
BTXN9383115102,RZP3619124771,12901.19,2026-07-11,RTGS-RZP3619124771-RAZORPAY SOFTWARE PVT LTD
BTXN8234517952,RZP6268529625,29211.04,2026-07-06,IMPS/RZP6268529625/RAZORPAY SETTLEMENT
BTXN9848621776,RZP9196963901,22652.81,2026-07-10,RTGS-RZP9196963901-RAZORPAY SOFTWARE PVT LTD
BTXN5450349517,RZP6985966312,27444.45,2026-07-05,IMPS/RZP6985966312/RAZORPAY SETTLEMENT
BTXN4528940619,RZP5676052179,42161.19,2026-07-15,IMPS/RZP5676052179/RAZORPAY SETTLEMENT
BTXN2056463604,RZP1885738390,63508.36,2026-07-15,IMPS/RZP1885738390/RAZORPAY SETTLEMENT
BTXN8419604543,RZP7721328,74814.79,2026-07-16,NEFT CR RAZORPAY SOFTWARE-328100
BTXN1194418070,RZP7383188973,42234.82,2026-07-11,NEFT CR-RZP7383188973-RAZORPAY
BTXN5904333046,RZP4536878287,58339.04,2026-07-04,RTGS-RZP4536878287-RAZORPAY SOFTWARE PVT LTD
BTXN7194480893,RZP1979187916,34573.95,2026-07-06,NEFT CR-RZP1979187916-RAZORPAY
BTXN3094381758,RZP8051283796,16190.40,2026-07-02,NEFT CR-RZP8051283796-RAZORPAY
BTXN3416828182,RZP4871997268,51481.59,2026-07-01,RTGS-RZP4871997268-RAZORPAY SOFTWARE PVT LTD
BTXN4702337797,RZP3611803582,60077.31,2026-07-08,IMPS/RZP3611803582/RAZORPAY SETTLEMENT
BTXN8349213709,RZP8166809590,15126.95,2026-07-07,IMPS/RZP8166809590/RAZORPAY SETTLEMENT
BTXN6462194543,RZP1093548474,8290.20,2026-07-13,IMPS/RZP1093548474/RAZORPAY SETTLEMENT
BTXN6613652854,RZP1477329638,41509.63,2026-07-05,NEFT CR-RZP1477329638-RAZORPAY
BTXN1328182414,RZP4006762608,13974.33,2026-07-11,IMPS/RZP4006762608/RAZORPAY SETTLEMENT
BTXN3932605274,RZP1270439110,45147.91,2026-07-03,IMPS/RZP1270439110/RAZORPAY SETTLEMENT
BTXN6946306973,RZP9919491730,64886.63,2026-07-14,UPI-RAZORPAY SOFTWARE PVT LTD-RZP9919491730
BTXN2774722491,RZP1054508854,61523.61,2026-07-04,IMPS/RZP1054508854/RAZORPAY SETTLEMENT
BTXN3188399128,RZP3733686913,5654.69,2026-07-04,SWIGGY ORDER PAYMENT
BTXN8584654173,rzp3486441885,49108.49,2026-07-18,IMPS/RZP/441885/PAYOUT
BTXN2056151477,RZP4909055847,10213.75,2026-07-12,ZOMATO ONLINE ORDER
BTXN6928612675,RZP7727246830,53446.65,2026-07-04,UPI-RAZORPAY SOFTWARE PVT LTD-RZP7727246830
BTXN9172184338,RZP9755515846,27406.31,2026-07-01,IMPS/RZP9755515846/RAZORPAY SETTLEMENT
BTXN4544344152,RZP4323666789,16711.69,2026-07-06,UPI-RAZORPAY SOFTWARE PVT LTD-RZP4323666789
BTXN1403340801,RZP3029665156,3865.65,2026-07-01,IMPS/RZP3029665156/RAZORPAY SETTLEMENT
BTXN1522367380,RZP5667961988,74512.37,2026-07-15,UPI-RAZORPAY SOFTWARE PVT LTD-RZP5667961988
BTXN8735079695,RZP6945414650,8016.40,2026-07-07,IMPS/RZP6945414650/RAZORPAY SETTLEMENT
BTXN2198936710,RZP9156326647,31101.37,2026-07-04,NEFT CR-RZP9156326647-RAZORPAY
BTXN9527194330,RZP6975710980,905.22,2026-07-15,NEFT CR-RZP6975710980-RAZORPAY
BTXN6843547866,RZP9186428264,55943.58,2026-07-14,RTGS-RZP9186428264-RAZORPAY SOFTWARE PVT LTD
BTXN9569995483,RZP1522713644,56867.17,2026-07-02,RTGS-RZP1522713644-RAZORPAY SOFTWARE PVT LTD
BTXN8284816444,RZP4714465905,55809.75,2026-07-09,RTGS-RZP4714465905-RAZORPAY SOFTWARE PVT LTD
BTXN3421036681,RZP4403811098,26341.00,2026-07-14,UPI-RAZORPAY SETTLEMENT ORDER 811098
BTXN6608154934,RZP3700768869,69627.02,2026-07-05,IMPS/RZP3700768869/RAZORPAY SETTLEMENT
BTXN8241440480,RZP7849891432,13671.91,2026-07-02,NEFT CR-RZP7849891432-RAZORPAY
BTXN5661078649,RZP4230490578,46924.61,2026-07-12,IMPS/RZP4230490578/RAZORPAY SETTLEMENT
BTXN5379714266,RZP7126765607,30541.52,2026-07-03,UPI-RAZORPAY SOFTWARE PVT LTD-RZP7126765607
BTXN9460641311,RZP5997739709,19629.95,2026-07-13,NEFT CR-RZP5997739709-RAZORPAY
BTXN5612913149,RZP9895039022,2207.37,2026-07-03,UPI-RAZORPAY SOFTWARE PVT LTD-RZP9895039022
BTXN4436425084,RZP6709234482,40896.41,2026-07-04,NEFT CR-RZP6709234482-RAZORPAY
BTXN7234031733,RZP1535559599,46402.22,2026-07-15,RTGS-RZP1535559599-RAZORPAY SOFTWARE PVT LTD
BTXN7539149856,RZP6703151155,65823.41,2026-07-13,UPI-RAZORPAY SOFTWARE PVT LTD-RZP6703151155
BTXN5309125723,RZP4092010765,26290.48,2026-07-14,RTGS-RZP4092010765-RAZORPAY SOFTWARE PVT LTD
BTXN6654463618,RZP6075188222,32321.83,2026-07-11,NEFT CR-RZP6075188222-RAZORPAY
BTXN5484025579,RZP5696703644,19954.94,2026-07-09,NEFT CR-RZP5696703644-RAZORPAY
BTXN9978155525,RZP3478940001,40417.96,2026-07-05,UPI-RAZORPAY SOFTWARE PVT LTD-RZP3478940001
BTXN5003002674,RZP3886556616,20224.41,2026-07-06,UPI-RAZORPAY SOFTWARE PVT LTD-RZP3886556616
BTXN7092649329,RPZ6293357444,72858.03,2026-07-17,UPI-RAZORPAY SETTLEMENT ORDER 357444
BTXN5785365297,RZP4408903107,34485.75,2026-07-03,UPI-RAZORPAY SOFTWARE PVT LTD-RZP4408903107
BTXN3223963204,RZP8200973170,60098.66,2026-07-05,UPI-RAZORPAY SOFTWARE PVT LTD-RZP8200973170
BTXN1457636311,RZP4221584347,63561.07,2026-07-04,IMPS/RZP4221584347/RAZORPAY SETTLEMENT
BTXN2712784441,RZP5986163178,11351.56,2026-07-06,UPI-RAZORPAY SOFTWARE PVT LTD-RZP5986163178
BTXN3097302637,RZP2979245480,55091.53,2026-07-06,NEFT CR-RZP2979245480-RAZORPAY
BTXN9638541639,RZP7415928,63892.59,2026-07-07,IMPS/RZP/928160/PAYOUT
BTXN9124756770,rzp4949715766,8299.44,2026-07-18,UPI-RAZORPAY SETTLEMENT ORDER 715766
BTXN3797045905,RZP8284073512,22185.58,2026-07-03,NEFT CR-RZP8284073512-RAZORPAY
BTXN2217162916,RZP4595818171,37737.53,2026-07-08,NEFT CR-RZP4595818171-RAZORPAY
BTXN9509410913,RZP4027409334,42276.49,2026-07-13,NEFT CR-RZP4027409334-RAZORPAY
BTXN3770933623,RZP6994611702,55014.93,2026-07-02,IMPS/RZP6994611702/RAZORPAY SETTLEMENT
BTXN3664862313,RZP4004484834,37193.67,2026-07-12,RTGS-RZP4004484834-RAZORPAY SOFTWARE PVT LTD
BTXN7453720417,RZP6740529348,7713.18,2026-07-14,NETFLIX SUBSCRIPTION
BTXN7516393069,RZP7662486954,23869.47,2026-07-11,IMPS/RZP7662486954/RAZORPAY SETTLEMENT
BTXN3479690385,RZP2670036982,53002.80,2026-07-04,IMPS/RZP2670036982/RAZORPAY SETTLEMENT
BTXN6962822446,RZP5236075319,7200.53,2026-07-02,IMPS/RZP5236075319/RAZORPAY SETTLEMENT
BTXN6199833952,RZP6681383069,24234.08,2026-07-03,NEFT CR-RZP6681383069-RAZORPAY
BTXN3377088151,RZP7627973493,8994.49,2026-07-05,RTGS-RZP7627973493-RAZORPAY SOFTWARE PVT LTD
BTXN4191773840,RZP2679784362,74224.84,2026-07-03,RTGS-RZP2679784362-RAZORPAY SOFTWARE PVT LTD
BTXN1587428937,RZP7322691495,25123.32,2026-07-07,RTGS-RZP7322691495-RAZORPAY SOFTWARE PVT LTD
BTXN2757546829,RZP4015479599,3910.47,2026-07-03,RTGS-RZP4015479599-RAZORPAY SOFTWARE PVT LTD
BTXN8622161974,RZP6104699352,12196.58,2026-07-09,UPI-RAZORPAY SOFTWARE PVT LTD-RZP6104699352
BTXN5837604445,RZP7722858138,54359.77,2026-07-07,UPI-RAZORPAY SETTLEMENT ORDER 588138
BTXN9537630302,RZP2420421174,25426.60,2026-07-03,NEFT CR-RZP2420421174-RAZORPAY
BTXN6839893356,RZP6367479673,56959.43,2026-07-14,IMPS/RZP6367479673/RAZORPAY SETTLEMENT
BTXN4904505719,RZP6813716777,58229.56,2026-07-11,NEFT CR-RZP6813716777-RAZORPAY
BTXN8299888883,RZP5291526188,56093.29,2026-07-08,NEFT CR-RZP5291526188-RAZORPAY
BTXN6745941283,RZP3968732915,69531.33,2026-07-13,RTGS-RZP3968732915-RAZORPAY SOFTWARE PVT LTD
BTXN6082765198,RZP3534211575,64198.47,2026-07-01,IMPS/RZP3534211575/RAZORPAY SETTLEMENT
BTXN2895698744,RZP1475154741,66654.21,2026-07-11,NEFT CR-RZP1475154741-RAZORPAY
BTXN9595209819,RZP4330621455,45537.36,2026-07-12,RTGS-RZP4330621455-RAZORPAY SOFTWARE PVT LTD
BTXN8327302343,RZP3320801752,67076.58,2026-07-11,RTGS-RZP3320801752-RAZORPAY SOFTWARE PVT LTD
BTXN2764563014,RZP2441608320,57040.47,2026-07-12,RTGS-RZP2441608320-RAZORPAY SOFTWARE PVT LTD
BTXN3807309597,RZP7150363994,42926.43,2026-07-09,RTGS-RZP7150363994-RAZORPAY SOFTWARE PVT LTD
BTXN5412413776,RZP2310601021,40845.41,2026-07-06,UPI-RAZORPAY SOFTWARE PVT LTD-RZP2310601021
BTXN2286817379,RZP6771941776,35455.25,2026-07-01,RTGS-RZP6771941776-RAZORPAY SOFTWARE PVT LTD
BTXN1708587371,RZP3910783280,6482.55,2026-07-06,UPI-RAZORPAY SOFTWARE PVT LTD-RZP3910783280
BTXN1536963767,RZP5545850584,13671.24,2026-07-08,RTGS-RZP5545850584-RAZORPAY SOFTWARE PVT LTD
BTXN3465883999,RZP6528675352,21763.44,2026-07-01,UPI-RAZORPAY SOFTWARE PVT LTD-RZP6528675352
BTXN5145932741,RZP7947345952,61832.18,2026-07-07,NEFT CR-RZP7947345952-RAZORPAY
BTXN9663063368,RZP5451159796,34677.34,2026-07-13,IMPS/RZP5451159796/RAZORPAY SETTLEMENT
BTXN4747842148,RZP1756880043,19310.69,2026-07-03,SWIGGY ORDER PAYMENT
BTXN7926100785,RZP7940878005,34000.51,2026-07-12,NEFT CR-RZP7940878005-RAZORPAY
BTXN7675734829,RZP3821521247,36939.54,2026-07-13,UPI-RAZORPAY SOFTWARE PVT LTD-RZP3821521247
BTXN8650187487,RZP3965017100,42793.00,2026-07-10,NEFT CR-RZP3965017100-RAZORPAY
BTXN8936809129,RZP3167612913,35020.25,2026-07-13,RTGS-RZP3167612913-RAZORPAY SOFTWARE PVT LTD
BTXN9173599435,RPZ8738330068,27276.96,2026-07-13,IMPS/RZP/330068/PAYOUT
BTXN4128327051,RZP5726142801,3896.49,2026-07-10,IMPS/RZP5726142801/RAZORPAY SETTLEMENT
BTXN8748665246,RZP6195790140,59776.06,2026-07-11,IMPS/RZP6195790140/RAZORPAY SETTLEMENT
BTXN2008707960,RZP9556021185,32249.56,2026-07-05,UPI-RAZORPAY SOFTWARE PVT LTD-RZP9556021185
BTXN7160388042,RZP5048325525,67419.26,2026-07-13,UPI-RAZORPAY SOFTWARE PVT LTD-RZP5048325525
BTXN8381531437,RZP4949257008,65546.59,2026-07-14,IMPS/RZP4949257008/RAZORPAY SETTLEMENT
BTXN7447874133,RZP7335574202,34463.10,2026-07-12,UPI-RAZORPAY SOFTWARE PVT LTD-RZP7335574202
BTXN5210013084,RZP6557196017,67484.49,2026-07-05,NEFT CR-RZP6557196017-RAZORPAY
BTXN3561557300,RZP4246059658,64652.17,2026-07-03,NEFT CR-RZP4246059658-RAZORPAY
BTXN5057466666,RZP5860327,15200.07,2026-07-18,NEFT CR RAZORPAY SOFTWARE-327143
BTXN2511307954,rzp3978968017,1268.40,2026-07-07,UPI-RAZORPAY SETTLEMENT ORDER 968017
BTXN8919773511,RZP8125799633,6786.33,2026-07-15,ZOMATO ONLINE ORDER
BTXN6695275055,RZP1036617750,9743.10,2026-07-05,ZOMATO ONLINE ORDER
BTXN2789949373,RZP5304632736,4058.40,2026-07-02,IMPS/RZP5304632736/RAZORPAY SETTLEMENT
BTXN7430519828,RZP5776077972,70567.23,2026-07-10,UPI-RAZORPAY SOFTWARE PVT LTD-RZP5776077972
BTXN8398237307,RZP7462238078,44743.15,2026-07-11,RTGS-RZP7462238078-RAZORPAY SOFTWARE PVT LTD
BTXN7215183990,RZP2942486389,43552.02,2026-07-01,RTGS-RZP2942486389-RAZORPAY SOFTWARE PVT LTD
BTXN2007995863,RZP9011357,73346.99,2026-07-09,NEFT CR RAZORPAY SOFTWARE-357588
BTXN5534356444,RZP7752591527,35955.37,2026-07-14,NEFT CR-RZP7752591527-RAZORPAY
BTXN3237418817,RZP8303498821,6025.40,2026-07-02,UPI-RAZORPAY SOFTWARE PVT LTD-RZP8303498821
BTXN3465740756,RZP5759761714,63480.32,2026-07-06,UPI-RAZORPAY SOFTWARE PVT LTD-RZP5759761714
BTXN2802841885,RZP3088803757,13084.68,2026-07-12,IMPS/RZP3088803757/RAZORPAY SETTLEMENT
BTXN3543952630,RZP8524236872,13960.10,2026-07-13,RTGS-RZP8524236872-RAZORPAY SOFTWARE PVT LTD
BTXN6844248363,RZP5531465480,36967.44,2026-07-15,NEFT CR-RZP5531465480-RAZORPAY
BTXN5312045698,RZP7490420245,51280.33,2026-07-07,NEFT CR-RZP7490420245-RAZORPAY
BTXN8297156827,RZP9803992741,21887.49,2026-07-10,UPI-RAZORPAY SOFTWARE PVT LTD-RZP9803992741
BTXN3418948916,RZP1804557,3485.00,2026-07-06,IMPS/RZP/557597/PAYOUT
BTXN6551823759,RZP7743417981,40154.92,2026-07-10,NEFT CR-RZP7743417981-RAZORPAY
BTXN6004729036,RZP1546553976,22786.13,2026-07-06,UPI-RAZORPAY SETTLEMENT ORDER 653976
BTXN4354403023,RZP2158092807,36286.10,2026-07-08,NEFT CR-RZP2158092807-RAZORPAY
BTXN3654728627,RZP8606102365,39536.72,2026-07-02,UPI-RAZORPAY SOFTWARE PVT LTD-RZP8606102365
BTXN3881268993,rzp1179097435,24171.53,2026-07-14,IMPS/RZP/097435/PAYOUT
BTXN1184212513,RZP1973156457,53841.75,2026-07-05,IMPS/RZP1973156457/RAZORPAY SETTLEMENT
BTXN6336072226,RZP1476225616,63102.07,2026-07-14,IMPS/RZP1476225616/RAZORPAY SETTLEMENT
BTXN7531445787,RZP8392239648,29117.92,2026-07-06,IMPS/RZP/293648/PAYOUT
BTXN1310372266,RZP4089283317,73404.48,2026-07-02,IMPS/RZP4089283317/RAZORPAY SETTLEMENT
BTXN6809119747,rzp3794051161,45260.15,2026-07-05,UPI-RAZORPAY SETTLEMENT ORDER 051161
BTXN6796511785,rzp7685625004,34016.93,2026-07-13,IMPS/RZP/625004/PAYOUT
BTXN5693411726,RZP3042764,51676.02,2026-07-05,UPI-RAZORPAY SETTLEMENT ORDER 764459
BTXN2136792094,RZP3102840731,18604.97,2026-07-04,SALARY CREDIT XYZ CORP
BTXN6504219322,RZP6120284315,38118.12,2026-07-04,NEFT CR-RZP6120284315-RAZORPAY
BTXN4718144699,RZP3504022374,35573.95,2026-07-02,IMPS/RZP3504022374/RAZORPAY SETTLEMENT
BTXN8641162426,RZP9949503556,60886.14,2026-07-06,RTGS-RZP9949503556-RAZORPAY SOFTWARE PVT LTD
BTXN7093247190,RZP2791778069,29122.24,2026-07-03,UPI-RAZORPAY SOFTWARE PVT LTD-RZP2791778069
BTXN2987123316,RZP2094015963,1318.91,2026-07-14,SWIGGY ORDER PAYMENT
BTXN9801454701,RZP2444342997,14840.85,2026-07-11,RTGS-RZP2444342997-RAZORPAY SOFTWARE PVT LTD
BTXN3762310899,RZP4826509216,13553.58,2026-07-10,RTGS-RZP4826509216-RAZORPAY SOFTWARE PVT LTD
BTXN2507772040,RZP4464758521,9664.47,2026-07-03,UPI-RAZORPAY SOFTWARE PVT LTD-RZP4464758521
BTXN1396799165,RZP5099326507,11833.41,2026-07-06,SALARY CREDIT XYZ CORP
BTXN8974221026,RZP5072724725,57263.41,2026-07-13,RTGS-RZP5072724725-RAZORPAY SOFTWARE PVT LTD
BTXN4569756005,RZP3131359401,62538.09,2026-07-12,UPI-RAZORPAY SOFTWARE PVT LTD-RZP3131359401
BTXN2020267521,RPZ5727741730,39372.56,2026-07-17,NEFT CR RAZORPAY SOFTWARE-741730
BTXN8433137915,RZP4814031358,47377.68,2026-07-06,UPI-RAZORPAY SOFTWARE PVT LTD-RZP4814031358
BTXN2409143287,RZP7402836356,28584.78,2026-07-14,NEFT CR-RZP7402836356-RAZORPAY
BTXN8050374523,RZP8596278987,45472.70,2026-07-15,IMPS/RZP8596278987/RAZORPAY SETTLEMENT
BTXN1527722674,RZP4477792767,7566.94,2026-07-15,NEFT CR-RZP4477792767-RAZORPAY
BTXN5749407636,RZP7508345778,61004.30,2026-07-06,UPI-RAZORPAY SOFTWARE PVT LTD-RZP7508345778
BTXN6588965071,RZP6005106134,562.82,2026-07-03,NEFT CR-RZP6005106134-RAZORPAY
BTXN2394348242,RZP5999076257,30801.34,2026-07-12,NEFT CR-RZP5999076257-RAZORPAY
BTXN8809969440,RZP7245151734,16735.02,2026-07-15,ZOMATO ONLINE ORDER
BTXN4581670017,RZ3P634581757,38869.35,2026-07-10,UPI-RAZORPAY SETTLEMENT ORDER 581757
BTXN1793480168,RZP8466111803,11820.80,2026-07-04,UPI-RAZORPAY SOFTWARE PVT LTD-RZP8466111803
BTXN6128257880,RZP8240609570,25931.44,2026-07-12,UPI-RAZORPAY SOFTWARE PVT LTD-RZP8240609570
BTXN6505706239,RZP5976159420,47469.20,2026-07-11,RTGS-RZP5976159420-RAZORPAY SOFTWARE PVT LTD
BTXN2808971235,RZP5318082,61774.02,2026-07-17,NEFT CR RAZORPAY SOFTWARE-082411
BTXN2310175915,RZP3808312666,36789.81,2026-07-03,IMPS/RZP3808312666/RAZORPAY SETTLEMENT
BTXN9419445903,RZP7591749938,32075.71,2026-07-12,IMPS/RZP7591749938/RAZORPAY SETTLEMENT
BTXN3718296513,RZP2487772005,2049.34,2026-07-10,IMPS/RZP2487772005/RAZORPAY SETTLEMENT
BTXN6880379609,RZP3518693203,17016.21,2026-07-10,NEFT CR-RZP3518693203-RAZORPAY
BTXN6875430715,RZP8452729098,22936.76,2026-07-12,IMPS/RZP8452729098/RAZORPAY SETTLEMENT
BTXN6957889601,RZP3236110195,2742.09,2026-07-05,RTGS-RZP3236110195-RAZORPAY SOFTWARE PVT LTD
BTXN4425064653,RZP7291975298,73718.85,2026-07-06,UPI-RAZORPAY SOFTWARE PVT LTD-RZP7291975298
BTXN4996244047,RZP3036687814,73934.00,2026-07-12,RTGS-RZP3036687814-RAZORPAY SOFTWARE PVT LTD
BTXN2079770569,RZP7658867789,26709.88,2026-07-08,IMPS/RZP7658867789/RAZORPAY SETTLEMENT
BTXN2051515688,RZP7654474836,20693.38,2026-07-12,IMPS/RZP7654474836/RAZORPAY SETTLEMENT
BTXN8739668267,RZP2656497410,64836.11,2026-07-04,RTGS-RZP2656497410-RAZORPAY SOFTWARE PVT LTD
BTXN2921619376,RZP8715768100,39389.29,2026-07-14,IMPS/RZP8715768100/RAZORPAY SETTLEMENT
BTXN4207337120,RZP3651968205,17990.38,2026-07-11,IMPS/RZP3651968205/RAZORPAY SETTLEMENT
BTXN9694764030,RZP8175056058,13412.51,2026-07-13,ZOMATO ONLINE ORDER
BTXN4307723737,RZP5824908575,60382.52,2026-07-13,NEFT CR-RZP5824908575-RAZORPAY
BTXN1866306655,RZP9328604121,44268.15,2026-07-09,RTGS-RZP9328604121-RAZORPAY SOFTWARE PVT LTD
BTXN8552664320,RZP7316338369,22342.96,2026-07-06,IMPS/RZP7316338369/RAZORPAY SETTLEMENT
BTXN9686596267,RZP1789810148,35659.25,2026-07-01,UPI-RAZORPAY SOFTWARE PVT LTD-RZP1789810148
BTXN8222394132,RZP7713758036,57862.56,2026-07-13,IMPS/RZP7713758036/RAZORPAY SETTLEMENT
BTXN1737293582,RZP7345562100,17794.64,2026-07-06,IMPS/RZP7345562100/RAZORPAY SETTLEMENT
BTXN4567074423,RZP2729797891,73062.18,2026-07-01,RTGS-RZP2729797891-RAZORPAY SOFTWARE PVT LTD
BTXN2889973756,RZP6364508651,21008.98,2026-07-09,IMPS/RZP6364508651/RAZORPAY SETTLEMENT
BTXN4889726996,RZP8518755959,46722.82,2026-07-14,IMPS/RZP8518755959/RAZORPAY SETTLEMENT
BTXN2966554388,RZP7961932703,60092.84,2026-07-12,UPI-RAZORPAY SOFTWARE PVT LTD-RZP7961932703
BTXN6576395496,RZP4820055862,37785.56,2026-07-14,RTGS-RZP4820055862-RAZORPAY SOFTWARE PVT LTD
BTXN4839969468,RZP4855481847,2718.95,2026-07-08,IRCTC TICKET BOOKING
BTXN4045928730,RZP2823068546,73105.20,2026-07-05,UPI-RAZORPAY SOFTWARE PVT LTD-RZP2823068546
BTXN5575452723,RZP5326129844,60354.17,2026-07-07,UPI-RAZORPAY SOFTWARE PVT LTD-RZP5326129844
BTXN3617354206,RZP4603819309,55677.13,2026-07-03,RTGS-RZP4603819309-RAZORPAY SOFTWARE PVT LTD
BTXN9468245885,RZP1565404666,57559.83,2026-07-07,IMPS/RZP1565404666/RAZORPAY SETTLEMENT
BTXN6381250210,RZP6591927761,18714.64,2026-07-01,NEFT CR-RZP6591927761-RAZORPAY
BTXN9203563717,RZP6209182860,49175.58,2026-07-01,NEFT CR-RZP6209182860-RAZORPAY
BTXN8542116844,RZP2099911058,24829.33,2026-07-09,IMPS/RZP2099911058/RAZORPAY SETTLEMENT
BTXN8003561425,RZP7047578,11157.22,2026-07-19,UPI-RAZORPAY SETTLEMENT ORDER 578794
BTXN7056842024,RZP5082726881,38060.64,2026-07-02,NEFT CR-RZP5082726881-RAZORPAY
BTXN3951087403,RZP2039340361,26468.54,2026-07-07,IMPS/RZP2039340361/RAZORPAY SETTLEMENT
BTXN8046823725,RZP7085865776,51490.48,2026-07-15,UPI-RAZORPAY SOFTWARE PVT LTD-RZP7085865776
BTXN8206049834,rzp3084524408,56843.01,2026-07-17,NEFT CR RAZORPAY SOFTWARE-524408
BTXN2902794399,RZP9520587727,43678.11,2026-07-13,RTGS-RZP9520587727-RAZORPAY SOFTWARE PVT LTD
BTXN9137456001,RZP1610046667,24478.13,2026-07-12,UPI-RAZORPAY SOFTWARE PVT LTD-RZP1610046667
BTXN9548859744,RZP8977326384,28059.29,2026-07-03,IMPS/RZP8977326384/RAZORPAY SETTLEMENT
BTXN6959251594,ZRP2549693250,9299.63,2026-07-12,IMPS/RZP/693250/PAYOUT
BTXN2625148981,RZP9566260465,15954.23,2026-07-02,AMAZON RETAIL PAYMENT
BTXN3002475066,RZP1606467916,33770.46,2026-07-03,UPI-RAZORPAY SOFTWARE PVT LTD-RZP1606467916
BTXN8722962486,RZP6237376063,32969.78,2026-07-01,RTGS-RZP6237376063-RAZORPAY SOFTWARE PVT LTD
BTXN9301220844,RZP8054772637,14203.19,2026-07-07,RTGS-RZP8054772637-RAZORPAY SOFTWARE PVT LTD
BTXN6815760234,rzp3318091500,35598.24,2026-07-15,UPI-RAZORPAY SETTLEMENT ORDER 091500
BTXN4002853230,RZP6670216326,67851.63,2026-07-12,UPI-RAZORPAY SOFTWARE PVT LTD-RZP6670216326
BTXN5766175685,RZP6671453143,56632.39,2026-07-09,UPI-RAZORPAY SOFTWARE PVT LTD-RZP6671453143
BTXN5066547546,RZP2444054827,13112.85,2026-07-13,IMPS/RZP2444054827/RAZORPAY SETTLEMENT
BTXN1466108861,RZP2623867626,13267.45,2026-07-01,NEFT CR-RZP2623867626-RAZORPAY
BTXN4170200734,RZP5434893876,63901.29,2026-07-15,IMPS/RZP5434893876/RAZORPAY SETTLEMENT
BTXN1359522952,RZP4654980450,52975.75,2026-07-03,UPI-RAZORPAY SOFTWARE PVT LTD-RZP4654980450
BTXN2819142505,RZP8990953120,13413.85,2026-07-13,UPI-RAZORPAY SETTLEMENT ORDER 953120
BTXN7533356955,RZP6840872609,15337.66,2026-07-05,RTGS-RZP6840872609-RAZORPAY SOFTWARE PVT LTD
BTXN2350701477,RZP9270323795,67498.72,2026-07-10,UPI-RAZORPAY SOFTWARE PVT LTD-RZP9270323795
BTXN4728066704,rzp6302711221,69110.63,2026-07-15,IMPS/RZP/711221/PAYOUT
BTXN8270764845,RZP1845279868,70274.86,2026-07-04,NEFT CR-RZP1845279868-RAZORPAY
BTXN8173724981,RZP4738696633,37793.50,2026-07-06,RTGS-RZP4738696633-RAZORPAY SOFTWARE PVT LTD
BTXN9741553924,RZP3012534777,65168.24,2026-07-03,RTGS-RZP3012534777-RAZORPAY SOFTWARE PVT LTD
BTXN7609178003,RZP1139676,7931.09,2026-07-18,NEFT CR RAZORPAY SOFTWARE-676258
BTXN1811314470,RZP9683097097,7497.09,2026-07-12,UPI-RAZORPAY SOFTWARE PVT LTD-RZP9683097097
BTXN6641147007,RZP9537123690,13602.04,2026-07-13,ATM WDL MUM
BTXN3774190383,RZP6993185041,40804.09,2026-07-11,RTGS-RZP6993185041-RAZORPAY SOFTWARE PVT LTD
BTXN8691942704,RZP6394175396,62525.10,2026-07-01,IMPS/RZP6394175396/RAZORPAY SETTLEMENT
BTXN3002904954,RZP5140380028,47306.76,2026-07-11,NEFT CR-RZP5140380028-RAZORPAY
BTXN5816984800,RZP4298673916,16389.90,2026-07-07,NEFT CR-RZP4298673916-RAZORPAY
BTXN1151805831,RZP3895535559,14374.77,2026-07-13,NEFT CR-RZP3895535559-RAZORPAY
BTXN7746298485,RZP4649297119,7725.00,2026-07-04,NEFT CR-RZP4649297119-RAZORPAY
BTXN9923904199,RZP6023278193,67472.60,2026-07-11,IMPS/RZP6023278193/RAZORPAY SETTLEMENT
BTXN3658772734,RZP7534797217,73355.51,2026-07-03,NEFT CR-RZP7534797217-RAZORPAY
BTXN2967767888,RZP7570534858,10912.06,2026-07-12,SWIGGY ORDER PAYMENT
BTXN2274886145,RZP5564570138,17147.55,2026-07-04,UPI-RAZORPAY SOFTWARE PVT LTD-RZP5564570138
BTXN8667408204,RZP3922662676,842.96,2026-07-08,IMPS/RZP3922662676/RAZORPAY SETTLEMENT
BTXN7369876804,RZP4398250825,44507.21,2026-07-12,UPI-RAZORPAY SOFTWARE PVT LTD-RZP4398250825
BTXN3045941286,RZP1290680533,39195.52,2026-07-15,RTGS-RZP1290680533-RAZORPAY SOFTWARE PVT LTD
BTXN6535956421,RZP1731842888,4921.86,2026-07-01,RTGS-RZP1731842888-RAZORPAY SOFTWARE PVT LTD
BTXN9659259570,RZP3090316731,13830.87,2026-07-09,NEFT CR-RZP3090316731-RAZORPAY
BTXN7985763912,RZP7270360487,53446.09,2026-07-09,NEFT CR-RZP7270360487-RAZORPAY
BTXN3886667035,RZP2029460252,45011.94,2026-07-08,IMPS/RZP/640252/PAYOUT
BTXN9906066543,RZP8273304289,17815.75,2026-07-12,SALARY CREDIT XYZ CORP
BTXN3565259704,RZP9661722250,20696.11,2026-07-09,NEFT CR RAZORPAY SOFTWARE-722250
BTXN9266605491,RZP2854186059,45360.32,2026-07-15,NEFT CR-RZP2854186059-RAZORPAY
BTXN6054742010,RZP4989225070,70202.86,2026-07-06,IMPS/RZP4989225070/RAZORPAY SETTLEMENT
BTXN8224165114,RZP9142577799,36008.67,2026-07-12,NEFT CR-RZP9142577799-RAZORPAY
BTXN2165144965,RZP5481721096,13188.81,2026-07-05,NEFT CR-RZP5481721096-RAZORPAY
BTXN4433130093,RZP7177354079,19369.30,2026-07-11,ATM WDL MUM
BTXN5885787104,RZP1417984375,24594.68,2026-07-13,UPI-RAZORPAY SOFTWARE PVT LTD-RZP1417984375
BTXN3205467924,RZP4827896162,34615.31,2026-07-06,UPI-RAZORPAY SOFTWARE PVT LTD-RZP4827896162
BTXN2679328798,RZP6769686489,49237.32,2026-07-05,RTGS-RZP6769686489-RAZORPAY SOFTWARE PVT LTD
BTXN4498248368,RZP6190830242,4166.46,2026-07-08,RTGS-RZP6190830242-RAZORPAY SOFTWARE PVT LTD
BTXN1291605342,RZP3441816160,66302.84,2026-07-01,NEFT CR-RZP3441816160-RAZORPAY
BTXN2748858498,RZP1158247,61105.49,2026-07-11,IMPS/RZP/247555/PAYOUT
BTXN6628592839,RZP6196769550,3503.45,2026-07-05,NEFT CR-RZP6196769550-RAZORPAY
BTXN5460118024,RZP5314193103,32248.62,2026-07-08,IMPS/RZP5314193103/RAZORPAY SETTLEMENT
BTXN8623572160,RZP1373491750,47965.27,2026-07-01,RTGS-RZP1373491750-RAZORPAY SOFTWARE PVT LTD
BTXN3508119100,RZP9710824963,3861.32,2026-07-14,IMPS/RZP9710824963/RAZORPAY SETTLEMENT
BTXN4902367397,RZP2276132196,55800.07,2026-07-11,NEFT CR-RZP2276132196-RAZORPAY
BTXN7627878266,RZP6259851903,59983.29,2026-07-03,NEFT CR-RZP6259851903-RAZORPAY
BTXN7879480679,RZP5537967771,30609.86,2026-07-10,RTGS-RZP5537967771-RAZORPAY SOFTWARE PVT LTD
BTXN1978617132,rzp7870055122,27037.06,2026-07-14,NEFT CR RAZORPAY SOFTWARE-055122
BTXN1060093811,RZ4P820016297,40962.05,2026-07-10,UPI-RAZORPAY SETTLEMENT ORDER 016297
BTXN9966126975,RZP3390240440,26402.38,2026-07-15,RTGS-RZP3390240440-RAZORPAY SOFTWARE PVT LTD
BTXN9023542548,RZP7653080344,58936.17,2026-07-08,UPI-RAZORPAY SOFTWARE PVT LTD-RZP7653080344
BTXN6107179957,RZP1741026891,71767.04,2026-07-04,UPI-RAZORPAY SOFTWARE PVT LTD-RZP1741026891
BTXN8918307441,RZP7637186,34040.38,2026-07-06,UPI-RAZORPAY SETTLEMENT ORDER 186170
BTXN7410048427,RZP9471047463,25692.77,2026-07-07,IMPS/RZP9471047463/RAZORPAY SETTLEMENT
BTXN9172052492,RZP4122981163,53332.62,2026-07-08,UPI-RAZORPAY SOFTWARE PVT LTD-RZP4122981163
BTXN7388836126,RZP7927464592,26345.97,2026-07-06,IMPS/RZP7927464592/RAZORPAY SETTLEMENT
BTXN9811640292,RZP2118594780,47382.85,2026-07-10,NEFT CR-RZP2118594780-RAZORPAY
BTXN7345972539,RZP9675409041,20679.70,2026-07-12,UPI-RAZORPAY SOFTWARE PVT LTD-RZP9675409041
BTXN6609056766,RZP9855953155,25031.97,2026-07-07,RTGS-RZP9855953155-RAZORPAY SOFTWARE PVT LTD
BTXN7424419411,RZP5094088928,26467.23,2026-07-09,IMPS/RZP5094088928/RAZORPAY SETTLEMENT
BTXN7345120259,RZP9372757146,41775.08,2026-07-12,RTGS-RZP9372757146-RAZORPAY SOFTWARE PVT LTD
BTXN5078381983,RZP4180065629,51627.02,2026-07-01,RTGS-RZP4180065629-RAZORPAY SOFTWARE PVT LTD
BTXN6954815990,RZP6815169878,71440.63,2026-07-04,RTGS-RZP6815169878-RAZORPAY SOFTWARE PVT LTD
BTXN7678293431,RZP4242579642,31285.50,2026-07-13,RTGS-RZP4242579642-RAZORPAY SOFTWARE PVT LTD
BTXN8627610216,RZP7576472462,54497.53,2026-07-02,RTGS-RZP7576472462-RAZORPAY SOFTWARE PVT LTD
BTXN1610900200,RZP9263135031,59193.19,2026-07-11,NEFT CR-RZP9263135031-RAZORPAY
BTXN2674762035,RZP5897158445,10056.24,2026-07-12,RTGS-RZP5897158445-RAZORPAY SOFTWARE PVT LTD
BTXN4104292484,RZP8573525301,52238.06,2026-07-03,IMPS/RZP8573525301/RAZORPAY SETTLEMENT
BTXN7454228052,RZP7926757698,57017.76,2026-07-05,UPI-RAZORPAY SOFTWARE PVT LTD-RZP7926757698
BTXN5094567645,RZP7408705307,74095.36,2026-07-01,IMPS/RZP7408705307/RAZORPAY SETTLEMENT
BTXN7528442699,RZP1353239555,27709.15,2026-07-12,UPI-RAZORPAY SOFTWARE PVT LTD-RZP1353239555
BTXN1796949552,RZP1248756370,6692.97,2026-07-15,IRCTC TICKET BOOKING
BTXN6437783510,RZP6584835127,70769.95,2026-07-07,IMPS/RZP6584835127/RAZORPAY SETTLEMENT
BTXN3277811382,RZP5872860805,33539.49,2026-07-01,UPI-RAZORPAY SOFTWARE PVT LTD-RZP5872860805
BTXN5585133383,RZP9776913529,29322.66,2026-07-06,IMPS/RZP9776913529/RAZORPAY SETTLEMENT
BTXN9492935196,RZP2243364266,9974.58,2026-07-13,RTGS-RZP2243364266-RAZORPAY SOFTWARE PVT LTD
BTXN2388854268,RZP9327611847,9499.90,2026-07-04,UPI-RAZORPAY SOFTWARE PVT LTD-RZP9327611847
BTXN3539184268,RZP1685064152,58691.03,2026-07-13,RTGS-RZP1685064152-RAZORPAY SOFTWARE PVT LTD
BTXN2669060973,RZP5105602478,3884.43,2026-07-04,SALARY CREDIT XYZ CORP
BTXN8956347883,RZP3890561281,13010.01,2026-07-15,NEFT CR-RZP3890561281-RAZORPAY
BTXN3048155785,RZP7980840817,2566.94,2026-07-11,ELECTRICITY BILL AUTOPAY
BTXN8880079328,RZP5956268238,69982.65,2026-07-05,IMPS/RZP5956268238/RAZORPAY SETTLEMENT
BTXN3963929215,RZP3027910932,29475.55,2026-07-08,IMPS/RZP3027910932/RAZORPAY SETTLEMENT
BTXN1148682072,RZP1986441467,54683.76,2026-07-15,RTGS-RZP1986441467-RAZORPAY SOFTWARE PVT LTD
BTXN7829655223,RZP8557470772,65338.42,2026-07-02,NEFT CR-RZP8557470772-RAZORPAY
BTXN3773055184,RZP8876219703,69209.84,2026-07-08,RTGS-RZP8876219703-RAZORPAY SOFTWARE PVT LTD
BTXN1199755336,rzp3980912266,12154.96,2026-07-07,NEFT CR RAZORPAY SOFTWARE-912266
BTXN6981029805,RZP4998656050,36463.44,2026-07-11,NEFT CR-RZP4998656050-RAZORPAY
BTXN4942339065,rzp9968534064,22160.51,2026-07-12,IMPS/RZP/534064/PAYOUT
BTXN4436780210,RZP6277827439,36362.89,2026-07-07,NEFT CR-RZP6277827439-RAZORPAY
BTXN5723925270,RZP3516665536,13970.45,2026-07-08,UPI-RAZORPAY SOFTWARE PVT LTD-RZP3516665536
BTXN1535794783,RZP9944909639,59410.19,2026-07-15,UPI-RAZORPAY SOFTWARE PVT LTD-RZP9944909639
BTXN7944422475,RZP2147210900,11094.74,2026-07-15,NEFT CR-RZP2147210900-RAZORPAY
BTXN2366088189,RZP3894354174,40705.18,2026-07-05,RTGS-RZP3894354174-RAZORPAY SOFTWARE PVT LTD
BTXN5645459980,RZP5409514899,4467.64,2026-07-09,IMPS/RZP5409514899/RAZORPAY SETTLEMENT
BTXN2378996901,RZP6609505682,47085.78,2026-07-15,IMPS/RZP6609505682/RAZORPAY SETTLEMENT
BTXN6995755638,RZP1801439496,9503.70,2026-07-11,IRCTC TICKET BOOKING
BTXN5998889740,RZP2563517539,45054.66,2026-07-08,RTGS-RZP2563517539-RAZORPAY SOFTWARE PVT LTD
BTXN4574210554,RZP6684755764,18440.44,2026-07-14,SALARY CREDIT XYZ CORP
BTXN8361250776,RZP7056593436,7529.12,2026-07-14,UPI-RAZORPAY SETTLEMENT ORDER 539436
BTXN2254342831,RZP5516421173,49946.84,2026-07-09,RTGS-RZP5516421173-RAZORPAY SOFTWARE PVT LTD
BTXN1934443279,RZ2P280682265,8496.02,2026-07-13,IMPS/RZP/682265/PAYOUT
BTXN8902394261,RZP9054514415,18073.13,2026-07-02,AMAZON RETAIL PAYMENT
BTXN2563499140,RZP3615903317,18882.38,2026-07-07,UPI-RAZORPAY SOFTWARE PVT LTD-RZP3615903317
BTXN5995205693,RZP9480404121,25669.45,2026-07-07,IMPS/RZP9480404121/RAZORPAY SETTLEMENT
BTXN6838855406,RZP8913735653,26227.86,2026-07-03,IMPS/RZP8913735653/RAZORPAY SETTLEMENT
BTXN6557177381,RZP3948154414,42484.52,2026-07-09,UPI-RAZORPAY SOFTWARE PVT LTD-RZP3948154414
BTXN5266023475,rzp5670260654,64483.45,2026-07-15,NEFT CR RAZORPAY SOFTWARE-260654
BTXN8118065825,RZP2761091683,17858.33,2026-07-06,UPI-RAZORPAY SOFTWARE PVT LTD-RZP2761091683
BTXN8514176473,RZP3877158644,2074.54,2026-07-02,NEFT CR-RZP3877158644-RAZORPAY
BTXN3232534016,RZP9918744233,50246.12,2026-07-10,UPI-RAZORPAY SOFTWARE PVT LTD-RZP9918744233
BTXN6301763080,RZP1281903547,47360.96,2026-07-02,NEFT CR-RZP1281903547-RAZORPAY
BTXN9503167458,RZP8856990236,3784.46,2026-07-06,NEFT CR-RZP8856990236-RAZORPAY
BTXN4542697444,RZP2325128,52054.50,2026-07-06,IMPS/RZP/128304/PAYOUT
BTXN6995761662,RZP6710007,37938.20,2026-07-11,NEFT CR RAZORPAY SOFTWARE-007310
BTXN1684003840,RZP4607530438,12943.49,2026-07-11,IRCTC TICKET BOOKING
BTXN4957560450,RZP9124171938,60360.91,2026-07-04,UPI-RAZORPAY SETTLEMENT ORDER 171938
BTXN8841441776,RZP6724505953,2235.15,2026-07-13,IMPS/RZP6724505953/RAZORPAY SETTLEMENT
BTXN5038571383,RZP6015790296,57051.28,2026-07-08,IMPS/RZP6015790296/RAZORPAY SETTLEMENT
BTXN5936227006,RZP3301610601,16015.55,2026-07-11,IMPS/RZP3301610601/RAZORPAY SETTLEMENT
BTXN6816460880,rzp3760058252,33802.79,2026-07-13,IMPS/RZP/058252/PAYOUT
BTXN6148848253,RZP5751360166,23442.14,2026-07-01,IMPS/RZP5751360166/RAZORPAY SETTLEMENT
BTXN1220416597,RZP2604030777,51900.60,2026-07-07,RTGS-RZP2604030777-RAZORPAY SOFTWARE PVT LTD
BTXN7806591890,RZP8089537254,64627.68,2026-07-14,RTGS-RZP8089537254-RAZORPAY SOFTWARE PVT LTD
BTXN1442860971,RZP1550624593,14504.33,2026-07-10,IMPS/RZP1550624593/RAZORPAY SETTLEMENT
BTXN5861182904,RZP8806684710,63496.49,2026-07-15,IMPS/RZP/684710/PAYOUT
BTXN7330538173,RZP1455932803,59045.78,2026-07-02,UPI-RAZORPAY SOFTWARE PVT LTD-RZP1455932803
BTXN8116581001,RZP7310339622,33139.25,2026-07-09,NEFT CR-RZP7310339622-RAZORPAY
BTXN3986836802,RZP7938821352,44524.87,2026-07-07,IMPS/RZP7938821352/RAZORPAY SETTLEMENT
BTXN7995281897,RZP5319946029,32579.35,2026-07-06,RTGS-RZP5319946029-RAZORPAY SOFTWARE PVT LTD
BTXN3264040467,RZP5735646888,8577.27,2026-07-03,IRCTC TICKET BOOKING
BTXN9279557496,RZP9088619196,13041.99,2026-07-07,AMAZON RETAIL PAYMENT
BTXN4531055077,RZP7039012908,1526.41,2026-07-11,UPI-RAZORPAY SOFTWARE PVT LTD-RZP7039012908
BTXN6410068252,RZP2448523257,64780.36,2026-07-15,NEFT CR-RZP2448523257-RAZORPAY
BTXN1308153577,RZP7403192791,22445.02,2026-07-07,NEFT CR-RZP7403192791-RAZORPAY
BTXN4303860786,RZP2902586094,52200.74,2026-07-07,NEFT CR-RZP2902586094-RAZORPAY
BTXN2198138675,RZP4170160337,23631.29,2026-07-07,IMPS/RZP4170160337/RAZORPAY SETTLEMENT
BTXN8375598787,RZP8701291551,31381.81,2026-07-12,NEFT CR-RZP8701291551-RAZORPAY
BTXN6827758031,RZP3682719160,66824.15,2026-07-06,UPI-RAZORPAY SOFTWARE PVT LTD-RZP3682719160
BTXN1124413253,RZP3152767,58628.30,2026-07-15,NEFT CR RAZORPAY SOFTWARE-767933
BTXN8703336953,rzp5006676801,28717.72,2026-07-05,UPI-RAZORPAY SETTLEMENT ORDER 676801
BTXN4746778640,RZP2281425718,21633.38,2026-07-02,NEFT CR-RZP2281425718-RAZORPAY
BTXN5420666225,RZP3013362475,5217.48,2026-07-11,NEFT CR-RZP3013362475-RAZORPAY
BTXN8604238207,RZP7049530959,56470.43,2026-07-07,IMPS/RZP7049530959/RAZORPAY SETTLEMENT
BTXN9766457634,RZP6717441860,44391.51,2026-07-05,IMPS/RZP6717441860/RAZORPAY SETTLEMENT
BTXN6880424311,RZP5592698912,18944.06,2026-07-09,SWIGGY ORDER PAYMENT
BTXN2757851826,RZP3434033418,57507.65,2026-07-12,RTGS-RZP3434033418-RAZORPAY SOFTWARE PVT LTD
BTXN8804109561,RZP8213569304,30098.91,2026-07-04,UPI-RAZORPAY SOFTWARE PVT LTD-RZP8213569304
BTXN1383539822,RZP2261792922,35573.18,2026-07-12,IMPS/RZP2261792922/RAZORPAY SETTLEMENT
BTXN5756521244,rzp5406031199,10039.59,2026-07-08,NEFT CR RAZORPAY SOFTWARE-031199
BTXN8434278992,RZP5759745795,9418.44,2026-07-12,NETFLIX SUBSCRIPTION
BTXN3730334251,RZP8959606420,20582.13,2026-07-13,RTGS-RZP8959606420-RAZORPAY SOFTWARE PVT LTD
BTXN9660506808,RZP4259564609,40170.21,2026-07-08,NEFT CR-RZP4259564609-RAZORPAY
BTXN3164374458,RZP5110581991,69110.91,2026-07-15,IMPS/RZP/081991/PAYOUT
BTXN7328277012,RZP7606951,36178.64,2026-07-05,UPI-RAZORPAY SETTLEMENT ORDER 951842
BTXN8521389520,RZP5069371057,11735.78,2026-07-06,RTGS-RZP5069371057-RAZORPAY SOFTWARE PVT LTD
BTXN9334752227,RZP1584728752,4181.64,2026-07-10,SALARY CREDIT XYZ CORP
BTXN3835757057,RZP2112545054,30906.58,2026-07-18,UPI-RAZORPAY SETTLEMENT ORDER 455054
BTXN9997835899,RZP5379942591,71473.74,2026-07-08,RTGS-RZP5379942591-RAZORPAY SOFTWARE PVT LTD
BTXN8151172643,RZP3074059483,55057.44,2026-07-01,RTGS-RZP3074059483-RAZORPAY SOFTWARE PVT LTD
BTXN2421458235,RZP7550486544,11384.49,2026-07-02,NEFT CR-RZP7550486544-RAZORPAY
BTXN6377939469,RZP1802690946,21634.76,2026-07-07,RTGS-RZP1802690946-RAZORPAY SOFTWARE PVT LTD
BTXN2765488952,RZP5235541974,43453.60,2026-07-10,UPI-RAZORPAY SOFTWARE PVT LTD-RZP5235541974
BTXN3654275027,RZP1099248093,50308.75,2026-07-05,NEFT CR-RZP1099248093-RAZORPAY
BTXN3662896822,RZP1144213090,17552.29,2026-07-13,IMPS/RZP1144213090/RAZORPAY SETTLEMENT
BTXN9086438232,RZP2182674121,46859.11,2026-07-06,NEFT CR-RZP2182674121-RAZORPAY
BTXN7011785174,RZP6511766895,9904.91,2026-07-05,NEFT CR-RZP6511766895-RAZORPAY
BTXN1311570307,RZP6320115677,29986.05,2026-07-11,IMPS/RZP6320115677/RAZORPAY SETTLEMENT
BTXN8194175806,RZP5872589903,53821.38,2026-07-08,UPI-RAZORPAY SOFTWARE PVT LTD-RZP5872589903
BTXN7036651936,RZP3074165225,36102.23,2026-07-03,IMPS/RZP3074165225/RAZORPAY SETTLEMENT
BTXN8663678144,RZP4460254739,60773.14,2026-07-08,RTGS-RZP4460254739-RAZORPAY SOFTWARE PVT LTD
BTXN3355780575,RZP6012217942,48272.45,2026-07-08,NEFT CR-RZP6012217942-RAZORPAY
BTXN6517079934,RZP6055530331,59808.81,2026-07-08,UPI-RAZORPAY SOFTWARE PVT LTD-RZP6055530331
BTXN6474681203,RZP5593270450,7586.43,2026-07-13,RTGS-RZP5593270450-RAZORPAY SOFTWARE PVT LTD
BTXN4255573323,RZP1893165694,52515.94,2026-07-05,UPI-RAZORPAY SOFTWARE PVT LTD-RZP1893165694
BTXN2581844680,RZP6904358583,70714.73,2026-07-05,UPI-RAZORPAY SOFTWARE PVT LTD-RZP6904358583
BTXN7055941464,RZP4153868951,5221.02,2026-07-07,NEFT CR-RZP4153868951-RAZORPAY
BTXN7415500367,RZP1744279636,12145.40,2026-07-08,UPI-RAZORPAY SOFTWARE PVT LTD-RZP1744279636
BTXN1322493391,RZP8308554033,42845.48,2026-07-07,UPI-RAZORPAY SOFTWARE PVT LTD-RZP8308554033
BTXN2193506322,RZP5091156068,611.43,2026-07-06,RTGS-RZP5091156068-RAZORPAY SOFTWARE PVT LTD
BTXN2644360541,RZP1512213630,34232.49,2026-07-10,IMPS/RZP1512213630/RAZORPAY SETTLEMENT
BTXN8530092347,RZP9255377751,36408.58,2026-07-10,IMPS/RZP9255377751/RAZORPAY SETTLEMENT
BTXN7537829164,RZP8966326011,23655.16,2026-07-13,UPI-RAZORPAY SOFTWARE PVT LTD-RZP8966326011
BTXN9407255475,RZP2044522186,10275.45,2026-07-12,SWIGGY ORDER PAYMENT
BTXN6402566252,RZP8068502818,53266.86,2026-07-08,RTGS-RZP8068502818-RAZORPAY SOFTWARE PVT LTD
BTXN2610682732,RZP6054391163,4273.15,2026-07-09,RTGS-RZP6054391163-RAZORPAY SOFTWARE PVT LTD
BTXN3843651882,RZP2378177605,10090.23,2026-07-10,NEFT CR-RZP2378177605-RAZORPAY
BTXN9503451171,RZP7309067,34161.13,2026-07-05,IMPS/RZP/067253/PAYOUT
BTXN7230903850,rzp5387260845,48930.21,2026-07-11,UPI-RAZORPAY SETTLEMENT ORDER 260845
BTXN7747643889,RZP3608006164,5726.09,2026-07-01,RTGS-RZP3608006164-RAZORPAY SOFTWARE PVT LTD
BTXN3703750755,RZP3784730778,22711.23,2026-07-10,IMPS/RZP3784730778/RAZORPAY SETTLEMENT
BTXN8601950647,RZP4496432805,45761.92,2026-07-14,NEFT CR RAZORPAY SOFTWARE-432805
BTXN5198615720,RZP6411194540,11056.44,2026-07-08,SALARY CREDIT XYZ CORP
BTXN8112951912,RZP5349767729,41935.83,2026-07-02,NEFT CR-RZP5349767729-RAZORPAY
BTXN3275234812,RZ8P974175026,33623.95,2026-07-07,NEFT CR RAZORPAY SOFTWARE-175026
BTXN3050729942,RZP1239609219,41207.29,2026-07-17,UPI-RAZORPAY SETTLEMENT ORDER 609219
BTXN9269704128,RZP9273095975,56420.65,2026-07-09,IMPS/RZP9273095975/RAZORPAY SETTLEMENT
BTXN5819625680,RZP3319984815,24355.18,2026-07-05,IMPS/RZP3319984815/RAZORPAY SETTLEMENT
BTXN4875395503,RZP1605064858,4270.09,2026-07-07,RTGS-RZP1605064858-RAZORPAY SOFTWARE PVT LTD
BTXN5920700571,RZP8908902046,26761.28,2026-07-03,RTGS-RZP8908902046-RAZORPAY SOFTWARE PVT LTD
BTXN8517357684,RZP9572389939,30927.67,2026-07-06,NEFT CR-RZP9572389939-RAZORPAY
BTXN7279079014,RZP1160675121,22320.21,2026-07-07,IMPS/RZP1160675121/RAZORPAY SETTLEMENT
BTXN1365933270,RZP6670844969,14291.75,2026-07-14,ZOMATO ONLINE ORDER
BTXN8616062806,RZP4308670736,26224.29,2026-07-12,IMPS/RZP4308670736/RAZORPAY SETTLEMENT
BTXN3599224568,RZP1061485806,4490.35,2026-07-02,NETFLIX SUBSCRIPTION
BTXN6649334064,RZP9525283313,6690.35,2026-07-12,IMPS/RZP9525283313/RAZORPAY SETTLEMENT
BTXN8487757441,RZP5302547542,48422.43,2026-07-09,IMPS/RZP5302547542/RAZORPAY SETTLEMENT
BTXN6490478499,RZP2858381356,5717.82,2026-07-05,ATM WDL BLR
BTXN7411368834,RZP1664540814,58122.53,2026-07-07,NEFT CR-RZP1664540814-RAZORPAY
BTXN8247938862,RZP1221696347,14835.21,2026-07-07,RTGS-RZP1221696347-RAZORPAY SOFTWARE PVT LTD
BTXN9037109671,rzp1919252356,7187.94,2026-07-06,IMPS/RZP/252356/PAYOUT
BTXN2906775938,RZP5648219528,37281.60,2026-07-07,IMPS/RZP5648219528/RAZORPAY SETTLEMENT
BTXN5086602638,RZP3779798,57073.49,2026-07-12,NEFT CR RAZORPAY SOFTWARE-798671
BTXN7974370156,RZP1495338179,28473.60,2026-07-10,UPI-RAZORPAY SOFTWARE PVT LTD-RZP1495338179
BTXN6095651102,RZP9758245850,39071.13,2026-07-15,IMPS/RZP9758245850/RAZORPAY SETTLEMENT
BTXN5482561408,RZP7529618152,10389.14,2026-07-09,SWIGGY ORDER PAYMENT
BTXN4829835371,RZP8742715063,10443.90,2026-07-14,UPI-RAZORPAY SOFTWARE PVT LTD-RZP8742715063
BTXN8112002516,RZP3553757833,5791.92,2026-07-09,IMPS/RZP/757833/PAYOUT
BTXN2887022675,RZP4831941431,40463.84,2026-07-05,UPI-RAZORPAY SOFTWARE PVT LTD-RZP4831941431
BTXN2980145442,RZP1528353758,21613.83,2026-07-01,NEFT CR-RZP1528353758-RAZORPAY
BTXN9037197421,RZP7289480403,920.18,2026-07-05,UPI-RAZORPAY SOFTWARE PVT LTD-RZP7289480403
BTXN9362395521,RZP7470657814,71355.70,2026-07-06,RTGS-RZP7470657814-RAZORPAY SOFTWARE PVT LTD
BTXN4900459269,RZP9551160273,24309.44,2026-07-08,IMPS/RZP9551160273/RAZORPAY SETTLEMENT
BTXN2190934927,RZP9312993975,29403.59,2026-07-11,NEFT CR-RZP9312993975-RAZORPAY
BTXN1064985043,RZP4562500653,5127.98,2026-07-13,IMPS/RZP4562500653/RAZORPAY SETTLEMENT
BTXN4673629009,RZP2845335547,26454.42,2026-07-14,NEFT CR-RZP2845335547-RAZORPAY
BTXN9893168359,RZP6492834969,10803.36,2026-07-05,RTGS-RZP6492834969-RAZORPAY SOFTWARE PVT LTD
BTXN1481379175,RZP5634177353,13370.56,2026-07-03,UPI-RAZORPAY SOFTWARE PVT LTD-RZP5634177353
BTXN1637544362,RZP8515792306,8103.13,2026-07-15,RTGS-RZP8515792306-RAZORPAY SOFTWARE PVT LTD
BTXN4663863897,RZP4395560956,52631.02,2026-07-09,UPI-RAZORPAY SOFTWARE PVT LTD-RZP4395560956
BTXN6821902148,RZP7077851933,7638.23,2026-07-08,ELECTRICITY BILL AUTOPAY
BTXN5807074150,RZP4971358521,8417.21,2026-07-15,AMAZON RETAIL PAYMENT
BTXN5303857385,RZP3411030468,37520.26,2026-07-16,IMPS/RZP3411030468/RAZORPAY SETTLEMENT
BTXN3560046232,RZP5898662915,48887.92,2026-07-09,UPI-RAZORPAY SOFTWARE PVT LTD-RZP5898662915
BTXN5380955107,RZP8364646322,650.67,2026-07-11,UPI-RAZORPAY SOFTWARE PVT LTD-RZP8364646322
BTXN4094152811,RZP1900587144,52141.62,2026-07-06,IMPS/RZP1900587144/RAZORPAY SETTLEMENT
BTXN9866192282,RZP9560069,24460.19,2026-07-12,UPI-RAZORPAY SETTLEMENT ORDER 069539
BTXN1036220167,RZP2763419718,38983.88,2026-07-14,RTGS-RZP2763419718-RAZORPAY SOFTWARE PVT LTD
BTXN7019139112,RZP7532442605,1875.25,2026-07-05,RTGS-RZP7532442605-RAZORPAY SOFTWARE PVT LTD
BTXN9821727608,RZP1922084911,28289.38,2026-07-15,RTGS-RZP1922084911-RAZORPAY SOFTWARE PVT LTD
BTXN8942331330,RZP1783483046,5970.27,2026-07-12,IMPS/RZP1783483046/RAZORPAY SETTLEMENT
BTXN8322707110,RZP4456839286,12796.24,2026-07-14,ZOMATO ONLINE ORDER
BTXN9258602228,RZP5381262366,30006.81,2026-07-03,RTGS-RZP5381262366-RAZORPAY SOFTWARE PVT LTD
BTXN1972153549,RZP2422568286,62248.41,2026-07-15,IMPS/RZP/586286/PAYOUT
BTXN7657157256,RZP1973407726,22856.40,2026-07-07,IMPS/RZP1973407726/RAZORPAY SETTLEMENT
BTXN6900690255,RZP3394225315,50246.03,2026-07-05,UPI-RAZORPAY SOFTWARE PVT LTD-RZP3394225315
BTXN8682870495,RZP8213053933,22671.01,2026-07-02,NEFT CR-RZP8213053933-RAZORPAY
BTXN3448432608,RZP8810183052,59923.83,2026-07-13,IMPS/RZP8810183052/RAZORPAY SETTLEMENT
BTXN9350979387,RZP4750456348,64050.76,2026-07-01,NEFT CR-RZP4750456348-RAZORPAY
BTXN2076978280,RZP1259956929,57109.90,2026-07-01,UPI-RAZORPAY SOFTWARE PVT LTD-RZP1259956929
BTXN6923942980,RZP7856120565,63262.57,2026-07-16,UPI-RAZORPAY SOFTWARE PVT LTD-RZP7856120565
BTXN6128323757,RZP7006428304,1296.25,2026-07-13,SALARY CREDIT XYZ CORP
BTXN7771289365,RZP5069495876,42102.55,2026-07-09,RTGS-RZP5069495876-RAZORPAY SOFTWARE PVT LTD
BTXN7729621392,RZP3220691279,37917.49,2026-07-11,UPI-RAZORPAY SOFTWARE PVT LTD-RZP3220691279
BTXN4569641171,RZP2655226179,41995.50,2026-07-03,RTGS-RZP2655226179-RAZORPAY SOFTWARE PVT LTD
BTXN4339442668,RZP9724734222,2506.96,2026-07-13,ELECTRICITY BILL AUTOPAY
BTXN7712120056,RZP7411008763,60634.91,2026-07-03,NEFT CR-RZP7411008763-RAZORPAY
BTXN8774042176,RZP1479011764,50336.59,2026-07-11,NEFT CR-RZP1479011764-RAZORPAY
BTXN7666601977,RZP9497566239,24068.70,2026-07-05,RTGS-RZP9497566239-RAZORPAY SOFTWARE PVT LTD
BTXN1559774523,rzp7656396707,35931.34,2026-07-20,IMPS/RZP/396707/PAYOUT
BTXN8211702146,RZP8621582368,17431.13,2026-07-14,IMPS/RZP8621582368/RAZORPAY SETTLEMENT
BTXN5629019718,RZP3150878330,1747.70,2026-07-13,SALARY CREDIT XYZ CORP
BTXN4493949654,RZP2221816986,7780.34,2026-07-13,NETFLIX SUBSCRIPTION
BTXN4068381206,rzp5517532851,40718.42,2026-07-13,UPI-RAZORPAY SETTLEMENT ORDER 532851
BTXN8380807918,RZP3204693461,39699.53,2026-07-04,IMPS/RZP3204693461/RAZORPAY SETTLEMENT
BTXN6636317915,rzp9659099265,66351.95,2026-07-05,NEFT CR RAZORPAY SOFTWARE-099265
BTXN9820781916,RZP8272457642,19356.24,2026-07-05,ZOMATO ONLINE ORDER
BTXN1461461303,RZP3574704544,37425.84,2026-07-15,RTGS-RZP3574704544-RAZORPAY SOFTWARE PVT LTD
BTXN5941069048,RZP7889565741,15977.02,2026-07-05,AMAZON RETAIL PAYMENT
BTXN1783164245,RZP6702787349,35466.97,2026-07-15,RTGS-RZP6702787349-RAZORPAY SOFTWARE PVT LTD
BTXN4559777402,RZP9119564548,14236.66,2026-07-07,IMPS/RZP9119564548/RAZORPAY SETTLEMENT
BTXN2931000173,RZP3412273600,24274.13,2026-07-08,UPI-RAZORPAY SOFTWARE PVT LTD-RZP3412273600
BTXN3089858004,RZP4470228,62023.48,2026-07-06,NEFT CR RAZORPAY SOFTWARE-228643
BTXN2139709122,RZP8275953657,63643.59,2026-07-13,UPI-RAZORPAY SOFTWARE PVT LTD-RZP8275953657
BTXN1616618708,RZP6567199,61920.28,2026-07-14,IMPS/RZP/199744/PAYOUT
BTXN3059751942,RZP1635287084,11311.86,2026-07-15,IMPS/RZP1635287084/RAZORPAY SETTLEMENT
BTXN9880581242,RZP6783367332,55818.92,2026-07-14,UPI-RAZORPAY SOFTWARE PVT LTD-RZP6783367332
BTXN2228362924,RZP7467106,24388.95,2026-07-10,IMPS/RZP/106715/PAYOUT
BTXN3751618532,RZP8230001165,22417.90,2026-07-09,UPI-RAZORPAY SOFTWARE PVT LTD-RZP8230001165
BTXN5213914746,RZP3387891264,21989.35,2026-07-06,NEFT CR-RZP3387891264-RAZORPAY
BTXN1366785845,RZP7429576379,44399.84,2026-07-15,RTGS-RZP7429576379-RAZORPAY SOFTWARE PVT LTD
BTXN1917227668,RZP8620115398,64326.02,2026-07-12,NEFT CR-RZP8620115398-RAZORPAY
BTXN3648572296,RZP6845987005,70844.56,2026-07-12,RTGS-RZP6845987005-RAZORPAY SOFTWARE PVT LTD
BTXN3059191922,RZP3463183235,23608.40,2026-07-04,RTGS-RZP3463183235-RAZORPAY SOFTWARE PVT LTD
BTXN4620124403,RZP1244252663,18806.92,2026-07-04,RTGS-RZP1244252663-RAZORPAY SOFTWARE PVT LTD
BTXN9579985535,RZP2459797120,67082.40,2026-07-13,NEFT CR-RZP2459797120-RAZORPAY
BTXN4079282743,RZP8825173287,42625.53,2026-07-12,IMPS/RZP8825173287/RAZORPAY SETTLEMENT
BTXN4585915088,RZP9072992279,21230.12,2026-07-14,RTGS-RZP9072992279-RAZORPAY SOFTWARE PVT LTD
BTXN4821260230,RZP2778320552,14573.53,2026-07-07,NEFT CR-RZP2778320552-RAZORPAY
BTXN2190874238,RZP3340023500,43678.50,2026-07-08,UPI-RAZORPAY SOFTWARE PVT LTD-RZP3340023500
BTXN8328747917,RZP1956686917,18032.73,2026-07-05,ELECTRICITY BILL AUTOPAY
BTXN1913454225,RZP2946630982,22545.46,2026-07-14,RTGS-RZP2946630982-RAZORPAY SOFTWARE PVT LTD
BTXN4887286715,RZP5850511723,43820.02,2026-07-10,RTGS-RZP5850511723-RAZORPAY SOFTWARE PVT LTD
BTXN1965492476,RZP6351388960,39253.94,2026-07-01,RTGS-RZP6351388960-RAZORPAY SOFTWARE PVT LTD
BTXN8551601566,RZP4384110341,10534.45,2026-07-07,IRCTC TICKET BOOKING
BTXN6730698191,RZP3604991420,32602.61,2026-07-05,RTGS-RZP3604991420-RAZORPAY SOFTWARE PVT LTD
BTXN2834450124,RZP8017321885,15562.75,2026-07-04,NEFT CR-RZP8017321885-RAZORPAY
BTXN9118141883,RZP7382004228,56889.92,2026-07-10,RTGS-RZP7382004228-RAZORPAY SOFTWARE PVT LTD
BTXN3909635823,RZP1766829608,2101.16,2026-07-14,IMPS/RZP1766829608/RAZORPAY SETTLEMENT
BTXN1638424264,RZP5709027191,32214.55,2026-07-07,IMPS/RZP5709027191/RAZORPAY SETTLEMENT
BTXN5867192990,RZP9003594205,60999.52,2026-07-07,IMPS/RZP9003594205/RAZORPAY SETTLEMENT
BTXN1588677665,RZP9308376961,49788.17,2026-07-05,IMPS/RZP9308376961/RAZORPAY SETTLEMENT
BTXN4975339279,RZP5289973042,5093.99,2026-07-07,NEFT CR-RZP5289973042-RAZORPAY
BTXN6086370835,RZP1515297776,64304.84,2026-07-03,RTGS-RZP1515297776-RAZORPAY SOFTWARE PVT LTD
BTXN7314665068,RZP1228587581,11572.25,2026-07-04,NEFT CR-RZP1228587581-RAZORPAY
BTXN7946038106,RZP5005196189,45070.69,2026-07-06,UPI-RAZORPAY SOFTWARE PVT LTD-RZP5005196189
BTXN5492496998,RZP4747699292,33554.05,2026-07-12,IMPS/RZP4747699292/RAZORPAY SETTLEMENT
BTXN2428597420,RZP6456522,9770.15,2026-07-07,NEFT CR RAZORPAY SOFTWARE-522105
BTXN7206174486,RZP5939546147,6654.50,2026-07-06,UPI-RAZORPAY SETTLEMENT ORDER 456147
BTXN1834753234,RZP6113321176,58224.24,2026-07-05,UPI-RAZORPAY SOFTWARE PVT LTD-RZP6113321176
BTXN8606720106,RZP2437821561,60405.03,2026-07-14,IMPS/RZP2437821561/RAZORPAY SETTLEMENT
BTXN4667168880,RZP1793881710,4602.26,2026-07-06,UPI-RAZORPAY SOFTWARE PVT LTD-RZP1793881710
BTXN5120057988,RZP9324262230,526.34,2026-07-05,IMPS/RZP9324262230/RAZORPAY SETTLEMENT
BTXN4275456104,RZP8764389284,1393.73,2026-07-15,UPI-RAZORPAY SOFTWARE PVT LTD-RZP8764389284
BTXN6760088350,RZP4607993830,71660.06,2026-07-07,RTGS-RZP4607993830-RAZORPAY SOFTWARE PVT LTD
BTXN7084569898,RZP7743250395,12503.65,2026-07-03,NEFT CR-RZP7743250395-RAZORPAY
BTXN6457451483,RZP3457284764,47726.41,2026-07-15,IMPS/RZP3457284764/RAZORPAY SETTLEMENT
BTXN2057617830,RZP4272906474,36328.73,2026-07-04,RTGS-RZP4272906474-RAZORPAY SOFTWARE PVT LTD
BTXN7945967820,RZP1619530409,60154.96,2026-07-10,NEFT CR-RZP1619530409-RAZORPAY
BTXN2351560130,RZP7856858990,46889.03,2026-07-10,RTGS-RZP7856858990-RAZORPAY SOFTWARE PVT LTD
BTXN6594226612,RZP2181967270,932.93,2026-07-10,ZOMATO ONLINE ORDER
BTXN4627234243,RZP8350343413,72005.35,2026-07-14,IMPS/RZP8350343413/RAZORPAY SETTLEMENT
BTXN5599797330,RZP1171840882,53140.84,2026-07-04,IMPS/RZP1171840882/RAZORPAY SETTLEMENT
BTXN2817292821,RZP5766030986,71385.35,2026-07-09,IMPS/RZP5766030986/RAZORPAY SETTLEMENT
BTXN8832428052,RZP9881351890,13075.30,2026-07-10,NEFT CR-RZP9881351890-RAZORPAY
BTXN9438411468,RZP8588769565,13000.29,2026-07-10,UPI-RAZORPAY SOFTWARE PVT LTD-RZP8588769565
BTXN4350598093,RZP8053429914,3284.18,2026-07-13,RTGS-RZP8053429914-RAZORPAY SOFTWARE PVT LTD
BTXN1715110804,RZP6473167257,14468.13,2026-07-12,UPI-RAZORPAY SOFTWARE PVT LTD-RZP6473167257
BTXN8173279474,RZP4486777085,60063.10,2026-07-11,UPI-RAZORPAY SOFTWARE PVT LTD-RZP4486777085
BTXN2556411683,RZP1881763870,71325.68,2026-07-10,NEFT CR-RZP1881763870-RAZORPAY
BTXN1364156605,RZP8543849802,15397.31,2026-07-06,IMPS/RZP8543849802/RAZORPAY SETTLEMENT
BTXN9519284858,RZP7597996327,70473.17,2026-07-02,IMPS/RZP7597996327/RAZORPAY SETTLEMENT
BTXN2509868542,RZP7557252322,28323.38,2026-07-05,NEFT CR-RZP7557252322-RAZORPAY
BTXN3794470624,RZP6390721496,25796.01,2026-07-18,NEFT CR RAZORPAY SOFTWARE-721496
BTXN1365398128,RZP1015106179,64832.85,2026-07-05,NEFT CR-RZP1015106179-RAZORPAY
BTXN7136747399,RZP3856132881,11795.04,2026-07-13,RTGS-RZP3856132881-RAZORPAY SOFTWARE PVT LTD
BTXN8741975262,RZP8607904155,59945.40,2026-07-04,IMPS/RZP8607904155/RAZORPAY SETTLEMENT
BTXN6191761334,RZP1078969430,4132.69,2026-07-05,RTGS-RZP1078969430-RAZORPAY SOFTWARE PVT LTD
BTXN8066490262,rzp2725239836,41020.68,2026-07-13,NEFT CR RAZORPAY SOFTWARE-239836
BTXN2984799299,RZP5886208179,39896.81,2026-07-04,RTGS-RZP5886208179-RAZORPAY SOFTWARE PVT LTD
BTXN3369241866,RZP7215764225,42518.66,2026-07-05,UPI-RAZORPAY SOFTWARE PVT LTD-RZP7215764225
BTXN1148801663,RZP7043887851,30124.13,2026-07-15,NEFT CR-RZP7043887851-RAZORPAY
BTXN3119393776,RZP4485023841,36448.30,2026-07-08,UPI-RAZORPAY SOFTWARE PVT LTD-RZP4485023841
BTXN9228597317,RZP6649700301,1734.67,2026-07-10,IMPS/RZP6649700301/RAZORPAY SETTLEMENT
BTXN7441140696,RZP8901559463,34083.63,2026-07-12,RTGS-RZP8901559463-RAZORPAY SOFTWARE PVT LTD
BTXN4261424564,RZP8125692492,54379.37,2026-07-04,IMPS/RZP8125692492/RAZORPAY SETTLEMENT
BTXN4277581356,RZP8788828039,70064.49,2026-07-12,IMPS/RZP8788828039/RAZORPAY SETTLEMENT
BTXN8033702319,RZP7648059419,67342.00,2026-07-12,RTGS-RZP7648059419-RAZORPAY SOFTWARE PVT LTD
BTXN4716653684,RZP5181004226,68792.19,2026-07-09,RTGS-RZP5181004226-RAZORPAY SOFTWARE PVT LTD
BTXN9983362849,RZP5887450229,66151.98,2026-07-12,UPI-RAZORPAY SOFTWARE PVT LTD-RZP5887450229
BTXN1884095374,RZP8974161733,66890.51,2026-07-04,UPI-RAZORPAY SOFTWARE PVT LTD-RZP8974161733
BTXN1542747974,RZP2112658672,51656.05,2026-07-12,NEFT CR-RZP2112658672-RAZORPAY
BTXN4265213289,RZP6625159548,9056.72,2026-07-01,NEFT CR-RZP6625159548-RAZORPAY
BTXN4167214638,RZP5150003697,51076.95,2026-07-14,IMPS/RZP5150003697/RAZORPAY SETTLEMENT
BTXN4499130077,RZP7430678811,5801.13,2026-07-07,IMPS/RZP7430678811/RAZORPAY SETTLEMENT
BTXN6886743321,RZP2744263871,16715.32,2026-07-05,SWIGGY ORDER PAYMENT
BTXN9504660843,RZP2294609093,16162.42,2026-07-15,IMPS/RZP2294609093/RAZORPAY SETTLEMENT
BTXN8527715219,RZP8149805821,12892.22,2026-07-10,UPI-RAZORPAY SOFTWARE PVT LTD-RZP8149805821
BTXN2257154787,RZP2437505980,23053.08,2026-07-08,UPI-RAZORPAY SOFTWARE PVT LTD-RZP2437505980
BTXN9629134468,RZP6546818494,1634.22,2026-07-06,AMAZON RETAIL PAYMENT
BTXN9722194873,RZP2040457766,25407.91,2026-07-02,NEFT CR-RZP2040457766-RAZORPAY
BTXN5725712173,RZP8785619579,30983.77,2026-07-10,UPI-RAZORPAY SOFTWARE PVT LTD-RZP8785619579
BTXN8065996278,RZP4640655106,15667.13,2026-07-06,UPI-RAZORPAY SOFTWARE PVT LTD-RZP4640655106
BTXN4224910465,RZP1892175710,61821.89,2026-07-06,UPI-RAZORPAY SOFTWARE PVT LTD-RZP1892175710
BTXN4938966574,RZP4704785815,23520.38,2026-07-12,NEFT CR-RZP4704785815-RAZORPAY
BTXN1695051469,RZP7147558500,31079.29,2026-07-06,RTGS-RZP7147558500-RAZORPAY SOFTWARE PVT LTD
BTXN8612091634,RZP3039937426,62920.76,2026-07-05,IMPS/RZP3039937426/RAZORPAY SETTLEMENT
BTXN9000062666,RZP3313518211,344.29,2026-07-11,ATM WDL BLR
BTXN4903078968,RZP8612441673,57650.01,2026-07-15,NEFT CR-RZP8612441673-RAZORPAY
BTXN7316806912,RZP3011450211,61529.91,2026-07-05,RTGS-RZP3011450211-RAZORPAY SOFTWARE PVT LTD
BTXN7255078299,RZP6379639381,62127.49,2026-07-05,IMPS/RZP6379639381/RAZORPAY SETTLEMENT
BTXN1097634221,RZP7575433134,6095.82,2026-07-05,IMPS/RZP7575433134/RAZORPAY SETTLEMENT
BTXN9678322585,RZP5307483486,42506.89,2026-07-01,RTGS-RZP5307483486-RAZORPAY SOFTWARE PVT LTD
BTXN8527082610,RZP5097028,63205.08,2026-07-13,NEFT CR RAZORPAY SOFTWARE-028209
BTXN9982907246,RZP1141506956,60899.76,2026-07-16,IMPS/RZP1141506956/RAZORPAY SETTLEMENT
BTXN2597202224,RZP7479918773,21943.17,2026-07-03,UPI-RAZORPAY SOFTWARE PVT LTD-RZP7479918773
BTXN6909790614,RZP5191356840,19227.16,2026-07-13,SWIGGY ORDER PAYMENT
BTXN1017220472,RZP8120615605,20544.09,2026-07-01,NEFT CR-RZP8120615605-RAZORPAY
BTXN5330765328,RZP3630098083,32792.74,2026-07-08,IMPS/RZP3630098083/RAZORPAY SETTLEMENT
BTXN9018550283,RZP2193378953,5384.71,2026-07-01,RTGS-RZP2193378953-RAZORPAY SOFTWARE PVT LTD
BTXN5588388195,RZP7498198998,38199.06,2026-07-15,NEFT CR-RZP7498198998-RAZORPAY
BTXN9602908060,RZP5519152680,18818.38,2026-07-16,IMPS/RZP5519152680/RAZORPAY SETTLEMENT
BTXN5513609342,RZP4881785530,13523.66,2026-07-06,NEFT CR-RZP4881785530-RAZORPAY
BTXN6996122049,RZP5266506730,955.89,2026-07-15,UPI-RAZORPAY SOFTWARE PVT LTD-RZP5266506730
BTXN8474958527,RZP7124963070,33425.74,2026-07-15,NEFT CR-RZP7124963070-RAZORPAY
BTXN4126412264,RZP2235507242,54730.50,2026-07-01,RTGS-RZP2235507242-RAZORPAY SOFTWARE PVT LTD
BTXN1955073361,RZP3409107975,49429.42,2026-07-02,RTGS-RZP3409107975-RAZORPAY SOFTWARE PVT LTD
BTXN7290233082,RZP4878660,49796.10,2026-07-20,IMPS/RZP/660073/PAYOUT
BTXN8445586448,RZP3892006052,20263.81,2026-07-03,RTGS-RZP3892006052-RAZORPAY SOFTWARE PVT LTD
BTXN1136359109,RZP8082981855,67368.55,2026-07-11,NEFT CR-RZP8082981855-RAZORPAY
BTXN2595749987,RZP1348163805,51752.75,2026-07-08,UPI-RAZORPAY SOFTWARE PVT LTD-RZP1348163805
BTXN9930718188,RZP2029131648,65455.02,2026-07-01,UPI-RAZORPAY SOFTWARE PVT LTD-RZP2029131648
BTXN2809964669,RZP4164800403,5725.40,2026-07-12,NEFT CR-RZP4164800403-RAZORPAY
BTXN8605695669,RZP1912079195,14665.70,2026-07-11,RTGS-RZP1912079195-RAZORPAY SOFTWARE PVT LTD
BTXN2372274438,RZP1255640911,12264.20,2026-07-07,UPI-RAZORPAY SOFTWARE PVT LTD-RZP1255640911
BTXN9307779046,RZP4768167269,16576.55,2026-07-10,RTGS-RZP4768167269-RAZORPAY SOFTWARE PVT LTD
BTXN5291841958,RZP2947497217,44733.91,2026-07-10,UPI-RAZORPAY SOFTWARE PVT LTD-RZP2947497217
BTXN5398630836,RZ6P665556854,53683.13,2026-07-17,IMPS/RZP/556854/PAYOUT
BTXN6814525223,RZP3987734263,15297.16,2026-07-02,RTGS-RZP3987734263-RAZORPAY SOFTWARE PVT LTD
BTXN5365359076,RZP4888501524,11752.38,2026-07-03,NEFT CR-RZP4888501524-RAZORPAY
BTXN3963289258,RZP2605298518,69130.28,2026-07-06,IMPS/RZP2605298518/RAZORPAY SETTLEMENT
BTXN3116994991,RZP2254084898,45830.71,2026-07-07,IMPS/RZP2254084898/RAZORPAY SETTLEMENT
BTXN5324360248,RZP5150625811,8476.78,2026-07-02,IMPS/RZP5150625811/RAZORPAY SETTLEMENT
BTXN3262643735,RZ6P157623598,37991.66,2026-07-09,NEFT CR RAZORPAY SOFTWARE-623598
BTXN4687924148,RZP4406121844,58866.40,2026-07-05,NEFT CR-RZP4406121844-RAZORPAY
BTXN5963015056,RZP1564434600,71847.06,2026-07-13,UPI-RAZORPAY SOFTWARE PVT LTD-RZP1564434600
BTXN8026411428,RZP2730585129,61594.80,2026-07-08,IMPS/RZP2730585129/RAZORPAY SETTLEMENT
BTXN4463474778,RZP8278415650,7084.64,2026-07-04,UPI-RAZORPAY SOFTWARE PVT LTD-RZP8278415650
BTXN7381645574,RZP4860979335,61348.04,2026-07-11,RTGS-RZP4860979335-RAZORPAY SOFTWARE PVT LTD
BTXN9701393371,RZP4398818785,898.27,2026-07-10,IMPS/RZP/818875/PAYOUT
BTXN5978162882,RZP8563835154,62688.61,2026-07-07,NEFT CR-RZP8563835154-RAZORPAY
BTXN2732526008,RZP4526242854,38887.59,2026-07-03,UPI-RAZORPAY SOFTWARE PVT LTD-RZP4526242854
BTXN9829550644,RZP8741193643,4581.77,2026-07-10,RTGS-RZP8741193643-RAZORPAY SOFTWARE PVT LTD
BTXN1883607687,RZP8214674122,57657.71,2026-07-01,IMPS/RZP8214674122/RAZORPAY SETTLEMENT
BTXN4119044481,RZP6784307829,52464.83,2026-07-01,NEFT CR-RZP6784307829-RAZORPAY
BTXN7542727652,RZP4802592974,13473.35,2026-07-09,AMAZON RETAIL PAYMENT
BTXN6262297731,RZP7172183272,13218.82,2026-07-14,NEFT CR-RZP7172183272-RAZORPAY
BTXN1839534051,RZP9521982936,8215.09,2026-07-14,IMPS/RZP9521982936/RAZORPAY SETTLEMENT
BTXN5521578153,RZP5454168770,19209.32,2026-07-15,ZOMATO ONLINE ORDER
BTXN2989505842,RZP6870543228,19994.87,2026-07-19,UPI-RAZORPAY SETTLEMENT ORDER 043228
BTXN7859229401,RZP7109862806,72534.56,2026-07-02,IMPS/RZP7109862806/RAZORPAY SETTLEMENT
BTXN2049835395,RZP6740988827,60126.29,2026-07-03,NEFT CR-RZP6740988827-RAZORPAY
BTXN8292028264,RZP7806851194,13093.26,2026-07-06,ELECTRICITY BILL AUTOPAY
BTXN8984473676,RZP2702635521,26889.45,2026-07-14,NEFT CR-RZP2702635521-RAZORPAY
BTXN4580822352,RZP4877520294,46355.86,2026-07-05,RTGS-RZP4877520294-RAZORPAY SOFTWARE PVT LTD
BTXN2828468280,RZP7007120883,29040.59,2026-07-15,NEFT CR-RZP7007120883-RAZORPAY
BTXN1129343442,RZP2802079,70949.31,2026-07-18,NEFT CR RAZORPAY SOFTWARE-079175
BTXN5343911135,RZP5136395494,61713.80,2026-07-11,IMPS/RZP5136395494/RAZORPAY SETTLEMENT
BTXN1809553783,RZP3254759331,28407.51,2026-07-09,NEFT CR-RZP3254759331-RAZORPAY
BTXN5369604613,RZP7334030288,59485.20,2026-07-11,UPI-RAZORPAY SOFTWARE PVT LTD-RZP7334030288
BTXN7346212377,RZP3339111929,33993.93,2026-07-13,IMPS/RZP3339111929/RAZORPAY SETTLEMENT
BTXN6220921714,RZP9606492890,21069.91,2026-07-05,NEFT CR-RZP9606492890-RAZORPAY
BTXN5514366267,RZP1892202360,18673.57,2026-07-13,RTGS-RZP1892202360-RAZORPAY SOFTWARE PVT LTD
BTXN5346158726,RZP9625522564,1558.28,2026-07-14,UPI-RAZORPAY SOFTWARE PVT LTD-RZP9625522564
BTXN3022106735,RZP4050795223,52558.90,2026-07-02,NEFT CR-RZP4050795223-RAZORPAY
BTXN2050957780,RZP5662818967,4915.41,2026-07-08,IMPS/RZP5662818967/RAZORPAY SETTLEMENT
BTXN8082050204,RZP5741086158,54601.88,2026-07-04,IMPS/RZP5741086158/RAZORPAY SETTLEMENT
BTXN4019695180,RZP5556620439,74493.97,2026-07-06,RTGS-RZP5556620439-RAZORPAY SOFTWARE PVT LTD
BTXN9717175839,RZP4602080228,25874.16,2026-07-13,RTGS-RZP4602080228-RAZORPAY SOFTWARE PVT LTD
BTXN1193224162,RZP9464013070,5127.19,2026-07-07,UPI-RAZORPAY SOFTWARE PVT LTD-RZP9464013070
BTXN6416598668,RZP4599219091,19373.12,2026-07-12,IMPS/RZP4599219091/RAZORPAY SETTLEMENT
BTXN1031203158,RZP6316310371,13472.57,2026-07-16,UPI-RAZORPAY SETTLEMENT ORDER 310371
BTXN3524152262,RZP5590719084,56068.57,2026-07-16,RTGS-RZP5590719084-RAZORPAY SOFTWARE PVT LTD
BTXN2400661168,RZP9027036016,9028.11,2026-07-03,UPI-RAZORPAY SOFTWARE PVT LTD-RZP9027036016
BTXN6907063680,RZP9852198539,71330.84,2026-07-02,RTGS-RZP9852198539-RAZORPAY SOFTWARE PVT LTD
BTXN7777034687,RZP5466764,34608.45,2026-07-15,UPI-RAZORPAY SETTLEMENT ORDER 764633
BTXN8638257497,RZP7418301077,18676.84,2026-07-11,UPI-RAZORPAY SOFTWARE PVT LTD-RZP7418301077
BTXN3500339713,RZP1404960131,34797.55,2026-07-03,NEFT CR-RZP1404960131-RAZORPAY
BTXN5515725036,RZP4049368780,6638.89,2026-07-06,NEFT CR-RZP4049368780-RAZORPAY
BTXN1362218752,RZP7216670269,45916.51,2026-07-10,RTGS-RZP7216670269-RAZORPAY SOFTWARE PVT LTD
BTXN7937039588,RZP5061811733,56692.79,2026-07-01,RTGS-RZP5061811733-RAZORPAY SOFTWARE PVT LTD
BTXN1305074068,RZP2779910645,31682.15,2026-07-05,RTGS-RZP2779910645-RAZORPAY SOFTWARE PVT LTD
BTXN7680586846,RZP7982623683,23848.74,2026-07-02,NEFT CR-RZP7982623683-RAZORPAY
BTXN4908945523,RZP4321320804,50477.72,2026-07-03,IMPS/RZP4321320804/RAZORPAY SETTLEMENT
BTXN4180378138,RZP4052772528,2182.59,2026-07-06,UPI-RAZORPAY SOFTWARE PVT LTD-RZP4052772528
BTXN6488732871,RPZ8846653297,35417.61,2026-07-17,IMPS/RZP/653297/PAYOUT
BTXN2640622751,RZP7131395563,13667.04,2026-07-12,ZOMATO ONLINE ORDER
BTXN3588740819,RZP1440866732,67052.17,2026-07-04,IMPS/RZP1440866732/RAZORPAY SETTLEMENT
BTXN3315992115,RZP9894264595,18231.35,2026-07-11,RTGS-RZP9894264595-RAZORPAY SOFTWARE PVT LTD
BTXN1175531122,RZP4740935247,35413.97,2026-07-14,IMPS/RZP4740935247/RAZORPAY SETTLEMENT
BTXN4118477237,RZP6370871025,34180.28,2026-07-08,UPI-RAZORPAY SOFTWARE PVT LTD-RZP6370871025
BTXN8704735043,RZP9475228296,25120.85,2026-07-13,UPI-RAZORPAY SOFTWARE PVT LTD-RZP9475228296
BTXN1259192004,RZP8678914941,74719.52,2026-07-12,UPI-RAZORPAY SOFTWARE PVT LTD-RZP8678914941
BTXN9330590753,RZP9220693336,31263.64,2026-07-14,RTGS-RZP9220693336-RAZORPAY SOFTWARE PVT LTD
BTXN4786895569,RZP7593823107,3745.24,2026-07-14,IMPS/RZP7593823107/RAZORPAY SETTLEMENT
BTXN5418247558,RZP3441446119,58917.58,2026-07-07,UPI-RAZORPAY SOFTWARE PVT LTD-RZP3441446119
BTXN7852135509,RZP4204550998,49758.38,2026-07-03,NEFT CR-RZP4204550998-RAZORPAY
BTXN3826115582,RZP1124015059,34787.37,2026-07-12,RTGS-RZP1124015059-RAZORPAY SOFTWARE PVT LTD
BTXN6187260637,RZP9496808393,47727.17,2026-07-06,IMPS/RZP9496808393/RAZORPAY SETTLEMENT
BTXN1011031667,RZP5970608512,58113.01,2026-07-15,UPI-RAZORPAY SOFTWARE PVT LTD-RZP5970608512
BTXN5880145797,RZP6666908720,45760.61,2026-07-02,UPI-RAZORPAY SOFTWARE PVT LTD-RZP6666908720
BTXN8912492447,RZP8531315998,16643.04,2026-07-07,NEFT CR-RZP8531315998-RAZORPAY
BTXN6171239466,RZP3957572769,12276.99,2026-07-07,RTGS-RZP3957572769-RAZORPAY SOFTWARE PVT LTD
BTXN8445587909,RZP4508358083,3145.01,2026-07-12,IMPS/RZP4508358083/RAZORPAY SETTLEMENT
BTXN5151485786,RZP5987970057,24518.34,2026-07-02,IMPS/RZP5987970057/RAZORPAY SETTLEMENT
BTXN9682739123,RZP8016945819,50894.20,2026-07-08,UPI-RAZORPAY SOFTWARE PVT LTD-RZP8016945819
BTXN9318899333,RZP4194101132,27528.72,2026-07-12,IMPS/RZP4194101132/RAZORPAY SETTLEMENT
BTXN5504196105,RZP3156385468,35006.91,2026-07-12,RTGS-RZP3156385468-RAZORPAY SOFTWARE PVT LTD
BTXN8328396036,RZP5779312757,2949.73,2026-07-01,IRCTC TICKET BOOKING
BTXN9338265776,RZP4820301341,7929.88,2026-07-02,UPI-RAZORPAY SOFTWARE PVT LTD-RZP4820301341
BTXN8893056858,RZP1461809817,67330.93,2026-07-03,NEFT CR-RZP1461809817-RAZORPAY
BTXN3815090155,RZP7731234658,64418.73,2026-07-03,IMPS/RZP7731234658/RAZORPAY SETTLEMENT
BTXN3655540669,RZP5517425,10661.43,2026-07-14,NEFT CR RAZORPAY SOFTWARE-425099
BTXN4514041298,RZP4474387813,42646.48,2026-07-04,IMPS/RZP4474387813/RAZORPAY SETTLEMENT
BTXN3072650661,rzp3185477114,66931.35,2026-07-06,IMPS/RZP/477114/PAYOUT
BTXN7214626220,RZP4256964945,29503.01,2026-07-01,NEFT CR-RZP4256964945-RAZORPAY
BTXN8480455482,RZP2268198343,41572.17,2026-07-09,IMPS/RZP2268198343/RAZORPAY SETTLEMENT
BTXN9355769654,RZP4341748280,24890.88,2026-07-12,NEFT CR-RZP4341748280-RAZORPAY
BTXN2991363975,RZP8311872268,72450.28,2026-07-13,NEFT CR-RZP8311872268-RAZORPAY
BTXN1753890647,RZP9031229072,42898.12,2026-07-08,NEFT CR-RZP9031229072-RAZORPAY
BTXN9119429260,RZ8P603225903,18657.04,2026-07-13,UPI-RAZORPAY SETTLEMENT ORDER 225903
BTXN8419590655,RZP3305069227,63614.34,2026-07-07,NEFT CR-RZP3305069227-RAZORPAY
BTXN8641948398,RZP9235424353,29223.34,2026-07-02,NEFT CR-RZP9235424353-RAZORPAY
BTXN1435681141,RZP6368048249,74026.23,2026-07-10,RTGS-RZP6368048249-RAZORPAY SOFTWARE PVT LTD
BTXN2753125883,RZP1553238473,29095.46,2026-07-07,UPI-RAZORPAY SOFTWARE PVT LTD-RZP1553238473
BTXN7715375019,RZP2219895597,2198.54,2026-07-06,IRCTC TICKET BOOKING
BTXN8440706744,rzp5789422023,11772.29,2026-07-12,UPI-RAZORPAY SETTLEMENT ORDER 422023
BTXN7467549248,RZP6363288948,67935.51,2026-07-15,UPI-RAZORPAY SOFTWARE PVT LTD-RZP6363288948
BTXN6576373571,RZP3097088483,27002.93,2026-07-10,RTGS-RZP3097088483-RAZORPAY SOFTWARE PVT LTD
BTXN1879358857,RZP7861220377,69887.34,2026-07-06,RTGS-RZP7861220377-RAZORPAY SOFTWARE PVT LTD
BTXN1009500001,RZP2437157203,44630.64,2026-07-05,UPI-RAZORPAY SOFTWARE PVT LTD-RZP2437157203
BTXN2613930214,RZP6187391882,35858.68,2026-07-14,IMPS/RZP6187391882/RAZORPAY SETTLEMENT
BTXN1376482326,RZP9625388235,27318.55,2026-07-12,NEFT CR-RZP9625388235-RAZORPAY
BTXN4854198134,RZP5395825348,13453.87,2026-07-02,IMPS/RZP5395825348/RAZORPAY SETTLEMENT
BTXN3743340587,RZP7144897817,15869.91,2026-07-02,NEFT CR-RZP7144897817-RAZORPAY
BTXN2678474117,RZP4842298310,7411.90,2026-07-08,IMPS/RZP4842298310/RAZORPAY SETTLEMENT
BTXN8992681693,RZP1144440319,16562.70,2026-07-16,IMPS/RZP1144440319/RAZORPAY SETTLEMENT
BTXN4882904502,RZP6322468347,41187.30,2026-07-10,NEFT CR-RZP6322468347-RAZORPAY
BTXN3092032138,RZP6523364360,64818.11,2026-07-05,RTGS-RZP6523364360-RAZORPAY SOFTWARE PVT LTD
BTXN5882941717,RZP8181890625,69258.43,2026-07-04,NEFT CR-RZP8181890625-RAZORPAY
BTXN9204118893,RZP9188636463,23482.69,2026-07-04,IMPS/RZP9188636463/RAZORPAY SETTLEMENT
BTXN5342657412,RZP3404942265,16382.45,2026-07-17,NEFT CR RAZORPAY SOFTWARE-442265
BTXN3213719996,RZP9650040251,5719.43,2026-07-02,SWIGGY ORDER PAYMENT
BTXN6001680218,RZP2784572192,15459.21,2026-07-13,IMPS/RZP2784572192/RAZORPAY SETTLEMENT
BTXN2214131980,RZP7876945776,64556.51,2026-07-01,IMPS/RZP7876945776/RAZORPAY SETTLEMENT
BTXN3423468054,RZP1128352041,6113.48,2026-07-09,AMAZON RETAIL PAYMENT
BTXN7311636686,RZP6268366551,32298.20,2026-07-09,IMPS/RZP6268366551/RAZORPAY SETTLEMENT
BTXN7015360276,rzp6988322197,63682.90,2026-07-15,NEFT CR RAZORPAY SOFTWARE-322197
BTXN8027150121,RZP5864990574,1234.40,2026-07-16,RTGS-RZP5864990574-RAZORPAY SOFTWARE PVT LTD
BTXN7617553105,RZP4088146908,34836.18,2026-07-11,RTGS-RZP4088146908-RAZORPAY SOFTWARE PVT LTD
BTXN1379557673,RZP3489532530,27695.75,2026-07-10,UPI-RAZORPAY SOFTWARE PVT LTD-RZP3489532530
BTXN5307522787,RZP2817940731,16141.30,2026-07-15,UPI-RAZORPAY SOFTWARE PVT LTD-RZP2817940731
BTXN9273125114,RZP2345482726,73399.49,2026-07-08,IMPS/RZP2345482726/RAZORPAY SETTLEMENT
BTXN6202248207,RZP3646196296,5617.78,2026-07-06,SWIGGY ORDER PAYMENT
BTXN9733300771,RZP4766071386,13204.53,2026-07-03,NEFT CR-RZP4766071386-RAZORPAY
BTXN7485408769,RZP8931240755,30408.89,2026-07-08,NEFT CR-RZP8931240755-RAZORPAY
BTXN1330614006,RZP5132802357,50119.34,2026-07-07,IMPS/RZP5132802357/RAZORPAY SETTLEMENT
BTXN2921380996,rzp9354269398,60521.99,2026-07-05,UPI-RAZORPAY SETTLEMENT ORDER 269398
BTXN6697368173,RZP1791765834,40286.94,2026-07-12,IMPS/RZP1791765834/RAZORPAY SETTLEMENT
BTXN7354397094,RZP1354923180,36946.77,2026-07-11,NEFT CR-RZP1354923180-RAZORPAY
BTXN6397154704,RZP7907449371,66182.87,2026-07-02,NEFT CR-RZP7907449371-RAZORPAY
BTXN1236871357,RZP9617909120,63989.48,2026-07-07,RTGS-RZP9617909120-RAZORPAY SOFTWARE PVT LTD
BTXN1107527531,ZRP8383352784,39339.94,2026-07-13,NEFT CR RAZORPAY SOFTWARE-352784
BTXN3338196881,RZP5101751387,64940.65,2026-07-08,NEFT CR-RZP5101751387-RAZORPAY
BTXN3323394334,RZP3732549508,58451.18,2026-07-07,IMPS/RZP3732549508/RAZORPAY SETTLEMENT
BTXN9711080868,RZP1746087503,18123.06,2026-07-06,IMPS/RZP1746087503/RAZORPAY SETTLEMENT
BTXN4080983196,RZP6843815044,865.24,2026-07-14,NEFT CR-RZP6843815044-RAZORPAY
BTXN8244692595,RZP8626180528,868.39,2026-07-03,IMPS/RZP8626180528/RAZORPAY SETTLEMENT
BTXN4908221979,RZP4300794369,24752.95,2026-07-10,UPI-RAZORPAY SOFTWARE PVT LTD-RZP4300794369
BTXN3307553106,RZP7257415394,27011.49,2026-07-15,UPI-RAZORPAY SOFTWARE PVT LTD-RZP7257415394
BTXN7609136010,RZP7495114421,1706.99,2026-07-07,UPI-RAZORPAY SOFTWARE PVT LTD-RZP7495114421
BTXN6051341457,RZP5363399799,45646.64,2026-07-07,NEFT CR RAZORPAY SOFTWARE-399799
BTXN7341287935,RZ5P665996245,29728.17,2026-07-19,IMPS/RZP/996245/PAYOUT
BTXN4462726923,RZP2811346167,12683.94,2026-07-11,UPI-RAZORPAY SOFTWARE PVT LTD-RZP2811346167
BTXN8646369354,RZP5380159400,9532.19,2026-07-14,NEFT CR-RZP5380159400-RAZORPAY
BTXN9955334219,RZP4464003,59234.57,2026-07-20,IMPS/RZP/003823/PAYOUT
BTXN2382774291,RZP1141461348,52242.86,2026-07-06,RTGS-RZP1141461348-RAZORPAY SOFTWARE PVT LTD
BTXN3302780189,RZP5425706342,6457.74,2026-07-13,IRCTC TICKET BOOKING
BTXN6941736542,RZP2815152068,51697.14,2026-07-13,UPI-RAZORPAY SOFTWARE PVT LTD-RZP2815152068
BTXN9804677062,RZP5086197187,786.16,2026-07-13,NEFT CR-RZP5086197187-RAZORPAY
BTXN4782266803,RZP5472982281,37206.84,2026-07-07,NEFT CR-RZP5472982281-RAZORPAY
BTXN4569722625,RZP5716159137,13868.05,2026-07-11,IRCTC TICKET BOOKING
BTXN8665435248,RZP7320163108,2443.75,2026-07-06,ZOMATO ONLINE ORDER
BTXN1368491725,RZP7030255424,7825.35,2026-07-16,NEFT CR-RZP7030255424-RAZORPAY
BTXN8121196375,RZP3817598550,1894.38,2026-07-04,RTGS-RZP3817598550-RAZORPAY SOFTWARE PVT LTD
BTXN1027298107,RZP4992421331,3998.86,2026-07-11,SWIGGY ORDER PAYMENT
BTXN5646804897,RZP6409756226,21077.25,2026-07-07,UPI-RAZORPAY SOFTWARE PVT LTD-RZP6409756226
BTXN8735386148,RZP4957450,11438.65,2026-07-12,UPI-RAZORPAY SETTLEMENT ORDER 450429
BTXN2027857949,RZP4262692170,10090.22,2026-07-03,NEFT CR-RZP4262692170-RAZORPAY
BTXN9153918626,RZP2423973123,48796.96,2026-07-10,IMPS/RZP2423973123/RAZORPAY SETTLEMENT
BTXN2638858985,RZP9375444669,15174.66,2026-07-09,RTGS-RZP9375444669-RAZORPAY SOFTWARE PVT LTD
BTXN7615834955,RZP7147449836,27656.33,2026-07-15,NEFT CR-RZP7147449836-RAZORPAY
BTXN3398746187,RZP6025543990,26037.77,2026-07-08,IMPS/RZP6025543990/RAZORPAY SETTLEMENT
BTXN8468653097,RZP3818252597,13071.05,2026-07-12,ZOMATO ONLINE ORDER
BTXN1476254313,RZP8011110,69962.15,2026-07-12,IMPS/RZP/110643/PAYOUT
BTXN9398225618,RZP8505196447,61825.74,2026-07-01,NEFT CR-RZP8505196447-RAZORPAY
BTXN4974357853,RZP5760536144,47630.49,2026-07-10,IMPS/RZP5760536144/RAZORPAY SETTLEMENT
BTXN4292053797,RZP9654071754,36403.72,2026-07-07,UPI-RAZORPAY SOFTWARE PVT LTD-RZP9654071754
BTXN1795032725,RZP4759545448,35799.79,2026-07-04,IMPS/RZP4759545448/RAZORPAY SETTLEMENT
BTXN1754195738,rzp9121042927,9285.41,2026-07-18,NEFT CR RAZORPAY SOFTWARE-042927
BTXN9328694308,RZP5897854817,12362.07,2026-07-10,NEFT CR-RZP5897854817-RAZORPAY
BTXN5669299596,RZP9861867081,23922.41,2026-07-08,NEFT CR-RZP9861867081-RAZORPAY
BTXN8237162052,RZP2673142982,72851.02,2026-07-17,UPI-RAZORPAY SETTLEMENT ORDER 142928
BTXN3928184300,RZP3521837268,10194.17,2026-07-08,UPI-RAZORPAY SOFTWARE PVT LTD-RZP3521837268
BTXN5319029553,RZP5337148987,31514.57,2026-07-03,RTGS-RZP5337148987-RAZORPAY SOFTWARE PVT LTD
BTXN6745139935,RZP8753964973,26131.91,2026-07-01,UPI-RAZORPAY SOFTWARE PVT LTD-RZP8753964973
BTXN7074922345,RZP6550577435,61867.56,2026-07-08,UPI-RAZORPAY SOFTWARE PVT LTD-RZP6550577435
BTXN5733371796,RZP9996543127,18378.08,2026-07-10,SALARY CREDIT XYZ CORP
BTXN7973017464,RZP2681114650,56601.36,2026-07-06,RTGS-RZP2681114650-RAZORPAY SOFTWARE PVT LTD
BTXN9699599840,RZP4674510667,60525.45,2026-07-02,NEFT CR-RZP4674510667-RAZORPAY
BTXN4988518549,RZP5797835845,55879.64,2026-07-09,NEFT CR-RZP5797835845-RAZORPAY
BTXN8611656503,RZP1974866994,7765.05,2026-07-16,NEFT CR RAZORPAY SOFTWARE-866994
BTXN3791815554,RZP3908281627,5596.66,2026-07-10,UPI-RAZORPAY SOFTWARE PVT LTD-RZP3908281627
BTXN8283104901,RZP3074372935,27571.70,2026-07-14,IMPS/RZP3074372935/RAZORPAY SETTLEMENT
BTXN7061236774,RZP7070997574,31203.93,2026-07-09,IMPS/RZP/997574/PAYOUT
BTXN2315218980,RZP1577433503,12370.92,2026-07-09,SWIGGY ORDER PAYMENT
BTXN9129026739,RZP6423156524,71723.98,2026-07-14,RTGS-RZP6423156524-RAZORPAY SOFTWARE PVT LTD
BTXN5831852294,RZP9140137,13807.44,2026-07-12,UPI-RAZORPAY SETTLEMENT ORDER 137123
BTXN3371022116,RZP1940246,26701.13,2026-07-13,UPI-RAZORPAY SETTLEMENT ORDER 246473
BTXN2463332834,RZP8472365606,35499.02,2026-07-06,NEFT CR-RZP8472365606-RAZORPAY
BTXN7201141981,RZP3232620908,18916.85,2026-07-02,RTGS-RZP3232620908-RAZORPAY SOFTWARE PVT LTD
BTXN7786957957,RZP5920725544,55272.02,2026-07-06,RTGS-RZP5920725544-RAZORPAY SOFTWARE PVT LTD
BTXN9835629399,RZP4176114204,72606.49,2026-07-13,NEFT CR-RZP4176114204-RAZORPAY
BTXN4919649984,RZP7961593935,14043.11,2026-07-04,IMPS/RZP7961593935/RAZORPAY SETTLEMENT
BTXN7433992106,RZP9682678771,786.62,2026-07-13,RTGS-RZP9682678771-RAZORPAY SOFTWARE PVT LTD
BTXN5050089115,RZP3035744928,28775.70,2026-07-08,NEFT CR-RZP3035744928-RAZORPAY
BTXN3304937838,RZP3423086220,5100.97,2026-07-09,NEFT CR-RZP3423086220-RAZORPAY
BTXN1081309201,RZP8567302,70986.20,2026-07-05,NEFT CR RAZORPAY SOFTWARE-302458
BTXN1724132738,RZP8822970144,48176.68,2026-07-11,NEFT CR-RZP8822970144-RAZORPAY
BTXN4209241271,RZP1980457,73304.30,2026-07-11,NEFT CR RAZORPAY SOFTWARE-457671
BTXN7534583219,RZP3549776132,34174.40,2026-07-04,UPI-RAZORPAY SOFTWARE PVT LTD-RZP3549776132
BTXN8364729769,RZP6361343908,49757.99,2026-07-10,NEFT CR-RZP6361343908-RAZORPAY
BTXN6395673907,RZP7684097480,38560.53,2026-07-03,NEFT CR-RZP7684097480-RAZORPAY
BTXN5721325166,RZP8329813150,70036.01,2026-07-14,RTGS-RZP8329813150-RAZORPAY SOFTWARE PVT LTD
BTXN1031869651,RZP1048614272,45892.46,2026-07-01,UPI-RAZORPAY SOFTWARE PVT LTD-RZP1048614272
BTXN2411757305,RZP7150835525,7052.90,2026-07-09,RTGS-RZP7150835525-RAZORPAY SOFTWARE PVT LTD
BTXN8151652145,RZP4120348548,1380.64,2026-07-01,NEFT CR-RZP4120348548-RAZORPAY
BTXN8165903655,RZP2423384138,67768.98,2026-07-01,RTGS-RZP2423384138-RAZORPAY SOFTWARE PVT LTD
BTXN1692260865,RZP5193435351,69499.11,2026-07-10,IMPS/RZP5193435351/RAZORPAY SETTLEMENT
BTXN2171040915,RZP6525764808,40154.55,2026-07-13,RTGS-RZP6525764808-RAZORPAY SOFTWARE PVT LTD
BTXN1405000480,RZP9875500775,3306.39,2026-07-10,AMAZON RETAIL PAYMENT
BTXN8804414178,RZP7519727542,38001.79,2026-07-05,NEFT CR-RZP7519727542-RAZORPAY
BTXN3408984562,RZP6629026320,11210.96,2026-07-11,UPI-RAZORPAY SOFTWARE PVT LTD-RZP6629026320
BTXN2296193419,RZP2734465250,11772.55,2026-07-06,NEFT CR RAZORPAY SOFTWARE-465520
BTXN5439218338,RZP7354822256,31060.63,2026-07-01,IMPS/RZP7354822256/RAZORPAY SETTLEMENT
BTXN8072661703,RZP9079001925,37084.68,2026-07-01,RTGS-RZP9079001925-RAZORPAY SOFTWARE PVT LTD
BTXN8322522122,RZP1992102810,68316.58,2026-07-05,RTGS-RZP1992102810-RAZORPAY SOFTWARE PVT LTD
BTXN6753873294,RZP7652038754,53224.73,2026-07-10,RTGS-RZP7652038754-RAZORPAY SOFTWARE PVT LTD
BTXN1625150693,RZP4538579627,47465.01,2026-07-11,RTGS-RZP4538579627-RAZORPAY SOFTWARE PVT LTD
BTXN4599462782,RZP2255176241,17735.54,2026-07-09,RTGS-RZP2255176241-RAZORPAY SOFTWARE PVT LTD
BTXN4456576082,RZP6361144788,30141.31,2026-07-06,IMPS/RZP6361144788/RAZORPAY SETTLEMENT
BTXN5696560131,RZP6543345069,12286.33,2026-07-07,UPI-RAZORPAY SOFTWARE PVT LTD-RZP6543345069
BTXN7150346263,RZP9764362187,10891.67,2026-07-15,AMAZON RETAIL PAYMENT
BTXN2642416330,RZP9709413415,53214.41,2026-07-15,UPI-RAZORPAY SOFTWARE PVT LTD-RZP9709413415
BTXN4808044734,RZP1677942904,31169.14,2026-07-09,RTGS-RZP1677942904-RAZORPAY SOFTWARE PVT LTD
BTXN8935631907,RZP8156375077,617.90,2026-07-04,RTGS-RZP8156375077-RAZORPAY SOFTWARE PVT LTD
BTXN7136371102,RZP8331135013,63340.06,2026-07-11,UPI-RAZORPAY SOFTWARE PVT LTD-RZP8331135013
BTXN6689371322,RZP5024414345,27600.45,2026-07-13,IMPS/RZP5024414345/RAZORPAY SETTLEMENT
BTXN6611982196,RZP8781124773,6407.03,2026-07-06,SWIGGY ORDER PAYMENT
BTXN8422554142,RZP8481048604,31361.69,2026-07-16,RTGS-RZP8481048604-RAZORPAY SOFTWARE PVT LTD
BTXN4052653314,RZP9734096105,19904.16,2026-07-13,SWIGGY ORDER PAYMENT
BTXN3139633276,RZP4720030238,11125.45,2026-07-03,IRCTC TICKET BOOKING
BTXN8603767403,RZP5871733236,12008.35,2026-07-12,NETFLIX SUBSCRIPTION
BTXN6940366347,RZP2794918033,29626.69,2026-07-13,RTGS-RZP2794918033-RAZORPAY SOFTWARE PVT LTD
BTXN1378839449,RZP5484027567,11991.99,2026-07-07,AMAZON RETAIL PAYMENT
BTXN4768951312,RZP7060247848,14985.16,2026-07-05,UPI-RAZORPAY SOFTWARE PVT LTD-RZP7060247848
BTXN5466185840,RZP6319807982,43719.09,2026-07-12,RTGS-RZP6319807982-RAZORPAY SOFTWARE PVT LTD
BTXN2073755632,RZP7560389844,72486.98,2026-07-14,NEFT CR-RZP7560389844-RAZORPAY
BTXN3186910855,RZP7637581319,18895.07,2026-07-04,NEFT CR-RZP7637581319-RAZORPAY
BTXN9578765209,RZP6572703364,51098.80,2026-07-10,UPI-RAZORPAY SOFTWARE PVT LTD-RZP6572703364
BTXN5168562843,RZP5101030554,28382.02,2026-07-08,UPI-RAZORPAY SOFTWARE PVT LTD-RZP5101030554
BTXN3686008135,RZP8330899216,59354.44,2026-07-13,NEFT CR-RZP8330899216-RAZORPAY
BTXN5909867234,RZP1855014533,51439.11,2026-07-02,RTGS-RZP1855014533-RAZORPAY SOFTWARE PVT LTD
BTXN2040934434,RZP2003966547,23889.37,2026-07-04,UPI-RAZORPAY SOFTWARE PVT LTD-RZP2003966547
BTXN1793866496,RZP6222793304,23431.42,2026-07-10,NEFT CR-RZP6222793304-RAZORPAY
BTXN3551496716,RZP9422091274,12379.45,2026-07-10,NEFT CR-RZP9422091274-RAZORPAY
BTXN2751962237,RZP4488579543,35538.52,2026-07-12,NEFT CR-RZP4488579543-RAZORPAY
BTXN1934869936,RZP9033983510,61485.51,2026-07-13,IMPS/RZP9033983510/RAZORPAY SETTLEMENT
BTXN1971044285,RZP5076150500,35611.52,2026-07-05,UPI-RAZORPAY SOFTWARE PVT LTD-RZP5076150500
BTXN5636669428,RZP3298062484,33976.57,2026-07-11,NEFT CR-RZP3298062484-RAZORPAY
BTXN3936607338,RZP6395817441,18082.88,2026-07-14,IMPS/RZP6395817441/RAZORPAY SETTLEMENT
BTXN2140651959,RZP2979322046,20373.37,2026-07-08,RTGS-RZP2979322046-RAZORPAY SOFTWARE PVT LTD
BTXN5737108343,RZP7782954171,47939.89,2026-07-10,NEFT CR-RZP7782954171-RAZORPAY
BTXN3229744093,RZP4229945446,61365.70,2026-07-10,NEFT CR RAZORPAY SOFTWARE-945446
BTXN2028439863,RZP7867414708,36901.13,2026-07-02,IMPS/RZP7867414708/RAZORPAY SETTLEMENT
BTXN6087749922,RZP1851804844,24611.42,2026-07-01,UPI-RAZORPAY SOFTWARE PVT LTD-RZP1851804844
BTXN1251697665,RZP2243527235,37721.64,2026-07-07,RTGS-RZP2243527235-RAZORPAY SOFTWARE PVT LTD
BTXN3667326537,rzp5955116415,8639.49,2026-07-11,UPI-RAZORPAY SETTLEMENT ORDER 116415
BTXN8292057829,RZP3321364988,11790.61,2026-07-06,NEFT CR-RZP3321364988-RAZORPAY
BTXN4248670417,RZP5725657,56261.17,2026-07-06,NEFT CR RAZORPAY SOFTWARE-657156
BTXN3547649218,RZP7880903123,43621.59,2026-07-02,UPI-RAZORPAY SOFTWARE PVT LTD-RZP7880903123
BTXN6568174897,RZP9082572,32429.65,2026-07-09,IMPS/RZP/572759/PAYOUT
BTXN8172066772,RZP5284917433,14898.38,2026-07-11,NEFT CR-RZP5284917433-RAZORPAY
BTXN6889279681,RZP6427059484,16514.73,2026-07-06,RTGS-RZP6427059484-RAZORPAY SOFTWARE PVT LTD
BTXN7329743090,RZP6063760064,53580.27,2026-07-09,RTGS-RZP6063760064-RAZORPAY SOFTWARE PVT LTD
BTXN3365393306,RZP9496770580,63060.51,2026-07-03,UPI-RAZORPAY SOFTWARE PVT LTD-RZP9496770580
BTXN2036388089,RZP5546903677,702.25,2026-07-11,UPI-RAZORPAY SOFTWARE PVT LTD-RZP5546903677
BTXN1537403411,RZP7256048995,55962.83,2026-07-03,RTGS-RZP7256048995-RAZORPAY SOFTWARE PVT LTD
BTXN6914243427,RZP5119938073,29141.36,2026-07-17,UPI-RAZORPAY SETTLEMENT ORDER 398073
BTXN7143562068,RZP4404552730,66847.76,2026-07-08,IMPS/RZP4404552730/RAZORPAY SETTLEMENT
BTXN2179328440,RZP0581641048,20593.95,2026-07-15,NEFT CR RAZORPAY SOFTWARE-641048
BTXN2861563771,RZP1208252665,46026.14,2026-07-04,NEFT CR-RZP1208252665-RAZORPAY
BTXN9892353238,RZP9214594061,53797.32,2026-07-02,UPI-RAZORPAY SOFTWARE PVT LTD-RZP9214594061
BTXN4924888181,RZP4406180015,16574.76,2026-07-08,SWIGGY ORDER PAYMENT
BTXN7244769968,RZP4049910890,45409.38,2026-07-09,RTGS-RZP4049910890-RAZORPAY SOFTWARE PVT LTD
BTXN9319042718,RZP3101012094,24748.80,2026-07-14,IMPS/RZP3101012094/RAZORPAY SETTLEMENT
BTXN5363749588,RZP6186948656,7163.48,2026-07-13,SALARY CREDIT XYZ CORP
BTXN6599334164,RZ4P343537915,46162.63,2026-07-18,UPI-RAZORPAY SETTLEMENT ORDER 537915
BTXN9532273208,RZP4662861038,34177.18,2026-07-15,RTGS-RZP4662861038-RAZORPAY SOFTWARE PVT LTD
BTXN4806010595,RZP6662211914,41707.52,2026-07-02,RTGS-RZP6662211914-RAZORPAY SOFTWARE PVT LTD
BTXN1877771609,RZP6684237496,3547.72,2026-07-07,RTGS-RZP6684237496-RAZORPAY SOFTWARE PVT LTD
BTXN5695889795,RZP6117396573,12295.25,2026-07-15,AMAZON RETAIL PAYMENT
BTXN2500507611,RZP2815820416,48854.44,2026-07-03,UPI-RAZORPAY SOFTWARE PVT LTD-RZP2815820416
BTXN9563958420,RZP4518177016,17436.13,2026-07-11,RTGS-RZP4518177016-RAZORPAY SOFTWARE PVT LTD
BTXN1436389523,RZP4612858179,73366.58,2026-07-14,UPI-RAZORPAY SOFTWARE PVT LTD-RZP4612858179
BTXN5835160760,RZP5118899075,62008.31,2026-07-15,UPI-RAZORPAY SOFTWARE PVT LTD-RZP5118899075
BTXN4483665853,rzp8733129984,45284.01,2026-07-10,IMPS/RZP/129984/PAYOUT
BTXN6159571227,RZP7753388790,44684.90,2026-07-15,IMPS/RZP7753388790/RAZORPAY SETTLEMENT
BTXN5091875722,RZP4250698831,56334.27,2026-07-03,RTGS-RZP4250698831-RAZORPAY SOFTWARE PVT LTD
BTXN8155034104,RZP2597120365,38509.60,2026-07-01,UPI-RAZORPAY SOFTWARE PVT LTD-RZP2597120365
BTXN3783028569,RZP5526109175,51072.29,2026-07-07,IMPS/RZP5526109175/RAZORPAY SETTLEMENT
BTXN5688752672,RZP9998633094,41012.01,2026-07-15,RTGS-RZP9998633094-RAZORPAY SOFTWARE PVT LTD
BTXN2840524582,RZP7583655883,6480.77,2026-07-02,IMPS/RZP7583655883/RAZORPAY SETTLEMENT
BTXN2983982686,RZP4254896703,3933.87,2026-07-07,AMAZON RETAIL PAYMENT
BTXN5799633169,RZP8792907661,26791.35,2026-07-11,IMPS/RZP8792907661/RAZORPAY SETTLEMENT
BTXN2501539056,RZP7703819127,34603.10,2026-07-02,NEFT CR-RZP7703819127-RAZORPAY
BTXN5698718379,RZP4890705286,35877.95,2026-07-09,UPI-RAZORPAY SOFTWARE PVT LTD-RZP4890705286
BTXN5085211749,RZP3352204212,13610.62,2026-07-01,AMAZON RETAIL PAYMENT
BTXN2165259783,RZP9564060935,12570.28,2026-07-14,RTGS-RZP9564060935-RAZORPAY SOFTWARE PVT LTD
BTXN5092195890,RZP1852138840,32649.25,2026-07-15,RTGS-RZP1852138840-RAZORPAY SOFTWARE PVT LTD
BTXN1684848224,RZP2109335529,33227.56,2026-07-15,NEFT CR-RZP2109335529-RAZORPAY
BTXN7261723931,RZP1705253342,18775.84,2026-07-14,IMPS/RZP1705253342/RAZORPAY SETTLEMENT
BTXN8988664400,RZP6136463901,60227.22,2026-07-11,IMPS/RZP6136463901/RAZORPAY SETTLEMENT
BTXN2570230551,RZP1534092658,18365.89,2026-07-02,SWIGGY ORDER PAYMENT
BTXN8678217181,RZP5312321117,70120.64,2026-07-11,NEFT CR-RZP5312321117-RAZORPAY
BTXN8668673105,RZP6155597869,3929.50,2026-07-03,IRCTC TICKET BOOKING
BTXN3862274245,RZP7161325632,1613.81,2026-07-04,NEFT CR-RZP7161325632-RAZORPAY
BTXN9801179137,RZP6232359896,6038.03,2026-07-11,IMPS/RZP6232359896/RAZORPAY SETTLEMENT
BTXN8504640482,RZP2175936974,15968.26,2026-07-13,UPI-RAZORPAY SOFTWARE PVT LTD-RZP2175936974
BTXN5242020473,RZP7286331822,44314.99,2026-07-10,IMPS/RZP7286331822/RAZORPAY SETTLEMENT
BTXN8666288989,RZP1043242776,63975.80,2026-07-11,NEFT CR-RZP1043242776-RAZORPAY
BTXN1388361882,RZP3095203699,14856.85,2026-07-10,ELECTRICITY BILL AUTOPAY
BTXN6046713478,RZP1998799778,60861.68,2026-07-14,RTGS-RZP1998799778-RAZORPAY SOFTWARE PVT LTD
BTXN5855415646,RZP1939777262,39720.41,2026-07-01,IMPS/RZP1939777262/RAZORPAY SETTLEMENT
BTXN2046408607,RZP7579606959,28519.18,2026-07-05,RTGS-RZP7579606959-RAZORPAY SOFTWARE PVT LTD
BTXN3390792967,RZP2621990911,43124.46,2026-07-13,IMPS/RZP2621990911/RAZORPAY SETTLEMENT
BTXN6722234677,RZP4349828908,8276.56,2026-07-03,ATM WDL BLR
BTXN7849074822,RZP1870313974,5154.91,2026-07-12,NEFT CR-RZP1870313974-RAZORPAY
BTXN3005575099,RZP4240148226,74594.98,2026-07-06,IMPS/RZP4240148226/RAZORPAY SETTLEMENT
BTXN5415127805,RZP2838212078,69745.88,2026-07-01,RTGS-RZP2838212078-RAZORPAY SOFTWARE PVT LTD
BTXN6915002610,RZP3166254447,52841.53,2026-07-03,UPI-RAZORPAY SOFTWARE PVT LTD-RZP3166254447
BTXN6671233208,RZP9623365510,44682.10,2026-07-11,RTGS-RZP9623365510-RAZORPAY SOFTWARE PVT LTD
BTXN4704445676,RZP7885821515,46213.88,2026-07-10,RTGS-RZP7885821515-RAZORPAY SOFTWARE PVT LTD
BTXN4761577540,RZP4660924085,10228.55,2026-07-08,RTGS-RZP4660924085-RAZORPAY SOFTWARE PVT LTD
BTXN5205946063,RZ3P836567112,14566.79,2026-07-16,IMPS/RZP/567112/PAYOUT
BTXN3707752531,RZP8867719506,56333.29,2026-07-16,RTGS-RZP8867719506-RAZORPAY SOFTWARE PVT LTD
BTXN7818599399,RZP6124128956,13385.48,2026-07-11,IMPS/RZP6124128956/RAZORPAY SETTLEMENT
BTXN7392385866,RZP2070179574,4532.10,2026-07-14,NETFLIX SUBSCRIPTION
BTXN6374270838,RZP9938277764,16750.00,2026-07-10,AMAZON RETAIL PAYMENT
BTXN9264884678,RZP8107055784,65992.79,2026-07-13,NEFT CR-RZP8107055784-RAZORPAY
BTXN6505427526,RZP3745178651,8181.64,2026-07-07,IMPS/RZP3745178651/RAZORPAY SETTLEMENT
BTXN4608515250,RZP5217523996,45491.46,2026-07-04,RTGS-RZP5217523996-RAZORPAY SOFTWARE PVT LTD
BTXN3749681106,RZP6372894014,36016.44,2026-07-05,NEFT CR-RZP6372894014-RAZORPAY
BTXN5277122642,RZP2555036685,17717.42,2026-07-06,ZOMATO ONLINE ORDER
BTXN8012635587,RZP8343150902,51113.91,2026-07-08,RTGS-RZP8343150902-RAZORPAY SOFTWARE PVT LTD
BTXN4250803652,RZP4956654409,32214.80,2026-07-02,RTGS-RZP4956654409-RAZORPAY SOFTWARE PVT LTD
BTXN8750885353,RZP8658681132,63616.28,2026-07-15,RTGS-RZP8658681132-RAZORPAY SOFTWARE PVT LTD
BTXN2849341101,RZP3789989848,73559.29,2026-07-07,NEFT CR-RZP3789989848-RAZORPAY
BTXN6974935645,RZP8751240060,58642.17,2026-07-13,NEFT CR-RZP8751240060-RAZORPAY
BTXN5511667310,RZP4523651956,18090.75,2026-07-05,NETFLIX SUBSCRIPTION
BTXN6601898913,RZP2590283270,17948.59,2026-07-14,ELECTRICITY BILL AUTOPAY
BTXN2725373847,RZP7910439839,3291.19,2026-07-05,RTGS-RZP7910439839-RAZORPAY SOFTWARE PVT LTD
BTXN5336547548,RZP5424263300,10851.79,2026-07-14,NEFT CR-RZP5424263300-RAZORPAY
BTXN3566085555,rzp7835778046,22112.73,2026-07-20,UPI-RAZORPAY SETTLEMENT ORDER 778046
BTXN5071260764,RZP6269576833,62455.06,2026-07-07,IMPS/RZP6269576833/RAZORPAY SETTLEMENT
BTXN3954133725,RZP5376347881,2460.11,2026-07-10,NETFLIX SUBSCRIPTION
BTXN3793335420,RZP6876730395,18582.48,2026-07-15,RTGS-RZP6876730395-RAZORPAY SOFTWARE PVT LTD
BTXN2261664000,RZP1312933167,11586.79,2026-07-12,IMPS/RZP1312933167/RAZORPAY SETTLEMENT
BTXN6124042570,RZP9491647272,59247.48,2026-07-10,UPI-RAZORPAY SOFTWARE PVT LTD-RZP9491647272
BTXN1466818310,RZP8728462765,45987.46,2026-07-02,RTGS-RZP8728462765-RAZORPAY SOFTWARE PVT LTD
BTXN6341172911,RZP5388382689,60786.99,2026-07-08,RTGS-RZP5388382689-RAZORPAY SOFTWARE PVT LTD
BTXN5559981673,RZP3918166452,48578.93,2026-07-07,IMPS/RZP3918166452/RAZORPAY SETTLEMENT
BTXN7645527239,RZP9797102584,9126.34,2026-07-08,RTGS-RZP9797102584-RAZORPAY SOFTWARE PVT LTD
BTXN6259022104,rzp7352900525,1049.76,2026-07-08,IMPS/RZP/900525/PAYOUT
BTXN4965953033,rzp9133917071,44091.38,2026-07-17,UPI-RAZORPAY SETTLEMENT ORDER 917071
BTXN5020126773,RZP5122249031,50797.62,2026-07-09,IMPS/RZP5122249031/RAZORPAY SETTLEMENT
BTXN8075748688,RZP6558376206,46436.00,2026-07-13,NEFT CR-RZP6558376206-RAZORPAY
BTXN7788359341,RZP1636370429,21614.96,2026-07-02,RTGS-RZP1636370429-RAZORPAY SOFTWARE PVT LTD
BTXN3188097182,RZP6318041635,1149.37,2026-07-15,ELECTRICITY BILL AUTOPAY
BTXN9824750522,RZP6854031895,53817.51,2026-07-14,IMPS/RZP6854031895/RAZORPAY SETTLEMENT
BTXN3831805767,RZP8007827,67366.09,2026-07-11,IMPS/RZP/827470/PAYOUT
BTXN7040562787,RZP9074999565,41906.43,2026-07-09,NEFT CR-RZP9074999565-RAZORPAY
BTXN3990597707,rzp2577896844,32998.75,2026-07-14,UPI-RAZORPAY SETTLEMENT ORDER 896844
BTXN2581704713,RZP7132461516,55334.13,2026-07-08,UPI-RAZORPAY SOFTWARE PVT LTD-RZP7132461516
BTXN9288871097,RZP7910006877,13766.46,2026-07-05,IMPS/RZP7910006877/RAZORPAY SETTLEMENT
BTXN4326309869,RZP5405230673,56359.53,2026-07-09,RTGS-RZP5405230673-RAZORPAY SOFTWARE PVT LTD
BTXN8114634187,RZP6534111666,60621.37,2026-07-06,RTGS-RZP6534111666-RAZORPAY SOFTWARE PVT LTD
BTXN8855538725,RZP8524800074,2718.54,2026-07-09,UPI-RAZORPAY SOFTWARE PVT LTD-RZP8524800074
BTXN3749252456,ZRP2576821891,47793.63,2026-07-08,IMPS/RZP/821891/PAYOUT
BTXN8879106492,RZP7778080960,61994.02,2026-07-01,NEFT CR-RZP7778080960-RAZORPAY
BTXN9181077260,RZP9699023942,39599.56,2026-07-14,NEFT CR-RZP9699023942-RAZORPAY
BTXN9913796111,RZP6764076171,7919.36,2026-07-05,IRCTC TICKET BOOKING
BTXN5850137625,RZP7788343362,17781.18,2026-07-15,ELECTRICITY BILL AUTOPAY
BTXN2180845948,RZP5049106328,12861.72,2026-07-08,IMPS/RZP5049106328/RAZORPAY SETTLEMENT
BTXN1206448132,RZP3675959950,18340.85,2026-07-11,ELECTRICITY BILL AUTOPAY
BTXN1276475275,RZP4831262521,24982.34,2026-07-13,UPI-RAZORPAY SOFTWARE PVT LTD-RZP4831262521
BTXN4235807843,RZP5196206060,26038.02,2026-07-08,RTGS-RZP5196206060-RAZORPAY SOFTWARE PVT LTD
BTXN8405635514,RZP3505166183,1583.46,2026-07-12,UPI-RAZORPAY SOFTWARE PVT LTD-RZP3505166183
BTXN3735643923,RZP2950759402,8014.01,2026-07-03,UPI-RAZORPAY SOFTWARE PVT LTD-RZP2950759402
BTXN2098485751,RZP5764090522,10681.89,2026-07-10,IMPS/RZP5764090522/RAZORPAY SETTLEMENT
BTXN8934097788,RZP4050941750,57177.74,2026-07-09,RTGS-RZP4050941750-RAZORPAY SOFTWARE PVT LTD
BTXN6428670499,RZP2421846373,46864.42,2026-07-15,RTGS-RZP2421846373-RAZORPAY SOFTWARE PVT LTD
BTXN3472126483,RZP8404623971,3195.56,2026-07-06,IMPS/RZP8404623971/RAZORPAY SETTLEMENT
BTXN7222021613,RZP6483306674,32265.70,2026-07-05,IMPS/RZP6483306674/RAZORPAY SETTLEMENT
BTXN3074980596,RZP9869805865,45402.62,2026-07-03,RTGS-RZP9869805865-RAZORPAY SOFTWARE PVT LTD
BTXN7531946428,RZP6810169601,34380.65,2026-07-07,IMPS/RZP6810169601/RAZORPAY SETTLEMENT
BTXN1005999460,RZP3672473772,26486.17,2026-07-14,NEFT CR-RZP3672473772-RAZORPAY
BTXN4096061105,RZP7565905805,65367.69,2026-07-03,UPI-RAZORPAY SOFTWARE PVT LTD-RZP7565905805
BTXN8573009419,RZP6528412331,39405.55,2026-07-13,UPI-RAZORPAY SOFTWARE PVT LTD-RZP6528412331
BTXN1769624148,RZP9024062066,15256.66,2026-07-15,NETFLIX SUBSCRIPTION
BTXN1168118608,RZP1772825941,41826.77,2026-07-13,IMPS/RZP1772825941/RAZORPAY SETTLEMENT
BTXN5057041081,RZP3272127173,55205.38,2026-07-14,IMPS/RZP3272127173/RAZORPAY SETTLEMENT
BTXN5705117049,RZP3629402,31244.78,2026-07-10,UPI-RAZORPAY SETTLEMENT ORDER 402347
BTXN9564628443,RZP7114054134,52930.90,2026-07-03,IMPS/RZP7114054134/RAZORPAY SETTLEMENT
BTXN8770448969,RZP5894122631,6509.80,2026-07-09,NEFT CR-RZP5894122631-RAZORPAY
BTXN5911516472,RZP5550967178,30089.77,2026-07-03,RTGS-RZP5550967178-RAZORPAY SOFTWARE PVT LTD
BTXN3612632124,RZP9612003275,62852.08,2026-07-07,IMPS/RZP9612003275/RAZORPAY SETTLEMENT
BTXN2260646510,RZP4971661385,26589.47,2026-07-13,UPI-RAZORPAY SOFTWARE PVT LTD-RZP4971661385
BTXN8706792552,RZP2265143025,33511.96,2026-07-12,NEFT CR-RZP2265143025-RAZORPAY
BTXN1696252754,RZP6693343,44753.02,2026-07-07,NEFT CR RAZORPAY SOFTWARE-343066
BTXN3938451957,RZP6999146585,37911.46,2026-07-11,NEFT CR-RZP6999146585-RAZORPAY
BTXN5482243186,rzp5667742619,29049.07,2026-07-15,NEFT CR RAZORPAY SOFTWARE-742619
BTXN7253012472,RZP3512900290,59305.98,2026-07-07,RTGS-RZP3512900290-RAZORPAY SOFTWARE PVT LTD
BTXN3780963361,RZP3683503993,49136.96,2026-07-05,IMPS/RZP/303993/PAYOUT
BTXN9491490774,RZP4969615340,1197.91,2026-07-03,ELECTRICITY BILL AUTOPAY
BTXN6393018908,RZP7556522291,43120.08,2026-07-06,NEFT CR-RZP7556522291-RAZORPAY
BTXN7752277876,RZP1348849508,71166.74,2026-07-13,IMPS/RZP1348849508/RAZORPAY SETTLEMENT
BTXN2685438702,RZP5431277186,6476.62,2026-07-13,NEFT CR-RZP5431277186-RAZORPAY
BTXN1160299591,RZP4857010761,67892.97,2026-07-02,NEFT CR-RZP4857010761-RAZORPAY
BTXN4318297746,RZP5473935534,43639.02,2026-07-06,RTGS-RZP5473935534-RAZORPAY SOFTWARE PVT LTD
BTXN1096262806,RZP3197336419,5558.37,2026-07-15,IRCTC TICKET BOOKING
BTXN8500889630,RZP8870862988,56649.51,2026-07-08,NEFT CR-RZP8870862988-RAZORPAY
BTXN6983112912,RZP5509633051,1164.16,2026-07-08,ATM WDL HYD
BTXN7411259573,RZP6579132556,10162.40,2026-07-10,ZOMATO ONLINE ORDER
BTXN7016552532,RZP8047312,19195.01,2026-07-05,UPI-RAZORPAY SETTLEMENT ORDER 312662
BTXN7293569026,RZP8913207137,5407.84,2026-07-05,AMAZON RETAIL PAYMENT
BTXN5638342911,RZP3743933067,8905.10,2026-07-03,UPI-RAZORPAY SOFTWARE PVT LTD-RZP3743933067
BTXN5591363274,RZP1380302193,7967.32,2026-07-08,RTGS-RZP1380302193-RAZORPAY SOFTWARE PVT LTD
BTXN6990661728,RZP7243172391,52231.73,2026-07-10,RTGS-RZP7243172391-RAZORPAY SOFTWARE PVT LTD
BTXN6011717427,RZP7425904890,38553.25,2026-07-01,RTGS-RZP7425904890-RAZORPAY SOFTWARE PVT LTD
BTXN3461378531,RZP2258578199,60899.25,2026-07-03,RTGS-RZP2258578199-RAZORPAY SOFTWARE PVT LTD
BTXN9294396764,RZP6388926512,58050.92,2026-07-13,NEFT CR-RZP6388926512-RAZORPAY
BTXN2701177209,RZP6500806663,67885.82,2026-07-12,NEFT CR-RZP6500806663-RAZORPAY
BTXN4998260109,RZP8708728501,50836.41,2026-07-05,IMPS/RZP8708728501/RAZORPAY SETTLEMENT
BTXN3861619220,RZP4611398,67788.77,2026-07-13,NEFT CR RAZORPAY SOFTWARE-398720
BTXN4518110561,RZP5073499937,52160.59,2026-07-04,IMPS/RZP5073499937/RAZORPAY SETTLEMENT
BTXN8764282353,RZP9977754141,63133.90,2026-07-04,IMPS/RZP9977754141/RAZORPAY SETTLEMENT
BTXN3523872583,RZP1698871873,45435.31,2026-07-08,IMPS/RZP1698871873/RAZORPAY SETTLEMENT
BTXN8460381193,RZP1590595106,28748.97,2026-07-08,UPI-RAZORPAY SOFTWARE PVT LTD-RZP1590595106
BTXN8968763419,RZP9159416252,49080.86,2026-07-03,UPI-RAZORPAY SOFTWARE PVT LTD-RZP9159416252
BTXN4366199280,RZP1893380803,10320.21,2026-07-02,IMPS/RZP1893380803/RAZORPAY SETTLEMENT
BTXN6406392894,RZP5084013212,51725.48,2026-07-06,NEFT CR RAZORPAY SOFTWARE-013212
BTXN5210829959,RZP1055183168,2873.12,2026-07-08,NEFT CR-RZP1055183168-RAZORPAY
BTXN2773845611,RZP5499652270,50078.16,2026-07-11,NEFT CR-RZP5499652270-RAZORPAY
BTXN5753486110,RZP4659550214,30951.58,2026-07-07,RTGS-RZP4659550214-RAZORPAY SOFTWARE PVT LTD
BTXN4171173360,RZP4463500791,18510.51,2026-07-10,IMPS/RZP4463500791/RAZORPAY SETTLEMENT
BTXN2030213097,RZP4275930923,47100.87,2026-07-05,UPI-RAZORPAY SOFTWARE PVT LTD-RZP4275930923
BTXN8159912154,RZP9206391529,29621.20,2026-07-11,IMPS/RZP9206391529/RAZORPAY SETTLEMENT
BTXN9561946187,RZP5484962610,33202.73,2026-07-09,NEFT CR-RZP5484962610-RAZORPAY
BTXN7325011385,RZP7345036844,62480.66,2026-07-02,UPI-RAZORPAY SOFTWARE PVT LTD-RZP7345036844
BTXN1420514789,RZP6491309593,19110.58,2026-07-15,UPI-RAZORPAY SOFTWARE PVT LTD-RZP6491309593
BTXN8194291603,rzp7938039949,14580.83,2026-07-08,NEFT CR RAZORPAY SOFTWARE-039949
BTXN5329451114,RZP3147487660,57670.18,2026-07-04,UPI-RAZORPAY SOFTWARE PVT LTD-RZP3147487660
BTXN9796765637,RZP9739525340,28308.25,2026-07-04,UPI-RAZORPAY SOFTWARE PVT LTD-RZP9739525340
BTXN9851092385,RZP2095507694,7457.42,2026-07-03,NEFT CR-RZP2095507694-RAZORPAY
BTXN7625866719,RZP3946789798,54017.48,2026-07-02,UPI-RAZORPAY SOFTWARE PVT LTD-RZP3946789798
BTXN1946660843,RZP9683379909,68707.49,2026-07-06,RTGS-RZP9683379909-RAZORPAY SOFTWARE PVT LTD
BTXN3400972239,RZP2631828114,14931.88,2026-07-14,SALARY CREDIT XYZ CORP
BTXN7579051009,RZP8676886863,4009.38,2026-07-08,IRCTC TICKET BOOKING
BTXN1968601979,RZP6307198361,18970.92,2026-07-04,AMAZON RETAIL PAYMENT
BTXN3252816770,RZP4130741146,27775.20,2026-07-15,NEFT CR-RZP4130741146-RAZORPAY
BTXN5779882207,RZP3944516695,48955.53,2026-07-03,IMPS/RZP3944516695/RAZORPAY SETTLEMENT
BTXN4770015184,RZP2681498779,35901.91,2026-07-13,UPI-RAZORPAY SOFTWARE PVT LTD-RZP2681498779
BTXN7131166148,RZP2200394668,70724.50,2026-07-01,IMPS/RZP2200394668/RAZORPAY SETTLEMENT
BTXN1955019690,RZP9461564269,13329.43,2026-07-05,UPI-RAZORPAY SOFTWARE PVT LTD-RZP9461564269
BTXN4665433498,RZP7679599495,33436.74,2026-07-08,RTGS-RZP7679599495-RAZORPAY SOFTWARE PVT LTD
BTXN5426502879,RZP7124274722,45535.92,2026-07-09,NEFT CR-RZP7124274722-RAZORPAY
BTXN8737462882,RZP2505097873,64850.89,2026-07-04,IMPS/RZP2505097873/RAZORPAY SETTLEMENT
BTXN5784154528,RZP5318934866,47734.32,2026-07-11,IMPS/RZP5318934866/RAZORPAY SETTLEMENT
BTXN7168431920,RZP4801273661,55168.24,2026-07-15,IMPS/RZP4801273661/RAZORPAY SETTLEMENT
BTXN7753405941,RZP5534675267,36670.36,2026-07-01,UPI-RAZORPAY SOFTWARE PVT LTD-RZP5534675267
BTXN7228161096,RZP4933155517,49725.28,2026-07-03,IMPS/RZP4933155517/RAZORPAY SETTLEMENT
BTXN2682829946,RZP5956953243,61867.00,2026-07-13,IMPS/RZP5956953243/RAZORPAY SETTLEMENT
BTXN9537639295,RZP7944257535,14251.43,2026-07-12,NETFLIX SUBSCRIPTION
BTXN3474772682,RZP5915341847,41013.12,2026-07-10,NEFT CR RAZORPAY SOFTWARE-341847
BTXN2183294846,rzp8255415721,63541.05,2026-07-07,IMPS/RZP/415721/PAYOUT
BTXN7077197214,RZP6316106876,21930.62,2026-07-06,NEFT CR-RZP6316106876-RAZORPAY
BTXN6790632791,RZP5136216089,45605.70,2026-07-12,RTGS-RZP5136216089-RAZORPAY SOFTWARE PVT LTD
BTXN5426087422,RZP2239352105,12885.03,2026-07-01,ZOMATO ONLINE ORDER
BTXN8381300140,RZP8050382148,12919.19,2026-07-14,UPI-RAZORPAY SOFTWARE PVT LTD-RZP8050382148
BTXN7801948900,RZP4503614567,27942.66,2026-07-11,UPI-RAZORPAY SOFTWARE PVT LTD-RZP4503614567
BTXN8153319884,RZP6642047446,2359.20,2026-07-07,NEFT CR-RZP6642047446-RAZORPAY
BTXN6947759509,RZP9329871034,18942.55,2026-07-10,RTGS-RZP9329871034-RAZORPAY SOFTWARE PVT LTD
BTXN1926642748,RZP9101876274,51792.49,2026-07-10,UPI-RAZORPAY SOFTWARE PVT LTD-RZP9101876274
BTXN5774699161,RZP6489799265,8409.73,2026-07-05,UPI-RAZORPAY SOFTWARE PVT LTD-RZP6489799265
BTXN8854533298,RZP4467304531,57092.71,2026-07-14,UPI-RAZORPAY SOFTWARE PVT LTD-RZP4467304531
BTXN6965879269,RZP8846797777,44299.61,2026-07-11,IMPS/RZP8846797777/RAZORPAY SETTLEMENT
BTXN7804532904,RZP5630286975,50923.27,2026-07-07,RTGS-RZP5630286975-RAZORPAY SOFTWARE PVT LTD
BTXN7933824176,RZP7222657338,68733.81,2026-07-07,RTGS-RZP7222657338-RAZORPAY SOFTWARE PVT LTD
BTXN5574062349,RZP2750079,25258.36,2026-07-16,IMPS/RZP/079430/PAYOUT
BTXN3316721961,RZP2300058491,36614.97,2026-07-08,NEFT CR-RZP2300058491-RAZORPAY
BTXN2052811909,RZP9469064524,74835.14,2026-07-13,NEFT CR-RZP9469064524-RAZORPAY
BTXN8202725858,RZP2848068225,28570.32,2026-07-03,IMPS/RZP2848068225/RAZORPAY SETTLEMENT
BTXN5659161352,RZP3901796894,38582.46,2026-07-13,NEFT CR-RZP3901796894-RAZORPAY
BTXN5504203782,RZP8974174332,36267.97,2026-07-10,NEFT CR-RZP8974174332-RAZORPAY
BTXN1549804402,RZP8705963913,70355.19,2026-07-15,UPI-RAZORPAY SOFTWARE PVT LTD-RZP8705963913
BTXN8430953655,RZP3036811454,48150.55,2026-07-14,IMPS/RZP3036811454/RAZORPAY SETTLEMENT
BTXN7591151625,RZP3348109736,525.58,2026-07-10,NEFT CR-RZP3348109736-RAZORPAY
BTXN4884151139,RZP1800183238,1240.73,2026-07-13,SWIGGY ORDER PAYMENT
BTXN1672209602,RZP7326148494,50149.29,2026-07-15,IMPS/RZP7326148494/RAZORPAY SETTLEMENT
BTXN7396743833,RZP3198578822,65264.32,2026-07-12,IMPS/RZP3198578822/RAZORPAY SETTLEMENT
BTXN3369496447,RZP1457261738,16287.29,2026-07-01,IMPS/RZP1457261738/RAZORPAY SETTLEMENT
BTXN3533404405,RZP7359553565,18629.52,2026-07-05,AMAZON RETAIL PAYMENT
BTXN4343722496,RZP4968635883,16294.94,2026-07-01,IMPS/RZP4968635883/RAZORPAY SETTLEMENT
BTXN8968929797,RZP9605108260,57521.99,2026-07-01,RTGS-RZP9605108260-RAZORPAY SOFTWARE PVT LTD
BTXN1092657277,RZP1359866941,21811.99,2026-07-03,IMPS/RZP1359866941/RAZORPAY SETTLEMENT
BTXN4632698147,RZP3964388640,43274.46,2026-07-15,RTGS-RZP3964388640-RAZORPAY SOFTWARE PVT LTD
BTXN8529117258,RZP4774062825,25096.11,2026-07-06,RTGS-RZP4774062825-RAZORPAY SOFTWARE PVT LTD
BTXN6228012361,RZP8875414584,14724.45,2026-07-11,UPI-RAZORPAY SOFTWARE PVT LTD-RZP8875414584
BTXN3592455419,RZP4017037833,1623.15,2026-07-03,NEFT CR-RZP4017037833-RAZORPAY
BTXN8768202942,RZP5035326973,23793.23,2026-07-05,NEFT CR-RZP5035326973-RAZORPAY
BTXN1072757958,RZP5529945280,19469.41,2026-07-04,ELECTRICITY BILL AUTOPAY
BTXN6258777951,RZP7548444903,62911.74,2026-07-02,IMPS/RZP7548444903/RAZORPAY SETTLEMENT
BTXN4295590726,RZP8071953998,11450.51,2026-07-09,SALARY CREDIT XYZ CORP
BTXN7808817893,RZP6844017733,46693.88,2026-07-14,RTGS-RZP6844017733-RAZORPAY SOFTWARE PVT LTD
BTXN9584871905,RZP5680290732,52532.98,2026-07-14,NEFT CR-RZP5680290732-RAZORPAY
BTXN9021479835,RZP4771700556,47386.60,2026-07-14,IMPS/RZP4771700556/RAZORPAY SETTLEMENT
BTXN8243716828,RZP4340126881,34417.56,2026-07-12,RTGS-RZP4340126881-RAZORPAY SOFTWARE PVT LTD
BTXN2926311985,RZP7409677228,8246.44,2026-07-18,NEFT CR RAZORPAY SOFTWARE-767228
BTXN9837912162,RZP5533921266,10329.85,2026-07-07,RTGS-RZP5533921266-RAZORPAY SOFTWARE PVT LTD
BTXN4308518686,RZP3244750381,64294.39,2026-07-14,IMPS/RZP3244750381/RAZORPAY SETTLEMENT
BTXN2309876362,RZP1433101283,7455.39,2026-07-08,ATM WDL MUM
BTXN6583596880,RZP8330391516,68391.04,2026-07-07,IMPS/RZP8330391516/RAZORPAY SETTLEMENT
BTXN7328203808,RZP5474951950,70036.14,2026-07-09,RTGS-RZP5474951950-RAZORPAY SOFTWARE PVT LTD
BTXN9432088993,RZP4850837385,10930.98,2026-07-02,RTGS-RZP4850837385-RAZORPAY SOFTWARE PVT LTD
BTXN3077718803,RZP9422178569,18409.20,2026-07-02,IMPS/RZP9422178569/RAZORPAY SETTLEMENT
BTXN9333100929,RZP5651768066,74938.40,2026-07-09,NEFT CR-RZP5651768066-RAZORPAY
BTXN8360570867,RZP4221183880,15796.45,2026-07-02,ELECTRICITY BILL AUTOPAY
BTXN5007273049,RZP1906196621,61398.04,2026-07-08,UPI-RAZORPAY SOFTWARE PVT LTD-RZP1906196621
BTXN2757736111,rzp9836317278,60001.87,2026-07-07,IMPS/RZP/317278/PAYOUT
BTXN7918221102,RZP4321925889,3146.36,2026-07-06,UPI-RAZORPAY SOFTWARE PVT LTD-RZP4321925889
BTXN8243653023,RZP8073589247,61007.60,2026-07-12,UPI-RAZORPAY SOFTWARE PVT LTD-RZP8073589247
BTXN2726821602,RZP2719966564,67980.38,2026-07-15,RTGS-RZP2719966564-RAZORPAY SOFTWARE PVT LTD
BTXN5460714937,RZP5717011924,17701.18,2026-07-13,UPI-RAZORPAY SOFTWARE PVT LTD-RZP5717011924
BTXN5129428432,RZP3811024763,13682.91,2026-07-01,SWIGGY ORDER PAYMENT
BTXN3796855114,RZP3280475724,10894.55,2026-07-06,SALARY CREDIT XYZ CORP
BTXN5452580287,RZP4683935600,25070.37,2026-07-12,RTGS-RZP4683935600-RAZORPAY SOFTWARE PVT LTD
BTXN9201789018,RZP8682023540,2985.66,2026-07-06,NEFT CR-RZP8682023540-RAZORPAY
BTXN5324624259,RZP6792865332,12010.21,2026-07-08,IMPS/RZP6792865332/RAZORPAY SETTLEMENT
BTXN4809100560,RZP3218377439,792.56,2026-07-14,NEFT CR-RZP3218377439-RAZORPAY
BTXN5085709543,RZP6069548959,17014.26,2026-07-04,ELECTRICITY BILL AUTOPAY
BTXN1956405746,RZP9177740460,26225.84,2026-07-15,IMPS/RZP9177740460/RAZORPAY SETTLEMENT
BTXN2053540619,RZP3262198598,50247.51,2026-07-14,IMPS/RZP3262198598/RAZORPAY SETTLEMENT
BTXN8219468565,RZP2159885799,62964.89,2026-07-13,UPI-RAZORPAY SOFTWARE PVT LTD-RZP2159885799
BTXN4681788096,RZP9417898010,60762.89,2026-07-15,RTGS-RZP9417898010-RAZORPAY SOFTWARE PVT LTD
BTXN6205243101,RZP9759481762,52861.56,2026-07-08,UPI-RAZORPAY SOFTWARE PVT LTD-RZP9759481762
BTXN2292304779,RZP8978533723,29441.09,2026-07-15,RTGS-RZP8978533723-RAZORPAY SOFTWARE PVT LTD
BTXN7844294622,RZP2786399092,16049.35,2026-07-07,IMPS/RZP2786399092/RAZORPAY SETTLEMENT
BTXN5044346453,RZP4764678321,10881.22,2026-07-07,NETFLIX SUBSCRIPTION
BTXN5286587881,RZP3770996621,17595.37,2026-07-03,IMPS/RZP3770996621/RAZORPAY SETTLEMENT
BTXN5909071222,RZP6965188159,5522.62,2026-07-13,NEFT CR-RZP6965188159-RAZORPAY
BTXN2560949171,RZP7396547808,9932.95,2026-07-04,SALARY CREDIT XYZ CORP
BTXN8257888483,RZP6196294531,68964.28,2026-07-08,UPI-RAZORPAY SOFTWARE PVT LTD-RZP6196294531
BTXN1877118282,RZP1025953043,65305.07,2026-07-02,NEFT CR-RZP1025953043-RAZORPAY
BTXN7276581538,RZP4834689,49614.71,2026-07-17,NEFT CR RAZORPAY SOFTWARE-689308
BTXN4375154059,RZP7052089032,19777.62,2026-07-02,AMAZON RETAIL PAYMENT
BTXN6775144921,RZP6322707571,10752.93,2026-07-15,RTGS-RZP6322707571-RAZORPAY SOFTWARE PVT LTD
BTXN8698774229,RZP2394798223,57213.11,2026-07-04,UPI-RAZORPAY SOFTWARE PVT LTD-RZP2394798223
BTXN8014950059,RZP5326119360,14058.75,2026-07-09,NEFT CR-RZP5326119360-RAZORPAY
BTXN3679716064,RZP4951170613,48088.15,2026-07-12,NEFT CR-RZP4951170613-RAZORPAY
BTXN5238037402,RZP3599394028,33948.12,2026-07-07,NEFT CR-RZP3599394028-RAZORPAY
BTXN8898879206,RZP1647251216,42856.14,2026-07-02,RTGS-RZP1647251216-RAZORPAY SOFTWARE PVT LTD
BTXN4422485861,RZP3352529803,61428.32,2026-07-04,IMPS/RZP3352529803/RAZORPAY SETTLEMENT
BTXN7634029208,RZP3408615540,24120.85,2026-07-14,NEFT CR-RZP3408615540-RAZORPAY
BTXN9957607832,RZP7109455389,6124.98,2026-07-10,UPI-RAZORPAY SOFTWARE PVT LTD-RZP7109455389
BTXN2843864884,RZP6911226213,41236.48,2026-07-12,IMPS/RZP6911226213/RAZORPAY SETTLEMENT
BTXN4063222677,RZP8489946422,50324.75,2026-07-07,RTGS-RZP8489946422-RAZORPAY SOFTWARE PVT LTD
BTXN1328136908,RZP3162013062,62452.23,2026-07-13,UPI-RAZORPAY SOFTWARE PVT LTD-RZP3162013062
BTXN3515465308,RZP2220270866,62704.05,2026-07-12,IMPS/RZP2220270866/RAZORPAY SETTLEMENT
BTXN4965426918,RZP3824691843,24509.21,2026-07-03,RTGS-RZP3824691843-RAZORPAY SOFTWARE PVT LTD
BTXN6596828179,RZP3636785359,3710.87,2026-07-07,SALARY CREDIT XYZ CORP
BTXN1044284456,RZP4714951,61465.30,2026-07-13,IMPS/RZP/951605/PAYOUT
BTXN2744207811,RZP5425892323,1281.13,2026-07-08,NEFT CR-RZP5425892323-RAZORPAY
BTXN3500972252,RZP7315014244,74911.82,2026-07-06,RTGS-RZP7315014244-RAZORPAY SOFTWARE PVT LTD
BTXN1721610124,RZP7880240270,2598.71,2026-07-13,AMAZON RETAIL PAYMENT
BTXN9748153561,RZP6206358212,22849.05,2026-07-09,IMPS/RZP6206358212/RAZORPAY SETTLEMENT
BTXN7151619262,RZP2976988054,7626.21,2026-07-01,UPI-RAZORPAY SOFTWARE PVT LTD-RZP2976988054
BTXN9908553783,RZP6189916516,15241.22,2026-07-14,IMPS/RZP6189916516/RAZORPAY SETTLEMENT
BTXN6072026321,RZP2159756966,63903.13,2026-07-11,IMPS/RZP2159756966/RAZORPAY SETTLEMENT
BTXN3789750318,RZP9862636308,46714.77,2026-07-10,IMPS/RZP9862636308/RAZORPAY SETTLEMENT
BTXN6107810724,RZP6831310262,23565.87,2026-07-12,UPI-RAZORPAY SOFTWARE PVT LTD-RZP6831310262
BTXN3482189969,RZP9854427285,28807.48,2026-07-05,RTGS-RZP9854427285-RAZORPAY SOFTWARE PVT LTD
BTXN7262927485,RZP8370674741,18189.77,2026-07-03,UPI-RAZORPAY SOFTWARE PVT LTD-RZP8370674741
BTXN5707407963,RZP1820670837,73907.81,2026-07-09,RTGS-RZP1820670837-RAZORPAY SOFTWARE PVT LTD
BTXN8328857301,RZP4693323977,43757.24,2026-07-14,IMPS/RZP4693323977/RAZORPAY SETTLEMENT
BTXN2660672840,RZP3978236623,10495.64,2026-07-08,RTGS-RZP3978236623-RAZORPAY SOFTWARE PVT LTD
BTXN8567379213,RZP4043505811,29456.75,2026-07-15,NEFT CR-RZP4043505811-RAZORPAY
BTXN9852636930,RZP2220372854,48276.67,2026-07-02,RTGS-RZP2220372854-RAZORPAY SOFTWARE PVT LTD
BTXN8972380077,RZP9040054693,58014.58,2026-07-08,UPI-RAZORPAY SOFTWARE PVT LTD-RZP9040054693
BTXN1001787950,RZP2154985210,51314.00,2026-07-05,RTGS-RZP2154985210-RAZORPAY SOFTWARE PVT LTD
BTXN4498887500,RZP7972821255,13647.91,2026-07-03,RTGS-RZP7972821255-RAZORPAY SOFTWARE PVT LTD
BTXN5915563742,RZP7326600971,65884.93,2026-07-11,RTGS-RZP7326600971-RAZORPAY SOFTWARE PVT LTD
BTXN3620998901,RZP5222724023,1431.51,2026-07-02,ELECTRICITY BILL AUTOPAY
BTXN2107360839,RZP8591162558,11256.28,2026-07-14,UPI-RAZORPAY SOFTWARE PVT LTD-RZP8591162558
BTXN8917638972,RZP8565406848,64660.51,2026-07-12,NEFT CR-RZP8565406848-RAZORPAY
BTXN4846791392,RZP4424204354,51868.11,2026-07-14,NEFT CR-RZP4424204354-RAZORPAY
BTXN2157246930,RZP9873517745,13902.53,2026-07-05,UPI-RAZORPAY SOFTWARE PVT LTD-RZP9873517745
BTXN4425254650,RZP8599616037,55686.61,2026-07-01,IMPS/RZP8599616037/RAZORPAY SETTLEMENT
BTXN5787085415,RZP5459313793,60044.03,2026-07-15,RTGS-RZP5459313793-RAZORPAY SOFTWARE PVT LTD
BTXN7099816416,RZP5879986988,73042.25,2026-07-07,IMPS/RZP5879986988/RAZORPAY SETTLEMENT
BTXN5430507321,RZP6984281072,68550.46,2026-07-15,NEFT CR-RZP6984281072-RAZORPAY
BTXN7718711840,RZP3413353094,15247.71,2026-07-07,SALARY CREDIT XYZ CORP
BTXN9686237263,RZP3971709213,34540.01,2026-07-11,UPI-RAZORPAY SOFTWARE PVT LTD-RZP3971709213
BTXN8541593219,RZP1651480,29892.74,2026-07-13,NEFT CR RAZORPAY SOFTWARE-480059
BTXN8628712893,rzp2166798056,9073.54,2026-07-08,UPI-RAZORPAY SETTLEMENT ORDER 798056
BTXN4743409203,RZP6389648,14141.35,2026-07-10,IMPS/RZP/648951/PAYOUT
BTXN4979077382,RZP5938090461,9130.53,2026-07-04,ELECTRICITY BILL AUTOPAY
BTXN1478475087,RZP7301679332,55612.68,2026-07-14,NEFT CR-RZP7301679332-RAZORPAY
BTXN2601269241,RZP1692327087,44884.17,2026-07-17,RTGS-RZP1692327087-RAZORPAY SOFTWARE PVT LTD
BTXN2155297090,RZP5057517840,41809.14,2026-07-06,UPI-RAZORPAY SOFTWARE PVT LTD-RZP5057517840
BTXN2664801050,RZP3118519630,40798.40,2026-07-02,NEFT CR-RZP3118519630-RAZORPAY
BTXN9166476866,RZP9533390904,1128.87,2026-07-10,SALARY CREDIT XYZ CORP
BTXN3077691922,RZP1876428682,767.05,2026-07-04,ZOMATO ONLINE ORDER
BTXN3180077175,RZP2927682540,39335.32,2026-07-11,RTGS-RZP2927682540-RAZORPAY SOFTWARE PVT LTD
BTXN1028701354,ZRP7134929705,50373.50,2026-07-15,NEFT CR RAZORPAY SOFTWARE-929705
BTXN7044166154,RZP7226758780,40195.38,2026-07-11,UPI-RAZORPAY SOFTWARE PVT LTD-RZP7226758780
BTXN2981590406,RZP5788132323,44657.51,2026-07-04,IMPS/RZP5788132323/RAZORPAY SETTLEMENT
BTXN9662494535,RZP3361923184,38161.83,2026-07-09,RTGS-RZP3361923184-RAZORPAY SOFTWARE PVT LTD
BTXN7764410417,RZP7790607784,32244.11,2026-07-13,IMPS/RZP7790607784/RAZORPAY SETTLEMENT
BTXN4609022865,RZP9779391910,65221.87,2026-07-08,RTGS-RZP9779391910-RAZORPAY SOFTWARE PVT LTD
BTXN1601050402,RZP8253523668,36744.51,2026-07-15,RTGS-RZP8253523668-RAZORPAY SOFTWARE PVT LTD
BTXN8324559310,RZP4100410478,16701.56,2026-07-11,RTGS-RZP4100410478-RAZORPAY SOFTWARE PVT LTD
BTXN6321363559,RZP3702613926,12803.68,2026-07-15,RTGS-RZP3702613926-RAZORPAY SOFTWARE PVT LTD
BTXN5278400234,RZP6069164945,3125.27,2026-07-10,SWIGGY ORDER PAYMENT
BTXN4096313304,RZP5137193856,15103.28,2026-07-13,UPI-RAZORPAY SOFTWARE PVT LTD-RZP5137193856
BTXN1926547127,RZP8625317272,51524.83,2026-07-11,IMPS/RZP8625317272/RAZORPAY SETTLEMENT
BTXN1588787875,RZP6673825968,41260.57,2026-07-06,NEFT CR-RZP6673825968-RAZORPAY
BTXN3023399168,RZP8182207815,57163.55,2026-07-01,UPI-RAZORPAY SOFTWARE PVT LTD-RZP8182207815
BTXN5020708404,RZP3350125003,1289.24,2026-07-08,SALARY CREDIT XYZ CORP
BTXN6384863039,RZP9666224381,17825.87,2026-07-12,NEFT CR-RZP9666224381-RAZORPAY
BTXN7625110398,RZP5971407550,9027.30,2026-07-10,UPI-RAZORPAY SOFTWARE PVT LTD-RZP5971407550
BTXN1582646853,RZP6688882287,43986.88,2026-07-12,RTGS-RZP6688882287-RAZORPAY SOFTWARE PVT LTD
BTXN2357806226,RZP7991986741,35064.50,2026-07-10,RTGS-RZP7991986741-RAZORPAY SOFTWARE PVT LTD
BTXN7123626418,RZP8233361873,24786.50,2026-07-17,NEFT CR RAZORPAY SOFTWARE-316873
BTXN2302261317,RZP1414683719,2191.12,2026-07-10,IMPS/RZP1414683719/RAZORPAY SETTLEMENT
BTXN1432330710,RZP2443586985,45049.67,2026-07-10,RTGS-RZP2443586985-RAZORPAY SOFTWARE PVT LTD
BTXN6299233415,RZP8082349121,66850.10,2026-07-07,IMPS/RZP8082349121/RAZORPAY SETTLEMENT
BTXN6814264565,RZP3431267294,53942.94,2026-07-11,NEFT CR-RZP3431267294-RAZORPAY
BTXN5652697543,RZP8136424561,13876.64,2026-07-03,RTGS-RZP8136424561-RAZORPAY SOFTWARE PVT LTD
BTXN5019628177,RZP3306002042,27956.85,2026-07-08,UPI-RAZORPAY SOFTWARE PVT LTD-RZP3306002042
BTXN7266703729,RZP2496593070,21325.87,2026-07-16,NEFT CR-RZP2496593070-RAZORPAY
BTXN1557097204,RZP7423448074,16371.86,2026-07-04,IMPS/RZP7423448074/RAZORPAY SETTLEMENT
BTXN7456297594,RZP9182938066,1427.68,2026-07-09,NEFT CR-RZP9182938066-RAZORPAY
BTXN3503525674,RZP1472200200,28070.41,2026-07-11,NEFT CR-RZP1472200200-RAZORPAY
BTXN7271180970,RZP5083225181,74894.19,2026-07-12,IMPS/RZP5083225181/RAZORPAY SETTLEMENT
BTXN7067630675,rzp7245025436,12489.25,2026-07-06,IMPS/RZP/025436/PAYOUT
BTXN4093488202,RZP9791612339,8425.28,2026-07-09,IMPS/RZP9791612339/RAZORPAY SETTLEMENT
BTXN3195484562,RZP6131857246,41859.45,2026-07-10,NEFT CR-RZP6131857246-RAZORPAY
BTXN7153745872,RZP7531037527,71146.78,2026-07-13,UPI-RAZORPAY SOFTWARE PVT LTD-RZP7531037527
BTXN7054307581,RZP8566352759,50207.95,2026-07-03,IMPS/RZP8566352759/RAZORPAY SETTLEMENT
BTXN7903958120,RZP8553002,23795.88,2026-07-13,NEFT CR RAZORPAY SOFTWARE-002925
BTXN7803750716,RZP2050581388,69654.05,2026-07-13,IMPS/RZP2050581388/RAZORPAY SETTLEMENT
BTXN6938171032,RZP1362895954,21292.39,2026-07-10,RTGS-RZP1362895954-RAZORPAY SOFTWARE PVT LTD
BTXN4246987462,RZP5073155376,25526.21,2026-07-05,UPI-RAZORPAY SOFTWARE PVT LTD-RZP5073155376
BTXN5076173494,RZP5601238715,67231.22,2026-07-07,RTGS-RZP5601238715-RAZORPAY SOFTWARE PVT LTD
BTXN1447019896,RZP8553112838,35346.32,2026-07-03,RTGS-RZP8553112838-RAZORPAY SOFTWARE PVT LTD
BTXN7196057511,RZP1975581580,49630.10,2026-07-13,IMPS/RZP1975581580/RAZORPAY SETTLEMENT
BTXN7458935790,RZP7153186561,69775.21,2026-07-10,RTGS-RZP7153186561-RAZORPAY SOFTWARE PVT LTD
BTXN8484251203,RZP3682864412,42440.56,2026-07-10,RTGS-RZP3682864412-RAZORPAY SOFTWARE PVT LTD
BTXN2047223339,rzp4593134989,65324.75,2026-07-11,IMPS/RZP/134989/PAYOUT
BTXN9362506777,RZP8975785971,72279.64,2026-07-03,RTGS-RZP8975785971-RAZORPAY SOFTWARE PVT LTD
BTXN4700417404,RZP3115340169,47572.27,2026-07-11,IMPS/RZP3115340169/RAZORPAY SETTLEMENT
BTXN3417300559,RZP8655864027,32775.73,2026-07-04,UPI-RAZORPAY SOFTWARE PVT LTD-RZP8655864027
BTXN3517677005,RZP8441541685,54205.62,2026-07-07,IMPS/RZP8441541685/RAZORPAY SETTLEMENT
BTXN2979547011,RZP2899868676,31948.12,2026-07-11,UPI-RAZORPAY SOFTWARE PVT LTD-RZP2899868676
BTXN4368040554,RZP7887725469,36461.89,2026-07-05,RTGS-RZP7887725469-RAZORPAY SOFTWARE PVT LTD
BTXN8674224347,RZP2952996248,49876.27,2026-07-11,UPI-RAZORPAY SOFTWARE PVT LTD-RZP2952996248
BTXN8663837890,RZP4018696945,6660.12,2026-07-14,RTGS-RZP4018696945-RAZORPAY SOFTWARE PVT LTD
BTXN8867077130,RZP5613613759,34899.82,2026-07-01,UPI-RAZORPAY SOFTWARE PVT LTD-RZP5613613759
BTXN5773564271,RZP8244425568,15764.51,2026-07-15,UPI-RAZORPAY SOFTWARE PVT LTD-RZP8244425568
BTXN9369987994,RZP8762027809,19603.64,2026-07-14,RTGS-RZP8762027809-RAZORPAY SOFTWARE PVT LTD
BTXN3367952685,RZP4063640737,43779.29,2026-07-06,NEFT CR-RZP4063640737-RAZORPAY
BTXN8081357418,RZP4953305212,52671.98,2026-07-08,NEFT CR-RZP4953305212-RAZORPAY
BTXN3776413137,RZ7P400670934,20086.16,2026-07-05,NEFT CR RAZORPAY SOFTWARE-670934
BTXN1336205289,RZP5207001065,2989.19,2026-07-06,NEFT CR-RZP5207001065-RAZORPAY
BTXN1814118619,RZP4754234448,18853.49,2026-07-10,SALARY CREDIT XYZ CORP
BTXN1969934690,RZP7776963271,49764.54,2026-07-05,IMPS/RZP7776963271/RAZORPAY SETTLEMENT
BTXN3002651201,RZP4991379250,73759.02,2026-07-11,NEFT CR-RZP4991379250-RAZORPAY
BTXN3596742576,RZP6917297508,16052.76,2026-07-02,SALARY CREDIT XYZ CORP
BTXN1527197371,RZP5188589,64906.43,2026-07-19,NEFT CR RAZORPAY SOFTWARE-589260
BTXN9754216468,RZP6728394616,52503.66,2026-07-05,NEFT CR-RZP6728394616-RAZORPAY
BTXN5044635380,RZP9878402759,38695.86,2026-07-15,NEFT CR RAZORPAY SOFTWARE-802759
BTXN8777140294,RZP2096105599,15435.33,2026-07-17,IMPS/RZP2096105599/RAZORPAY SETTLEMENT
BTXN2904308418,RZP9128820465,9698.62,2026-07-12,NEFT CR-RZP9128820465-RAZORPAY
BTXN6565225656,RZP8851215253,18059.25,2026-07-06,SALARY CREDIT XYZ CORP
BTXN5799057505,RZP5565792940,1993.91,2026-07-12,UPI-RAZORPAY SOFTWARE PVT LTD-RZP5565792940
BTXN5348512043,RZP4430676547,56389.91,2026-07-06,NEFT CR-RZP4430676547-RAZORPAY
BTXN1338704421,RZP3641978933,40793.43,2026-07-12,IMPS/RZP3641978933/RAZORPAY SETTLEMENT
BTXN2106501660,RZP4636227602,23566.70,2026-07-13,IMPS/RZP4636227602/RAZORPAY SETTLEMENT
BTXN8362451302,RZP6494185492,47474.11,2026-07-04,IMPS/RZP/185492/PAYOUT
BTXN1128754686,RZP3657059704,41172.65,2026-07-15,UPI-RAZORPAY SOFTWARE PVT LTD-RZP3657059704
BTXN9080347812,RZP6589819614,13072.95,2026-07-10,NEFT CR-RZP6589819614-RAZORPAY
BTXN5480339681,RZP3145626734,39175.35,2026-07-12,IMPS/RZP3145626734/RAZORPAY SETTLEMENT
BTXN3474901492,RZP1953688743,32000.44,2026-07-14,RTGS-RZP1953688743-RAZORPAY SOFTWARE PVT LTD
BTXN4123544927,RZP1531898944,45439.01,2026-07-05,RTGS-RZP1531898944-RAZORPAY SOFTWARE PVT LTD
BTXN3830860764,RZP9471138744,14792.57,2026-07-06,RTGS-RZP9471138744-RAZORPAY SOFTWARE PVT LTD
BTXN1092981535,RZP8774772376,2343.11,2026-07-13,NEFT CR-RZP8774772376-RAZORPAY
BTXN9648004782,RZP1218404763,4184.88,2026-07-14,RTGS-RZP1218404763-RAZORPAY SOFTWARE PVT LTD
BTXN6477230068,RZP3695080093,9718.28,2026-07-09,NETFLIX SUBSCRIPTION
BTXN5267558698,RZP9927795683,51862.90,2026-07-10,RTGS-RZP9927795683-RAZORPAY SOFTWARE PVT LTD
BTXN1582148285,RZP1150959137,44794.48,2026-07-13,NEFT CR-RZP1150959137-RAZORPAY
BTXN7322802002,RZ4P285945322,13981.96,2026-07-05,IMPS/RZP/945322/PAYOUT
BTXN9605842084,RZP6972082551,11794.76,2026-07-06,RTGS-RZP6972082551-RAZORPAY SOFTWARE PVT LTD
BTXN4778016973,RZP2363635846,42021.85,2026-07-12,UPI-RAZORPAY SOFTWARE PVT LTD-RZP2363635846
BTXN2461950699,RZP1950540970,1967.19,2026-07-08,NEFT CR-RZP1950540970-RAZORPAY
BTXN1010770501,RZP3756089642,22617.23,2026-07-01,UPI-RAZORPAY SOFTWARE PVT LTD-RZP3756089642
BTXN5508149905,RZP7614788357,49714.54,2026-07-05,NEFT CR-RZP7614788357-RAZORPAY
BTXN8897657884,rzp1876847675,58628.62,2026-07-20,NEFT CR RAZORPAY SOFTWARE-847675
BTXN1701600859,RZP8758403661,41029.21,2026-07-09,NEFT CR-RZP8758403661-RAZORPAY
BTXN3209211183,RZP7148093021,6161.84,2026-07-11,IMPS/RZP7148093021/RAZORPAY SETTLEMENT
BTXN1635212875,RZP8804980185,33480.09,2026-07-12,RTGS-RZP8804980185-RAZORPAY SOFTWARE PVT LTD
BTXN3881473391,RZP9329853360,7306.75,2026-07-07,UPI-RAZORPAY SOFTWARE PVT LTD-RZP9329853360
BTXN1862926956,RZP8876168673,65486.59,2026-07-07,RTGS-RZP8876168673-RAZORPAY SOFTWARE PVT LTD
BTXN9943254500,RZP1534029676,16466.31,2026-07-03,UPI-RAZORPAY SOFTWARE PVT LTD-RZP1534029676
BTXN6631549827,RZP5162903,66920.19,2026-07-15,UPI-RAZORPAY SETTLEMENT ORDER 903287
BTXN8350146545,RZP3131370708,18059.33,2026-07-09,SALARY CREDIT XYZ CORP
BTXN3343292475,RZP8325785916,42287.56,2026-07-02,UPI-RAZORPAY SOFTWARE PVT LTD-RZP8325785916
BTXN2857648847,RZP5715587146,15584.33,2026-07-07,ZOMATO ONLINE ORDER
BTXN2894335068,RZP8636946933,335.22,2026-07-01,ZOMATO ONLINE ORDER
BTXN4073644925,RZP7693230451,74433.82,2026-07-01,NEFT CR-RZP7693230451-RAZORPAY
BTXN6722828423,RZP7301527061,20252.76,2026-07-10,IMPS/RZP7301527061/RAZORPAY SETTLEMENT
BTXN2858297343,RZP4168695303,41690.45,2026-07-09,UPI-RAZORPAY SOFTWARE PVT LTD-RZP4168695303
BTXN6831810508,RZP8880006092,19038.59,2026-07-05,IRCTC TICKET BOOKING
BTXN6655886705,RZP3117271423,11731.98,2026-07-13,IRCTC TICKET BOOKING
BTXN9412129769,RZP5308772998,49903.68,2026-07-09,NEFT CR-RZP5308772998-RAZORPAY
BTXN4000196273,RZP8854624761,23793.50,2026-07-11,NEFT CR-RZP8854624761-RAZORPAY
BTXN4336895492,RZP9483913367,17229.57,2026-07-02,SALARY CREDIT XYZ CORP
BTXN9658221277,RZP7024482103,1289.53,2026-07-12,NEFT CR-RZP7024482103-RAZORPAY
BTXN7966873524,RZP6053220027,62173.57,2026-07-05,NEFT CR-RZP6053220027-RAZORPAY
BTXN2979357682,RZP1770480897,62132.17,2026-07-04,NEFT CR-RZP1770480897-RAZORPAY
BTXN7893365878,RZP3632264203,8154.14,2026-07-11,IRCTC TICKET BOOKING
BTXN8538357862,RZP6795237699,7702.51,2026-07-10,ATM WDL MUM
BTXN9934854204,RZP4514830868,57597.91,2026-07-02,RTGS-RZP4514830868-RAZORPAY SOFTWARE PVT LTD
BTXN1843321095,RZP1333870589,58214.58,2026-07-13,RTGS-RZP1333870589-RAZORPAY SOFTWARE PVT LTD
BTXN9707071964,RZP6910772784,74359.43,2026-07-12,UPI-RAZORPAY SOFTWARE PVT LTD-RZP6910772784
BTXN8239816524,RZP9469945302,16550.59,2026-07-15,RTGS-RZP9469945302-RAZORPAY SOFTWARE PVT LTD
BTXN6157586861,RZP1882835,9432.46,2026-07-20,UPI-RAZORPAY SETTLEMENT ORDER 835630
BTXN4194663534,RZP6794797753,6524.63,2026-07-05,NETFLIX SUBSCRIPTION
BTXN1619315723,RZP9744584152,62121.40,2026-07-11,UPI-RAZORPAY SOFTWARE PVT LTD-RZP9744584152
BTXN1539229515,RZP7680484812,63327.91,2026-07-06,RTGS-RZP7680484812-RAZORPAY SOFTWARE PVT LTD
BTXN5227502807,RZP1319875330,2898.27,2026-07-12,IMPS/RZP1319875330/RAZORPAY SETTLEMENT
BTXN2685755625,RZP8481409303,28989.75,2026-07-11,NEFT CR-RZP8481409303-RAZORPAY
BTXN1095998530,RZP3570886403,53873.55,2026-07-03,UPI-RAZORPAY SOFTWARE PVT LTD-RZP3570886403
BTXN2755566880,RZP3455229186,21155.06,2026-07-15,NEFT CR-RZP3455229186-RAZORPAY
BTXN5572896413,RZP1365097623,11180.88,2026-07-07,UPI-RAZORPAY SOFTWARE PVT LTD-RZP1365097623
BTXN9927555585,RZP3996707622,50637.45,2026-07-05,RTGS-RZP3996707622-RAZORPAY SOFTWARE PVT LTD
BTXN3492638904,RPZ1367282287,12873.19,2026-07-20,NEFT CR RAZORPAY SOFTWARE-282287
BTXN8488593092,RZP5443759552,63395.74,2026-07-16,RTGS-RZP5443759552-RAZORPAY SOFTWARE PVT LTD
BTXN2800916282,rzp7785446735,39027.89,2026-07-09,NEFT CR RAZORPAY SOFTWARE-446735
BTXN3436427903,RZP6283302534,24495.29,2026-07-06,IMPS/RZP6283302534/RAZORPAY SETTLEMENT
BTXN3596335142,RZP9917597402,25362.50,2026-07-06,UPI-RAZORPAY SOFTWARE PVT LTD-RZP9917597402
BTXN5248645820,RZP7579621342,31954.78,2026-07-12,UPI-RAZORPAY SOFTWARE PVT LTD-RZP7579621342
BTXN9580494978,RZP4131867260,43455.14,2026-07-07,RTGS-RZP4131867260-RAZORPAY SOFTWARE PVT LTD
BTXN8999794949,RZP8609673166,12139.63,2026-07-06,NEFT CR-RZP8609673166-RAZORPAY
BTXN1855470916,RZP2746789163,26798.75,2026-07-12,NEFT CR-RZP2746789163-RAZORPAY
BTXN2886316960,RZP6693043471,69597.27,2026-07-07,NEFT CR-RZP6693043471-RAZORPAY
BTXN6289783979,RZP3512990442,57225.69,2026-07-02,NEFT CR-RZP3512990442-RAZORPAY
BTXN2335846713,RZP7464921084,19907.44,2026-07-15,ELECTRICITY BILL AUTOPAY
BTXN3715517330,RZP8925919130,36019.11,2026-07-07,RTGS-RZP8925919130-RAZORPAY SOFTWARE PVT LTD
BTXN7591206374,RZP9817780073,31374.14,2026-07-03,NEFT CR-RZP9817780073-RAZORPAY
BTXN7897886806,RZP3365680051,61836.75,2026-07-07,IMPS/RZP3365680051/RAZORPAY SETTLEMENT
BTXN5625528389,RZP5064440261,55705.28,2026-07-10,NEFT CR-RZP5064440261-RAZORPAY
BTXN1740037410,RZP9825578288,24889.35,2026-07-06,RTGS-RZP9825578288-RAZORPAY SOFTWARE PVT LTD
BTXN2523747883,RZP5517201089,72553.61,2026-07-15,IMPS/RZP5517201089/RAZORPAY SETTLEMENT
BTXN2137651678,RZP8110054933,29974.58,2026-07-15,RTGS-RZP8110054933-RAZORPAY SOFTWARE PVT LTD
BTXN8324857808,RZP4300760409,71110.28,2026-07-15,IMPS/RZP4300760409/RAZORPAY SETTLEMENT
BTXN4427233450,RZP3491955912,12978.99,2026-07-01,NEFT CR-RZP3491955912-RAZORPAY
BTXN5935320149,RZP3290018435,15058.92,2026-07-13,RTGS-RZP3290018435-RAZORPAY SOFTWARE PVT LTD
BTXN5831275281,RZP1936523147,5071.42,2026-07-11,IMPS/RZP1936523147/RAZORPAY SETTLEMENT
BTXN2262336229,rzp2846695402,35874.74,2026-07-05,IMPS/RZP/695402/PAYOUT
BTXN3127254262,RZP8813799997,66461.02,2026-07-10,IMPS/RZP/799997/PAYOUT
BTXN2053753182,RZP9224916527,6375.51,2026-07-12,IMPS/RZP9224916527/RAZORPAY SETTLEMENT
BTXN2050032570,RZP3762327862,23607.63,2026-07-07,NEFT CR-RZP3762327862-RAZORPAY
BTXN1451951731,RZP9942933571,7561.79,2026-07-07,IMPS/RZP9942933571/RAZORPAY SETTLEMENT
BTXN8264499550,RZP1334835872,26136.07,2026-07-11,UPI-RAZORPAY SOFTWARE PVT LTD-RZP1334835872
BTXN4013957268,RZP1609085335,8731.28,2026-07-05,IMPS/RZP1609085335/RAZORPAY SETTLEMENT
BTXN2193787923,RZP3420063650,17061.08,2026-07-08,IMPS/RZP3420063650/RAZORPAY SETTLEMENT
BTXN8808223052,RZP8897903471,27817.99,2026-07-14,UPI-RAZORPAY SOFTWARE PVT LTD-RZP8897903471
BTXN7815704179,RZP3690085673,38742.57,2026-07-08,RTGS-RZP3690085673-RAZORPAY SOFTWARE PVT LTD
BTXN7209454099,RZP8483941665,2116.81,2026-07-05,NEFT CR-RZP8483941665-RAZORPAY
BTXN4109822170,RZP8136780826,17309.08,2026-07-03,UPI-RAZORPAY SOFTWARE PVT LTD-RZP8136780826
BTXN5182657117,RZP9412720049,37766.10,2026-07-06,RTGS-RZP9412720049-RAZORPAY SOFTWARE PVT LTD
BTXN4809181644,RZP6204557517,13263.88,2026-07-14,RTGS-RZP6204557517-RAZORPAY SOFTWARE PVT LTD
BTXN5583478908,RZP3045102506,33143.36,2026-07-12,RTGS-RZP3045102506-RAZORPAY SOFTWARE PVT LTD
BTXN9846125527,RZP6724944411,543.69,2026-07-15,NEFT CR-RZP6724944411-RAZORPAY
BTXN5497027031,RZP6969135358,7969.37,2026-07-06,IMPS/RZP6969135358/RAZORPAY SETTLEMENT
BTXN6171803971,RZP7459547067,50586.01,2026-07-12,UPI-RAZORPAY SOFTWARE PVT LTD-RZP7459547067
BTXN4982778388,RZP4210653582,44432.20,2026-07-08,RTGS-RZP4210653582-RAZORPAY SOFTWARE PVT LTD
BTXN1477787082,RZP6584552029,18203.96,2026-07-02,IMPS/RZP6584552029/RAZORPAY SETTLEMENT
BTXN1691459718,rzp7675390339,55874.36,2026-07-07,UPI-RAZORPAY SETTLEMENT ORDER 390339
BTXN3577594411,RZP4260926220,36053.37,2026-07-04,NEFT CR-RZP4260926220-RAZORPAY
BTXN6320329899,RZP7070764459,57460.99,2026-07-12,RTGS-RZP7070764459-RAZORPAY SOFTWARE PVT LTD
BTXN8130654318,RZP8714635598,15281.47,2026-07-09,NEFT CR-RZP8714635598-RAZORPAY
BTXN6585901092,RZP4500105668,32823.57,2026-07-05,IMPS/RZP4500105668/RAZORPAY SETTLEMENT
BTXN2413879975,RZP7848357084,321.19,2026-07-11,SALARY CREDIT XYZ CORP
BTXN4845908360,RZP6614128,25732.59,2026-07-14,NEFT CR RAZORPAY SOFTWARE-128067
BTXN5265701362,RZP5899984156,70869.03,2026-07-07,UPI-RAZORPAY SOFTWARE PVT LTD-RZP5899984156
BTXN8726538838,RZP5238629684,14433.89,2026-07-09,SWIGGY ORDER PAYMENT
BTXN6018068523,RZP7082958670,65309.09,2026-07-05,IMPS/RZP7082958670/RAZORPAY SETTLEMENT
BTXN4023935043,RZP7408233497,15362.34,2026-07-07,NEFT CR-RZP7408233497-RAZORPAY
BTXN8259760487,RZP3007267468,4149.69,2026-07-04,NEFT CR-RZP3007267468-RAZORPAY
BTXN7283544811,RZP2910754509,33233.31,2026-07-01,RTGS-RZP2910754509-RAZORPAY SOFTWARE PVT LTD
BTXN2275197185,RZP2114317366,62375.91,2026-07-02,RTGS-RZP2114317366-RAZORPAY SOFTWARE PVT LTD
BTXN9010744717,RZP7810017952,59334.00,2026-07-09,NEFT CR-RZP7810017952-RAZORPAY
BTXN9925293862,RZP8640187694,35137.76,2026-07-02,UPI-RAZORPAY SOFTWARE PVT LTD-RZP8640187694
BTXN8374608961,RZP2794837746,7849.72,2026-07-05,IMPS/RZP2794837746/RAZORPAY SETTLEMENT
BTXN6597837495,RZP4122782825,57524.91,2026-07-15,RTGS-RZP4122782825-RAZORPAY SOFTWARE PVT LTD
BTXN2475652519,rzp9064417433,49978.13,2026-07-08,UPI-RAZORPAY SETTLEMENT ORDER 417433
BTXN1586269483,RZP2158329197,25523.90,2026-07-01,UPI-RAZORPAY SOFTWARE PVT LTD-RZP2158329197
BTXN5125456352,RZP4702444546,66258.97,2026-07-11,UPI-RAZORPAY SOFTWARE PVT LTD-RZP4702444546
BTXN3699422320,RZP7346140217,67343.12,2026-07-11,IMPS/RZP7346140217/RAZORPAY SETTLEMENT
BTXN8703275529,RZP2622284281,35568.15,2026-07-07,RTGS-RZP2622284281-RAZORPAY SOFTWARE PVT LTD
BTXN9465353235,RZP2517110678,59986.70,2026-07-01,UPI-RAZORPAY SOFTWARE PVT LTD-RZP2517110678
BTXN5764477196,RZP6638851791,46057.11,2026-07-12,UPI-RAZORPAY SOFTWARE PVT LTD-RZP6638851791
BTXN2714964955,RZP6021848069,14035.27,2026-07-06,UPI-RAZORPAY SOFTWARE PVT LTD-RZP6021848069
BTXN3532764887,RZP6200536621,63329.79,2026-07-05,IMPS/RZP6200536621/RAZORPAY SETTLEMENT
BTXN7979049295,RZ9P354725863,12179.66,2026-07-14,NEFT CR RAZORPAY SOFTWARE-725863
BTXN7541221312,RZP3407760679,17027.15,2026-07-06,ATM WDL DEL
BTXN2930966128,RZP4050771140,13356.16,2026-07-10,IMPS/RZP4050771140/RAZORPAY SETTLEMENT
BTXN7287497154,RZP2235685421,68696.79,2026-07-04,RTGS-RZP2235685421-RAZORPAY SOFTWARE PVT LTD
BTXN2505473236,RZP2680370,67076.24,2026-07-15,NEFT CR RAZORPAY SOFTWARE-370707
BTXN1965242536,RZP2812832527,41225.13,2026-07-05,IMPS/RZP2812832527/RAZORPAY SETTLEMENT
BTXN3978929005,RZP5612511036,64201.80,2026-07-14,RTGS-RZP5612511036-RAZORPAY SOFTWARE PVT LTD
BTXN3861449357,RZP3373814054,28667.87,2026-07-05,UPI-RAZORPAY SOFTWARE PVT LTD-RZP3373814054
BTXN6407474729,RZP6085842700,35390.32,2026-07-08,IMPS/RZP6085842700/RAZORPAY SETTLEMENT
BTXN2636492787,RZP1874198709,74467.42,2026-07-04,RTGS-RZP1874198709-RAZORPAY SOFTWARE PVT LTD
BTXN2751227675,RZP6668734743,69404.48,2026-07-14,UPI-RAZORPAY SETTLEMENT ORDER 734743
BTXN7076537002,RZP8961793988,1914.05,2026-07-01,IMPS/RZP8961793988/RAZORPAY SETTLEMENT
BTXN6079474654,RZP7202829235,20282.23,2026-07-01,RTGS-RZP7202829235-RAZORPAY SOFTWARE PVT LTD
BTXN4913997513,RZP6747913062,15441.25,2026-07-13,IRCTC TICKET BOOKING
BTXN9206856985,RZP6298546974,18477.18,2026-07-09,NEFT CR RAZORPAY SOFTWARE-546974
BTXN2437308013,RZP6857897124,68886.29,2026-07-07,RTGS-RZP6857897124-RAZORPAY SOFTWARE PVT LTD
BTXN4705611374,RZP6135845549,11233.81,2026-07-09,SWIGGY ORDER PAYMENT
BTXN2895021517,RZP5599936845,71639.52,2026-07-11,UPI-RAZORPAY SOFTWARE PVT LTD-RZP5599936845
BTXN6605134615,RZP6505786272,72894.84,2026-07-05,IMPS/RZP6505786272/RAZORPAY SETTLEMENT
BTXN6681141394,RZP2420998059,61810.29,2026-07-12,RTGS-RZP2420998059-RAZORPAY SOFTWARE PVT LTD
BTXN9855348507,RZP4988799028,677.90,2026-07-08,ELECTRICITY BILL AUTOPAY
BTXN9180786149,RZP7361889627,993.80,2026-07-07,UPI-RAZORPAY SOFTWARE PVT LTD-RZP7361889627
BTXN2515744164,RZP7942629083,51487.20,2026-07-15,RTGS-RZP7942629083-RAZORPAY SOFTWARE PVT LTD
BTXN1438188292,RZP8277585555,13776.11,2026-07-06,UPI-RAZORPAY SOFTWARE PVT LTD-RZP8277585555
BTXN1560328970,RZP6435561269,26807.93,2026-07-15,IMPS/RZP6435561269/RAZORPAY SETTLEMENT
BTXN2060973449,RZP1744814397,54482.16,2026-07-15,IMPS/RZP1744814397/RAZORPAY SETTLEMENT
BTXN3332937776,RZP1876886485,56758.12,2026-07-12,UPI-RAZORPAY SOFTWARE PVT LTD-RZP1876886485
BTXN7861474450,RZP3965157605,60603.59,2026-07-13,IMPS/RZP3965157605/RAZORPAY SETTLEMENT
BTXN6940229940,RZP4170352066,51308.62,2026-07-05,IMPS/RZP4170352066/RAZORPAY SETTLEMENT
BTXN1838539452,RZP4191358179,1411.68,2026-07-01,UPI-RAZORPAY SOFTWARE PVT LTD-RZP4191358179
BTXN8254411739,RZP1750287548,38433.66,2026-07-05,RTGS-RZP1750287548-RAZORPAY SOFTWARE PVT LTD
BTXN5641968469,RZP3070787268,3939.89,2026-07-01,IMPS/RZP3070787268/RAZORPAY SETTLEMENT
BTXN4582102873,RZP2948263065,10145.94,2026-07-03,RTGS-RZP2948263065-RAZORPAY SOFTWARE PVT LTD
BTXN7212287202,RZP6389177633,32606.03,2026-07-01,UPI-RAZORPAY SOFTWARE PVT LTD-RZP6389177633
BTXN4525930958,RZP6358045657,56401.39,2026-07-11,RTGS-RZP6358045657-RAZORPAY SOFTWARE PVT LTD
BTXN9981111852,RZP9529088019,74532.69,2026-07-06,RTGS-RZP9529088019-RAZORPAY SOFTWARE PVT LTD
BTXN3018287884,RZP4767160726,58205.98,2026-07-03,IMPS/RZP4767160726/RAZORPAY SETTLEMENT
BTXN6558769264,RZP2121448210,30831.53,2026-07-02,UPI-RAZORPAY SOFTWARE PVT LTD-RZP2121448210
BTXN7416944858,RZP2342670554,19910.46,2026-07-04,ELECTRICITY BILL AUTOPAY
BTXN9882098812,RZP1941822192,25094.41,2026-07-02,IMPS/RZP1941822192/RAZORPAY SETTLEMENT
BTXN8135679895,RZP8771875845,14090.50,2026-07-06,IRCTC TICKET BOOKING
BTXN3582104191,rzp7545718739,35330.33,2026-07-07,NEFT CR RAZORPAY SOFTWARE-718739
BTXN5374916597,RZP7764869,6388.10,2026-07-18,UPI-RAZORPAY SETTLEMENT ORDER 869630
BTXN2987385603,RZP8132980658,62781.98,2026-07-14,NEFT CR-RZP8132980658-RAZORPAY
BTXN6478630035,rzp7036343430,58745.03,2026-07-18,IMPS/RZP/343430/PAYOUT
BTXN1536125194,RZP3033995711,71930.80,2026-07-14,UPI-RAZORPAY SOFTWARE PVT LTD-RZP3033995711
BTXN3906289888,RZP2223665734,56956.20,2026-07-12,RTGS-RZP2223665734-RAZORPAY SOFTWARE PVT LTD
BTXN1079634034,RZP5504481906,73769.95,2026-07-13,NEFT CR-RZP5504481906-RAZORPAY
BTXN1919066362,RZP5634396131,69338.72,2026-07-11,IMPS/RZP5634396131/RAZORPAY SETTLEMENT
BTXN4319172831,RZP4808776,59295.20,2026-07-11,UPI-RAZORPAY SETTLEMENT ORDER 776399
BTXN9761094088,RZP8104749727,64287.93,2026-07-01,IMPS/RZP8104749727/RAZORPAY SETTLEMENT
BTXN9078519688,RZP6009730605,11197.57,2026-07-03,IMPS/RZP6009730605/RAZORPAY SETTLEMENT
BTXN4437758276,RZP2210500728,52564.39,2026-07-14,IMPS/RZP2210500728/RAZORPAY SETTLEMENT
BTXN7302484991,RZP7494427799,38683.45,2026-07-02,IMPS/RZP7494427799/RAZORPAY SETTLEMENT
BTXN9010464231,RZP8906843221,7127.75,2026-07-03,SWIGGY ORDER PAYMENT
BTXN9561804824,RZP5174687749,14245.08,2026-07-12,SWIGGY ORDER PAYMENT
BTXN7132294618,RZP6772939193,29516.66,2026-07-02,NEFT CR-RZP6772939193-RAZORPAY
BTXN3378952836,RZP6175873038,46538.79,2026-07-02,NEFT CR-RZP6175873038-RAZORPAY
BTXN7769842205,RZP9913070889,74692.45,2026-07-11,IMPS/RZP9913070889/RAZORPAY SETTLEMENT
BTXN6155468456,RZP1093019873,11055.62,2026-07-12,NEFT CR-RZP1093019873-RAZORPAY
BTXN9232501465,RZP1359678,52851.20,2026-07-18,IMPS/RZP/678897/PAYOUT
BTXN1993060041,RZP4529262082,66803.60,2026-07-13,RTGS-RZP4529262082-RAZORPAY SOFTWARE PVT LTD
BTXN7526918982,RZP7769729882,13706.32,2026-07-07,RTGS-RZP7769729882-RAZORPAY SOFTWARE PVT LTD
BTXN7475992550,RZP1163469499,71838.56,2026-07-04,UPI-RAZORPAY SOFTWARE PVT LTD-RZP1163469499
BTXN4859728403,RZP9681644296,28643.79,2026-07-12,NEFT CR-RZP9681644296-RAZORPAY
BTXN8326314185,RZP2723893745,15447.67,2026-07-05,NEFT CR-RZP2723893745-RAZORPAY
BTXN3382382306,RZP5251493847,27529.88,2026-07-02,IMPS/RZP5251493847/RAZORPAY SETTLEMENT
BTXN5776577428,RZP3916289369,72323.28,2026-07-06,IMPS/RZP3916289369/RAZORPAY SETTLEMENT
BTXN3934722594,RZP8770862758,60722.57,2026-07-14,NEFT CR-RZP8770862758-RAZORPAY
BTXN6717622712,RZP6866435833,35221.61,2026-07-14,IMPS/RZP/635833/PAYOUT
BTXN9704992402,RZP6780438503,53334.45,2026-07-09,RTGS-RZP6780438503-RAZORPAY SOFTWARE PVT LTD
BTXN1006752172,RZP2130935881,11524.49,2026-07-09,UPI-RAZORPAY SOFTWARE PVT LTD-RZP2130935881
BTXN5972779866,RZP7293803697,1747.89,2026-07-15,NETFLIX SUBSCRIPTION
BTXN8780979609,RZP9833091601,28465.52,2026-07-05,IMPS/RZP9833091601/RAZORPAY SETTLEMENT
BTXN6286710243,RZP4698119141,67936.60,2026-07-03,UPI-RAZORPAY SOFTWARE PVT LTD-RZP4698119141
BTXN7587552692,RZP7861571879,47513.04,2026-07-11,RTGS-RZP7861571879-RAZORPAY SOFTWARE PVT LTD
BTXN3789173738,RZP4933868190,36975.87,2026-07-15,NEFT CR-RZP4933868190-RAZORPAY
BTXN1277087771,RZP5289560050,58041.30,2026-07-13,NEFT CR-RZP5289560050-RAZORPAY
BTXN5814092421,RZP6747118747,4063.63,2026-07-03,NETFLIX SUBSCRIPTION
BTXN4824931714,RZP6465384067,44405.23,2026-07-12,IMPS/RZP6465384067/RAZORPAY SETTLEMENT
BTXN6195814868,RZP8905744764,25579.33,2026-07-03,IMPS/RZP8905744764/RAZORPAY SETTLEMENT
BTXN5274918184,RZP3128308386,9962.35,2026-07-02,AMAZON RETAIL PAYMENT
BTXN6503754725,RZP4549293390,16290.30,2026-07-13,IMPS/RZP4549293390/RAZORPAY SETTLEMENT
BTXN5021146805,RZP4200292024,53114.16,2026-07-01,UPI-RAZORPAY SOFTWARE PVT LTD-RZP4200292024
BTXN6411476134,RZP5806422688,43753.28,2026-07-12,RTGS-RZP5806422688-RAZORPAY SOFTWARE PVT LTD
BTXN8001346068,RZP2768921252,20379.99,2026-07-05,NEFT CR-RZP2768921252-RAZORPAY
BTXN7433685094,RZP9292058364,38921.27,2026-07-15,NEFT CR-RZP9292058364-RAZORPAY
BTXN3342331444,RZP3746317213,2363.30,2026-07-05,NEFT CR-RZP3746317213-RAZORPAY
BTXN3548886614,RZP9910509619,11570.01,2026-07-07,RTGS-RZP9910509619-RAZORPAY SOFTWARE PVT LTD
BTXN4988688739,RZP5709427564,14052.93,2026-07-19,NEFT CR RAZORPAY SOFTWARE-247564
BTXN3574947586,RZP8236934858,16877.48,2026-07-17,RTGS-RZP8236934858-RAZORPAY SOFTWARE PVT LTD
BTXN1999134603,RZP7851045975,30520.99,2026-07-13,RTGS-RZP7851045975-RAZORPAY SOFTWARE PVT LTD
BTXN5600836559,RZP7809974292,35050.17,2026-07-02,RTGS-RZP7809974292-RAZORPAY SOFTWARE PVT LTD
BTXN1400438999,RZP1205735266,74636.71,2026-07-11,IMPS/RZP1205735266/RAZORPAY SETTLEMENT
BTXN3451311972,RZP3508173661,51538.23,2026-07-07,IMPS/RZP3508173661/RAZORPAY SETTLEMENT
BTXN4734111722,RZP1234359689,48433.20,2026-07-03,RTGS-RZP1234359689-RAZORPAY SOFTWARE PVT LTD
BTXN5893919134,RZP1830691669,18815.87,2026-07-01,AMAZON RETAIL PAYMENT
BTXN6809519272,RZP7794087982,7131.43,2026-07-05,UPI-RAZORPAY SOFTWARE PVT LTD-RZP7794087982
BTXN9655361310,RZP4389918146,23424.79,2026-07-14,UPI-RAZORPAY SOFTWARE PVT LTD-RZP4389918146
BTXN3098203019,RZP1545564579,36550.85,2026-07-12,NEFT CR-RZP1545564579-RAZORPAY
BTXN8343588949,RZP2482914022,59336.00,2026-07-03,RTGS-RZP2482914022-RAZORPAY SOFTWARE PVT LTD
BTXN1313497572,RZP5861829469,64630.64,2026-07-10,RTGS-RZP5861829469-RAZORPAY SOFTWARE PVT LTD
BTXN7615573103,RZP2587100158,1808.12,2026-07-06,NEFT CR-RZP2587100158-RAZORPAY
BTXN3941033980,RZP3391665989,11180.58,2026-07-06,UPI-RAZORPAY SOFTWARE PVT LTD-RZP3391665989
BTXN2683446724,RZP2431779064,43914.09,2026-07-03,IMPS/RZP2431779064/RAZORPAY SETTLEMENT
BTXN7016878519,RZP7288979783,23309.69,2026-07-09,RTGS-RZP7288979783-RAZORPAY SOFTWARE PVT LTD
BTXN3383006544,RZP3517436631,16848.73,2026-07-13,NEFT CR-RZP3517436631-RAZORPAY
BTXN6095658763,RZP6232365051,19933.02,2026-07-15,UPI-RAZORPAY SOFTWARE PVT LTD-RZP6232365051
BTXN1082871331,RZP5821793167,2392.17,2026-07-10,RTGS-RZP5821793167-RAZORPAY SOFTWARE PVT LTD
BTXN4559030617,RZP3026800941,66507.08,2026-07-14,UPI-RAZORPAY SOFTWARE PVT LTD-RZP3026800941
BTXN2680117792,RZP5516035019,43567.69,2026-07-13,IMPS/RZP5516035019/RAZORPAY SETTLEMENT
BTXN9576497734,RZP5231713136,17423.56,2026-07-04,AMAZON RETAIL PAYMENT
BTXN9405667093,RZP5829594122,69943.65,2026-07-03,NEFT CR-RZP5829594122-RAZORPAY
BTXN9072151871,RZP7249109908,68997.28,2026-07-03,RTGS-RZP7249109908-RAZORPAY SOFTWARE PVT LTD
BTXN5768474727,RZP6220579399,51518.70,2026-07-05,NEFT CR-RZP6220579399-RAZORPAY
BTXN5186895913,RZP3283999453,23384.29,2026-07-13,UPI-RAZORPAY SOFTWARE PVT LTD-RZP3283999453
BTXN9562381069,RZP9023516892,39982.05,2026-07-01,UPI-RAZORPAY SOFTWARE PVT LTD-RZP9023516892
BTXN4009545166,RZP3592541687,55492.93,2026-07-04,NEFT CR-RZP3592541687-RAZORPAY
BTXN3893148245,RZP8398113084,65288.93,2026-07-06,UPI-RAZORPAY SOFTWARE PVT LTD-RZP8398113084
BTXN8543350323,RZP3431123088,8146.47,2026-07-02,NETFLIX SUBSCRIPTION
BTXN6325691567,RZP6351955883,71760.65,2026-07-10,UPI-RAZORPAY SOFTWARE PVT LTD-RZP6351955883
BTXN4261041714,RZP6926016542,15912.58,2026-07-12,UPI-RAZORPAY SOFTWARE PVT LTD-RZP6926016542
BTXN4384950465,RZP6514301702,28523.05,2026-07-10,NEFT CR-RZP6514301702-RAZORPAY
BTXN6706833264,RZP7358161633,61155.85,2026-07-13,NEFT CR-RZP7358161633-RAZORPAY
BTXN5068981129,RZP4849655205,64078.91,2026-07-14,UPI-RAZORPAY SOFTWARE PVT LTD-RZP4849655205
BTXN6659249735,RZP4635748298,44377.02,2026-07-08,RTGS-RZP4635748298-RAZORPAY SOFTWARE PVT LTD
BTXN4953656866,RZP1568248700,55131.45,2026-07-05,IMPS/RZP1568248700/RAZORPAY SETTLEMENT
BTXN5049230903,RZP4038107020,64454.35,2026-07-11,UPI-RAZORPAY SOFTWARE PVT LTD-RZP4038107020
BTXN3695996121,RZP8237241107,69978.44,2026-07-15,UPI-RAZORPAY SOFTWARE PVT LTD-RZP8237241107
BTXN7086182821,RZP1418282558,63083.98,2026-07-16,IMPS/RZP1418282558/RAZORPAY SETTLEMENT
BTXN1808270771,RZP7877574678,42378.46,2026-07-04,RTGS-RZP7877574678-RAZORPAY SOFTWARE PVT LTD
BTXN7632921979,RZP2191665650,72348.08,2026-07-07,RTGS-RZP2191665650-RAZORPAY SOFTWARE PVT LTD
BTXN2537691890,RZP2181649861,16516.44,2026-07-14,ZOMATO ONLINE ORDER
BTXN6621808556,RZP9545668045,1100.80,2026-07-13,IMPS/RZP9545668045/RAZORPAY SETTLEMENT
BTXN4801044279,RZP6944395456,23431.91,2026-07-10,UPI-RAZORPAY SOFTWARE PVT LTD-RZP6944395456
BTXN4503475621,RZP2135831237,25507.74,2026-07-03,UPI-RAZORPAY SOFTWARE PVT LTD-RZP2135831237
BTXN2867154373,RZP5542777202,71537.00,2026-07-13,RTGS-RZP5542777202-RAZORPAY SOFTWARE PVT LTD
BTXN4251342697,RZP9194196378,48939.12,2026-07-15,NEFT CR-RZP9194196378-RAZORPAY
BTXN8575790022,RZP6655747960,43993.02,2026-07-11,RTGS-RZP6655747960-RAZORPAY SOFTWARE PVT LTD
BTXN4187186181,RZP4637731587,42950.14,2026-07-04,IMPS/RZP4637731587/RAZORPAY SETTLEMENT
BTXN5959440463,RZP4848511613,36695.13,2026-07-14,IMPS/RZP4848511613/RAZORPAY SETTLEMENT
BTXN8888491129,RZP8942530256,3611.62,2026-07-11,IMPS/RZP8942530256/RAZORPAY SETTLEMENT
BTXN8274439979,RZP7663309821,26306.53,2026-07-02,IMPS/RZP7663309821/RAZORPAY SETTLEMENT
BTXN4735845452,RZP1628081307,36781.05,2026-07-07,IMPS/RZP1628081307/RAZORPAY SETTLEMENT
BTXN2389586583,RZP2411574423,21678.95,2026-07-11,UPI-RAZORPAY SOFTWARE PVT LTD-RZP2411574423
BTXN1520825830,RZP2364751383,35345.71,2026-07-09,IMPS/RZP2364751383/RAZORPAY SETTLEMENT
BTXN5851013429,RZP9374790162,45062.00,2026-07-10,UPI-RAZORPAY SOFTWARE PVT LTD-RZP9374790162
BTXN4363027120,RZP2317923785,52073.84,2026-07-03,NEFT CR-RZP2317923785-RAZORPAY
BTXN1162808124,RZP5885763595,37655.12,2026-07-04,NEFT CR-RZP5885763595-RAZORPAY
BTXN8540317924,RZP4628304977,61146.41,2026-07-15,UPI-RAZORPAY SOFTWARE PVT LTD-RZP4628304977
BTXN8484286122,RZP5348943115,25874.40,2026-07-06,RTGS-RZP5348943115-RAZORPAY SOFTWARE PVT LTD
BTXN3434467825,RZP6827830492,35743.05,2026-07-05,NEFT CR-RZP6827830492-RAZORPAY
BTXN9541385123,RZP4577122992,43532.52,2026-07-06,NEFT CR-RZP4577122992-RAZORPAY
BTXN7022426536,RZP1232293617,55869.68,2026-07-03,NEFT CR-RZP1232293617-RAZORPAY
BTXN7639671096,RZP1695764621,42996.34,2026-07-11,NEFT CR-RZP1695764621-RAZORPAY
BTXN2934457797,RZP7505510510,33849.22,2026-07-14,IMPS/RZP7505510510/RAZORPAY SETTLEMENT
BTXN4572841870,RZP8819674581,5502.62,2026-07-10,IMPS/RZP/674581/PAYOUT
BTXN3543219889,RZP7891035071,72735.99,2026-07-02,IMPS/RZP7891035071/RAZORPAY SETTLEMENT
BTXN7958597588,RZP1059597018,58541.56,2026-07-11,RTGS-RZP1059597018-RAZORPAY SOFTWARE PVT LTD
BTXN7536876169,RZP3829998009,663.67,2026-07-06,IMPS/RZP3829998009/RAZORPAY SETTLEMENT
BTXN8849138139,RZP4274560148,38550.39,2026-07-03,UPI-RAZORPAY SOFTWARE PVT LTD-RZP4274560148
BTXN2613808586,RZP4604897459,3093.16,2026-07-15,UPI-RAZORPAY SOFTWARE PVT LTD-RZP4604897459
BTXN1755870860,RZP6195886552,15022.95,2026-07-11,UPI-RAZORPAY SOFTWARE PVT LTD-RZP6195886552
BTXN8396761430,RZP9618334441,41597.45,2026-07-01,UPI-RAZORPAY SOFTWARE PVT LTD-RZP9618334441
BTXN3887721977,RZP6996996206,5823.70,2026-07-14,ATM WDL BLR
BTXN2849746956,RZP3711370,15564.27,2026-07-07,IMPS/RZP/370909/PAYOUT
BTXN4871809301,RZP6066196226,17917.38,2026-07-11,UPI-RAZORPAY SOFTWARE PVT LTD-RZP6066196226
BTXN8417757797,RZP8267378816,27867.35,2026-07-13,IMPS/RZP8267378816/RAZORPAY SETTLEMENT
BTXN7154724253,RZP7488222699,38763.16,2026-07-07,NEFT CR-RZP7488222699-RAZORPAY
BTXN1251300243,RZP4514489277,28303.57,2026-07-12,UPI-RAZORPAY SOFTWARE PVT LTD-RZP4514489277
BTXN7855065241,RZP6091061721,19962.07,2026-07-06,NEFT CR-RZP6091061721-RAZORPAY
BTXN3360994866,RZP2166877010,69195.78,2026-07-05,IMPS/RZP2166877010/RAZORPAY SETTLEMENT
BTXN7849669014,RZP5137172195,60441.79,2026-07-04,RTGS-RZP5137172195-RAZORPAY SOFTWARE PVT LTD
BTXN1765941307,RZP2332767300,19502.13,2026-07-07,RTGS-RZP2332767300-RAZORPAY SOFTWARE PVT LTD
BTXN5178889753,RZP9353316047,70531.09,2026-07-07,RTGS-RZP9353316047-RAZORPAY SOFTWARE PVT LTD
BTXN5661231628,RZP6783481339,9327.99,2026-07-11,UPI-RAZORPAY SOFTWARE PVT LTD-RZP6783481339
BTXN9767129684,RZP1737296320,7467.55,2026-07-04,RTGS-RZP1737296320-RAZORPAY SOFTWARE PVT LTD
BTXN3118407895,RZP1936157736,47649.79,2026-07-14,UPI-RAZORPAY SOFTWARE PVT LTD-RZP1936157736
BTXN2471562694,RZP4937330250,2430.27,2026-07-07,RTGS-RZP4937330250-RAZORPAY SOFTWARE PVT LTD
BTXN5714479158,RZP6450571799,31421.41,2026-07-14,RTGS-RZP6450571799-RAZORPAY SOFTWARE PVT LTD
BTXN7614306997,RZP6549690147,12365.95,2026-07-09,NEFT CR-RZP6549690147-RAZORPAY
BTXN5379777377,RZP5722064241,5230.62,2026-07-15,NEFT CR-RZP5722064241-RAZORPAY
BTXN9297166958,RZP8017018541,13793.00,2026-07-14,SALARY CREDIT XYZ CORP
BTXN5377683319,RZP6164394926,19395.55,2026-07-12,NETFLIX SUBSCRIPTION
BTXN6320201786,RZP4490094223,29806.12,2026-07-01,RTGS-RZP4490094223-RAZORPAY SOFTWARE PVT LTD
BTXN7449874380,RZP9368951150,73113.94,2026-07-05,UPI-RAZORPAY SOFTWARE PVT LTD-RZP9368951150
BTXN5631857213,RZP5213224075,5830.80,2026-07-15,IMPS/RZP5213224075/RAZORPAY SETTLEMENT
BTXN3068348342,RZP9948318521,52024.33,2026-07-03,IMPS/RZP9948318521/RAZORPAY SETTLEMENT
BTXN8319287827,RZP5326418506,56968.16,2026-07-02,UPI-RAZORPAY SOFTWARE PVT LTD-RZP5326418506
BTXN7445948211,RZP6001877883,60215.23,2026-07-06,UPI-RAZORPAY SOFTWARE PVT LTD-RZP6001877883
BTXN4993808565,RZP2536778950,51313.97,2026-07-11,UPI-RAZORPAY SOFTWARE PVT LTD-RZP2536778950
BTXN5925840748,RZP5611808298,62889.07,2026-07-14,NEFT CR-RZP5611808298-RAZORPAY
BTXN6825515234,RZP8403360017,7065.02,2026-07-04,UPI-RAZORPAY SOFTWARE PVT LTD-RZP8403360017
BTXN4245754777,RZP9725550881,5908.52,2026-07-09,UPI-RAZORPAY SOFTWARE PVT LTD-RZP9725550881
BTXN3265977202,RZP2978664640,9908.51,2026-07-14,NEFT CR-RZP2978664640-RAZORPAY
BTXN2381420377,RZP3316326341,68044.09,2026-07-11,NEFT CR-RZP3316326341-RAZORPAY
BTXN7414111176,RZP5980972,52380.94,2026-07-06,IMPS/RZP/972370/PAYOUT
BTXN1734082043,RZP1777099376,32642.96,2026-07-03,UPI-RAZORPAY SOFTWARE PVT LTD-RZP1777099376
BTXN5412340714,RZP8721628525,56592.39,2026-07-13,UPI-RAZORPAY SOFTWARE PVT LTD-RZP8721628525
BTXN2671929013,RZP4845332433,18323.68,2026-07-12,UPI-RAZORPAY SOFTWARE PVT LTD-RZP4845332433
BTXN5204121628,RZP4958754554,10514.83,2026-07-14,NEFT CR-RZP4958754554-RAZORPAY
BTXN2813303127,RZP6532808048,2797.69,2026-07-03,UPI-RAZORPAY SOFTWARE PVT LTD-RZP6532808048
BTXN3893844880,RZP9568350644,60130.88,2026-07-16,NEFT CR-RZP9568350644-RAZORPAY
BTXN4357059954,RZP3234807,41812.77,2026-07-05,IMPS/RZP/807203/PAYOUT
BTXN8005855271,RZP9836953698,29898.50,2026-07-04,RTGS-RZP9836953698-RAZORPAY SOFTWARE PVT LTD
BTXN2818809304,RZP5039073827,61022.77,2026-07-13,NEFT CR-RZP5039073827-RAZORPAY
BTXN6231852874,RZP5287000043,55993.57,2026-07-12,UPI-RAZORPAY SOFTWARE PVT LTD-RZP5287000043
BTXN5723684905,RZP2579230,56115.08,2026-07-09,UPI-RAZORPAY SETTLEMENT ORDER 230079
BTXN9231579685,RZP1009143857,66558.58,2026-07-06,UPI-RAZORPAY SOFTWARE PVT LTD-RZP1009143857
BTXN5199929230,RZP1261655736,28978.68,2026-07-16,IMPS/RZP/655763/PAYOUT
BTXN6723965714,RZP2554686151,41778.93,2026-07-10,UPI-RAZORPAY SOFTWARE PVT LTD-RZP2554686151
BTXN1947462882,RZP4046231366,855.10,2026-07-14,NEFT CR-RZP4046231366-RAZORPAY
BTXN8136839267,RZP3442667754,57658.74,2026-07-09,IMPS/RZP3442667754/RAZORPAY SETTLEMENT
BTXN9919386279,rzp6165341482,74124.87,2026-07-18,UPI-RAZORPAY SETTLEMENT ORDER 341482
BTXN5197702821,RZP4705414652,72831.19,2026-07-01,IMPS/RZP4705414652/RAZORPAY SETTLEMENT
BTXN7510353427,RZP4972865038,51682.75,2026-07-13,NEFT CR-RZP4972865038-RAZORPAY
BTXN6068063979,RZ5P680731642,74699.62,2026-07-13,UPI-RAZORPAY SETTLEMENT ORDER 731642
BTXN3741482851,RZP1842274225,26799.98,2026-07-14,IMPS/RZP1842274225/RAZORPAY SETTLEMENT
BTXN9361070143,rzp1757836999,37402.16,2026-07-07,UPI-RAZORPAY SETTLEMENT ORDER 836999
BTXN6065365127,RZP8178015729,10351.75,2026-07-15,UPI-RAZORPAY SOFTWARE PVT LTD-RZP8178015729
BTXN3746596425,RZP3176215494,25931.78,2026-07-05,NEFT CR-RZP3176215494-RAZORPAY
BTXN9128198900,RZP6870746828,5614.97,2026-07-04,RTGS-RZP6870746828-RAZORPAY SOFTWARE PVT LTD
BTXN1811414871,RZP8450715748,72488.01,2026-07-14,RTGS-RZP8450715748-RAZORPAY SOFTWARE PVT LTD
BTXN8432353736,rzp4019171198,55874.10,2026-07-15,NEFT CR RAZORPAY SOFTWARE-171198
BTXN5126186609,RZP3878020307,41724.61,2026-07-09,IMPS/RZP3878020307/RAZORPAY SETTLEMENT
BTXN2210357681,RZP8301026311,14916.33,2026-07-12,UPI-RAZORPAY SOFTWARE PVT LTD-RZP8301026311
BTXN4101552989,RZP5878706464,57289.39,2026-07-12,IMPS/RZP5878706464/RAZORPAY SETTLEMENT
BTXN2260119924,RZP4929363854,39716.57,2026-07-15,NEFT CR-RZP4929363854-RAZORPAY
BTXN3918660006,RZP9533842262,1216.67,2026-07-13,NEFT CR-RZP9533842262-RAZORPAY
BTXN3305427295,rzp1709624308,33353.90,2026-07-06,IMPS/RZP/624308/PAYOUT
BTXN4486365101,RZP9375653924,27718.48,2026-07-02,NEFT CR-RZP9375653924-RAZORPAY
BTXN3531165558,RZP4486755506,7160.98,2026-07-01,UPI-RAZORPAY SOFTWARE PVT LTD-RZP4486755506
BTXN2087815852,RZP9614066292,57440.75,2026-07-09,RTGS-RZP9614066292-RAZORPAY SOFTWARE PVT LTD
BTXN7887943478,RZP7524309731,49581.27,2026-07-13,IMPS/RZP7524309731/RAZORPAY SETTLEMENT
BTXN7781327255,RZP9918338001,6117.30,2026-07-01,UPI-RAZORPAY SOFTWARE PVT LTD-RZP9918338001
BTXN6998828419,RZP1685062777,15203.30,2026-07-05,RTGS-RZP1685062777-RAZORPAY SOFTWARE PVT LTD
BTXN8809715915,RZP4964036872,35539.19,2026-07-02,RTGS-RZP4964036872-RAZORPAY SOFTWARE PVT LTD
BTXN8691037901,RZP9850050482,66415.49,2026-07-09,IMPS/RZP9850050482/RAZORPAY SETTLEMENT
BTXN9427354683,RZP8522001533,45584.78,2026-07-08,RTGS-RZP8522001533-RAZORPAY SOFTWARE PVT LTD
BTXN7178431875,RZP3873390813,57401.49,2026-07-11,UPI-RAZORPAY SOFTWARE PVT LTD-RZP3873390813
BTXN6497643361,RZP7567948114,14627.17,2026-07-06,UPI-RAZORPAY SOFTWARE PVT LTD-RZP7567948114
BTXN7774218115,RZP9293635,34712.02,2026-07-19,NEFT CR RAZORPAY SOFTWARE-635302
BTXN4855172529,RZP3098363243,39158.13,2026-07-10,UPI-RAZORPAY SOFTWARE PVT LTD-RZP3098363243
BTXN4383547445,RZP1995694887,51488.61,2026-07-13,NEFT CR-RZP1995694887-RAZORPAY
BTXN3399352393,RZP7931542368,6412.07,2026-07-15,NEFT CR-RZP7931542368-RAZORPAY
BTXN5719011844,RZP2677561737,22604.22,2026-07-07,NEFT CR-RZP2677561737-RAZORPAY
BTXN8490371491,RZP2906377313,7657.49,2026-07-15,IRCTC TICKET BOOKING
BTXN8860507968,RZP4095876030,48900.16,2026-07-15,UPI-RAZORPAY SOFTWARE PVT LTD-RZP4095876030
BTXN4503884165,RZP3395048173,10113.54,2026-07-15,ATM WDL HYD
BTXN4655002781,RZP4028089278,72730.09,2026-07-08,UPI-RAZORPAY SOFTWARE PVT LTD-RZP4028089278
BTXN1038816171,RZP3246147132,54413.03,2026-07-11,RTGS-RZP3246147132-RAZORPAY SOFTWARE PVT LTD
BTXN3769290424,RZP2730059192,67239.30,2026-07-15,UPI-RAZORPAY SOFTWARE PVT LTD-RZP2730059192
BTXN5696397508,RZP2281316778,7730.17,2026-07-05,IMPS/RZP2281316778/RAZORPAY SETTLEMENT
BTXN8348074486,RZP1921128736,23403.69,2026-07-09,UPI-RAZORPAY SOFTWARE PVT LTD-RZP1921128736
BTXN9306142066,RZP6330405542,48037.13,2026-07-02,UPI-RAZORPAY SOFTWARE PVT LTD-RZP6330405542
BTXN1028834177,RZP1929276849,14674.50,2026-07-09,IMPS/RZP1929276849/RAZORPAY SETTLEMENT
BTXN7815565318,RZP2419629493,42954.37,2026-07-15,RTGS-RZP2419629493-RAZORPAY SOFTWARE PVT LTD
BTXN8861574178,RZP2633544205,58697.56,2026-07-16,RTGS-RZP2633544205-RAZORPAY SOFTWARE PVT LTD
BTXN4486543439,RZP7884755744,14292.11,2026-07-03,IMPS/RZP7884755744/RAZORPAY SETTLEMENT
BTXN4213264760,RZP6612307265,73363.25,2026-07-11,RTGS-RZP6612307265-RAZORPAY SOFTWARE PVT LTD
BTXN4020889880,RZP6973614644,4823.34,2026-07-12,RTGS-RZP6973614644-RAZORPAY SOFTWARE PVT LTD
BTXN2061516500,RZP4470587327,44643.54,2026-07-11,IMPS/RZP4470587327/RAZORPAY SETTLEMENT
BTXN6750735557,RZP9241264772,18615.30,2026-07-10,IMPS/RZP9241264772/RAZORPAY SETTLEMENT
BTXN7148377945,RZP8191928635,2702.56,2026-07-10,NEFT CR-RZP8191928635-RAZORPAY
BTXN4799264604,RZP1093852809,58021.50,2026-07-02,IMPS/RZP1093852809/RAZORPAY SETTLEMENT
BTXN3614441748,RZP2976693115,39809.44,2026-07-14,IMPS/RZP2976693115/RAZORPAY SETTLEMENT
BTXN5739471607,RZP9610406324,11482.14,2026-07-03,UPI-RAZORPAY SOFTWARE PVT LTD-RZP9610406324
BTXN1988740076,RZP9970619552,18171.13,2026-07-01,IRCTC TICKET BOOKING
BTXN9973588564,RZP6264323673,46628.41,2026-07-09,RTGS-RZP6264323673-RAZORPAY SOFTWARE PVT LTD
BTXN5434678290,RZP4217795669,33154.99,2026-07-11,UPI-RAZORPAY SOFTWARE PVT LTD-RZP4217795669
BTXN3573433461,RZP1361779,42991.68,2026-07-11,IMPS/RZP/779117/PAYOUT
BTXN9063589102,RZP2637280868,8097.32,2026-07-07,UPI-RAZORPAY SOFTWARE PVT LTD-RZP2637280868
BTXN2108931441,RZP5637176934,48689.80,2026-07-08,UPI-RAZORPAY SOFTWARE PVT LTD-RZP5637176934
BTXN1224108868,RZP7817800042,67829.14,2026-07-13,UPI-RAZORPAY SETTLEMENT ORDER 800042
BTXN8440611705,RZP8288721755,14638.30,2026-07-03,IMPS/RZP8288721755/RAZORPAY SETTLEMENT
BTXN9232908421,RZP2634911308,1014.59,2026-07-09,UPI-RAZORPAY SOFTWARE PVT LTD-RZP2634911308
BTXN6908504342,RZP9454792413,13155.69,2026-07-14,NEFT CR-RZP9454792413-RAZORPAY
BTXN4193781711,RZP1882762883,35118.06,2026-07-12,NEFT CR-RZP1882762883-RAZORPAY
BTXN5693308941,RZP1285873517,25531.12,2026-07-01,UPI-RAZORPAY SOFTWARE PVT LTD-RZP1285873517
BTXN5296987936,RZP8417812693,43662.85,2026-07-10,NEFT CR-RZP8417812693-RAZORPAY
BTXN5275521470,RZP9368586475,34466.51,2026-07-09,IMPS/RZP9368586475/RAZORPAY SETTLEMENT
BTXN9653179571,RZP2208518731,53299.01,2026-07-12,IMPS/RZP2208518731/RAZORPAY SETTLEMENT
BTXN8698339953,RZP9803267103,73427.21,2026-07-12,RTGS-RZP9803267103-RAZORPAY SOFTWARE PVT LTD
BTXN2240049585,RZP3152208575,5078.45,2026-07-13,ELECTRICITY BILL AUTOPAY
BTXN3809864329,RZP2774628423,36217.85,2026-07-09,IMPS/RZP2774628423/RAZORPAY SETTLEMENT
BTXN4552208359,rzp8684325052,25999.91,2026-07-07,IMPS/RZP/325052/PAYOUT
BTXN4135124384,RZP8604576329,63470.80,2026-07-11,UPI-RAZORPAY SOFTWARE PVT LTD-RZP8604576329
BTXN5124379792,RZP1954060236,53332.42,2026-07-15,UPI-RAZORPAY SOFTWARE PVT LTD-RZP1954060236
BTXN1234238999,RZP4514021643,15376.55,2026-07-06,NEFT CR-RZP4514021643-RAZORPAY
BTXN4140217973,RZP5399581163,12208.42,2026-07-06,IMPS/RZP5399581163/RAZORPAY SETTLEMENT
BTXN3269449477,RZP5005835472,10950.11,2026-07-11,RTGS-RZP5005835472-RAZORPAY SOFTWARE PVT LTD
BTXN4998328441,RZP3749856480,53570.73,2026-07-15,IMPS/RZP3749856480/RAZORPAY SETTLEMENT
BTXN2674788759,RZP6844786,74775.96,2026-07-10,NEFT CR RAZORPAY SOFTWARE-786270
BTXN3239036316,RZP9955811913,43060.83,2026-07-14,RTGS-RZP9955811913-RAZORPAY SOFTWARE PVT LTD
BTXN5092448845,RZP6134427499,65913.57,2026-07-14,NEFT CR-RZP6134427499-RAZORPAY
BTXN3128021301,RZP7065553223,24491.95,2026-07-09,NEFT CR-RZP7065553223-RAZORPAY
BTXN5113932946,RZP8991503087,63003.82,2026-07-07,NEFT CR RAZORPAY SOFTWARE-503807
BTXN7779836419,RZP3194253841,8699.74,2026-07-10,NETFLIX SUBSCRIPTION
BTXN7772383946,RZP4620173,11671.21,2026-07-16,IMPS/RZP/173869/PAYOUT
BTXN3268891859,RZP6523540741,22955.89,2026-07-11,NEFT CR-RZP6523540741-RAZORPAY
BTXN5073211715,RZP8303853049,71093.13,2026-07-10,NEFT CR-RZP8303853049-RAZORPAY
BTXN6724687240,RZP4260093,74314.25,2026-07-11,NEFT CR RAZORPAY SOFTWARE-093383
BTXN6495967005,RZP6199197408,52703.09,2026-07-06,IMPS/RZP6199197408/RAZORPAY SETTLEMENT
BTXN8055556030,RZP9190197115,44596.01,2026-07-11,UPI-RAZORPAY SOFTWARE PVT LTD-RZP9190197115
BTXN6155277595,RZP1978142717,9334.80,2026-07-06,UPI-RAZORPAY SOFTWARE PVT LTD-RZP1978142717
BTXN7864842840,RZP6485240478,312.64,2026-07-06,SALARY CREDIT XYZ CORP
BTXN1431709168,RZP8818673092,63196.41,2026-07-03,UPI-RAZORPAY SOFTWARE PVT LTD-RZP8818673092
BTXN7875068995,RZP3686777209,37258.87,2026-07-03,UPI-RAZORPAY SOFTWARE PVT LTD-RZP3686777209
BTXN1714396483,RZP6418381,21477.75,2026-07-13,IMPS/RZP/381704/PAYOUT
BTXN1255578447,RZP2813451078,8172.71,2026-07-10,IRCTC TICKET BOOKING
BTXN9285543397,RZP7983221482,74172.37,2026-07-15,NEFT CR-RZP7983221482-RAZORPAY
BTXN9581514476,RZP8674417535,46906.53,2026-07-06,RTGS-RZP8674417535-RAZORPAY SOFTWARE PVT LTD
BTXN7641709833,RZP5001926460,2991.31,2026-07-14,RTGS-RZP5001926460-RAZORPAY SOFTWARE PVT LTD
BTXN5194066484,RZP9729790084,26373.03,2026-07-14,NEFT CR-RZP9729790084-RAZORPAY
BTXN7192338693,RZP1725404212,8185.67,2026-07-06,RTGS-RZP1725404212-RAZORPAY SOFTWARE PVT LTD
BTXN4779137718,RZP3953969835,9045.81,2026-07-01,NEFT CR-RZP3953969835-RAZORPAY
BTXN5399801337,rzp4513592220,1677.38,2026-07-18,UPI-RAZORPAY SETTLEMENT ORDER 592220
BTXN7055080408,RZP4519045785,33980.55,2026-07-15,UPI-RAZORPAY SOFTWARE PVT LTD-RZP4519045785
BTXN2012267232,RZP6668364,22238.64,2026-07-15,NEFT CR RAZORPAY SOFTWARE-364016
BTXN7775750049,RZP2386089888,22327.15,2026-07-15,UPI-RAZORPAY SOFTWARE PVT LTD-RZP2386089888
BTXN6891490448,RZP7657050979,38099.61,2026-07-11,NEFT CR-RZP7657050979-RAZORPAY
BTXN9804668445,RZP8288083077,73697.76,2026-07-09,RTGS-RZP8288083077-RAZORPAY SOFTWARE PVT LTD
BTXN5673482258,RZP9444763362,13304.55,2026-07-10,RTGS-RZP9444763362-RAZORPAY SOFTWARE PVT LTD
BTXN1090870317,rzp8446876553,42357.10,2026-07-12,IMPS/RZP/876553/PAYOUT
BTXN6617889740,RZP6610225390,54639.87,2026-07-14,IMPS/RZP6610225390/RAZORPAY SETTLEMENT
BTXN2485490270,RZP4285230905,3380.41,2026-07-03,AMAZON RETAIL PAYMENT
BTXN5131432439,RZP1226358600,68322.15,2026-07-08,NEFT CR-RZP1226358600-RAZORPAY
BTXN7539441086,RZP3866755218,6885.19,2026-07-06,RTGS-RZP3866755218-RAZORPAY SOFTWARE PVT LTD
BTXN4295065687,RZP7678332,70702.44,2026-07-18,NEFT CR RAZORPAY SOFTWARE-332951
BTXN9251318745,RZP3677879711,50500.20,2026-07-04,NEFT CR-RZP3677879711-RAZORPAY
BTXN1283705599,RZP3818278815,27633.60,2026-07-07,NEFT CR-RZP3818278815-RAZORPAY
BTXN4969954382,RZP3112421295,6890.94,2026-07-14,NEFT CR-RZP3112421295-RAZORPAY
BTXN2429241612,RZP9535157385,74076.18,2026-07-12,UPI-RAZORPAY SOFTWARE PVT LTD-RZP9535157385
BTXN2905685022,rzp2650402202,66921.89,2026-07-17,UPI-RAZORPAY SETTLEMENT ORDER 402202
BTXN5952658405,RZP9668957195,50380.10,2026-07-10,RTGS-RZP9668957195-RAZORPAY SOFTWARE PVT LTD
BTXN3595476483,RZP7244939749,45582.19,2026-07-06,UPI-RAZORPAY SOFTWARE PVT LTD-RZP7244939749
BTXN9970941948,RZP5261711194,59781.31,2026-07-15,IMPS/RZP5261711194/RAZORPAY SETTLEMENT
BTXN4217898231,RZP4222562820,16560.00,2026-07-13,NEFT CR-RZP4222562820-RAZORPAY
BTXN8174366397,RZP5660589433,44878.19,2026-07-02,UPI-RAZORPAY SOFTWARE PVT LTD-RZP5660589433
BTXN5926463222,RZP2969204700,4709.70,2026-07-09,UPI-RAZORPAY SOFTWARE PVT LTD-RZP2969204700
BTXN5303238732,RZP9874322759,8938.89,2026-07-12,UPI-RAZORPAY SOFTWARE PVT LTD-RZP9874322759
BTXN5533828962,rzp2801188455,36389.42,2026-07-09,IMPS/RZP/188455/PAYOUT
BTXN4258918001,RZP6498979427,29617.84,2026-07-03,RTGS-RZP6498979427-RAZORPAY SOFTWARE PVT LTD
BTXN4380443036,RZP7461228022,48747.36,2026-07-12,UPI-RAZORPAY SOFTWARE PVT LTD-RZP7461228022
BTXN1407366813,RZP4038777992,23366.26,2026-07-12,NEFT CR-RZP4038777992-RAZORPAY
BTXN4210982359,RZP1625457321,33184.01,2026-07-07,IMPS/RZP1625457321/RAZORPAY SETTLEMENT
BTXN9941582918,RZP2721156605,18229.83,2026-07-07,ATM WDL DEL
BTXN3589051882,RZP5256511661,74096.40,2026-07-10,NEFT CR-RZP5256511661-RAZORPAY
BTXN3495411322,RZP7270955446,51846.19,2026-07-01,NEFT CR-RZP7270955446-RAZORPAY
BTXN4257677900,RZP1035178153,34612.48,2026-07-05,NEFT CR-RZP1035178153-RAZORPAY
BTXN4631566958,RZP1414490310,8826.42,2026-07-07,ELECTRICITY BILL AUTOPAY
BTXN3869696221,RZP6541320763,13030.59,2026-07-13,IMPS/RZP6541320763/RAZORPAY SETTLEMENT
BTXN9557416908,RZP1293310725,9990.86,2026-07-12,NEFT CR-RZP1293310725-RAZORPAY
BTXN2755194185,ZRP3313205293,36379.75,2026-07-16,NEFT CR RAZORPAY SOFTWARE-205293
BTXN8769564683,RZP6746823325,34660.92,2026-07-14,UPI-RAZORPAY SOFTWARE PVT LTD-RZP6746823325
BTXN5018941501,RZP3038251093,59627.28,2026-07-15,UPI-RAZORPAY SOFTWARE PVT LTD-RZP3038251093
BTXN5914501524,RZP6497881941,74428.67,2026-07-15,UPI-RAZORPAY SOFTWARE PVT LTD-RZP6497881941
BTXN2949072750,RZP6891290804,16949.05,2026-07-03,AMAZON RETAIL PAYMENT
BTXN2509667949,RZP9769785826,37104.34,2026-07-01,RTGS-RZP9769785826-RAZORPAY SOFTWARE PVT LTD
BTXN9707742997,RZP1453940193,31100.27,2026-07-14,NEFT CR-RZP1453940193-RAZORPAY
BTXN5520782689,RZP1868260541,32342.24,2026-07-09,UPI-RAZORPAY SOFTWARE PVT LTD-RZP1868260541
BTXN5274047645,RZP1243620737,6778.00,2026-07-10,ATM WDL HYD
BTXN5583579348,RZP4184193673,27585.24,2026-07-01,RTGS-RZP4184193673-RAZORPAY SOFTWARE PVT LTD
BTXN8338558048,RZP8667609693,74213.21,2026-07-13,NEFT CR-RZP8667609693-RAZORPAY
BTXN1829392847,RZP1527472,61792.86,2026-07-18,NEFT CR RAZORPAY SOFTWARE-472654
BTXN4562661900,RZP6869410517,1176.79,2026-07-14,NETFLIX SUBSCRIPTION
BTXN4142118972,RZP7075449899,62369.82,2026-07-10,IMPS/RZP7075449899/RAZORPAY SETTLEMENT
BTXN4651419341,RZP9000859320,8253.43,2026-07-03,IMPS/RZP9000859320/RAZORPAY SETTLEMENT
BTXN7416702081,rzp8206223863,38588.21,2026-07-09,NEFT CR RAZORPAY SOFTWARE-223863
BTXN8967117616,RZP1989401,1728.75,2026-07-14,NEFT CR RAZORPAY SOFTWARE-401796
BTXN5497503906,RZP5691652718,42290.06,2026-07-12,UPI-RAZORPAY SOFTWARE PVT LTD-RZP5691652718
BTXN1313205221,RZP8527201319,43975.95,2026-07-03,IMPS/RZP8527201319/RAZORPAY SETTLEMENT
BTXN9753722094,RZP8073367682,19030.50,2026-07-15,IMPS/RZP8073367682/RAZORPAY SETTLEMENT
BTXN7418724029,RZP5978804406,59452.50,2026-07-05,NEFT CR-RZP5978804406-RAZORPAY
BTXN2447984505,RZP3842794212,29445.94,2026-07-07,IMPS/RZP3842794212/RAZORPAY SETTLEMENT
BTXN6098441558,rzp2959702178,67728.11,2026-07-16,IMPS/RZP/702178/PAYOUT
BTXN9908190075,RZP9682711851,18000.54,2026-07-02,NETFLIX SUBSCRIPTION
BTXN6325655734,RZP3296561639,71084.94,2026-07-15,IMPS/RZP3296561639/RAZORPAY SETTLEMENT
BTXN9088443608,RZP7656643998,14917.90,2026-07-14,IMPS/RZP7656643998/RAZORPAY SETTLEMENT
BTXN8129608599,RZP9713121808,32653.46,2026-07-08,RTGS-RZP9713121808-RAZORPAY SOFTWARE PVT LTD
BTXN8060620154,RZP3727056634,46976.10,2026-07-02,RTGS-RZP3727056634-RAZORPAY SOFTWARE PVT LTD
BTXN3252530059,RZP5558182058,30242.81,2026-07-15,IMPS/RZP5558182058/RAZORPAY SETTLEMENT
BTXN2618128754,RZP7202879915,5704.56,2026-07-14,RTGS-RZP7202879915-RAZORPAY SOFTWARE PVT LTD
BTXN3943869220,RZP8006577194,7116.89,2026-07-07,UPI-RAZORPAY SOFTWARE PVT LTD-RZP8006577194
BTXN4966818618,RZP9845473273,36462.73,2026-07-10,IMPS/RZP9845473273/RAZORPAY SETTLEMENT
BTXN4889380467,RZP5750231064,10336.13,2026-07-06,SWIGGY ORDER PAYMENT
BTXN6050640730,RZP3235564720,17770.26,2026-07-02,UPI-RAZORPAY SOFTWARE PVT LTD-RZP3235564720
BTXN1848177764,RZP7672305678,66667.56,2026-07-01,NEFT CR-RZP7672305678-RAZORPAY
BTXN2618896959,RZP4080693021,42782.69,2026-07-06,UPI-RAZORPAY SOFTWARE PVT LTD-RZP4080693021
BTXN8989985174,RZP7558280812,11463.61,2026-07-03,RTGS-RZP7558280812-RAZORPAY SOFTWARE PVT LTD
BTXN6039431777,RZP4080287751,73022.87,2026-07-14,IMPS/RZP4080287751/RAZORPAY SETTLEMENT
BTXN8134033754,RZP3077420667,10255.26,2026-07-04,ATM WDL HYD
BTXN5021545783,RZP1863456977,61999.62,2026-07-09,NEFT CR-RZP1863456977-RAZORPAY
BTXN4327751608,RZP7798395357,7848.53,2026-07-12,IMPS/RZP7798395357/RAZORPAY SETTLEMENT
BTXN6302383284,RZP7125519446,2288.02,2026-07-04,AMAZON RETAIL PAYMENT
BTXN5003954344,RZP5435473617,32229.72,2026-07-05,NEFT CR-RZP5435473617-RAZORPAY
BTXN1253136414,RZP4080044951,15008.12,2026-07-10,IRCTC TICKET BOOKING
BTXN7570341286,rzp3231639630,74200.06,2026-07-07,IMPS/RZP/639630/PAYOUT
BTXN8527514993,RZP7697713977,15243.60,2026-07-03,NEFT CR-RZP7697713977-RAZORPAY
BTXN8788895724,RZP6975112197,52475.13,2026-07-02,RTGS-RZP6975112197-RAZORPAY SOFTWARE PVT LTD
BTXN9394529233,RZP1322490430,9669.26,2026-07-01,SWIGGY ORDER PAYMENT
BTXN5188921469,RZP5906579123,33310.40,2026-07-11,IMPS/RZP5906579123/RAZORPAY SETTLEMENT
BTXN4973081946,RZP4178505223,30635.09,2026-07-03,RTGS-RZP4178505223-RAZORPAY SOFTWARE PVT LTD
BTXN9627511292,RZP1290934132,19680.26,2026-07-09,NEFT CR-RZP1290934132-RAZORPAY
BTXN8677457907,RZP5082964045,34722.18,2026-07-04,NEFT CR-RZP5082964045-RAZORPAY
BTXN6053437271,RZP8766902671,60989.19,2026-07-03,IMPS/RZP8766902671/RAZORPAY SETTLEMENT
BTXN5347969846,RZP1112794026,26866.61,2026-07-02,IMPS/RZP1112794026/RAZORPAY SETTLEMENT
BTXN8506664760,RZ2P101978751,56976.79,2026-07-09,IMPS/RZP/978751/PAYOUT
BTXN1118466590,RZP3293107788,11065.89,2026-07-13,SWIGGY ORDER PAYMENT
BTXN4366007978,RZP6772649622,73031.68,2026-07-04,IMPS/RZP6772649622/RAZORPAY SETTLEMENT
BTXN4345098063,RZP7290504548,19483.68,2026-07-11,SWIGGY ORDER PAYMENT
BTXN4211659085,RZP6492166284,74061.52,2026-07-11,NEFT CR-RZP6492166284-RAZORPAY
BTXN4819542354,RZP7012312997,42709.68,2026-07-05,UPI-RAZORPAY SOFTWARE PVT LTD-RZP7012312997
BTXN8997054324,RZP4171607211,19493.35,2026-07-09,AMAZON RETAIL PAYMENT
BTXN2900145409,RZP4535357972,38494.56,2026-07-15,IMPS/RZP4535357972/RAZORPAY SETTLEMENT
BTXN5464285982,RZP7961674558,50993.45,2026-07-12,NEFT CR-RZP7961674558-RAZORPAY
BTXN8730413737,RZP3697368099,57469.36,2026-07-10,NEFT CR-RZP3697368099-RAZORPAY
BTXN3517700971,RZP7758889508,20411.30,2026-07-10,RTGS-RZP7758889508-RAZORPAY SOFTWARE PVT LTD
BTXN8011023409,RZP3418687219,9871.81,2026-07-04,RTGS-RZP3418687219-RAZORPAY SOFTWARE PVT LTD
BTXN2471669121,RZP2641432015,15070.73,2026-07-15,IMPS/RZP2641432015/RAZORPAY SETTLEMENT
BTXN1634527735,RZP4986313505,4569.69,2026-07-06,SWIGGY ORDER PAYMENT
BTXN3228578880,RZP1253777066,12017.76,2026-07-02,ELECTRICITY BILL AUTOPAY
BTXN1065317986,RZP1939222850,66336.45,2026-07-06,NEFT CR-RZP1939222850-RAZORPAY
BTXN4426726413,RZP5209680864,65470.25,2026-07-05,IMPS/RZP5209680864/RAZORPAY SETTLEMENT
BTXN2676338980,RZP1500228324,8935.75,2026-07-11,IMPS/RZP1500228324/RAZORPAY SETTLEMENT
BTXN8614563485,RZP4374873230,55468.09,2026-07-05,IMPS/RZP4374873230/RAZORPAY SETTLEMENT
BTXN4544683724,RZP3415200001,49267.40,2026-07-08,IMPS/RZP3415200001/RAZORPAY SETTLEMENT
BTXN3548464745,RZP9346323501,14174.63,2026-07-13,NETFLIX SUBSCRIPTION
BTXN5633668009,RZP5952163720,12766.95,2026-07-06,NEFT CR-RZP5952163720-RAZORPAY
BTXN5174100846,RZP2131326701,23682.88,2026-07-09,NEFT CR-RZP2131326701-RAZORPAY
BTXN7180363965,RZP8295865261,37738.64,2026-07-12,RTGS-RZP8295865261-RAZORPAY SOFTWARE PVT LTD
BTXN8380194968,RZP6921027858,14268.00,2026-07-10,UPI-RAZORPAY SOFTWARE PVT LTD-RZP6921027858
BTXN8483679585,RZP4358871,58677.63,2026-07-18,UPI-RAZORPAY SETTLEMENT ORDER 871487
BTXN3864802626,RZP4357613488,52987.56,2026-07-15,NEFT CR-RZP4357613488-RAZORPAY
BTXN6859164627,RZP1757305041,50425.63,2026-07-01,UPI-RAZORPAY SOFTWARE PVT LTD-RZP1757305041
BTXN1451472895,RZP8067650721,3730.60,2026-07-11,NETFLIX SUBSCRIPTION
BTXN5420870354,RZP2180413464,26705.24,2026-07-12,RTGS-RZP2180413464-RAZORPAY SOFTWARE PVT LTD
BTXN3244294928,RZP1811839103,53331.59,2026-07-13,UPI-RAZORPAY SOFTWARE PVT LTD-RZP1811839103
BTXN7556988602,RZP4876388066,3119.77,2026-07-10,RTGS-RZP4876388066-RAZORPAY SOFTWARE PVT LTD
BTXN6068374415,RZP8803739992,29943.30,2026-07-05,UPI-RAZORPAY SOFTWARE PVT LTD-RZP8803739992
BTXN5173893550,RZP4736031885,42690.92,2026-07-07,UPI-RAZORPAY SOFTWARE PVT LTD-RZP4736031885
BTXN8778521305,RZP9873915231,1613.75,2026-07-07,ZOMATO ONLINE ORDER
BTXN1975537799,RZP2048938561,22180.23,2026-07-15,NEFT CR-RZP2048938561-RAZORPAY
BTXN3914201496,RZP1962317542,27035.46,2026-07-16,UPI-RAZORPAY SETTLEMENT ORDER 371542
BTXN6308656948,RZP7867657184,12778.71,2026-07-04,IMPS/RZP7867657184/RAZORPAY SETTLEMENT
BTXN5433392180,RZP6959096557,35801.60,2026-07-03,NEFT CR-RZP6959096557-RAZORPAY
BTXN5681607846,RZP3202411673,14453.32,2026-07-06,ATM WDL MUM
BTXN1896803855,RZP5870268894,58414.26,2026-07-13,UPI-RAZORPAY SOFTWARE PVT LTD-RZP5870268894
BTXN5120835617,RZP6077887431,8744.13,2026-07-11,NEFT CR-RZP6077887431-RAZORPAY
BTXN8132340947,RZP7046757417,56556.12,2026-07-11,NEFT CR-RZP7046757417-RAZORPAY
BTXN3261355467,RZP4707527077,1311.45,2026-07-06,IRCTC TICKET BOOKING
BTXN5579497553,RZP3547672267,35446.63,2026-07-15,IMPS/RZP3547672267/RAZORPAY SETTLEMENT
BTXN9516841176,RZP9575798563,10448.44,2026-07-11,IMPS/RZP9575798563/RAZORPAY SETTLEMENT
BTXN7365046312,RZP2212420591,29398.28,2026-07-11,NEFT CR-RZP2212420591-RAZORPAY
BTXN1560243386,RZP3965239689,2499.71,2026-07-10,ZOMATO ONLINE ORDER
BTXN2489509165,RZP2953834492,44122.44,2026-07-04,IMPS/RZP2953834492/RAZORPAY SETTLEMENT
BTXN4205444235,RZP5998233279,16153.38,2026-07-09,ELECTRICITY BILL AUTOPAY
BTXN2845103767,RZP4925602403,45140.33,2026-07-07,RTGS-RZP4925602403-RAZORPAY SOFTWARE PVT LTD
BTXN5115397307,RZP4722765728,38426.99,2026-07-08,RTGS-RZP4722765728-RAZORPAY SOFTWARE PVT LTD
BTXN8708475972,RZP9882052,32786.27,2026-07-05,UPI-RAZORPAY SETTLEMENT ORDER 052250
BTXN7614189891,RZP5298066670,35980.14,2026-07-15,IMPS/RZP5298066670/RAZORPAY SETTLEMENT
BTXN8433890033,RZP6240655957,71817.24,2026-07-06,IMPS/RZP6240655957/RAZORPAY SETTLEMENT
BTXN8887037970,RZP6254844264,54202.21,2026-07-10,IMPS/RZP6254844264/RAZORPAY SETTLEMENT
BTXN6947441035,RZP9719077061,2579.60,2026-07-12,IMPS/RZP9719077061/RAZORPAY SETTLEMENT
BTXN6572682879,RZP2091577315,73725.39,2026-07-05,UPI-RAZORPAY SETTLEMENT ORDER 573715
BTXN7232838442,RZP1355659062,39647.62,2026-07-09,IMPS/RZP/559062/PAYOUT
BTXN8982239393,RZP6632371554,27581.58,2026-07-07,IMPS/RZP/731554/PAYOUT
BTXN5983006092,RZP4632959,67596.98,2026-07-16,UPI-RAZORPAY SETTLEMENT ORDER 959610
BTXN3392848202,RZP5645300925,34153.70,2026-07-02,IMPS/RZP5645300925/RAZORPAY SETTLEMENT
BTXN1030319566,RZP9259253154,59702.58,2026-07-12,RTGS-RZP9259253154-RAZORPAY SOFTWARE PVT LTD
BTXN4689235369,RZP8783945481,16814.33,2026-07-14,IMPS/RZP8783945481/RAZORPAY SETTLEMENT
BTXN2071552532,RZP3442428958,13443.43,2026-07-15,NEFT CR-RZP3442428958-RAZORPAY
BTXN5679635208,RZP8840542452,52950.66,2026-07-01,IMPS/RZP8840542452/RAZORPAY SETTLEMENT
BTXN3446737272,RZP3555656321,50803.34,2026-07-04,RTGS-RZP3555656321-RAZORPAY SOFTWARE PVT LTD
BTXN4005050402,RZP3078919449,69016.57,2026-07-09,RTGS-RZP3078919449-RAZORPAY SOFTWARE PVT LTD
BTXN4310429256,RZP8859661121,26814.06,2026-07-07,UPI-RAZORPAY SOFTWARE PVT LTD-RZP8859661121
BTXN1503126812,RZP8755925002,30186.20,2026-07-14,IMPS/RZP/295002/PAYOUT
BTXN3671039848,rzp7651256953,6667.68,2026-07-09,UPI-RAZORPAY SETTLEMENT ORDER 256953
BTXN2077335031,RZP3288395785,16702.55,2026-07-11,IMPS/RZP3288395785/RAZORPAY SETTLEMENT
BTXN8162486434,RZP5288239645,17480.53,2026-07-13,IMPS/RZP5288239645/RAZORPAY SETTLEMENT
BTXN4751509023,RZP6402580787,68354.93,2026-07-15,UPI-RAZORPAY SOFTWARE PVT LTD-RZP6402580787
BTXN5711689668,RZP7610209308,10482.83,2026-07-12,RTGS-RZP7610209308-RAZORPAY SOFTWARE PVT LTD
BTXN3860484505,RZP6337625868,62093.08,2026-07-07,UPI-RAZORPAY SOFTWARE PVT LTD-RZP6337625868
BTXN5025209532,RZP5902690359,71354.82,2026-07-04,IMPS/RZP5902690359/RAZORPAY SETTLEMENT
BTXN2721655789,RZP1192827869,29610.59,2026-07-14,IMPS/RZP1192827869/RAZORPAY SETTLEMENT
BTXN9442321468,RZP1393033488,21238.55,2026-07-09,UPI-RAZORPAY SOFTWARE PVT LTD-RZP1393033488
BTXN9798522107,RZP3127431011,67139.00,2026-07-04,IMPS/RZP3127431011/RAZORPAY SETTLEMENT
BTXN3550767378,RZP3576532483,36676.62,2026-07-09,UPI-RAZORPAY SOFTWARE PVT LTD-RZP3576532483
BTXN6879428703,RZP4401896171,18136.85,2026-07-08,UPI-RAZORPAY SOFTWARE PVT LTD-RZP4401896171
BTXN2142086659,RZP3070301340,52142.55,2026-07-12,UPI-RAZORPAY SOFTWARE PVT LTD-RZP3070301340
BTXN7855383664,RZP8998526782,66294.82,2026-07-15,RTGS-RZP8998526782-RAZORPAY SOFTWARE PVT LTD
BTXN1582918332,RZP6175261010,31220.81,2026-07-12,UPI-RAZORPAY SOFTWARE PVT LTD-RZP6175261010
BTXN4931038429,RZP6582702511,8433.90,2026-07-04,UPI-RAZORPAY SOFTWARE PVT LTD-RZP6582702511
BTXN6909099477,RZP3300977643,27887.18,2026-07-15,IMPS/RZP/797643/PAYOUT
BTXN9044729694,rzp2917569367,49938.66,2026-07-10,UPI-RAZORPAY SETTLEMENT ORDER 569367
BTXN8623966585,RZP5525545507,25671.02,2026-07-02,NEFT CR-RZP5525545507-RAZORPAY
BTXN8548586830,RZP9501609965,51599.53,2026-07-09,UPI-RAZORPAY SOFTWARE PVT LTD-RZP9501609965
BTXN4458065592,RZP4161042861,42332.52,2026-07-04,UPI-RAZORPAY SOFTWARE PVT LTD-RZP4161042861
BTXN9844199907,rzp9625348670,12129.72,2026-07-19,IMPS/RZP/348670/PAYOUT
BTXN2082443565,RZP9934693240,21209.05,2026-07-14,UPI-RAZORPAY SETTLEMENT ORDER 963240
BTXN5583987616,RZP8691230554,3854.95,2026-07-06,IMPS/RZP8691230554/RAZORPAY SETTLEMENT
BTXN2984076189,rzp7704546565,72558.55,2026-07-09,IMPS/RZP/546565/PAYOUT
BTXN4287494121,RZP6241317166,40170.76,2026-07-10,UPI-RAZORPAY SOFTWARE PVT LTD-RZP6241317166
BTXN1717466364,RZP5481578278,56786.07,2026-07-12,IMPS/RZP5481578278/RAZORPAY SETTLEMENT
BTXN4453278132,RZP3067696769,58536.43,2026-07-17,RTGS-RZP3067696769-RAZORPAY SOFTWARE PVT LTD
BTXN4291890942,RZP2187359637,43006.09,2026-07-03,NEFT CR-RZP2187359637-RAZORPAY
BTXN5841769286,RZP9848591432,5432.70,2026-07-03,AMAZON RETAIL PAYMENT
BTXN3111320147,RZP6668955202,4889.74,2026-07-12,SWIGGY ORDER PAYMENT
BTXN4934756709,RZP5603945749,10680.90,2026-07-08,NEFT CR-RZP5603945749-RAZORPAY
BTXN6069532787,rzp2971332997,7002.98,2026-07-17,NEFT CR RAZORPAY SOFTWARE-332997
BTXN1173720701,RZP7662459946,7733.66,2026-07-04,UPI-RAZORPAY SOFTWARE PVT LTD-RZP7662459946
BTXN9800823860,RZP5057378750,52724.41,2026-07-07,IMPS/RZP5057378750/RAZORPAY SETTLEMENT
BTXN2552657410,RZP9283187110,54893.44,2026-07-01,RTGS-RZP9283187110-RAZORPAY SOFTWARE PVT LTD
BTXN1522386724,RZP6804458843,17273.32,2026-07-14,ATM WDL HYD
BTXN6865294622,RZP6758404906,34130.62,2026-07-11,RTGS-RZP6758404906-RAZORPAY SOFTWARE PVT LTD
BTXN5314377850,RZP2937204630,10705.03,2026-07-12,ATM WDL MUM
BTXN9126447372,RZP4462151,4620.44,2026-07-12,UPI-RAZORPAY SETTLEMENT ORDER 151363
BTXN4326009933,RZP2548435356,46826.37,2026-07-14,NEFT CR-RZP2548435356-RAZORPAY
BTXN1951997128,RZP9527271463,18765.20,2026-07-18,NEFT CR RAZORPAY SOFTWARE-721463
BTXN1473165474,RZP5050981036,32484.80,2026-07-08,UPI-RAZORPAY SOFTWARE PVT LTD-RZP5050981036
BTXN5867991987,RZP9436209497,13814.83,2026-07-14,IMPS/RZP/204997/PAYOUT
BTXN4000554270,RZ7P828728762,55636.10,2026-07-12,NEFT CR RAZORPAY SOFTWARE-728762
BTXN5477009265,RZP3611168396,5583.29,2026-07-11,SALARY CREDIT XYZ CORP
BTXN5203589186,RZP8989870040,9338.17,2026-07-09,RTGS-RZP8989870040-RAZORPAY SOFTWARE PVT LTD
BTXN9208522960,RZP5264708104,18899.13,2026-07-01,NETFLIX SUBSCRIPTION
BTXN4596911141,RZP4630916587,7923.14,2026-07-15,IRCTC TICKET BOOKING
BTXN6039378914,RZP5269133543,19170.41,2026-07-12,SALARY CREDIT XYZ CORP
BTXN4964570811,RZP2960432117,68893.31,2026-07-12,NEFT CR-RZP2960432117-RAZORPAY
BTXN9191923848,RZP9518223086,66799.65,2026-07-12,NEFT CR-RZP9518223086-RAZORPAY
BTXN8670274993,RZP1042481110,9267.46,2026-07-08,NEFT CR-RZP1042481110-RAZORPAY
BTXN1076838293,RZP2947238824,69302.97,2026-07-13,NEFT CR-RZP2947238824-RAZORPAY
BTXN9001487150,RZP6217144,55892.08,2026-07-07,NEFT CR RAZORPAY SOFTWARE-144368
BTXN4394663768,RZP5451240117,54968.02,2026-07-13,RTGS-RZP5451240117-RAZORPAY SOFTWARE PVT LTD
BTXN7929601440,RZP7985797527,73506.03,2026-07-04,RTGS-RZP7985797527-RAZORPAY SOFTWARE PVT LTD
BTXN8566123736,RZP4643109611,19695.46,2026-07-11,NEFT CR-RZP4643109611-RAZORPAY
BTXN9618738701,RZP3006112966,49964.04,2026-07-14,RTGS-RZP3006112966-RAZORPAY SOFTWARE PVT LTD
BTXN6368966828,RZP5558900548,11743.95,2026-07-11,RTGS-RZP5558900548-RAZORPAY SOFTWARE PVT LTD
BTXN4102576612,RZP9166002003,21545.10,2026-07-07,NEFT CR-RZP9166002003-RAZORPAY
BTXN8115443919,RZP8303655837,20101.95,2026-07-07,IMPS/RZP8303655837/RAZORPAY SETTLEMENT
BTXN6676885132,RZP4989317367,64082.14,2026-07-05,UPI-RAZORPAY SOFTWARE PVT LTD-RZP4989317367
BTXN4144859060,RZP6431968097,21082.51,2026-07-17,IMPS/RZP6431968097/RAZORPAY SETTLEMENT
BTXN9410140592,RZP9954345739,18835.25,2026-07-10,AMAZON RETAIL PAYMENT
BTXN1051354601,RZP3362751242,7557.03,2026-07-02,NEFT CR-RZP3362751242-RAZORPAY
BTXN3844180416,RZP9573252585,37821.06,2026-07-12,NEFT CR-RZP9573252585-RAZORPAY
BTXN9097054785,RZP8501277126,44261.71,2026-07-03,UPI-RAZORPAY SOFTWARE PVT LTD-RZP8501277126
BTXN4387597312,RZP3225749926,37648.90,2026-07-08,UPI-RAZORPAY SOFTWARE PVT LTD-RZP3225749926
BTXN3395489556,rzp3829808789,47629.63,2026-07-05,UPI-RAZORPAY SETTLEMENT ORDER 808789
BTXN6589067817,RZP7510464725,27054.58,2026-07-06,NEFT CR-RZP7510464725-RAZORPAY
BTXN4269128429,RZP7392812637,44169.92,2026-07-02,IMPS/RZP7392812637/RAZORPAY SETTLEMENT
BTXN5914899687,RZP5104972079,72710.46,2026-07-01,NEFT CR-RZP5104972079-RAZORPAY
BTXN8775667111,RZP9706866318,37714.12,2026-07-10,RTGS-RZP9706866318-RAZORPAY SOFTWARE PVT LTD
BTXN5930382855,RZP1792406808,42405.30,2026-07-01,IMPS/RZP1792406808/RAZORPAY SETTLEMENT
BTXN4750974892,RZP8984587234,37365.07,2026-07-08,IMPS/RZP8984587234/RAZORPAY SETTLEMENT
BTXN8976262811,RZP3466789569,18833.85,2026-07-12,UPI-RAZORPAY SOFTWARE PVT LTD-RZP3466789569
BTXN2397717808,RZP4668522545,15161.10,2026-07-13,NEFT CR-RZP4668522545-RAZORPAY
BTXN8967892809,RZP2448141957,9209.82,2026-07-12,SALARY CREDIT XYZ CORP
BTXN4476731220,RZP1283289245,2257.09,2026-07-05,UPI-RAZORPAY SOFTWARE PVT LTD-RZP1283289245
BTXN1045704406,RZP2723623221,35305.86,2026-07-15,UPI-RAZORPAY SOFTWARE PVT LTD-RZP2723623221
BTXN9419350566,RZP4245561766,36732.62,2026-07-10,RTGS-RZP4245561766-RAZORPAY SOFTWARE PVT LTD
BTXN7123345775,RZP7271729065,4230.48,2026-07-10,IMPS/RZP7271729065/RAZORPAY SETTLEMENT
BTXN7530723944,rzp3461382210,58218.75,2026-07-05,IMPS/RZP/382210/PAYOUT
BTXN5726172302,RZP6461513451,57380.28,2026-07-16,NEFT CR-RZP6461513451-RAZORPAY
BTXN1868498641,RZP4459041081,73136.44,2026-07-13,IMPS/RZP4459041081/RAZORPAY SETTLEMENT
BTXN4609734448,RZP2538119509,18359.28,2026-07-15,NEFT CR-RZP2538119509-RAZORPAY
BTXN3439808235,RZP4838435572,37628.04,2026-07-07,UPI-RAZORPAY SETTLEMENT ORDER 453572
BTXN2887171898,RZP9983685142,12253.65,2026-07-18,IMPS/RZP/685142/PAYOUT
BTXN1469068949,RZP6810430605,30850.10,2026-07-15,UPI-RAZORPAY SOFTWARE PVT LTD-RZP6810430605
BTXN5229174084,RZP5120584320,9761.62,2026-07-01,RTGS-RZP5120584320-RAZORPAY SOFTWARE PVT LTD
BTXN2860873287,RZP8781619312,12037.98,2026-07-02,ELECTRICITY BILL AUTOPAY
BTXN5022623980,RZP9468792536,43136.66,2026-07-19,IMPS/RZP/972536/PAYOUT
BTXN4870158326,RZP7841921133,9271.10,2026-07-09,RTGS-RZP7841921133-RAZORPAY SOFTWARE PVT LTD
BTXN3237222263,RZP4532173418,28030.77,2026-07-05,RTGS-RZP4532173418-RAZORPAY SOFTWARE PVT LTD
BTXN5024265351,RZP5780132606,41158.00,2026-07-08,NEFT CR-RZP5780132606-RAZORPAY
BTXN6782708775,RZP1653290380,2474.16,2026-07-04,ATM WDL CHN
BTXN8332714010,RZP6906189747,27826.15,2026-07-09,RTGS-RZP6906189747-RAZORPAY SOFTWARE PVT LTD
BTXN8218033876,RZP1348166328,13717.74,2026-07-13,IMPS/RZP1348166328/RAZORPAY SETTLEMENT
BTXN9872881926,RZP3896960280,24220.65,2026-07-13,IMPS/RZP3896960280/RAZORPAY SETTLEMENT
BTXN6774514149,RZP9059457411,38149.99,2026-07-02,UPI-RAZORPAY SOFTWARE PVT LTD-RZP9059457411
BTXN1898441851,RZP4057314236,32277.03,2026-07-03,RTGS-RZP4057314236-RAZORPAY SOFTWARE PVT LTD
BTXN1710190809,RZP2096214881,28340.58,2026-07-06,IMPS/RZP2096214881/RAZORPAY SETTLEMENT
BTXN2184444340,RZP6029910451,51230.47,2026-07-10,RTGS-RZP6029910451-RAZORPAY SOFTWARE PVT LTD
BTXN4482332983,RZP4442517732,34931.63,2026-07-11,UPI-RAZORPAY SOFTWARE PVT LTD-RZP4442517732
BTXN2544322169,RZP3955584359,64131.21,2026-07-13,NEFT CR-RZP3955584359-RAZORPAY
BTXN2312952801,RZP2503121322,62963.95,2026-07-09,NEFT CR-RZP2503121322-RAZORPAY
BTXN2358961337,RZP8443722173,1556.91,2026-07-15,RTGS-RZP8443722173-RAZORPAY SOFTWARE PVT LTD
BTXN8054656660,RZP3066523308,4295.12,2026-07-04,ZOMATO ONLINE ORDER
BTXN9467586020,RZP3198996581,49308.57,2026-07-04,IMPS/RZP3198996581/RAZORPAY SETTLEMENT
BTXN4436869419,RZP1563186,23006.74,2026-07-04,NEFT CR RAZORPAY SOFTWARE-186592
BTXN8333313045,RZP1382958710,18802.09,2026-07-09,RTGS-RZP1382958710-RAZORPAY SOFTWARE PVT LTD
BTXN8982075101,RZP1457998503,58519.49,2026-07-04,RTGS-RZP1457998503-RAZORPAY SOFTWARE PVT LTD
BTXN3046773145,RZP3464283584,46296.95,2026-07-11,NEFT CR-RZP3464283584-RAZORPAY
BTXN9115426112,RZP6035668958,1759.98,2026-07-10,IRCTC TICKET BOOKING
BTXN4822844188,RZP1834702352,9780.87,2026-07-11,RTGS-RZP1834702352-RAZORPAY SOFTWARE PVT LTD
BTXN1626350797,RZP8222288012,13801.68,2026-07-11,RTGS-RZP8222288012-RAZORPAY SOFTWARE PVT LTD
BTXN8677503432,RZP1536411156,32487.05,2026-07-04,RTGS-RZP1536411156-RAZORPAY SOFTWARE PVT LTD
BTXN7881773091,RZP4642736742,72380.78,2026-07-03,IMPS/RZP4642736742/RAZORPAY SETTLEMENT
BTXN4086335148,RZP8670988,4286.22,2026-07-16,IMPS/RZP/988033/PAYOUT
BTXN3828835817,RZP9402465,48670.93,2026-07-17,IMPS/RZP/465408/PAYOUT
BTXN7265126870,RZP5122796224,72789.22,2026-07-05,NEFT CR-RZP5122796224-RAZORPAY
BTXN5780323491,RZP3785055092,4683.65,2026-07-02,RTGS-RZP3785055092-RAZORPAY SOFTWARE PVT LTD
BTXN6669510021,RZP3034727592,17138.33,2026-07-01,IMPS/RZP3034727592/RAZORPAY SETTLEMENT
BTXN3772733269,RZP4535780913,45987.21,2026-07-13,RTGS-RZP4535780913-RAZORPAY SOFTWARE PVT LTD
BTXN6569353775,RZP4932832458,17828.85,2026-07-10,NEFT CR-RZP4932832458-RAZORPAY
BTXN4857606442,RZP6327931863,24608.95,2026-07-13,IMPS/RZP6327931863/RAZORPAY SETTLEMENT
BTXN6145222573,RZP6945082073,36343.57,2026-07-13,UPI-RAZORPAY SOFTWARE PVT LTD-RZP6945082073
BTXN2395283071,RZP3954020838,33842.20,2026-07-07,UPI-RAZORPAY SOFTWARE PVT LTD-RZP3954020838
BTXN2411404276,rzp8094662806,10172.12,2026-07-15,NEFT CR RAZORPAY SOFTWARE-662806
BTXN6933946911,RZP5252346522,3124.83,2026-07-03,NEFT CR-RZP5252346522-RAZORPAY
BTXN7744989038,RZP9578425587,541.89,2026-07-10,IMPS/RZP9578425587/RAZORPAY SETTLEMENT
BTXN4457286733,RZP5855169649,5213.98,2026-07-03,UPI-RAZORPAY SOFTWARE PVT LTD-RZP5855169649
BTXN5947729590,RZP6873314716,48856.25,2026-07-11,UPI-RAZORPAY SOFTWARE PVT LTD-RZP6873314716
BTXN6313656585,RZP8988834665,41346.02,2026-07-01,IMPS/RZP8988834665/RAZORPAY SETTLEMENT
BTXN4481415390,RZP9261233432,12603.42,2026-07-13,NEFT CR-RZP9261233432-RAZORPAY
BTXN8588218088,RZP6816218289,35258.17,2026-07-07,RTGS-RZP6816218289-RAZORPAY SOFTWARE PVT LTD
BTXN4591108099,RZP9798613995,74603.68,2026-07-11,UPI-RAZORPAY SOFTWARE PVT LTD-RZP9798613995
BTXN9668465143,RZP8510935941,42246.07,2026-07-14,RTGS-RZP8510935941-RAZORPAY SOFTWARE PVT LTD
BTXN6702339438,RZP6184096117,27845.16,2026-07-14,IMPS/RZP6184096117/RAZORPAY SETTLEMENT
BTXN7064191466,RZP7979978982,28852.72,2026-07-07,IMPS/RZP7979978982/RAZORPAY SETTLEMENT
BTXN4269236828,RZP7721088315,15615.21,2026-07-06,NEFT CR-RZP7721088315-RAZORPAY
BTXN2359734202,RZP9358551858,15592.04,2026-07-01,ATM WDL BLR
BTXN5082013237,RZP2951778308,1127.38,2026-07-02,NEFT CR-RZP2951778308-RAZORPAY
BTXN3594156388,RZP1603205075,13104.08,2026-07-04,IMPS/RZP1603205075/RAZORPAY SETTLEMENT
BTXN6841049271,RZP9457921541,74703.64,2026-07-12,UPI-RAZORPAY SOFTWARE PVT LTD-RZP9457921541
BTXN2178772608,RZP5329305403,2180.37,2026-07-01,UPI-RAZORPAY SOFTWARE PVT LTD-RZP5329305403
BTXN3412365931,RZP5125402225,2430.54,2026-07-03,RTGS-RZP5125402225-RAZORPAY SOFTWARE PVT LTD
BTXN3018588219,RZP6078894378,10139.61,2026-07-14,IRCTC TICKET BOOKING
BTXN9566810472,RZP8110260862,19733.47,2026-07-03,NEFT CR-RZP8110260862-RAZORPAY
BTXN4515617641,RZP5037798344,17546.48,2026-07-02,RTGS-RZP5037798344-RAZORPAY SOFTWARE PVT LTD
BTXN7589707547,RZP5918148433,6551.16,2026-07-03,UPI-RAZORPAY SOFTWARE PVT LTD-RZP5918148433
BTXN8511469687,RZP7717450830,27532.67,2026-07-15,UPI-RAZORPAY SOFTWARE PVT LTD-RZP7717450830
BTXN5404162067,RZP1117237338,65884.00,2026-07-08,UPI-RAZORPAY SOFTWARE PVT LTD-RZP1117237338
BTXN5909040519,RZP7716124296,13382.50,2026-07-12,NEFT CR-RZP7716124296-RAZORPAY
BTXN3076957271,RZP7843444288,19994.32,2026-07-01,SALARY CREDIT XYZ CORP
BTXN6488479536,RZP8148830782,19160.85,2026-07-07,IRCTC TICKET BOOKING
BTXN1515397731,RZP6936078258,47608.85,2026-07-08,IMPS/RZP6936078258/RAZORPAY SETTLEMENT
BTXN1427606069,rzp3283371133,9917.31,2026-07-17,UPI-RAZORPAY SETTLEMENT ORDER 371133
BTXN6667684063,RZP2198746799,4610.15,2026-07-15,IMPS/RZP2198746799/RAZORPAY SETTLEMENT
BTXN9148521283,RZP9417345785,28134.01,2026-07-06,UPI-RAZORPAY SOFTWARE PVT LTD-RZP9417345785
BTXN4470892172,RZP3120193511,15572.17,2026-07-08,ATM WDL HYD
BTXN1505526110,RZP1569708375,3710.17,2026-07-01,UPI-RAZORPAY SOFTWARE PVT LTD-RZP1569708375
BTXN4958833853,rzp8484903265,72684.68,2026-07-08,IMPS/RZP/903265/PAYOUT
BTXN1259025044,RZP3638188618,36208.63,2026-07-09,RTGS-RZP3638188618-RAZORPAY SOFTWARE PVT LTD
BTXN5893271373,RZP9736322281,48956.46,2026-07-11,RTGS-RZP9736322281-RAZORPAY SOFTWARE PVT LTD
BTXN5524622663,RZP3277030169,36286.69,2026-07-09,NEFT CR-RZP3277030169-RAZORPAY
BTXN6789684273,RZP1315184191,34652.32,2026-07-13,NEFT CR-RZP1315184191-RAZORPAY
BTXN8743302721,RZP8975286596,41831.80,2026-07-08,NEFT CR-RZP8975286596-RAZORPAY
BTXN6676525272,RZP7225005492,71390.08,2026-07-13,UPI-RAZORPAY SOFTWARE PVT LTD-RZP7225005492
BTXN7629574656,RZP1042489445,26675.61,2026-07-11,NEFT CR RAZORPAY SOFTWARE-489454
BTXN4944094625,RZP3718683801,10658.30,2026-07-12,NEFT CR-RZP3718683801-RAZORPAY
BTXN5362826290,RZP7372911048,9343.32,2026-07-11,UPI-RAZORPAY SOFTWARE PVT LTD-RZP7372911048
BTXN5829435450,RZP2806638735,17104.51,2026-07-08,RTGS-RZP2806638735-RAZORPAY SOFTWARE PVT LTD
BTXN9565270204,RZP3520952914,42784.52,2026-07-01,NEFT CR-RZP3520952914-RAZORPAY
BTXN3046676275,RZP2410713142,68594.36,2026-07-03,UPI-RAZORPAY SOFTWARE PVT LTD-RZP2410713142
BTXN6710852405,RZP9311053254,9797.48,2026-07-08,UPI-RAZORPAY SOFTWARE PVT LTD-RZP9311053254
BTXN5283943124,RZP4419354759,37823.25,2026-07-07,IMPS/RZP4419354759/RAZORPAY SETTLEMENT
BTXN9575090478,RZP2499595981,4359.27,2026-07-09,ZOMATO ONLINE ORDER
BTXN2703201251,RZP2158861396,67810.95,2026-07-07,IMPS/RZP2158861396/RAZORPAY SETTLEMENT
BTXN7832220535,RZP4119911995,73626.90,2026-07-14,NEFT CR-RZP4119911995-RAZORPAY
BTXN6599428400,RZP8033214556,32080.46,2026-07-07,NEFT CR-RZP8033214556-RAZORPAY
BTXN7028132359,RZP8706637401,44309.94,2026-07-05,UPI-RAZORPAY SOFTWARE PVT LTD-RZP8706637401
BTXN3501291813,RZP7886337533,71401.54,2026-07-07,IMPS/RZP7886337533/RAZORPAY SETTLEMENT
BTXN4011966884,RZP9292791081,60266.52,2026-07-14,NEFT CR-RZP9292791081-RAZORPAY
BTXN1402792352,RZP3755121691,74704.87,2026-07-17,NEFT CR-RZP3755121691-RAZORPAY
BTXN6246716604,RZP8352307139,33889.00,2026-07-01,UPI-RAZORPAY SOFTWARE PVT LTD-RZP8352307139
BTXN7778829853,RZP3609024939,62616.86,2026-07-14,IMPS/RZP3609024939/RAZORPAY SETTLEMENT
BTXN9188554798,rzp8463086219,32636.37,2026-07-16,UPI-RAZORPAY SETTLEMENT ORDER 086219
BTXN7140857912,RZP6518871653,17657.05,2026-07-05,SWIGGY ORDER PAYMENT
BTXN9767044728,RZP1350292572,18590.64,2026-07-13,AMAZON RETAIL PAYMENT
BTXN4085157909,RZP9483773007,1700.80,2026-07-14,IMPS/RZP9483773007/RAZORPAY SETTLEMENT
BTXN4229171556,RZP7775259340,44684.17,2026-07-03,NEFT CR-RZP7775259340-RAZORPAY
BTXN5485782009,RZP6597867782,26414.31,2026-07-11,NEFT CR-RZP6597867782-RAZORPAY
BTXN6086341306,RZP2468989438,33126.93,2026-07-05,UPI-RAZORPAY SOFTWARE PVT LTD-RZP2468989438
BTXN4535004417,RZP7474113339,44061.23,2026-07-04,NEFT CR-RZP7474113339-RAZORPAY
BTXN4753151327,RZP4482725370,59348.11,2026-07-13,NEFT CR-RZP4482725370-RAZORPAY
BTXN7687799478,RZP9578388062,29501.19,2026-07-09,UPI-RAZORPAY SOFTWARE PVT LTD-RZP9578388062
BTXN9445781530,RZP3173348538,9676.52,2026-07-04,AMAZON RETAIL PAYMENT
BTXN6637715537,RZP6313784767,44260.22,2026-07-10,IMPS/RZP6313784767/RAZORPAY SETTLEMENT
BTXN1620402113,rzp5454837978,58969.44,2026-07-06,UPI-RAZORPAY SETTLEMENT ORDER 837978
BTXN5838310974,RZP3510608411,71179.92,2026-07-15,RTGS-RZP3510608411-RAZORPAY SOFTWARE PVT LTD
BTXN6700824428,RZP7186241692,69808.08,2026-07-07,IMPS/RZP7186241692/RAZORPAY SETTLEMENT
BTXN5352026782,RZP3983101985,9975.22,2026-07-02,UPI-RAZORPAY SOFTWARE PVT LTD-RZP3983101985
BTXN6055378692,RZP8570131074,57142.67,2026-07-01,NEFT CR-RZP8570131074-RAZORPAY
BTXN5860569504,RPZ6290002938,37205.24,2026-07-19,UPI-RAZORPAY SETTLEMENT ORDER 002938
BTXN3079963524,RZP8280011617,62582.79,2026-07-12,UPI-RAZORPAY SOFTWARE PVT LTD-RZP8280011617
BTXN3592581693,RZP7004437224,11806.32,2026-07-14,IMPS/RZP7004437224/RAZORPAY SETTLEMENT
BTXN9529612215,RZP2176686702,41510.67,2026-07-08,NEFT CR-RZP2176686702-RAZORPAY
BTXN7641245029,RZP5768459468,57392.25,2026-07-04,NEFT CR-RZP5768459468-RAZORPAY
BTXN1787455612,RZP6056680794,48042.11,2026-07-08,NEFT CR-RZP6056680794-RAZORPAY
BTXN6587304656,RZP2511456363,13735.63,2026-07-13,IMPS/RZP2511456363/RAZORPAY SETTLEMENT
BTXN7754122222,rzp5910353437,4076.63,2026-07-16,NEFT CR RAZORPAY SOFTWARE-353437
BTXN2544767197,RZP8348759733,15622.23,2026-07-02,UPI-RAZORPAY SOFTWARE PVT LTD-RZP8348759733
BTXN5104750512,RZP2315393394,60102.84,2026-07-10,IMPS/RZP2315393394/RAZORPAY SETTLEMENT
BTXN4410047501,RZP8720302479,18168.94,2026-07-01,ZOMATO ONLINE ORDER
BTXN1237963173,RZP5771636117,3036.71,2026-07-13,RTGS-RZP5771636117-RAZORPAY SOFTWARE PVT LTD
BTXN8958199946,RZP6464693977,45559.82,2026-07-12,IMPS/RZP6464693977/RAZORPAY SETTLEMENT
BTXN3489125284,RZP6527386286,73156.27,2026-07-10,UPI-RAZORPAY SOFTWARE PVT LTD-RZP6527386286
BTXN3092673613,RZP8109955309,16231.85,2026-07-04,RTGS-RZP8109955309-RAZORPAY SOFTWARE PVT LTD
BTXN1422701550,RZP8125276666,26895.17,2026-07-07,RTGS-RZP8125276666-RAZORPAY SOFTWARE PVT LTD
BTXN1274645708,RZP5788746934,9760.17,2026-07-08,NEFT CR-RZP5788746934-RAZORPAY
BTXN1844132013,RZP5104955207,1525.08,2026-07-03,SWIGGY ORDER PAYMENT
BTXN2649188569,RZP3257656150,68719.66,2026-07-15,UPI-RAZORPAY SOFTWARE PVT LTD-RZP3257656150
BTXN4247547207,RZP8060995458,44309.00,2026-07-07,IMPS/RZP8060995458/RAZORPAY SETTLEMENT
BTXN4553324308,RZP1801648461,1544.01,2026-07-03,UPI-RAZORPAY SOFTWARE PVT LTD-RZP1801648461
BTXN5444546673,RZP6067527304,11730.69,2026-07-05,RTGS-RZP6067527304-RAZORPAY SOFTWARE PVT LTD
BTXN1049887109,RZP6435902578,38621.70,2026-07-03,UPI-RAZORPAY SOFTWARE PVT LTD-RZP6435902578
BTXN8317198302,RZP5568842024,43228.60,2026-07-01,UPI-RAZORPAY SOFTWARE PVT LTD-RZP5568842024
BTXN8812707617,RZP3323481836,58753.73,2026-07-15,UPI-RAZORPAY SOFTWARE PVT LTD-RZP3323481836
BTXN8938840682,RZP1986989268,19015.46,2026-07-12,ZOMATO ONLINE ORDER
BTXN1145998097,RZP7843568215,72744.66,2026-07-11,RTGS-RZP7843568215-RAZORPAY SOFTWARE PVT LTD
BTXN8106004989,RZP7655372248,27091.78,2026-07-12,IMPS/RZP7655372248/RAZORPAY SETTLEMENT
BTXN6611641475,RZP5338578292,9991.10,2026-07-12,IMPS/RZP5338578292/RAZORPAY SETTLEMENT
BTXN5872120191,RZP7088139551,13182.95,2026-07-12,RTGS-RZP7088139551-RAZORPAY SOFTWARE PVT LTD
BTXN5424320666,RZP6250416551,46743.94,2026-07-03,RTGS-RZP6250416551-RAZORPAY SOFTWARE PVT LTD
BTXN8442697839,RZP5193399954,38399.33,2026-07-12,NEFT CR-RZP5193399954-RAZORPAY
BTXN1908277410,RZP7599414750,58604.65,2026-07-04,RTGS-RZP7599414750-RAZORPAY SOFTWARE PVT LTD
BTXN1642575728,RZP6632773945,67012.74,2026-07-02,IMPS/RZP6632773945/RAZORPAY SETTLEMENT
BTXN3194915392,RZP5213417143,3762.42,2026-07-05,IMPS/RZP5213417143/RAZORPAY SETTLEMENT
BTXN6388850556,RZP7240227219,48501.59,2026-07-13,UPI-RAZORPAY SOFTWARE PVT LTD-RZP7240227219
BTXN7422432111,RZP8058849082,18803.40,2026-07-15,IMPS/RZP8058849082/RAZORPAY SETTLEMENT
BTXN4791540881,RZP2312983354,59674.93,2026-07-15,IMPS/RZP2312983354/RAZORPAY SETTLEMENT
BTXN7453574805,RZP6268130459,52077.47,2026-07-06,RTGS-RZP6268130459-RAZORPAY SOFTWARE PVT LTD
BTXN3131057424,RZP8620928447,42837.98,2026-07-14,UPI-RAZORPAY SOFTWARE PVT LTD-RZP8620928447
BTXN7320771839,RZP1911373050,30767.98,2026-07-04,RTGS-RZP1911373050-RAZORPAY SOFTWARE PVT LTD
BTXN3057640852,rzp9396637307,71786.69,2026-07-19,NEFT CR RAZORPAY SOFTWARE-637307
BTXN1968523055,RZP6529037732,64038.38,2026-07-12,NEFT CR-RZP6529037732-RAZORPAY
BTXN5814614179,RZP3962338947,20975.47,2026-07-16,UPI-RAZORPAY SOFTWARE PVT LTD-RZP3962338947
BTXN9987264155,RZP8654421762,4986.70,2026-07-07,IRCTC TICKET BOOKING
BTXN7140273014,RZP7376621564,31284.35,2026-07-05,UPI-RAZORPAY SOFTWARE PVT LTD-RZP7376621564
BTXN7975317751,RZP4248379701,25854.41,2026-07-15,RTGS-RZP4248379701-RAZORPAY SOFTWARE PVT LTD
BTXN7213328054,RZP9650936041,8810.43,2026-07-03,NEFT CR-RZP9650936041-RAZORPAY
BTXN2157377149,RZP4608473610,38453.81,2026-07-01,NEFT CR-RZP4608473610-RAZORPAY
BTXN5451775316,RZP8590961600,19275.78,2026-07-05,IMPS/RZP8590961600/RAZORPAY SETTLEMENT
BTXN4845430565,RZP4611870964,33191.73,2026-07-05,RTGS-RZP4611870964-RAZORPAY SOFTWARE PVT LTD
BTXN8260055734,RZP7072151414,23030.64,2026-07-07,RTGS-RZP7072151414-RAZORPAY SOFTWARE PVT LTD
BTXN8784651374,RZP9024956487,30672.92,2026-07-10,IMPS/RZP9024956487/RAZORPAY SETTLEMENT
BTXN1294548487,RZP3069832083,59341.47,2026-07-01,UPI-RAZORPAY SOFTWARE PVT LTD-RZP3069832083
BTXN8492178772,RZP9384283025,2598.02,2026-07-12,RTGS-RZP9384283025-RAZORPAY SOFTWARE PVT LTD
BTXN3349561281,RZP6466941890,23548.50,2026-07-15,IMPS/RZP6466941890/RAZORPAY SETTLEMENT
BTXN7756237356,RZP7646622094,5533.56,2026-07-01,RTGS-RZP7646622094-RAZORPAY SOFTWARE PVT LTD
BTXN9988483731,RZP1000721905,10229.82,2026-07-03,IRCTC TICKET BOOKING
BTXN7097848592,RZP1330782432,12769.92,2026-07-05,UPI-RAZORPAY SOFTWARE PVT LTD-RZP1330782432
BTXN1549140397,RZP3682179086,57430.07,2026-07-11,RTGS-RZP3682179086-RAZORPAY SOFTWARE PVT LTD
BTXN4896698887,RZP5762528548,6289.47,2026-07-10,ELECTRICITY BILL AUTOPAY
BTXN4482248141,RZP9886835080,59779.40,2026-07-14,RTGS-RZP9886835080-RAZORPAY SOFTWARE PVT LTD
BTXN6694399980,RZP4883440982,73044.00,2026-07-15,IMPS/RZP4883440982/RAZORPAY SETTLEMENT
BTXN3745420481,RZP5733958957,11095.35,2026-07-10,UPI-RAZORPAY SOFTWARE PVT LTD-RZP5733958957
BTXN1132734573,RZP4677632443,49622.84,2026-07-03,IMPS/RZP4677632443/RAZORPAY SETTLEMENT
BTXN6870460786,rzp7812588059,40408.67,2026-07-08,IMPS/RZP/588059/PAYOUT
BTXN4869039451,RZP7594697802,69579.94,2026-07-14,UPI-RAZORPAY SOFTWARE PVT LTD-RZP7594697802
BTXN6486631241,RZP3980744351,14464.03,2026-07-05,SWIGGY ORDER PAYMENT
BTXN5783697186,RZP6000519526,61503.50,2026-07-12,RTGS-RZP6000519526-RAZORPAY SOFTWARE PVT LTD
BTXN3189708324,RZP7317429073,27353.57,2026-07-05,UPI-RAZORPAY SOFTWARE PVT LTD-RZP7317429073
BTXN9917049271,RZP1550356215,65379.96,2026-07-06,IMPS/RZP/356215/PAYOUT
BTXN7422259010,RZP8175748193,18855.75,2026-07-07,IMPS/RZP/748139/PAYOUT
BTXN4351564668,RZP2434367180,74976.68,2026-07-15,IMPS/RZP2434367180/RAZORPAY SETTLEMENT
BTXN8993860620,RZP9353051125,3191.66,2026-07-09,UPI-RAZORPAY SOFTWARE PVT LTD-RZP9353051125
BTXN8270403081,RZP3047917806,60580.60,2026-07-07,NEFT CR-RZP3047917806-RAZORPAY
BTXN4134278256,RZP8023187701,51060.91,2026-07-02,NEFT CR-RZP8023187701-RAZORPAY
BTXN9748648904,RZP2887505632,50367.55,2026-07-11,UPI-RAZORPAY SOFTWARE PVT LTD-RZP2887505632
BTXN2384626843,rzp8450041619,49074.26,2026-07-07,IMPS/RZP/041619/PAYOUT
BTXN6047815974,RZP7638765835,6596.44,2026-07-05,NEFT CR-RZP7638765835-RAZORPAY
BTXN8991088511,RZP1212943085,9026.27,2026-07-01,NEFT CR-RZP1212943085-RAZORPAY
BTXN8595364460,RZP7435474631,14777.40,2026-07-03,RTGS-RZP7435474631-RAZORPAY SOFTWARE PVT LTD
BTXN7477478769,rzp2070345892,10470.45,2026-07-05,IMPS/RZP/345892/PAYOUT
BTXN9562653602,RZP5518813344,67246.10,2026-07-12,UPI-RAZORPAY SOFTWARE PVT LTD-RZP5518813344
BTXN3107305717,RZP1626610287,50041.68,2026-07-11,NEFT CR-RZP1626610287-RAZORPAY
BTXN3474434615,RZP2081873250,10185.75,2026-07-07,NETFLIX SUBSCRIPTION
BTXN1004847288,RZP3177529650,69088.46,2026-07-11,NEFT CR-RZP3177529650-RAZORPAY
BTXN6320425384,RZP8417143675,20029.45,2026-07-08,IMPS/RZP8417143675/RAZORPAY SETTLEMENT
BTXN2828666420,RZP6913007233,62463.09,2026-07-04,UPI-RAZORPAY SOFTWARE PVT LTD-RZP6913007233
BTXN3807300551,RZP1897791315,35483.21,2026-07-02,UPI-RAZORPAY SOFTWARE PVT LTD-RZP1897791315
BTXN3301421278,RZP4971272556,5646.18,2026-07-04,AMAZON RETAIL PAYMENT
BTXN1851870326,RZP1668409,31311.70,2026-07-13,UPI-RAZORPAY SETTLEMENT ORDER 409905
BTXN4553439947,RZP6975908852,13242.05,2026-07-08,ELECTRICITY BILL AUTOPAY
BTXN1767568115,RZP1894175359,13968.74,2026-07-04,RTGS-RZP1894175359-RAZORPAY SOFTWARE PVT LTD
BTXN1779909040,RZP3477578011,14569.13,2026-07-03,NEFT CR-RZP3477578011-RAZORPAY
BTXN7869573005,RZP1091561503,21426.96,2026-07-05,RTGS-RZP1091561503-RAZORPAY SOFTWARE PVT LTD
BTXN7234101654,RZP4277758858,63598.55,2026-07-11,RTGS-RZP4277758858-RAZORPAY SOFTWARE PVT LTD
BTXN8541623304,RZP3641139705,39851.89,2026-07-05,RTGS-RZP3641139705-RAZORPAY SOFTWARE PVT LTD
BTXN4918380910,RZP2685747263,9092.20,2026-07-15,IRCTC TICKET BOOKING
BTXN5925792900,RZP6974315572,27617.04,2026-07-05,UPI-RAZORPAY SOFTWARE PVT LTD-RZP6974315572
BTXN5756121843,RZP4931992938,12837.86,2026-07-01,IMPS/RZP4931992938/RAZORPAY SETTLEMENT
BTXN4395046474,RZP5509824667,3713.53,2026-07-06,NEFT CR-RZP5509824667-RAZORPAY
BTXN7139225080,RZP5990044533,63448.82,2026-07-11,IMPS/RZP5990044533/RAZORPAY SETTLEMENT
BTXN9039085265,RZP6055827390,17633.21,2026-07-02,IMPS/RZP6055827390/RAZORPAY SETTLEMENT
BTXN3779696951,RZP8201657412,32236.64,2026-07-02,UPI-RAZORPAY SOFTWARE PVT LTD-RZP8201657412
BTXN3438636480,RZP6822362090,25258.74,2026-07-04,UPI-RAZORPAY SOFTWARE PVT LTD-RZP6822362090
BTXN3137716709,RZP1511713354,33314.83,2026-07-12,IMPS/RZP1511713354/RAZORPAY SETTLEMENT
BTXN2012410919,RZP5139017000,25036.07,2026-07-15,IMPS/RZP5139017000/RAZORPAY SETTLEMENT
BTXN8511777898,RZP9352187634,39460.09,2026-07-05,NEFT CR-RZP9352187634-RAZORPAY
BTXN6484179008,RZP7910817577,22736.46,2026-07-02,RTGS-RZP7910817577-RAZORPAY SOFTWARE PVT LTD
BTXN9537728221,RZP5752190436,9755.79,2026-07-05,RTGS-RZP5752190436-RAZORPAY SOFTWARE PVT LTD
BTXN5006046404,RZP6285393967,8482.88,2026-07-06,AMAZON RETAIL PAYMENT
BTXN3260842187,RZP5028688786,23563.85,2026-07-07,IMPS/RZP5028688786/RAZORPAY SETTLEMENT
BTXN5933179746,RZP8964640525,25820.71,2026-07-13,IMPS/RZP8964640525/RAZORPAY SETTLEMENT
BTXN2168326187,RZP9495193058,37485.71,2026-07-15,IMPS/RZP9495193058/RAZORPAY SETTLEMENT
BTXN6336857629,RZP2961709893,27984.49,2026-07-05,IMPS/RZP2961709893/RAZORPAY SETTLEMENT
BTXN5938315384,RZP4276351039,19165.73,2026-07-06,IMPS/RZP4276351039/RAZORPAY SETTLEMENT
BTXN4518663863,RZP9663744205,3958.62,2026-07-16,UPI-RAZORPAY SOFTWARE PVT LTD-RZP9663744205
BTXN9801909703,RZP8101057246,73395.02,2026-07-05,RTGS-RZP8101057246-RAZORPAY SOFTWARE PVT LTD
BTXN1568115373,RZP2335705508,35297.69,2026-07-05,RTGS-RZP2335705508-RAZORPAY SOFTWARE PVT LTD
BTXN4138978721,RZP1503338583,8230.55,2026-07-10,NEFT CR-RZP1503338583-RAZORPAY
BTXN5451084058,RZP6429190671,15616.98,2026-07-09,IMPS/RZP6429190671/RAZORPAY SETTLEMENT
BTXN2708695827,RZP8267469658,51854.08,2026-07-13,IMPS/RZP8267469658/RAZORPAY SETTLEMENT
BTXN2195947852,RZP9806568,25388.53,2026-07-07,IMPS/RZP/568830/PAYOUT
BTXN1359895163,RZP2251164560,31817.68,2026-07-15,NEFT CR-RZP2251164560-RAZORPAY
BTXN2872140357,RZP7835064131,24027.45,2026-07-11,RTGS-RZP7835064131-RAZORPAY SOFTWARE PVT LTD
BTXN9754781813,RZP4740176476,23177.90,2026-07-06,UPI-RAZORPAY SOFTWARE PVT LTD-RZP4740176476
BTXN1961189885,RZP8295428906,7746.09,2026-07-05,RTGS-RZP8295428906-RAZORPAY SOFTWARE PVT LTD
BTXN2025894383,RZP9990927430,63264.56,2026-07-08,RTGS-RZP9990927430-RAZORPAY SOFTWARE PVT LTD
BTXN9327720702,RZP5187948804,29845.83,2026-07-13,IMPS/RZP5187948804/RAZORPAY SETTLEMENT
BTXN3115374497,RZP5284360349,3686.02,2026-07-03,ATM WDL CHN
BTXN9433745733,RZP8566436,49553.19,2026-07-08,UPI-RAZORPAY SETTLEMENT ORDER 436223
BTXN6986354135,RZP8292722149,12364.42,2026-07-15,RTGS-RZP8292722149-RAZORPAY SOFTWARE PVT LTD
BTXN9876993483,RZP9792240,52938.72,2026-07-06,IMPS/RZP/240602/PAYOUT
BTXN4295291631,RZP2205259030,50662.02,2026-07-05,RTGS-RZP2205259030-RAZORPAY SOFTWARE PVT LTD
BTXN4909593831,RZP3015835496,73560.33,2026-07-04,NEFT CR-RZP3015835496-RAZORPAY
BTXN7797289479,RZP6253657565,11850.56,2026-07-04,IRCTC TICKET BOOKING
BTXN7168129514,RZP3841954554,64938.80,2026-07-16,IMPS/RZP3841954554/RAZORPAY SETTLEMENT
BTXN9131175231,RZP3105227351,6664.33,2026-07-10,AMAZON RETAIL PAYMENT
BTXN4987388889,RZP3864307279,57699.52,2026-07-09,NEFT CR-RZP3864307279-RAZORPAY
BTXN8690511384,RZP7116980518,30434.42,2026-07-04,IMPS/RZP7116980518/RAZORPAY SETTLEMENT
BTXN4960203561,RZP8477847680,67229.78,2026-07-15,IMPS/RZP8477847680/RAZORPAY SETTLEMENT
BTXN4775361169,RZP9458262482,70841.93,2026-07-04,IMPS/RZP9458262482/RAZORPAY SETTLEMENT
BTXN6681832016,RZP4289696531,63069.89,2026-07-11,NEFT CR-RZP4289696531-RAZORPAY
BTXN6798600685,RZP1213633868,47295.64,2026-07-16,RTGS-RZP1213633868-RAZORPAY SOFTWARE PVT LTD
BTXN2550251083,RZP8533934055,14424.22,2026-07-08,RTGS-RZP8533934055-RAZORPAY SOFTWARE PVT LTD
BTXN9420649582,RZP6863332693,60153.22,2026-07-08,RTGS-RZP6863332693-RAZORPAY SOFTWARE PVT LTD
BTXN3096427963,RZP5388366,30436.64,2026-07-05,IMPS/RZP/366868/PAYOUT
BTXN6579480153,RZP2242655074,9382.72,2026-07-14,RTGS-RZP2242655074-RAZORPAY SOFTWARE PVT LTD
BTXN3195234770,RZP4567589221,21224.26,2026-07-08,NEFT CR-RZP4567589221-RAZORPAY
BTXN6827279823,RZP1063851638,12239.61,2026-07-09,NEFT CR-RZP1063851638-RAZORPAY
BTXN7649268039,RZP5992326401,3673.06,2026-07-11,IRCTC TICKET BOOKING
BTXN4965485216,RPZ1662976364,22843.07,2026-07-08,UPI-RAZORPAY SETTLEMENT ORDER 976364
BTXN2510581288,RZP8532520509,22157.28,2026-07-02,RTGS-RZP8532520509-RAZORPAY SOFTWARE PVT LTD
BTXN1604159314,RZP5425699662,5333.97,2026-07-04,RTGS-RZP5425699662-RAZORPAY SOFTWARE PVT LTD
BTXN8943525607,RZP4573048663,41715.42,2026-07-03,UPI-RAZORPAY SOFTWARE PVT LTD-RZP4573048663
BTXN4049981121,RZP6179773005,8024.17,2026-07-06,ELECTRICITY BILL AUTOPAY
BTXN5231868728,RZP2915479210,63547.70,2026-07-09,NEFT CR-RZP2915479210-RAZORPAY
BTXN7748525039,RZP6961916011,12240.78,2026-07-09,NEFT CR-RZP6961916011-RAZORPAY
BTXN6540003171,RZP3407476,35934.56,2026-07-09,NEFT CR RAZORPAY SOFTWARE-476094
BTXN3400369437,RZP7774698513,7353.63,2026-07-10,IRCTC TICKET BOOKING
BTXN8958932273,RZP7831981485,10966.49,2026-07-12,SWIGGY ORDER PAYMENT
BTXN9917981516,RZP9033841191,56062.46,2026-07-04,IMPS/RZP9033841191/RAZORPAY SETTLEMENT
BTXN1473301871,RZP6488274284,12732.63,2026-07-05,UPI-RAZORPAY SOFTWARE PVT LTD-RZP6488274284
BTXN7974513377,rzp6391197367,35227.59,2026-07-07,IMPS/RZP/197367/PAYOUT
BTXN6095359489,RZP7873411172,7221.57,2026-07-07,IMPS/RZP7873411172/RAZORPAY SETTLEMENT
BTXN6274512057,RZP7386572222,58295.37,2026-07-10,UPI-RAZORPAY SETTLEMENT ORDER 572222
BTXN7726318088,RZP4958196827,33353.42,2026-07-03,IMPS/RZP4958196827/RAZORPAY SETTLEMENT
BTXN5648042822,RZP8087369999,31034.51,2026-07-06,NEFT CR-RZP8087369999-RAZORPAY
BTXN7800904085,RZP4997329298,53817.66,2026-07-10,IMPS/RZP4997329298/RAZORPAY SETTLEMENT
BTXN6786805346,RZP7524635023,43347.77,2026-07-10,IMPS/RZP7524635023/RAZORPAY SETTLEMENT
BTXN4712840820,RZP4548649570,61786.38,2026-07-09,RTGS-RZP4548649570-RAZORPAY SOFTWARE PVT LTD
BTXN7532494907,RZP8712537425,22937.81,2026-07-11,UPI-RAZORPAY SOFTWARE PVT LTD-RZP8712537425
BTXN6846766925,RZP2711552716,20039.58,2026-07-14,IMPS/RZP2711552716/RAZORPAY SETTLEMENT
BTXN2381165778,RZP5642618773,69362.67,2026-07-10,IMPS/RZP5642618773/RAZORPAY SETTLEMENT
BTXN3153935795,RZP9054272983,2722.87,2026-07-07,UPI-RAZORPAY SOFTWARE PVT LTD-RZP9054272983
BTXN1314320135,RZP3587885883,1142.20,2026-07-15,UPI-RAZORPAY SOFTWARE PVT LTD-RZP3587885883
BTXN2877279755,RZP4110258855,37809.07,2026-07-06,UPI-RAZORPAY SOFTWARE PVT LTD-RZP4110258855
BTXN1732276273,RZP6296431102,14281.50,2026-07-15,RTGS-RZP6296431102-RAZORPAY SOFTWARE PVT LTD
BTXN8764588206,RZP6573353634,44247.02,2026-07-08,RTGS-RZP6573353634-RAZORPAY SOFTWARE PVT LTD
BTXN5027669256,RZP5009988,65028.34,2026-07-14,IMPS/RZP/988820/PAYOUT
BTXN9499081961,RZP2335984617,20108.00,2026-07-13,UPI-RAZORPAY SOFTWARE PVT LTD-RZP2335984617
BTXN7171990384,RZP7499239366,35533.48,2026-07-07,NEFT CR-RZP7499239366-RAZORPAY
BTXN1150095888,RZP1740770012,18550.92,2026-07-11,UPI-RAZORPAY SOFTWARE PVT LTD-RZP1740770012
BTXN6305269582,RZP6472185711,74411.34,2026-07-16,UPI-RAZORPAY SOFTWARE PVT LTD-RZP6472185711
BTXN1339783148,RZP6744039057,47529.87,2026-07-10,RTGS-RZP6744039057-RAZORPAY SOFTWARE PVT LTD
BTXN9872057149,ZRP1152859029,28561.96,2026-07-09,NEFT CR RAZORPAY SOFTWARE-859029
BTXN5924383982,RZP1656439796,10542.97,2026-07-14,SALARY CREDIT XYZ CORP
BTXN5487406104,ZRP1883143945,74282.18,2026-07-10,NEFT CR RAZORPAY SOFTWARE-143945
BTXN4232957187,RZP2282093337,44367.26,2026-07-02,RTGS-RZP2282093337-RAZORPAY SOFTWARE PVT LTD
BTXN6361113275,RZP7752414915,69429.88,2026-07-08,UPI-RAZORPAY SOFTWARE PVT LTD-RZP7752414915
BTXN6522023786,RZP5748236923,29173.66,2026-07-15,IMPS/RZP/263923/PAYOUT
BTXN7345385864,RZP1378134712,46278.74,2026-07-11,RTGS-RZP1378134712-RAZORPAY SOFTWARE PVT LTD
BTXN6386588982,RZP5178391171,59847.23,2026-07-03,NEFT CR-RZP5178391171-RAZORPAY
BTXN7935632899,RZP6737936549,37956.25,2026-07-13,IMPS/RZP6737936549/RAZORPAY SETTLEMENT
BTXN7232946249,RZP7272840144,58462.05,2026-07-02,UPI-RAZORPAY SOFTWARE PVT LTD-RZP7272840144
BTXN2393185834,RZP6880804196,2411.62,2026-07-11,RTGS-RZP6880804196-RAZORPAY SOFTWARE PVT LTD
BTXN7844438056,RZP6447403415,14100.42,2026-07-09,RTGS-RZP6447403415-RAZORPAY SOFTWARE PVT LTD
BTXN9018951158,RZP1893498866,18156.80,2026-07-03,ZOMATO ONLINE ORDER
BTXN5683650794,RZP4085641527,51670.44,2026-07-11,UPI-RAZORPAY SOFTWARE PVT LTD-RZP4085641527
BTXN1672096821,RZP1024448465,49709.40,2026-07-05,NEFT CR-RZP1024448465-RAZORPAY
BTXN1501304000,RZP3145882783,62286.34,2026-07-03,NEFT CR-RZP3145882783-RAZORPAY
BTXN8309340545,RZ7P916793182,21874.63,2026-07-06,IMPS/RZP/793182/PAYOUT
BTXN6900016637,RZP5262252525,15573.76,2026-07-14,NEFT CR-RZP5262252525-RAZORPAY
BTXN6616315434,RZP2200488846,60733.98,2026-07-13,IMPS/RZP2200488846/RAZORPAY SETTLEMENT
BTXN3135674801,RZP6364268457,44277.83,2026-07-12,IMPS/RZP6364268457/RAZORPAY SETTLEMENT
BTXN5384970438,RZP9834209483,8982.91,2026-07-10,RTGS-RZP9834209483-RAZORPAY SOFTWARE PVT LTD
BTXN3607677995,RZP3471561234,6748.61,2026-07-11,ATM WDL CHN
BTXN4451648775,RZP3226169058,6521.27,2026-07-12,IRCTC TICKET BOOKING
BTXN8417986166,RZP3705119955,20454.28,2026-07-02,UPI-RAZORPAY SOFTWARE PVT LTD-RZP3705119955
BTXN5345000066,RZP5422953582,55658.26,2026-07-14,NEFT CR-RZP5422953582-RAZORPAY
BTXN3230637174,RZP6905714777,57542.59,2026-07-10,RTGS-RZP6905714777-RAZORPAY SOFTWARE PVT LTD
BTXN4545940090,RZP7896596272,31480.50,2026-07-09,RTGS-RZP7896596272-RAZORPAY SOFTWARE PVT LTD
BTXN9387105742,RZP3345186726,51356.13,2026-07-12,IMPS/RZP3345186726/RAZORPAY SETTLEMENT
BTXN2889045932,RZP6173533371,61385.12,2026-07-05,UPI-RAZORPAY SOFTWARE PVT LTD-RZP6173533371
BTXN6793765059,RZP9439600419,22825.44,2026-07-04,UPI-RAZORPAY SOFTWARE PVT LTD-RZP9439600419
BTXN3819041690,RZP1182852834,73593.08,2026-07-15,IMPS/RZP1182852834/RAZORPAY SETTLEMENT
BTXN1473779636,rzp5874842445,8801.32,2026-07-19,UPI-RAZORPAY SETTLEMENT ORDER 842445
BTXN3310051469,RZP3187736018,38513.54,2026-07-02,IMPS/RZP3187736018/RAZORPAY SETTLEMENT
BTXN7158931342,RZP8944237914,44536.78,2026-07-04,NEFT CR-RZP8944237914-RAZORPAY
BTXN2704353802,RZP6554995700,34864.46,2026-07-15,RTGS-RZP6554995700-RAZORPAY SOFTWARE PVT LTD
BTXN5359222222,RZP1362402430,2017.53,2026-07-02,ATM WDL HYD
BTXN7614577136,RZP9702567924,45343.15,2026-07-14,UPI-RAZORPAY SOFTWARE PVT LTD-RZP9702567924
BTXN6020616922,RZP4381958315,8219.91,2026-07-14,IMPS/RZP4381958315/RAZORPAY SETTLEMENT
BTXN8347776765,RZP5160419391,18913.79,2026-07-13,ZOMATO ONLINE ORDER
BTXN1669376127,RZP8712252224,63013.37,2026-07-01,IMPS/RZP8712252224/RAZORPAY SETTLEMENT
BTXN8723296882,RZP4833996253,24007.95,2026-07-08,NEFT CR-RZP4833996253-RAZORPAY
BTXN6972230844,RZP7393732992,19356.84,2026-07-13,IMPS/RZP7393732992/RAZORPAY SETTLEMENT
BTXN6233679020,RZP9873472374,61223.82,2026-07-11,IMPS/RZP9873472374/RAZORPAY SETTLEMENT
BTXN4292023422,RZP6052593258,60591.84,2026-07-09,IMPS/RZP6052593258/RAZORPAY SETTLEMENT
BTXN5583762753,rzp5408111967,74308.59,2026-07-10,IMPS/RZP/111967/PAYOUT
BTXN2960379288,RZP5464297388,72328.62,2026-07-10,IMPS/RZP5464297388/RAZORPAY SETTLEMENT
BTXN9942494378,RZP3887067102,68766.13,2026-07-04,RTGS-RZP3887067102-RAZORPAY SOFTWARE PVT LTD
BTXN2781166078,RZP8558831076,50880.83,2026-07-13,UPI-RAZORPAY SOFTWARE PVT LTD-RZP8558831076
BTXN1551450565,RZP3594921532,8152.86,2026-07-13,NEFT CR-RZP3594921532-RAZORPAY
BTXN7965997893,RZP3344629691,16113.48,2026-07-14,IMPS/RZP3344629691/RAZORPAY SETTLEMENT
BTXN1999733703,RZP6412126103,12694.14,2026-07-03,ELECTRICITY BILL AUTOPAY
BTXN7018661167,RZP3477585120,9141.52,2026-07-07,UPI-RAZORPAY SOFTWARE PVT LTD-RZP3477585120
BTXN2646184258,RZP3795858782,29399.07,2026-07-03,UPI-RAZORPAY SOFTWARE PVT LTD-RZP3795858782
BTXN5673536349,RZP6541708638,15501.40,2026-07-01,IRCTC TICKET BOOKING
BTXN4556137034,RZP1935353117,3813.14,2026-07-03,NETFLIX SUBSCRIPTION
BTXN6339583169,RZP3339797,53688.04,2026-07-17,NEFT CR RAZORPAY SOFTWARE-797652
BTXN6799312597,RZP4106677731,8252.56,2026-07-08,NEFT CR-RZP4106677731-RAZORPAY
BTXN9637677009,RZP7594624788,18629.03,2026-07-14,RTGS-RZP7594624788-RAZORPAY SOFTWARE PVT LTD
BTXN2009237579,RZP5345102095,60852.48,2026-07-01,RTGS-RZP5345102095-RAZORPAY SOFTWARE PVT LTD
BTXN1206000737,RZP8760139014,7617.77,2026-07-06,IMPS/RZP8760139014/RAZORPAY SETTLEMENT
BTXN7432599794,RZP9351765086,35015.53,2026-07-11,RTGS-RZP9351765086-RAZORPAY SOFTWARE PVT LTD
BTXN4460319291,RZP2635881694,11365.36,2026-07-12,NEFT CR-RZP2635881694-RAZORPAY
BTXN7133865128,RZP2550425631,18008.24,2026-07-09,IMPS/RZP2550425631/RAZORPAY SETTLEMENT
BTXN2392343096,RZP5507760127,10521.76,2026-07-13,IRCTC TICKET BOOKING
BTXN3745778625,RZP5768518699,58929.11,2026-07-14,UPI-RAZORPAY SOFTWARE PVT LTD-RZP5768518699
BTXN8661084970,RZP4327428609,783.75,2026-07-08,SALARY CREDIT XYZ CORP
BTXN1645046796,RZP5713210519,30842.85,2026-07-12,UPI-RAZORPAY SOFTWARE PVT LTD-RZP5713210519
BTXN7880625191,RZP3721242972,9230.59,2026-07-08,RTGS-RZP3721242972-RAZORPAY SOFTWARE PVT LTD
BTXN1685687546,RZP6563712729,54471.18,2026-07-12,IMPS/RZP6563712729/RAZORPAY SETTLEMENT
BTXN7886314544,RZP1189594548,32875.43,2026-07-06,RTGS-RZP1189594548-RAZORPAY SOFTWARE PVT LTD
BTXN1403582735,RZP1464926922,39765.39,2026-07-16,IMPS/RZP/929622/PAYOUT
BTXN2625035499,RZP6104873480,66221.07,2026-07-07,RTGS-RZP6104873480-RAZORPAY SOFTWARE PVT LTD
BTXN2250743017,RZP9913353664,7314.13,2026-07-13,NEFT CR-RZP9913353664-RAZORPAY
BTXN9379906181,RZP4661941389,41412.42,2026-07-06,NEFT CR-RZP4661941389-RAZORPAY
BTXN7724287042,RZP2141405441,74799.04,2026-07-14,RTGS-RZP2141405441-RAZORPAY SOFTWARE PVT LTD
BTXN1058643675,RZP1819253670,53804.49,2026-07-09,IMPS/RZP1819253670/RAZORPAY SETTLEMENT
BTXN6451389154,RZP6092933720,45540.71,2026-07-10,RTGS-RZP6092933720-RAZORPAY SOFTWARE PVT LTD
BTXN5247206603,RZP1744270008,2455.11,2026-07-14,RTGS-RZP1744270008-RAZORPAY SOFTWARE PVT LTD
BTXN8841458420,RZP1869274621,11796.06,2026-07-09,IMPS/RZP1869274621/RAZORPAY SETTLEMENT
BTXN9913615651,RZP5103162544,55093.98,2026-07-13,IMPS/RZP5103162544/RAZORPAY SETTLEMENT
BTXN4579265601,RZP8387395021,22491.83,2026-07-04,IMPS/RZP8387395021/RAZORPAY SETTLEMENT
BTXN3944737340,RZP7830245654,20588.26,2026-07-13,IMPS/RZP7830245654/RAZORPAY SETTLEMENT
BTXN6110537252,RZP8412044740,18946.12,2026-07-07,RTGS-RZP8412044740-RAZORPAY SOFTWARE PVT LTD
BTXN5337997351,RZP3109018921,4917.40,2026-07-12,NEFT CR-RZP3109018921-RAZORPAY
BTXN7610045611,RZP2430677435,71467.48,2026-07-10,NEFT CR-RZP2430677435-RAZORPAY
BTXN2892314992,RZP9937272146,66068.34,2026-07-12,IMPS/RZP9937272146/RAZORPAY SETTLEMENT
BTXN4055540724,RZP4266374636,6231.76,2026-07-10,UPI-RAZORPAY SOFTWARE PVT LTD-RZP4266374636
BTXN9721018412,RZP3031423129,30150.54,2026-07-02,RTGS-RZP3031423129-RAZORPAY SOFTWARE PVT LTD
BTXN6004809017,RZP1360838951,19077.06,2026-07-05,AMAZON RETAIL PAYMENT
BTXN3459298359,RZP4788947574,55942.92,2026-07-13,IMPS/RZP4788947574/RAZORPAY SETTLEMENT
BTXN2081266682,RZP9126185429,40381.18,2026-07-11,RTGS-RZP9126185429-RAZORPAY SOFTWARE PVT LTD
BTXN2242470749,RZP9264001435,41204.22,2026-07-05,NEFT CR-RZP9264001435-RAZORPAY
BTXN3195895709,RZP9799058406,34858.35,2026-07-12,UPI-RAZORPAY SOFTWARE PVT LTD-RZP9799058406
BTXN1891909951,RZP2436110879,57036.84,2026-07-17,UPI-RAZORPAY SETTLEMENT ORDER 118079
BTXN4864383437,RZP3632148,38390.54,2026-07-18,NEFT CR RAZORPAY SOFTWARE-148318
BTXN6273571024,RZP7343928179,51376.44,2026-07-07,RTGS-RZP7343928179-RAZORPAY SOFTWARE PVT LTD
BTXN7923014252,RZP8573118097,38040.50,2026-07-02,UPI-RAZORPAY SOFTWARE PVT LTD-RZP8573118097
BTXN5680545493,RZP1539076365,61701.70,2026-07-06,UPI-RAZORPAY SOFTWARE PVT LTD-RZP1539076365
BTXN7567013916,RZP8070399922,43309.49,2026-07-08,RTGS-RZP8070399922-RAZORPAY SOFTWARE PVT LTD
BTXN1935135960,RZP4832959264,7828.86,2026-07-01,IMPS/RZP4832959264/RAZORPAY SETTLEMENT
BTXN3811620617,RZP9216877519,23756.75,2026-07-05,UPI-RAZORPAY SOFTWARE PVT LTD-RZP9216877519
BTXN2361821802,RZP7377986420,39002.45,2026-07-15,IMPS/RZP7377986420/RAZORPAY SETTLEMENT
BTXN5910540335,RZP7126644332,2253.11,2026-07-02,NEFT CR-RZP7126644332-RAZORPAY
BTXN7252158352,RZP9081716335,60663.64,2026-07-01,IMPS/RZP9081716335/RAZORPAY SETTLEMENT
BTXN2467161344,RZP8541487759,19658.23,2026-07-08,UPI-RAZORPAY SOFTWARE PVT LTD-RZP8541487759
BTXN7222637202,RZP2127966460,40017.94,2026-07-07,UPI-RAZORPAY SOFTWARE PVT LTD-RZP2127966460
BTXN4675966657,RZP6137461136,6332.93,2026-07-14,IRCTC TICKET BOOKING
BTXN4874520245,RZP4874106052,56326.35,2026-07-14,NEFT CR-RZP4874106052-RAZORPAY
BTXN5506793071,RZP3109692490,38304.80,2026-07-06,IMPS/RZP3109692490/RAZORPAY SETTLEMENT
BTXN7848331125,RZP3088037226,34541.71,2026-07-14,NEFT CR-RZP3088037226-RAZORPAY
BTXN5532828602,RZP4794043264,5032.00,2026-07-10,NEFT CR-RZP4794043264-RAZORPAY
BTXN7098464886,RZP3989469497,22065.39,2026-07-05,IMPS/RZP3989469497/RAZORPAY SETTLEMENT
BTXN4119261951,RZP5037010859,28723.56,2026-07-10,UPI-RAZORPAY SOFTWARE PVT LTD-RZP5037010859
BTXN7735647781,RZP3982492367,42424.56,2026-07-02,UPI-RAZORPAY SOFTWARE PVT LTD-RZP3982492367
BTXN1789249949,RZP4586925258,71128.99,2026-07-07,UPI-RAZORPAY SOFTWARE PVT LTD-RZP4586925258
BTXN7299057241,RZP8902351211,32365.99,2026-07-12,NEFT CR-RZP8902351211-RAZORPAY
BTXN6840625415,RZP2380042073,70748.07,2026-07-02,NEFT CR-RZP2380042073-RAZORPAY
BTXN9045090355,RZP8108057356,1420.84,2026-07-14,NEFT CR-RZP8108057356-RAZORPAY
BTXN8460108930,RZP5440488015,65050.12,2026-07-14,RTGS-RZP5440488015-RAZORPAY SOFTWARE PVT LTD
BTXN3985904649,RZP5580012388,31854.85,2026-07-12,IMPS/RZP5580012388/RAZORPAY SETTLEMENT
BTXN6521133946,RZP1447798353,31459.89,2026-07-09,UPI-RAZORPAY SOFTWARE PVT LTD-RZP1447798353
BTXN7753075536,rzp6902707365,68467.47,2026-07-06,UPI-RAZORPAY SETTLEMENT ORDER 707365
BTXN7101791420,RZP1504729135,36426.95,2026-07-03,UPI-RAZORPAY SOFTWARE PVT LTD-RZP1504729135
BTXN1340975920,RZP1057087328,2080.40,2026-07-13,UPI-RAZORPAY SOFTWARE PVT LTD-RZP1057087328
BTXN8976232759,rzp9936245290,22807.59,2026-07-17,IMPS/RZP/245290/PAYOUT
BTXN9883214327,RZP6930468316,42462.55,2026-07-02,IMPS/RZP6930468316/RAZORPAY SETTLEMENT
BTXN3146904864,RZP9611033518,31461.04,2026-07-08,UPI-RAZORPAY SOFTWARE PVT LTD-RZP9611033518
BTXN7447997406,RZP5461761747,27412.83,2026-07-10,IMPS/RZP5461761747/RAZORPAY SETTLEMENT
BTXN7537228950,RZP2461923754,7592.38,2026-07-02,RTGS-RZP2461923754-RAZORPAY SOFTWARE PVT LTD
BTXN7551240062,RZP3219098,61142.71,2026-07-15,NEFT CR RAZORPAY SOFTWARE-098493
BTXN2000020774,rzp8900217024,54717.32,2026-07-11,UPI-RAZORPAY SETTLEMENT ORDER 217024
BTXN7019156642,RZP7713018809,67061.27,2026-07-03,NEFT CR-RZP7713018809-RAZORPAY
BTXN5235223789,RZP9547025881,19574.57,2026-07-08,NETFLIX SUBSCRIPTION
BTXN7055665598,RZP4932026073,13077.42,2026-07-04,ZOMATO ONLINE ORDER
BTXN2804621381,RZP8120625032,7982.46,2026-07-07,UPI-RAZORPAY SOFTWARE PVT LTD-RZP8120625032
BTXN6042580412,RZP1276466636,46086.82,2026-07-02,UPI-RAZORPAY SOFTWARE PVT LTD-RZP1276466636
BTXN3206041339,RZP7195580664,22258.21,2026-07-03,UPI-RAZORPAY SOFTWARE PVT LTD-RZP7195580664
BTXN7656549104,RZP7836656538,21165.98,2026-07-12,RTGS-RZP7836656538-RAZORPAY SOFTWARE PVT LTD
BTXN8347036704,RZP8243193820,8115.44,2026-07-14,UPI-RAZORPAY SOFTWARE PVT LTD-RZP8243193820
BTXN1616450139,rzp7976198192,51722.93,2026-07-13,NEFT CR RAZORPAY SOFTWARE-198192
BTXN7831560606,RZP9431778238,19376.07,2026-07-13,NEFT CR-RZP9431778238-RAZORPAY
BTXN2653659907,RZP5233833404,10312.31,2026-07-15,ZOMATO ONLINE ORDER
BTXN4846563590,RZP3159194129,63006.20,2026-07-13,RTGS-RZP3159194129-RAZORPAY SOFTWARE PVT LTD
BTXN5835903080,RZP7223423289,3649.73,2026-07-04,UPI-RAZORPAY SOFTWARE PVT LTD-RZP7223423289
BTXN6843435201,RZP2496871541,51547.63,2026-07-05,UPI-RAZORPAY SOFTWARE PVT LTD-RZP2496871541
BTXN4194166609,RZP4136177781,55321.33,2026-07-12,IMPS/RZP4136177781/RAZORPAY SETTLEMENT
BTXN1595132228,RZP9018163876,9051.74,2026-07-04,UPI-RAZORPAY SOFTWARE PVT LTD-RZP9018163876
BTXN7531135825,RZP1174900888,31249.08,2026-07-10,NEFT CR-RZP1174900888-RAZORPAY
BTXN9947436896,RZP6924078888,52604.40,2026-07-11,IMPS/RZP6924078888/RAZORPAY SETTLEMENT
BTXN3886794808,rzp8863128081,47908.06,2026-07-08,IMPS/RZP/128081/PAYOUT
BTXN9329769860,RZP3624253,33481.51,2026-07-13,UPI-RAZORPAY SETTLEMENT ORDER 253543
BTXN3178960298,RZP7870737796,43261.88,2026-07-15,RTGS-RZP7870737796-RAZORPAY SOFTWARE PVT LTD
BTXN9962404512,RZP4662016740,62078.47,2026-07-02,IMPS/RZP4662016740/RAZORPAY SETTLEMENT
BTXN9562976330,RZP2194523583,18201.58,2026-07-02,ZOMATO ONLINE ORDER
BTXN5504244939,RZP7941548191,34842.08,2026-07-06,UPI-RAZORPAY SETTLEMENT ORDER 548119
BTXN5594799319,RZP9505085936,18657.95,2026-07-09,NEFT CR-RZP9505085936-RAZORPAY
BTXN3085068274,RZP7587519811,53589.56,2026-07-15,NEFT CR-RZP7587519811-RAZORPAY
BTXN8208608569,RZP5647317,36445.76,2026-07-15,NEFT CR RAZORPAY SOFTWARE-317243
BTXN1894996931,RZP2047225,71607.23,2026-07-09,UPI-RAZORPAY SETTLEMENT ORDER 225988
BTXN9696469940,RZP7844043569,15633.07,2026-07-12,UPI-RAZORPAY SOFTWARE PVT LTD-RZP7844043569
BTXN2204106467,RZP3370122112,10931.00,2026-07-04,UPI-RAZORPAY SOFTWARE PVT LTD-RZP3370122112
BTXN5139647840,RZP9144641040,54460.08,2026-07-14,NEFT CR-RZP9144641040-RAZORPAY
BTXN1175892199,RZP7385863902,5313.93,2026-07-05,UPI-RAZORPAY SOFTWARE PVT LTD-RZP7385863902
BTXN6970753942,RZP4782808120,16120.21,2026-07-02,NEFT CR-RZP4782808120-RAZORPAY
BTXN7177044171,RZP7595977354,69095.67,2026-07-08,UPI-RAZORPAY SETTLEMENT ORDER 977354
BTXN7698081100,RZP5741459197,24836.40,2026-07-02,IMPS/RZP5741459197/RAZORPAY SETTLEMENT
BTXN8792778835,RZP2707272205,17406.01,2026-07-12,NEFT CR-RZP2707272205-RAZORPAY
BTXN4031765433,RZP9084427417,2978.33,2026-07-15,UPI-RAZORPAY SOFTWARE PVT LTD-RZP9084427417
BTXN2838206006,RZP6532349731,70351.90,2026-07-03,RTGS-RZP6532349731-RAZORPAY SOFTWARE PVT LTD
BTXN3448819206,RZP2391874847,52928.35,2026-07-09,IMPS/RZP2391874847/RAZORPAY SETTLEMENT
BTXN9393987601,RZP6070712800,2677.67,2026-07-09,ELECTRICITY BILL AUTOPAY
BTXN9608766220,RZP1036026545,9686.69,2026-07-10,NEFT CR-RZP1036026545-RAZORPAY
BTXN4280351998,RZP4996381818,54822.42,2026-07-09,IMPS/RZP4996381818/RAZORPAY SETTLEMENT
BTXN5877610057,RZP2093747847,66731.40,2026-07-05,IMPS/RZP2093747847/RAZORPAY SETTLEMENT
BTXN2680416101,RZP1132343896,1539.01,2026-07-03,IRCTC TICKET BOOKING
BTXN2210565696,RZP3449142215,7883.37,2026-07-10,UPI-RAZORPAY SOFTWARE PVT LTD-RZP3449142215
BTXN8494240222,RZP4460788855,1907.11,2026-07-17,IMPS/RZP/788585/PAYOUT
BTXN5636014523,RZP6935479010,13442.03,2026-07-04,ZOMATO ONLINE ORDER
BTXN8534293329,RZP1252538798,45948.34,2026-07-11,RTGS-RZP1252538798-RAZORPAY SOFTWARE PVT LTD
BTXN3193894984,RZP8648220906,42640.96,2026-07-13,RTGS-RZP8648220906-RAZORPAY SOFTWARE PVT LTD
BTXN4942272347,RZP6295669542,60925.03,2026-07-02,RTGS-RZP6295669542-RAZORPAY SOFTWARE PVT LTD
BTXN7866899560,RZP2922290034,42145.57,2026-07-17,UPI-RAZORPAY SOFTWARE PVT LTD-RZP2922290034
BTXN3066520387,RZP5795033864,71765.31,2026-07-08,IMPS/RZP5795033864/RAZORPAY SETTLEMENT
BTXN1400491759,RZP3531409,45583.55,2026-07-08,UPI-RAZORPAY SETTLEMENT ORDER 409727
BTXN9802910709,RZP6481215072,29035.35,2026-07-01,IMPS/RZP6481215072/RAZORPAY SETTLEMENT
BTXN4002316191,RZP1018770589,11477.15,2026-07-04,IMPS/RZP1018770589/RAZORPAY SETTLEMENT
BTXN3626948233,RZP4228638176,13719.56,2026-07-03,UPI-RAZORPAY SOFTWARE PVT LTD-RZP4228638176
BTXN8431946520,RZP2569063096,70808.45,2026-07-10,RTGS-RZP2569063096-RAZORPAY SOFTWARE PVT LTD
BTXN2285384455,RZP5129478722,44234.19,2026-07-13,RTGS-RZP5129478722-RAZORPAY SOFTWARE PVT LTD
BTXN2477279851,RZP4452101408,44675.46,2026-07-01,UPI-RAZORPAY SOFTWARE PVT LTD-RZP4452101408
BTXN4598549414,RZP6669715485,22938.83,2026-07-06,RTGS-RZP6669715485-RAZORPAY SOFTWARE PVT LTD
BTXN9128165414,RZP5033285708,25348.65,2026-07-05,RTGS-RZP5033285708-RAZORPAY SOFTWARE PVT LTD
BTXN6720572969,RZP3778416511,21815.26,2026-07-14,UPI-RAZORPAY SOFTWARE PVT LTD-RZP3778416511
BTXN3318540994,RZP8009757626,3303.77,2026-07-06,NETFLIX SUBSCRIPTION
BTXN6656325222,RZP8797291026,7019.15,2026-07-11,NETFLIX SUBSCRIPTION
BTXN4269314008,RZP2344527948,57908.33,2026-07-03,UPI-RAZORPAY SOFTWARE PVT LTD-RZP2344527948
BTXN2791050803,RZP7459350727,34148.56,2026-07-05,IMPS/RZP7459350727/RAZORPAY SETTLEMENT
BTXN9927636979,RZP3382638218,14264.47,2026-07-10,UPI-RAZORPAY SOFTWARE PVT LTD-RZP3382638218
BTXN9614435201,RZP8571863474,17826.39,2026-07-14,IMPS/RZP8571863474/RAZORPAY SETTLEMENT
BTXN2360084456,RZP7967080783,13267.97,2026-07-10,ZOMATO ONLINE ORDER
BTXN4949186345,RZP7267606507,12510.19,2026-07-12,ELECTRICITY BILL AUTOPAY
BTXN3908194981,RZP1900611895,3632.46,2026-07-04,SWIGGY ORDER PAYMENT
BTXN4158775469,RZP3304513663,55708.34,2026-07-04,UPI-RAZORPAY SOFTWARE PVT LTD-RZP3304513663
BTXN9470861195,RZP9773327464,26790.67,2026-07-08,RTGS-RZP9773327464-RAZORPAY SOFTWARE PVT LTD
BTXN2134900434,RZP3206955437,28601.27,2026-07-07,IMPS/RZP3206955437/RAZORPAY SETTLEMENT
BTXN2727237443,RZP2314844703,43774.38,2026-07-13,IMPS/RZP2314844703/RAZORPAY SETTLEMENT
BTXN5838906966,RZP6500836382,67736.54,2026-07-12,UPI-RAZORPAY SOFTWARE PVT LTD-RZP6500836382
BTXN3588707112,RZP1872156767,42767.65,2026-07-05,NEFT CR-RZP1872156767-RAZORPAY
BTXN2971955543,RZP3656689261,5893.78,2026-07-03,UPI-RAZORPAY SOFTWARE PVT LTD-RZP3656689261
BTXN5431104889,RZP9090243820,32483.94,2026-07-11,IMPS/RZP9090243820/RAZORPAY SETTLEMENT
BTXN2734195515,RZP2113367267,52483.77,2026-07-10,IMPS/RZP2113367267/RAZORPAY SETTLEMENT
BTXN2928636967,RZP2824566,38064.31,2026-07-14,NEFT CR RAZORPAY SOFTWARE-566875
BTXN2686613837,RZP2595712127,52391.45,2026-07-06,NEFT CR-RZP2595712127-RAZORPAY
BTXN4412531871,RZP5333870516,15266.97,2026-07-08,ELECTRICITY BILL AUTOPAY
BTXN7833339945,RZP1604875429,4817.61,2026-07-07,RTGS-RZP1604875429-RAZORPAY SOFTWARE PVT LTD
BTXN9788110644,RZP8735149039,45037.28,2026-07-09,IMPS/RZP8735149039/RAZORPAY SETTLEMENT
BTXN9111433122,RZP4008825340,39579.52,2026-07-05,RTGS-RZP4008825340-RAZORPAY SOFTWARE PVT LTD
BTXN8391194300,RZP7134352352,1759.57,2026-07-15,UPI-RAZORPAY SOFTWARE PVT LTD-RZP7134352352
BTXN7414028144,RZP8931209686,21852.53,2026-07-10,UPI-RAZORPAY SOFTWARE PVT LTD-RZP8931209686
BTXN8257522759,RZP2169092754,45541.73,2026-07-12,NEFT CR-RZP2169092754-RAZORPAY
BTXN2588094389,RZP5405687,5043.23,2026-07-16,IMPS/RZP/687106/PAYOUT
BTXN7360334651,RZP1765758284,71933.01,2026-07-05,NEFT CR-RZP1765758284-RAZORPAY
BTXN3118677094,RZP5537548734,33109.67,2026-07-08,RTGS-RZP5537548734-RAZORPAY SOFTWARE PVT LTD
BTXN7576117754,RZP1189941491,74349.88,2026-07-12,UPI-RAZORPAY SOFTWARE PVT LTD-RZP1189941491
BTXN4632551082,RZP4677125037,37896.54,2026-07-05,NEFT CR-RZP4677125037-RAZORPAY
BTXN5270048042,RZP4702361794,36406.78,2026-07-05,UPI-RAZORPAY SOFTWARE PVT LTD-RZP4702361794
BTXN1566464738,RZP2929639043,60931.63,2026-07-15,IMPS/RZP2929639043/RAZORPAY SETTLEMENT
BTXN4782999339,RZP5343416,56645.06,2026-07-10,NEFT CR RAZORPAY SOFTWARE-416773
BTXN6298758112,RZP7240100770,53728.42,2026-07-17,NEFT CR-RZP7240100770-RAZORPAY
BTXN8171143901,RZP1676220116,74762.88,2026-07-13,RTGS-RZP1676220116-RAZORPAY SOFTWARE PVT LTD
BTXN5956555531,RZP7715782053,59212.86,2026-07-11,RTGS-RZP7715782053-RAZORPAY SOFTWARE PVT LTD
BTXN6578336452,RZP4427153264,68009.72,2026-07-07,UPI-RAZORPAY SOFTWARE PVT LTD-RZP4427153264
