settlement_id,bank_txn_id,category,expected_match
STL39958838,BTXN3342331444,exact,true
STL41227216,BTXN9703905715,exact,true
STL10872248,BTXN7110082321,exact,true
STL23718431,BTXN5693307665,exact,true
STL15831819,BTXN8429141456,exact,true
STL84093639,BTXN1298737106,exact,true
STL23556182,BTXN6927597015,exact,true
STL99949389,BTXN3783290795,exact,true
STL95899313,BTXN1240251661,exact,true
STL18883684,BTXN2351531223,exact,true
STL29175900,BTXN2137651678,exact,true
STL39436733,BTXN3119634399,exact,true
STL66661351,BTXN3561557300,exact,true
STL84252722,BTXN9639245200,exact,true
STL96028436,BTXN2461042543,exact,true
STL77187530,BTXN4272602734,exact,true
STL30513739,BTXN4944899549,exact,true
STL51273847,BTXN2028439863,exact,true
STL81498611,BTXN4289233844,exact,true
STL38427073,BTXN3962958940,exact,true
STL68800797,BTXN2939118223,exact,true
STL88979095,BTXN1945826486,exact,true
STL14216175,BTXN8987073217,exact,true
STL38754377,BTXN3315992115,exact,true
STL35556386,BTXN1405126228,exact,true
STL17270733,BTXN1422701550,exact,true
STL28814949,BTXN2811967841,exact,true
STL69476001,BTXN1420514789,exact,true
STL63826716,BTXN4875962612,exact,true
STL71070189,BTXN6520103410,exact,true
STL87736262,BTXN9851745355,exact,true
STL17634247,BTXN1798112150,exact,true
STL26090908,BTXN3446737272,exact,true
STL44999379,BTXN8370987661,exact,true
STL71367643,BTXN1311570307,exact,true
STL27778019,BTXN9303285822,exact,true
STL31172421,BTXN3271782991,exact,true
STL45496015,BTXN3376077463,exact,true
STL37326368,BTXN8958199946,exact,true
STL22388090,BTXN8019198243,exact,true
STL95511909,BTXN9503167458,exact,true
STL30005727,BTXN3343292475,exact,true
STL27105448,BTXN5474620894,exact,true
STL57469942,BTXN4993808565,exact,true
STL65337219,BTXN1106456634,exact,true
STL45810056,BTXN4011966884,exact,true
STL56930359,BTXN1977515194,exact,true
STL19317495,BTXN6493800024,exact,true
STL33966966,BTXN9519284858,exact,true
STL68571795,BTXN3196545325,exact,true
STL10226999,BTXN6141226746,exact,true
STL93638503,BTXN4642197907,exact,true
STL35748341,BTXN9333798503,exact,true
STL83542887,BTXN4580822352,exact,true
STL72409658,BTXN7192423780,exact,true
STL98429450,BTXN5659161352,exact,true
STL51663795,BTXN1855256552,exact,true
STL71124923,BTXN8285786023,exact,true
STL24305904,BTXN8638257497,exact,true
STL16740197,BTXN3394039673,exact,true
STL69401199,BTXN7462972995,exact,true
STL70407340,BTXN8033702319,exact,true
STL20399639,BTXN8359619163,exact,true
STL28572252,BTXN1647812758,exact,true
STL65804273,BTXN1267429212,exact,true
STL87267850,BTXN6928691380,exact,true
STL82238741,BTXN6242173772,exact,true
STL55114543,BTXN8722962486,exact,true
STL93517915,BTXN3294043548,exact,true
STL21267237,BTXN8055556030,exact,true
STL38408562,BTXN7247886041,exact,true
STL43859311,BTXN4585915088,exact,true
STL40094589,BTXN3792347639,exact,true
STL12735359,BTXN3668616333,exact,true
STL72415804,BTXN8299146480,exact,true
STL31980274,BTXN9438411468,exact,true
STL20200074,BTXN2043030161,exact,true
STL56600900,BTXN7583090712,exact,true
STL11698142,BTXN8943866829,exact,true
STL30534124,BTXN2870403050,exact,true
STL53258988,BTXN4658080160,exact,true
STL86483924,BTXN6922713963,exact,true
STL38470244,BTXN6404582459,exact,true
STL21490777,BTXN7040562787,exact,true
STL49491631,BTXN6246716604,exact,true
STL73519947,BTXN6771394050,exact,true
STL51154241,BTXN2079770569,exact,true
STL35708194,BTXN7374584386,exact,true
STL11898961,BTXN5838636972,exact,true
STL23769080,BTXN4748302739,exact,true
STL34744872,BTXN5146780827,exact,true
STL76001106,BTXN9908115095,exact,true
STL21432787,BTXN5268845844,exact,true
STL80138498,BTXN6928678489,exact,true
STL50987442,BTXN9848621776,exact,true
STL31079846,BTXN2030213097,exact,true
STL89699989,BTXN7313226025,exact,true
STL19553585,BTXN3952295757,exact,true
STL67061186,BTXN1610900200,exact,true
STL68942178,BTXN5829062179,exact,true
STL68755000,BTXN9935429720,exact,true
STL46173157,BTXN3474961963,exact,true
STL34359060,BTXN8792122716,exact,true
STL53091709,BTXN3878201524,exact,true
STL48683937,BTXN5452580287,exact,true
STL79067939,BTXN9594878379,exact,true
STL93568503,BTXN8543865915,exact,true
STL83715012,BTXN6532043071,exact,true
STL31257157,BTXN9648665968,exact,true
STL71934487,BTXN5067594934,exact,true
STL65766169,BTXN8880079328,exact,true
STL61484043,BTXN5594799319,exact,true
STL10344303,BTXN5933179746,exact,true
STL71115319,BTXN9301537234,exact,true
STL41348220,BTXN2764265618,exact,true
STL76481885,BTXN5143889422,exact,true
STL12059919,BTXN4102872611,exact,true
STL93652460,BTXN8270110908,exact,true
STL52501540,BTXN3323646093,exact,true
STL40532691,BTXN4207337120,exact,true
STL13885234,BTXN5492496998,exact,true
STL29538047,BTXN1773338452,exact,true
STL76795767,BTXN1614685938,exact,true
STL48605268,BTXN1678500147,exact,true
STL71315464,BTXN8925520026,exact,true
STL87149951,BTXN8298348088,exact,true
STL91390501,BTXN8495457335,exact,true
STL39394291,BTXN3734252963,exact,true
STL94322033,BTXN5464285982,exact,true
STL22097496,BTXN9201789018,exact,true
STL81249799,BTXN6001680218,exact,true
STL25457816,BTXN1323408297,exact,true
STL45495029,BTXN3304560537,exact,true
STL88458327,BTXN2595467139,exact,true
STL91883846,BTXN9861449701,exact,true
STL25659979,BTXN1600337712,exact,true
STL23044889,BTXN3308745090,exact,true
STL88831486,BTXN9381721143,exact,true
STL41690501,BTXN8969097897,exact,true
STL18126895,BTXN7004964045,exact,true
STL16788532,BTXN8674224347,exact,true
STL88703005,BTXN4735313433,exact,true
STL82506491,BTXN1749459431,exact,true
STL89034501,BTXN2390587865,exact,true
STL80610004,BTXN5567946981,exact,true
STL98436473,BTXN7534583219,exact,true
STL67213476,BTXN3946766309,exact,true
STL91644298,BTXN1637088959,exact,true
STL61124122,BTXN7573691558,exact,true
STL97874085,BTXN6218484323,exact,true
STL65833185,BTXN4133661881,exact,true
STL30486849,BTXN3036965074,exact,true
STL27463800,BTXN3389594115,exact,true
STL16904975,BTXN9454207717,exact,true
STL30767532,BTXN8115628227,exact,true
STL47388792,BTXN3465740756,exact,true
STL91737913,BTXN2148679234,exact,true
STL57113566,BTXN1026224160,exact,true
STL29042093,BTXN5173893550,exact,true
STL70887307,BTXN2464137110,exact,true
STL17061037,BTXN1668210614,exact,true
STL75184410,BTXN7902338893,exact,true
STL56328316,BTXN2846465000,exact,true
STL11031743,BTXN6172957943,exact,true
STL48848936,BTXN2409274786,exact,true
STL61030579,BTXN2521136431,exact,true
STL52018286,BTXN7767834064,exact,true
STL25458308,BTXN2739600515,exact,true
STL58567046,BTXN5673482258,exact,true
STL80325062,BTXN5632753983,exact,true
STL32566390,BTXN9917981516,exact,true
STL57123808,BTXN4500557310,exact,true
STL90852623,BTXN1323639855,exact,true
STL85764804,BTXN2357806226,exact,true
STL46866075,BTXN3540128512,exact,true
STL59491122,BTXN8867077130,exact,true
STL92545028,BTXN6946306973,exact,true
STL53154591,BTXN7893447569,exact,true
STL56095437,BTXN9952125442,exact,true
STL68978194,BTXN3619094295,exact,true
STL55414869,BTXN2437308013,exact,true
STL43822301,BTXN4750707607,exact,true
STL51638598,BTXN2683446724,exact,true
STL27152188,BTXN3260842187,exact,true
STL55866538,BTXN3088517710,exact,true
STL78140959,BTXN9752058817,exact,true
STL68743530,BTXN5482624860,exact,true
STL70254091,BTXN6322188162,exact,true
STL86560394,BTXN9523104008,exact,true
STL91156554,BTXN2073755632,exact,true
STL79244185,BTXN4655730355,exact,true
STL78901038,BTXN2878930355,exact,true
STL41645597,BTXN5645459980,exact,true
STL29602406,BTXN1590985753,exact,true
STL70210270,BTXN3642900640,exact,true
STL83659258,BTXN2817865363,exact,true
STL42002808,BTXN2963288053,exact,true
STL29270557,BTXN6545970956,exact,true
STL35140847,BTXN9957643727,exact,true
STL62405812,BTXN9045897249,exact,true
STL12179995,BTXN5585133383,exact,true
STL96274567,BTXN8281641403,exact,true
STL14963880,BTXN2260326267,exact,true
STL82884346,BTXN7328203808,exact,true
STL98010774,BTXN6720572969,exact,true
STL61894582,BTXN6097341120,exact,true
STL21087928,BTXN8417757797,exact,true
STL83212334,BTXN6556684476,exact,true
STL69849800,BTXN2830154607,exact,true
STL92523968,BTXN9581991473,exact,true
STL58762794,BTXN1133747952,exact,true
STL58607028,BTXN3436297208,exact,true
STL69584522,BTXN4277422858,exact,true
STL97182566,BTXN2196963451,exact,true
STL79490594,BTXN3412365931,exact,true
STL36867482,BTXN1526723719,exact,true
STL21783073,BTXN9532273208,exact,true
STL50259503,BTXN4656572173,exact,true
STL26288992,BTXN5231112087,exact,true
STL58438711,BTXN6879428703,exact,true
STL51512297,BTXN3469178881,exact,true
STL27224779,BTXN5150074940,exact,true
STL56442431,BTXN5633668009,exact,true
STL77454225,BTXN3753020051,exact,true
STL85647532,BTXN4709911999,exact,true
STL97393186,BTXN7752277876,exact,true
STL96155337,BTXN9403748506,exact,true
STL49920898,BTXN2947957237,exact,true
STL72336371,BTXN6171239466,exact,true
STL56354851,BTXN9484167278,exact,true
STL45899440,BTXN2931000173,exact,true
STL43322272,BTXN4875395503,exact,true
STL35479101,BTXN4277581356,exact,true
STL13110670,BTXN2033921654,exact,true
STL90197611,BTXN7316122432,exact,true
STL45496951,BTXN8419590655,exact,true
STL86541906,BTXN3412985084,exact,true
STL93650068,BTXN1510289448,exact,true
STL84870921,BTXN9327720702,exact,true
STL77119320,BTXN1172893522,exact,true
STL79703656,BTXN2962750929,exact,true
STL31810655,BTXN8913915028,exact,true
STL85554415,BTXN6582557981,exact,true
STL65907088,BTXN7801948900,exact,true
STL16892773,BTXN7801180691,exact,true
STL14237322,BTXN4008714405,exact,true
STL65426567,BTXN3965676060,exact,true
STL28533117,BTXN3227727430,exact,true
STL52111160,BTXN5108932916,exact,true
STL91883092,BTXN3079537716,exact,true
STL49945150,BTXN8607135564,exact,true
STL74398125,BTXN6469458472,exact,true
STL48983895,BTXN5475641477,exact,true
STL74300930,BTXN1919066362,exact,true
STL42542167,BTXN9807970435,exact,true
STL23494908,BTXN1590416424,exact,true
STL74082055,BTXN3794042404,exact,true
STL97550053,BTXN3465883999,exact,true
STL33593960,BTXN8886432673,exact,true
STL15028625,BTXN5334769475,exact,true
STL28012011,BTXN7305101214,exact,true
STL34991216,BTXN9650425740,exact,true
STL67405358,BTXN7508080884,exact,true
STL74082804,BTXN2065354117,exact,true
STL54241559,BTXN5344083406,exact,true
STL72464258,BTXN2317723211,exact,true
STL74180488,BTXN5952894290,exact,true
STL82144402,BTXN4545940090,exact,true
STL80532309,BTXN8317619798,exact,true
STL86866717,BTXN3304937838,exact,true
STL37568520,BTXN3099500153,exact,true
STL85686878,BTXN9837912162,exact,true
STL10404729,BTXN4203205881,exact,true
STL82633735,BTXN5269728610,exact,true
STL28176954,BTXN7100408092,exact,true
STL60418290,BTXN9934605686,exact,true
STL80980044,BTXN5203589186,exact,true
STL83074216,BTXN1986399651,exact,true
STL14324134,BTXN1067198189,exact,true
STL90233330,BTXN4746123831,exact,true
STL17575790,BTXN9561946187,exact,true
STL41796721,BTXN6244338653,exact,true
STL94019376,BTXN8210176888,exact,true
STL80392240,BTXN7083067988,exact,true
STL42342202,BTXN4647891535,exact,true
STL85482164,BTXN3276297510,exact,true
STL70369365,BTXN8933377472,exact,true
STL46032304,BTXN1312606333,exact,true
STL50693207,BTXN1065857791,exact,true
STL42560305,BTXN4022663059,exact,true
STL51395738,BTXN6418365941,exact,true
STL52980983,BTXN4927019611,exact,true
STL29585415,BTXN5364631241,exact,true
STL40872577,BTXN4579265601,exact,true
STL96126771,BTXN8471499716,exact,true
STL28784915,BTXN3097302637,exact,true
STL99686372,BTXN5322385617,exact,true
STL39356057,BTXN7467073633,exact,true
STL98487646,BTXN3095318649,exact,true
STL81057233,BTXN8396761430,exact,true
STL34060788,BTXN1639509845,exact,true
STL20605783,BTXN7038841740,exact,true
STL20820219,BTXN4262396395,exact,true
STL17531619,BTXN3734812163,exact,true
STL96557984,BTXN8663837890,exact,true
STL46385762,BTXN9909257076,exact,true
STL34072553,BTXN2350701477,exact,true
STL20326375,BTXN2285384455,exact,true
STL82553061,BTXN6719736115,exact,true
STL23111164,BTXN2877279755,exact,true
STL53805532,BTXN9717175839,exact,true
STL67961650,BTXN2632399901,exact,true
STL62294176,BTXN6655089949,exact,true
STL58307308,BTXN8564925592,exact,true
STL84757265,BTXN2752536389,exact,true
STL61705758,BTXN5347969846,exact,true
STL86767229,BTXN3238126936,exact,true
STL46024950,BTXN3117951204,exact,true
STL74992426,BTXN4361527572,exact,true
STL89699345,BTXN3648572296,exact,true
STL54589439,BTXN8998080862,exact,true
STL50323741,BTXN6157617867,exact,true
STL94946730,BTXN6336171726,exact,true
STL25285764,BTXN8418324922,exact,true
STL64914054,BTXN8185384294,exact,true
STL60598851,BTXN5612645121,exact,true
STL82062301,BTXN4927323476,exact,true
STL85594147,BTXN8527715219,exact,true
STL78541804,BTXN6244291385,exact,true
STL56300738,BTXN5285100605,exact,true
STL25578562,BTXN4135973483,exact,true
STL79942848,BTXN7369118672,exact,true
STL52803305,BTXN5583478908,exact,true
STL32059232,BTXN4180378138,exact,true
STL72015859,BTXN1792214339,exact,true
STL70340936,BTXN7838460497,exact,true
STL18397164,BTXN3479690385,exact,true
STL25294777,BTXN8999963054,exact,true
STL88786439,BTXN5785590330,exact,true
STL27978165,BTXN2345122542,exact,true
STL78561753,BTXN6963404324,exact,true
STL75319770,BTXN5294535887,exact,true
STL52222214,BTXN8911266259,exact,true
STL28325379,BTXN8099880573,exact,true
STL32448383,BTXN9945002229,exact,true
STL82156607,BTXN2239829538,exact,true
STL83782999,BTXN3193894984,exact,true
STL82751830,BTXN8382963909,exact,true
STL49957816,BTXN5433395802,exact,true
STL25755285,BTXN2017675569,exact,true
STL37775381,BTXN4459340599,exact,true
STL53440052,BTXN6551823759,exact,true
STL28198434,BTXN8669484644,exact,true
STL27809465,BTXN2072355594,exact,true
STL75694038,BTXN8011113122,exact,true
STL64069715,BTXN6880115912,exact,true
STL71532017,BTXN8289800644,exact,true
STL67665720,BTXN4542693668,exact,true
STL83458776,BTXN3482206102,exact,true
STL12185246,BTXN4683585586,exact,true
STL27705074,BTXN2296502486,exact,true
STL21062296,BTXN1710924824,exact,true
STL10145801,BTXN6211604267,exact,true
STL11246473,BTXN9624563057,exact,true
STL40728728,BTXN2645272822,exact,true
STL28405182,BTXN4755937285,exact,true
STL91915661,BTXN3791815554,exact,true
STL65258766,BTXN1933058809,exact,true
STL57182314,BTXN9432088993,exact,true
STL84275638,BTXN9056616444,exact,true
STL76422705,BTXN2657365938,exact,true
STL58465780,BTXN9306142066,exact,true
STL59044830,BTXN1313497572,exact,true
STL18115992,BTXN8589679668,exact,true
STL47241089,BTXN5654014006,exact,true
STL81993070,BTXN6698349136,exact,true
STL17772004,BTXN2050032570,exact,true
STL51512209,BTXN1754393408,exact,true
STL76627415,BTXN9388140708,exact,true
STL25845304,BTXN5421051452,exact,true
STL87396877,BTXN3695232998,exact,true
STL86086168,BTXN6011717427,exact,true
STL40655922,BTXN1011031667,exact,true
STL30144023,BTXN9741819989,exact,true
STL52940967,BTXN9924456994,exact,true
STL34071191,BTXN2721959126,exact,true
STL53929586,BTXN9960957575,exact,true
STL93579731,BTXN6336857629,exact,true
STL83357939,BTXN2052811909,exact,true
STL54965270,BTXN8118065825,exact,true
STL66346728,BTXN5281907480,exact,true
STL79760901,BTXN9141445255,exact,true
STL95525640,BTXN8816681105,exact,true
STL41778964,BTXN6547706290,exact,true
STL52688984,BTXN7239547458,exact,true
STL30858851,BTXN1453796587,exact,true
STL37868462,BTXN7235936374,exact,true
STL50831043,BTXN1173215225,exact,true
STL63183031,BTXN3205292512,exact,true
STL64276605,BTXN8965451958,exact,true
STL26301180,BTXN1051354601,exact,true
STL59961172,BTXN9950881177,exact,true
STL18653290,BTXN8069459895,exact,true
STL26445384,BTXN2979958124,exact,true
STL13957046,BTXN2832508021,exact,true
STL69862640,BTXN4794276323,exact,true
STL76960098,BTXN7660157097,exact,true
STL36770773,BTXN8358870981,exact,true
STL62127652,BTXN2161512446,exact,true
STL17863981,BTXN1685583357,exact,true
STL39448924,BTXN6963229328,exact,true
STL89398174,BTXN9711080868,exact,true
STL85579195,BTXN5073211715,exact,true
STL15095407,BTXN1387652480,exact,true
STL92427773,BTXN5855415646,exact,true
STL17993466,BTXN1094115188,exact,true
STL19735027,BTXN5728897164,exact,true
STL95800828,BTXN9420979586,exact,true
STL39962391,BTXN4498054328,exact,true
STL33851602,BTXN4130305126,exact,true
STL95851936,BTXN3429019820,exact,true
STL41943272,BTXN2372322277,exact,true
STL69945655,BTXN5343911135,exact,true
STL24500158,BTXN4094152811,exact,true
STL65568711,BTXN6921525436,exact,true
STL31831387,BTXN2938264714,exact,true
STL19959009,BTXN2468055063,exact,true
STL55358959,BTXN5428082088,exact,true
STL37588517,BTXN5185009345,exact,true
STL22873617,BTXN5508149905,exact,true
STL67392300,BTXN5671328227,exact,true
STL95656500,BTXN5646880148,exact,true
STL75645462,BTXN2138185235,exact,true
STL35042738,BTXN2914590233,exact,true
STL85731895,BTXN1264739091,exact,true
STL89151743,BTXN7539441086,exact,true
STL50111251,BTXN5634076661,exact,true
STL26143959,BTXN2928610987,exact,true
STL37101146,BTXN3693916084,exact,true
STL21680625,BTXN4751509023,exact,true
STL24178065,BTXN7059726570,exact,true
STL29307578,BTXN2725373847,exact,true
STL46048781,BTXN9147687657,exact,true
STL47627490,BTXN8914965741,exact,true
STL50329802,BTXN8841851495,exact,true
STL75023164,BTXN9019515562,exact,true
STL51758234,BTXN2732526008,exact,true
STL17734634,BTXN2071552532,exact,true
STL46772637,BTXN4964570811,exact,true
STL33834879,BTXN7662927609,exact,true
STL48261364,BTXN5412866242,exact,true
STL39709238,BTXN3780475472,exact,true
STL11194267,BTXN4439688162,exact,true
STL66882385,BTXN9141037388,exact,true
STL50553227,BTXN1439427140,exact,true
STL18568064,BTXN6484179008,exact,true
STL17620167,BTXN7872090713,exact,true
STL97966375,BTXN6564579551,exact,true
STL88252116,BTXN6110646714,exact,true
STL78090647,BTXN3397657114,exact,true
STL85031958,BTXN1383539822,exact,true
STL54468633,BTXN6891331174,exact,true
STL17204398,BTXN5600836559,exact,true
STL81113720,BTXN6576395496,exact,true
STL64920799,BTXN9532593594,exact,true
STL75441993,BTXN5237588145,exact,true
STL87346846,BTXN4283432667,exact,true
STL64142556,BTXN7345385864,exact,true
STL11889398,BTXN9126105576,exact,true
STL40368869,BTXN6773938304,exact,true
STL32417070,BTXN5491326131,exact,true
STL68205561,BTXN5275521470,exact,true
STL64142310,BTXN1082140117,exact,true
STL26530521,BTXN5455441991,exact,true
STL97720360,BTXN4591108099,exact,true
STL26588648,BTXN7645527239,exact,true
STL50415166,BTXN7529678452,exact,true
STL78663747,BTXN5800633419,exact,true
STL80215481,BTXN5179517389,exact,true
STL37876214,BTXN7359403225,exact,true
STL87061479,BTXN8168394616,exact,true
STL96481420,BTXN6287793163,exact,true
STL15294153,BTXN8955347538,exact,true
STL16159129,BTXN3779696951,exact,true
STL22475714,BTXN2471982906,exact,true
STL61769856,BTXN1716309186,exact,true
STL23920137,BTXN7832220535,exact,true
STL92055138,BTXN5856127658,exact,true
STL16170301,BTXN5566993537,exact,true
STL99904987,BTXN9045090355,exact,true
STL74683506,BTXN2653032484,exact,true
STL76549837,BTXN4734111722,exact,true
STL78038903,BTXN8057994126,exact,true
STL21813825,BTXN8973989997,exact,true
STL23776553,BTXN7027727434,exact,true
STL91094790,BTXN8033172680,exact,true
STL58767001,BTXN4544683724,exact,true
STL98203489,BTXN2943612110,exact,true
STL83509785,BTXN7536876169,exact,true
STL28850770,BTXN2757546829,exact,true
STL38935933,BTXN4356175095,exact,true
STL94992096,BTXN3528924461,exact,true
STL76951647,BTXN9608564548,exact,true
STL78227286,BTXN4909199720,exact,true
STL77660514,BTXN9080510951,exact,true
STL70779921,BTXN4456576082,exact,true
STL83525272,BTXN8991678061,exact,true
STL56344519,BTXN8030335064,exact,true
STL88222933,BTXN8934097788,exact,true
STL29505421,BTXN9817847029,exact,true
STL48468887,BTXN8230106415,exact,true
STL58141541,BTXN8791183272,exact,true
STL41889524,BTXN8284816444,exact,true
STL84104909,BTXN1231078662,exact,true
STL40272606,BTXN8076527214,exact,true
STL70238919,BTXN3931997465,exact,true
STL84705402,BTXN2134900434,exact,true
STL15360735,BTXN8137764127,exact,true
STL34678492,BTXN3235986982,exact,true
STL56896070,BTXN6720396142,exact,true
STL85341065,BTXN1037811610,exact,true
STL15352233,BTXN6673381261,exact,true
STL13315946,BTXN7208619610,exact,true
STL78973779,BTXN1412129737,exact,true
STL66936428,BTXN4589154183,exact,true
STL54522084,BTXN1162720486,exact,true
STL87170132,BTXN4528828126,exact,true
STL68119636,BTXN2358945892,exact,true
STL19742790,BTXN3159668272,exact,true
STL61192463,BTXN3837784389,exact,true
STL83245898,BTXN3723205427,exact,true
STL26540343,BTXN1179414276,exact,true
STL38418851,BTXN3201397080,exact,true
STL36082023,BTXN1492300084,exact,true
STL19041276,BTXN2076695131,exact,true
STL97976094,BTXN2007310926,exact,true
STL88405961,BTXN7729620601,exact,true
STL52038976,BTXN7168105904,exact,true
STL74418331,BTXN7282885927,exact,true
STL47663633,BTXN3313346852,exact,true
STL88100019,BTXN7781327255,exact,true
STL97766064,BTXN4329446784,exact,true
STL27969238,BTXN3192202822,exact,true
STL92414513,BTXN3938451957,exact,true
STL74894729,BTXN9328694308,exact,true
STL45481411,BTXN2586712032,exact,true
STL62088975,BTXN1199447370,exact,true
STL45341684,BTXN3448819206,exact,true
STL79345320,BTXN6375522704,exact,true
STL74707720,BTXN9618271425,exact,true
STL79060560,BTXN8058679999,exact,true
STL98732634,BTXN6284297249,exact,true
STL74293132,BTXN8874242713,exact,true
STL28082355,BTXN3457877922,exact,true
STL90444404,BTXN3738568701,exact,true
STL91406527,BTXN9558906999,exact,true
STL90643207,BTXN4296344958,exact,true
STL70863732,BTXN1295678014,exact,true
STL80157128,BTXN1413599241,exact,true
STL97138408,BTXN7101791420,exact,true
STL74709513,BTXN6932365592,exact,true
STL21249805,BTXN7050091525,exact,true
STL87576121,BTXN3244294928,exact,true
STL64874257,BTXN2555936898,exact,true
STL81954780,BTXN8218146534,exact,true
STL33987338,BTXN7678293431,exact,true
STL40839382,BTXN1694904767,exact,true
STL22225702,BTXN4535855298,exact,true
STL59772648,BTXN9933702652,exact,true
STL90191410,BTXN7418263314,exact,true
STL36138432,BTXN5449848690,exact,true
STL57395992,BTXN8171143901,exact,true
STL83765077,BTXN6790024996,exact,true
STL64218119,BTXN3469205576,exact,true
STL77534222,BTXN6558769264,exact,true
STL69427400,BTXN9444143872,exact,true
STL71585593,BTXN8222394132,exact,true
STL61361533,BTXN5270048042,exact,true
STL45346197,BTXN6361225622,exact,true
STL20204415,BTXN6061557739,exact,true
STL34532913,BTXN4908108692,exact,true
STL37753358,BTXN1984438848,exact,true
STL24319594,BTXN9927036153,exact,true
STL76080806,BTXN6474936701,exact,true
STL17267644,BTXN7112493808,exact,true
STL71363812,BTXN5194066484,exact,true
STL60925964,BTXN3495411322,exact,true
STL83626933,BTXN2128928014,exact,true
STL34684475,BTXN7437168216,exact,true
STL63766628,BTXN6495967005,exact,true
STL73483243,BTXN4460319291,exact,true
STL75313057,BTXN6583604299,exact,true
STL18057946,BTXN6387133174,exact,true
STL58359530,BTXN6401844042,exact,true
STL87424000,BTXN8646369354,exact,true
STL20523679,BTXN6525576685,exact,true
STL19575640,BTXN1339783148,exact,true
STL45899536,BTXN6993434996,exact,true
STL65564671,BTXN1718625803,exact,true
STL20746107,BTXN1904397668,exact,true
STL83609531,BTXN1231178500,exact,true
STL45225746,BTXN3654728627,exact,true
STL40783635,BTXN6515490818,exact,true
STL13834774,BTXN9740924080,exact,true
STL83624500,BTXN2910594463,exact,true
STL80257585,BTXN7587552692,exact,true
STL69305486,BTXN6617251085,exact,true
STL80238316,BTXN4641902461,exact,true
STL74030858,BTXN2286817379,exact,true
STL10968781,BTXN7649520759,exact,true
STL43540489,BTXN2625035499,exact,true
STL48208680,BTXN6449549092,exact,true
STL92910238,BTXN7239587766,exact,true
STL81802559,BTXN1095051435,exact,true
STL11101134,BTXN1999913493,exact,true
STL51819114,BTXN6890105611,exact,true
STL17521339,BTXN2685438702,exact,true
STL61214452,BTXN4557315473,exact,true
STL14497675,BTXN6150438341,exact,true
STL62227199,BTXN2387545832,exact,true
STL43999060,BTXN2283392443,exact,true
STL53555463,BTXN1064715310,exact,true
STL11198544,BTXN5161114352,exact,true
STL22009789,BTXN2068253975,exact,true
STL18022882,BTXN1461243650,exact,true
STL68883853,BTXN4149022054,exact,true
STL43647879,BTXN4859728403,exact,true
STL53443711,BTXN8440611705,exact,true
STL49684512,BTXN8814343168,exact,true
STL34901990,BTXN4792165664,exact,true
STL35483846,BTXN3368536195,exact,true
STL24826245,BTXN3829915449,exact,true
STL24368701,BTXN3084649514,exact,true
STL98304696,BTXN7830290429,exact,true
STL11756387,BTXN5638379165,exact,true
STL59535555,BTXN7944675764,exact,true
STL20460308,BTXN5057041081,exact,true
STL35428946,BTXN3821263164,exact,true
STL24161873,BTXN7771289365,exact,true
STL32388767,BTXN4403596665,exact,true
STL81658908,BTXN6891490448,exact,true
STL60340113,BTXN6386271785,exact,true
STL14652375,BTXN9516733215,exact,true
STL10881653,BTXN1952996130,exact,true
STL84311410,BTXN3455054143,exact,true
STL45566111,BTXN3500339713,exact,true
STL86378602,BTXN4942272347,exact,true
STL33206579,BTXN9999520085,exact,true
STL20533057,BTXN4350598093,exact,true
STL26178675,BTXN9639044885,exact,true
STL82468141,BTXN3426282426,exact,true
STL69809598,BTXN1386903346,exact,true
STL55119729,BTXN5649495861,exact,true
STL77353558,BTXN3997331061,exact,true
STL63058791,BTXN2057617830,exact,true
STL25103503,BTXN8180101072,exact,true
STL89708841,BTXN3814963909,exact,true
STL93642093,BTXN5921252890,exact,true
STL21517819,BTXN1234238999,exact,true
STL11843251,BTXN4454359624,exact,true
STL82209870,BTXN1909997553,exact,true
STL99692417,BTXN5373945362,exact,true
STL92941828,BTXN2165144965,exact,true
STL98983888,BTXN8130076816,exact,true
STL41026926,BTXN9503145548,exact,true
STL35020518,BTXN9447304615,exact,true
STL54770958,BTXN7399212842,exact,true
STL57698045,BTXN7980313867,exact,true
STL61965156,BTXN2203423402,exact,true
STL21783647,BTXN8429819540,exact,true
STL67239162,BTXN9463392724,exact,true
STL87984620,BTXN4436425084,exact,true
STL67722252,BTXN4938966574,exact,true
STL34714210,BTXN4778016973,exact,true
STL65197277,BTXN6597837495,exact,true
STL27655789,BTXN1793480168,exact,true
STL73968467,BTXN8084842984,exact,true
STL40369856,BTXN5433392180,exact,true
STL18876667,BTXN7945217063,exact,true
STL67385552,BTXN9769577087,exact,true
STL79880338,BTXN5764477196,exact,true
STL15268263,BTXN7690274631,exact,true
STL48374806,BTXN2981470996,exact,true
STL72220513,BTXN2940028539,exact,true
STL62756521,BTXN7071190983,exact,true
STL71026547,BTXN5682286001,exact,true
STL95103759,BTXN2558830012,exact,true
STL32935793,BTXN9213063154,exact,true
STL66315301,BTXN6618084394,exact,true
STL27659164,BTXN5125032122,exact,true
STL76790446,BTXN8968929797,exact,true
STL89035763,BTXN8127372046,exact,true
STL42844845,BTXN1891796718,exact,true
STL29511823,BTXN4667168880,exact,true
STL65963010,BTXN5268060108,exact,true
STL14810369,BTXN6580427322,exact,true
STL46831833,BTXN1249900899,exact,true
STL67318164,BTXN6654275321,exact,true
STL76102828,BTXN4470249239,exact,true
STL37827473,BTXN9585583837,exact,true
STL11516293,BTXN3751434706,exact,true
STL50303435,BTXN1026333597,exact,true
STL33572537,BTXN6128257880,exact,true
STL14772547,BTXN3773055184,exact,true
STL72071682,BTXN4189376783,exact,true
STL57458790,BTXN5936227006,exact,true
STL86635858,BTXN7896382125,exact,true
STL21649801,BTXN6315632990,exact,true
STL25063426,BTXN5692698971,exact,true
STL35529779,BTXN2405905813,exact,true
STL62021209,BTXN3243454164,exact,true
STL54733393,BTXN1198168828,exact,true
STL53067834,BTXN1861379367,exact,true
STL25790828,BTXN2171040915,exact,true
STL37726346,BTXN7625110398,exact,true
STL87052108,BTXN2051515688,exact,true
STL16808353,BTXN1558663601,exact,true
STL67239263,BTXN2683269674,exact,true
STL72504573,BTXN3438636480,exact,true
STL73155598,BTXN1961189885,exact,true
STL99279031,BTXN6689805567,exact,true
STL74243595,BTXN6028554337,exact,true
STL64450250,BTXN4422048585,exact,true
STL63796676,BTXN7831299927,exact,true
STL68432185,BTXN3981279224,exact,true
STL25344154,BTXN7283143895,exact,true
STL64464708,BTXN9888897104,exact,true
STL22151134,BTXN4478233603,exact,true
STL62342586,BTXN2920536604,exact,true
STL68348074,BTXN9225368829,exact,true
STL27120235,BTXN8956449152,exact,true
STL85165988,BTXN2542943951,exact,true
STL89210454,BTXN6939036170,exact,true
STL73736162,BTXN1597296237,exact,true
STL30705405,BTXN1539229515,exact,true
STL98305426,BTXN5252952412,exact,true
STL91125155,BTXN9290622669,exact,true
STL61635535,BTXN2526032931,exact,true
STL41776042,BTXN6451389154,exact,true
STL59469782,BTXN3965663196,exact,true
STL42914388,BTXN9925293862,exact,true
STL87036318,BTXN8446676790,exact,true
STL48816900,BTXN1719442108,exact,true
STL86887967,BTXN9811640292,exact,true
STL48495745,BTXN3082029167,exact,true
STL46939015,BTXN8979441020,exact,true
STL98470372,BTXN7213328054,exact,true
STL75084661,BTXN5437090032,exact,true
STL76565050,BTXN2645689727,exact,true
STL87545284,BTXN2482088956,exact,true
STL32494944,BTXN7287896242,exact,true
STL60975999,BTXN6970307272,exact,true
STL48761035,BTXN7222637202,exact,true
STL23068017,BTXN8032683189,exact,true
STL44271680,BTXN6974959934,exact,true
STL79786819,BTXN6067703428,exact,true
STL11605433,BTXN2766300020,exact,true
STL48023482,BTXN2081885552,exact,true
STL90448089,BTXN3740545127,exact,true
STL98099795,BTXN6086370835,exact,true
STL47095573,BTXN8599339588,exact,true
STL47216895,BTXN4337644657,exact,true
STL45522715,BTXN6059168627,exact,true
STL33950102,BTXN8067296442,exact,true
STL92405160,BTXN3763116394,exact,true
STL19787090,BTXN9892353238,exact,true
STL29978882,BTXN9752437379,exact,true
STL87126909,BTXN9605842084,exact,true
STL82494849,BTXN1970004816,exact,true
STL54753520,BTXN8223429499,exact,true
STL59037166,BTXN9422110981,exact,true
STL61561575,BTXN3837831301,exact,true
STL35429494,BTXN1601050402,exact,true
STL75663681,BTXN2669743840,exact,true
STL12203625,BTXN5454064409,exact,true
STL25862805,BTXN7541749055,exact,true
STL14949636,BTXN4158775469,exact,true
STL42572300,BTXN1560655311,exact,true
STL24271532,BTXN5785365297,exact,true
STL55277425,BTXN8208663809,exact,true
STL53163063,BTXN4406345733,exact,true
STL26206185,BTXN2176363031,exact,true
STL68876111,BTXN3499610004,exact,true
STL31173338,BTXN3091509391,exact,true
STL65864403,BTXN1544998804,exact,true
STL90030269,BTXN5081499111,exact,true
STL35756766,BTXN6236751117,exact,true
STL30027622,BTXN7332554920,exact,true
STL96551756,BTXN6859164627,exact,true
STL15813974,BTXN3307946396,exact,true
STL69702849,BTXN6695007725,exact,true
STL23161945,BTXN6153771059,exact,true
STL17293304,BTXN9119587751,exact,true
STL61986593,BTXN2604106208,exact,true
STL47662052,BTXN1586269483,exact,true
STL39508245,BTXN9102064850,exact,true
STL87594146,BTXN4672214312,exact,true
STL89400640,BTXN7282518886,exact,true
STL43263373,BTXN6700692683,exact,true
STL87000815,BTXN4857962086,exact,true
STL67136170,BTXN7576117754,exact,true
STL84958851,BTXN4234448365,exact,true
STL12138110,BTXN2309263254,exact,true
STL71047698,BTXN8314908641,exact,true
STL94195455,BTXN5598615444,exact,true
STL20866138,BTXN5003954344,exact,true
STL59066128,BTXN2573817755,exact,true
STL28576512,BTXN9509410913,exact,true
STL47197817,BTXN1233903914,exact,true
STL73104323,BTXN6550233140,exact,true
STL35280389,BTXN2966554388,exact,true
STL24678711,BTXN6002632810,exact,true
STL49348536,BTXN5001713266,exact,true
STL49126722,BTXN1812009356,exact,true
STL65256328,BTXN7780484666,exact,true
STL71472671,BTXN8685192265,exact,true
STL29909634,BTXN6811610014,exact,true
STL33536332,BTXN1659212199,exact,true
STL69175071,BTXN6413407687,exact,true
STL56150365,BTXN5930382855,exact,true
STL64299436,BTXN9293877846,exact,true
STL30945115,BTXN8324857808,exact,true
STL15379569,BTXN3366355159,exact,true
STL69857441,BTXN2534993610,exact,true
STL47302753,BTXN1840592447,exact,true
STL78690958,BTXN2694036518,exact,true
STL99491869,BTXN6845729114,exact,true
STL48205125,BTXN6776388343,exact,true
STL65782199,BTXN8746770248,exact,true
STL65592149,BTXN1369702097,exact,true
STL18873909,BTXN2613930214,exact,true
STL33473742,BTXN7682169593,exact,true
STL84338760,BTXN3107049214,exact,true
STL40134594,BTXN1010508398,exact,true
STL26666744,BTXN9129026739,exact,true
STL13817499,BTXN6485605386,exact,true
STL85910136,BTXN8240940498,exact,true
STL44834491,BTXN1251300243,exact,true
STL31918943,BTXN5522120947,exact,true
STL48903840,BTXN9919902664,exact,true
STL82975834,BTXN8730413737,exact,true
STL11731095,BTXN6503647391,exact,true
STL23746292,BTXN1935771229,exact,true
STL66015266,BTXN1328136908,exact,true
STL51818682,BTXN8263007482,exact,true
STL25917805,BTXN1955019690,exact,true
STL67016371,BTXN4367382040,exact,true
STL15706527,BTXN1843321095,exact,true
STL15809144,BTXN5579497553,exact,true
STL90771151,BTXN4870516577,exact,true
STL87812909,BTXN6788913862,exact,true
STL80979534,BTXN2210565696,exact,true
STL77671943,BTXN7333854872,exact,true
STL57623448,BTXN9509623540,exact,true
STL52181984,BTXN5825891409,exact,true
STL84777007,BTXN4101552989,exact,true
STL71330222,BTXN2906775938,exact,true
STL35338291,BTXN4679815234,exact,true
STL11716086,BTXN5746677104,exact,true
STL32645646,BTXN5572896413,exact,true
STL26476859,BTXN7438628899,exact,true
STL57794571,BTXN2197826153,exact,true
STL76742957,BTXN5047590087,exact,true
STL76858535,BTXN3912449281,exact,true
STL30499966,BTXN3676763729,exact,true
STL72548391,BTXN6162257572,exact,true
STL82548572,BTXN3347715190,exact,true
STL69398880,BTXN2974208537,exact,true
STL32031067,BTXN7405856143,exact,true
STL86350455,BTXN8194175806,exact,true
STL78006116,BTXN5534356444,exact,true
STL48176560,BTXN2376463094,exact,true
STL56825449,BTXN3508119100,exact,true
STL57964863,BTXN7064191466,exact,true
STL89528254,BTXN3954899995,exact,true
STL82265081,BTXN2400661168,exact,true
STL45784981,BTXN9677561687,exact,true
STL75546384,BTXN3899580938,exact,true
STL32364326,BTXN7935632899,exact,true
STL81918425,BTXN6214434351,exact,true
STL40317902,BTXN5114325536,exact,true
STL86024718,BTXN7336229400,exact,true
STL77731571,BTXN8748665246,exact,true
STL93881231,BTXN7508461289,exact,true
STL87422596,BTXN3144063281,exact,true
STL85982862,BTXN9847124353,exact,true
STL50302318,BTXN8920443666,exact,true
STL95084307,BTXN7066376657,exact,true
STL64474404,BTXN2024278525,exact,true
STL72298460,BTXN9552538757,exact,true
STL13911355,BTXN8746137515,exact,true
STL17425900,BTXN5655441939,exact,true
STL58779318,BTXN4804135649,exact,true
STL80055957,BTXN7550942419,exact,true
STL54196006,BTXN8461373338,exact,true
STL24336334,BTXN1752281823,exact,true
STL75814814,BTXN7586203381,exact,true
STL47276794,BTXN5024265351,exact,true
STL12828532,BTXN9824750522,exact,true
STL95758290,BTXN4723534498,exact,true
STL44297151,BTXN2292304779,exact,true
STL68900892,BTXN8006606505,exact,true
STL73228801,BTXN8460108930,exact,true
STL70835762,BTXN3985904649,exact,true
STL96046825,BTXN1584511650,exact,true
STL24875109,BTXN1677842235,exact,true
STL52869025,BTXN7234101654,exact,true
STL47822197,BTXN1853254184,exact,true
STL86556525,BTXN1964164911,exact,true
STL21942232,BTXN9478813347,exact,true
STL63825994,BTXN7949274479,exact,true
STL86134053,BTXN1504016658,exact,true
STL35574404,BTXN6438299815,exact,true
STL90541748,BTXN8834402141,exact,true
STL13861862,BTXN2124420145,exact,true
STL21507650,BTXN5339292385,exact,true
STL66813149,BTXN2100480553,exact,true
STL73207479,BTXN9195770563,exact,true
STL50601849,BTXN9493400366,exact,true
STL87911634,BTXN6065365127,exact,true
STL29031501,BTXN2118435301,exact,true
STL58397866,BTXN9273125114,exact,true
STL79386899,BTXN6639336381,exact,true
STL84581396,BTXN8723296882,exact,true
STL14813349,BTXN7314665068,exact,true
STL15474970,BTXN7191279918,exact,true
STL26596590,BTXN2501539056,exact,true
STL85597784,BTXN3515465308,exact,true
STL65890810,BTXN4953144588,exact,true
STL62904575,BTXN2389586583,exact,true
STL70942299,BTXN3826115582,exact,true
STL86391152,BTXN1555426027,exact,true
STL17453784,BTXN4194596665,exact,true
STL42223009,BTXN9012328127,exact,true
STL64008708,BTXN3809184791,exact,true
STL91002225,BTXN5858839243,exact,true
STL75716091,BTXN6961799118,exact,true
STL92391939,BTXN6095359489,exact,true
STL72213255,BTXN3905287810,exact,true
STL49017499,BTXN7305953323,exact,true
STL43373708,BTXN7541630572,exact,true
STL78538495,BTXN7119956976,exact,true
STL57708716,BTXN3162277965,exact,true
STL16074522,BTXN5652697543,exact,true
STL93726413,BTXN8764588206,exact,true
STL24271459,BTXN1076945301,exact,true
STL71762034,BTXN8266252438,exact,true
STL63015631,BTXN8750872949,exact,true
STL12132081,BTXN1115170841,exact,true
STL21555280,BTXN2990397616,exact,true
STL69762583,BTXN9434743977,exact,true
STL37023185,BTXN2682482133,exact,true
STL65792417,BTXN8939746381,exact,true
STL41125867,BTXN4067853612,exact,true
STL45950066,BTXN3032971126,exact,true
STL48656152,BTXN4119044481,exact,true
STL88874216,BTXN8116581001,exact,true
STL73394367,BTXN4627234243,exact,true
STL99530801,BTXN3073995755,exact,true
STL65832475,BTXN7415500367,exact,true
STL45005058,BTXN1681205304,exact,true
STL26198473,BTXN3413691946,exact,true
STL16264794,BTXN7687360087,exact,true
STL16767531,BTXN5068981129,exact,true
STL37566472,BTXN9207621403,exact,true
STL96851348,BTXN6857205431,exact,true
STL65800998,BTXN1028293433,exact,true
STL45704013,BTXN8537002793,exact,true
STL40626070,BTXN7136747399,exact,true
STL13994712,BTXN2900861022,exact,true
STL21378739,BTXN6747970335,exact,true
STL98607345,BTXN3467704659,exact,true
STL52103461,BTXN9200084089,exact,true
STL83071525,BTXN8081357418,exact,true
STL82133102,BTXN6731603476,exact,true
STL79972515,BTXN3730248478,exact,true
STL42392076,BTXN3170137829,exact,true
STL26617902,BTXN5830763639,exact,true
STL57021454,BTXN6580028443,exact,true
STL58488507,BTXN2951244854,exact,true
STL73921605,BTXN6217459270,exact,true
STL45392370,BTXN7804532904,exact,true
STL65958370,BTXN4538244882,exact,true
STL38540398,BTXN7251034460,exact,true
STL25940510,BTXN2755008946,exact,true
STL25803092,BTXN6890407426,exact,true
STL29175605,BTXN7827384148,exact,true
STL75604774,BTXN1008958266,exact,true
STL74582407,BTXN7756237356,exact,true
STL73783961,BTXN8028543315,exact,true
STL21987653,BTXN7054307581,exact,true
STL47228655,BTXN3774190383,exact,true
STL85302098,BTXN3770939734,exact,true
STL86536905,BTXN3240915480,exact,true
STL98349411,BTXN5376458227,exact,true
STL21361254,BTXN7901388916,exact,true
STL68655485,BTXN6070243272,exact,true
STL23332334,BTXN3326924276,exact,true
STL30700047,BTXN1726670039,exact,true
STL62336822,BTXN5719070490,exact,true
STL26235817,BTXN1222814829,exact,true
STL25445960,BTXN2156581143,exact,true
STL13879756,BTXN4806010595,exact,true
STL50884443,BTXN7735563741,exact,true
STL29108179,BTXN5231868728,exact,true
STL15609238,BTXN5175059577,exact,true
STL90244451,BTXN8215535604,exact,true
STL16104857,BTXN5595336790,exact,true
STL84689357,BTXN9584871905,exact,true
STL55987725,BTXN8023001183,exact,true
STL55852776,BTXN6199590031,exact,true
STL91709974,BTXN3046676275,exact,true
STL62719526,BTXN3311256997,exact,true
STL26564560,BTXN8785836177,exact,true
STL26745522,BTXN7282216597,exact,true
STL47733231,BTXN8340948569,exact,true
STL39681939,BTXN2559069619,exact,true
STL10957697,BTXN2701177209,exact,true
STL84059354,BTXN1753890647,exact,true
STL86491124,BTXN4674254156,exact,true
STL85177493,BTXN9087861217,exact,true
STL64609958,BTXN2176973938,exact,true
STL40138350,BTXN5496678921,exact,true
STL62594409,BTXN6130802891,exact,true
STL43552306,BTXN1845579519,exact,true
STL13741017,BTXN7356407384,exact,true
STL43609390,BTXN2061516500,exact,true
STL54773484,BTXN1536125194,exact,true
STL18727939,BTXN4361440027,exact,true
STL18830219,BTXN9829550644,exact,true
STL92852868,BTXN8524625316,exact,true
STL93243271,BTXN3659574996,exact,true
STL24496399,BTXN1441048728,exact,true
STL95545512,BTXN7480667587,exact,true
STL34954217,BTXN2044331936,exact,true
STL78870570,BTXN8534977387,exact,true
STL49065941,BTXN9624645834,exact,true
STL66648087,BTXN2476678923,exact,true
STL55842323,BTXN8268862104,exact,true
STL15662934,BTXN3130006033,exact,true
STL72617503,BTXN3679716064,exact,true
STL60454028,BTXN6176794336,exact,true
STL14028892,BTXN3382382306,exact,true
STL15892805,BTXN5188921469,exact,true
STL33392072,BTXN3381580667,exact,true
STL23581521,BTXN3909635823,exact,true
STL42232378,BTXN4053473268,exact,true
STL35727027,BTXN7582272381,exact,true
STL16200213,BTXN3522545423,exact,true
STL26972976,BTXN9099596606,exact,true
STL76919318,BTXN7523593032,exact,true
STL76409861,BTXN7329743090,exact,true
STL37809859,BTXN6166847778,exact,true
STL60611218,BTXN3454017128,exact,true
STL49600674,BTXN2510002930,exact,true
STL67190488,BTXN7232646959,exact,true
STL46644052,BTXN2642270644,exact,true
STL58196637,BTXN4871809301,exact,true
STL83286377,BTXN6155277595,exact,true
STL35587594,BTXN5286358927,exact,true
STL56524207,BTXN3814528616,exact,true
STL73678024,BTXN8792778835,exact,true
STL38129989,BTXN7179086991,exact,true
STL51013170,BTXN5336547548,exact,true
STL64139232,BTXN6581899301,exact,true
STL30628088,BTXN9565270204,exact,true
STL35278389,BTXN3039154519,exact,true
STL33008094,BTXN3374716512,exact,true
STL48093356,BTXN1884300678,exact,true
STL33062057,BTXN9202582000,exact,true
STL74189781,BTXN4191773840,exact,true
STL99226958,BTXN3039164674,exact,true
STL46969062,BTXN1866306655,exact,true
STL91181404,BTXN4468468836,exact,true
STL71767610,BTXN9757802469,exact,true
STL56544270,BTXN6572499854,exact,true
STL71448654,BTXN3830727200,exact,true
STL31197304,BTXN4935462811,exact,true
STL59490380,BTXN6695183060,exact,true
STL72031070,BTXN1114752423,exact,true
STL63240727,BTXN1162240931,exact,true
STL99965548,BTXN8510506350,exact,true
STL68750274,BTXN5897361184,exact,true
STL91468625,BTXN1431709168,exact,true
STL20413322,BTXN9638083814,exact,true
STL14623108,BTXN3286205964,exact,true
STL90289763,BTXN1020039169,exact,true
STL60283960,BTXN4903078968,exact,true
STL55247029,BTXN4524134708,exact,true
STL32420703,BTXN5483999597,exact,true
STL93842238,BTXN7621562469,exact,true
STL57858864,BTXN2388854268,exact,true
STL38557229,BTXN2970427638,exact,true
STL15897385,BTXN6233679020,exact,true
STL43814834,BTXN5119022697,exact,true
STL27841755,BTXN2426129087,exact,true
STL61321020,BTXN4186066547,exact,true
STL51452961,BTXN1340975920,exact,true
STL60432035,BTXN1162808124,exact,true
STL47329499,BTXN9760047394,exact,true
STL56000229,BTXN2040451458,exact,true
STL39855935,BTXN2381420377,exact,true
STL16993664,BTXN1877118282,exact,true
STL41717008,BTXN3179371871,exact,true
STL66910568,BTXN6364282848,exact,true
STL20739561,BTXN6839359948,exact,true
STL30921653,BTXN8703275529,exact,true
STL89884158,BTXN3307246477,exact,true
STL48013916,BTXN7897826389,exact,true
STL30766764,BTXN4934756709,exact,true
STL75961801,BTXN8482666187,exact,true
STL64866540,BTXN4801044279,exact,true
STL68558918,BTXN9405667093,exact,true
STL97363169,BTXN2059962775,exact,true
STL99345471,BTXN3771686437,exact,true
STL11655896,BTXN9986384992,exact,true
STL79596863,BTXN4908201827,exact,true
STL50563223,BTXN9103103846,exact,true
STL24666517,BTXN5907917027,exact,true
STL10861718,BTXN5239242237,exact,true
STL80459205,BTXN2850914417,exact,true
STL75293067,BTXN5073704803,exact,true
STL35754346,BTXN7050717297,exact,true
STL49342650,BTXN5663076330,exact,true
STL74142265,BTXN4266466941,exact,true
STL22997893,BTXN4400697308,exact,true
STL55171003,BTXN9118141883,exact,true
STL60792779,BTXN3623404941,exact,true
STL10414016,BTXN8294178468,exact,true
STL43358157,BTXN6877361656,exact,true
STL12232081,BTXN8017020095,exact,true
STL69633763,BTXN7376034192,exact,true
STL98360765,BTXN4887816258,exact,true
STL79800523,BTXN1136346958,exact,true
STL32555671,BTXN9145012813,exact,true
STL42662689,BTXN1908990420,exact,true
STL31506414,BTXN2204127801,exact,true
STL99318726,BTXN8410598437,exact,true
STL96434410,BTXN6769110814,exact,true
STL41322048,BTXN6255110825,exact,true
STL89483803,BTXN5025289099,exact,true
STL51714724,BTXN9855728370,exact,true
STL58992670,BTXN3537363541,exact,true
STL52402900,BTXN9344648619,exact,true
STL90727321,BTXN2217162916,exact,true
STL46702178,BTXN4559184883,exact,true
STL54713904,BTXN4078487866,exact,true
STL75431766,BTXN8419107020,exact,true
STL56748995,BTXN8549324944,exact,true
STL36184828,BTXN7648652474,exact,true
STL50812122,BTXN5885787104,exact,true
STL39277781,BTXN3797045905,exact,true
STL17560687,BTXN5707489159,exact,true
STL79180538,BTXN8087116099,exact,true
STL42883478,BTXN1145998097,exact,true
STL97616925,BTXN8495577948,exact,true
STL11557250,BTXN1515397731,exact,true
STL13090599,BTXN7354397094,exact,true
STL50045650,BTXN3454243528,exact,true
STL64402540,BTXN5379777377,exact,true
STL37845315,BTXN4855172529,exact,true
STL26514861,BTXN1168118608,exact,true
STL14698329,BTXN6577349701,exact,true
STL43331239,BTXN2291067101,exact,true
STL87453221,BTXN9576178517,exact,true
STL41823071,BTXN1157771113,exact,true
STL90818451,BTXN3371125304,exact,true
STL19980384,BTXN7656549104,exact,true
STL71212377,BTXN3982920803,exact,true
STL94975906,BTXN3598217672,exact,true
STL13477562,BTXN2062994474,exact,true
STL18852915,BTXN5677108385,exact,true
STL46728250,BTXN1042362717,exact,true
STL33586265,BTXN9055262383,exact,true
STL84026745,BTXN1206000737,exact,true
STL74003316,BTXN3543952630,exact,true
STL98256603,BTXN1542747974,exact,true
STL43435196,BTXN2966178433,exact,true
STL50961563,BTXN6607773451,exact,true
STL20293588,BTXN4135124384,exact,true
STL48366253,BTXN4755317390,exact,true
STL64421457,BTXN9649635759,exact,true
STL42779491,BTXN9771852156,exact,true
STL78945564,BTXN5513609342,exact,true
STL43522920,BTXN4684249425,exact,true
STL10299883,BTXN7738124846,exact,true
STL54097476,BTXN6576373571,exact,true
STL63964665,BTXN2522704758,exact,true
STL65125778,BTXN3093419287,exact,true
STL50169346,BTXN6860464405,exact,true
STL68864146,BTXN2887022675,exact,true
STL36637470,BTXN1475305327,exact,true
STL14242158,BTXN2141600678,exact,true
STL53605688,BTXN8841061174,exact,true
STL26928020,BTXN5963015056,exact,true
STL55921387,BTXN5329451114,exact,true
STL43252079,BTXN3652628333,exact,true
STL43199341,BTXN2843223554,exact,true
STL40787425,BTXN1517376881,exact,true
STL67217417,BTXN9665789482,exact,true
STL80460439,BTXN1993974205,exact,true
STL96419192,BTXN5516825943,exact,true
STL43147569,BTXN1204253178,exact,true
STL38451145,BTXN6520394348,exact,true
STL58799048,BTXN6730698191,exact,true
STL54454486,BTXN8774042176,exact,true
STL88427071,BTXN2649479425,exact,true
STL15508152,BTXN1817906089,exact,true
STL50463479,BTXN8410324652,exact,true
STL83886279,BTXN8351279458,exact,true
STL19087680,BTXN7368666052,exact,true
STL48877018,BTXN3431702140,exact,true
STL81466893,BTXN5172725742,exact,true
STL63801036,BTXN7902950398,exact,true
STL89472028,BTXN3992397136,exact,true
STL46039426,BTXN3371470157,exact,true
STL15246661,BTXN3747126998,exact,true
STL38182016,BTXN3296067730,exact,true
STL53561957,BTXN7654085764,exact,true
STL53571790,BTXN5231665002,exact,true
STL44358021,BTXN5173010454,exact,true
STL69349051,BTXN6242604762,exact,true
STL30889845,BTXN2915795547,exact,true
STL76566782,BTXN6074562019,exact,true
STL96914605,BTXN2211370833,exact,true
STL91580498,BTXN1806801100,exact,true
STL23453152,BTXN9640565939,exact,true
STL96500924,BTXN5014410308,exact,true
STL94206105,BTXN3575422095,exact,true
STL21403835,BTXN1868964847,exact,true
STL17499483,BTXN3334799664,exact,true
STL29036775,BTXN1963415929,exact,true
STL40317689,BTXN8234517952,exact,true
STL23654808,BTXN6505350387,exact,true
STL15817913,BTXN3596335142,exact,true
STL67075357,BTXN8806371697,exact,true
STL45621515,BTXN3816872014,exact,true
STL19034683,BTXN8416153220,exact,true
STL61676160,BTXN6809410371,exact,true
STL28551745,BTXN6351134654,exact,true
STL61623796,BTXN9949069966,exact,true
STL21710526,BTXN6305113826,exact,true
STL84943752,BTXN1473117789,exact,true
STL49553600,BTXN2977353085,exact,true
STL28495379,BTXN5909476525,exact,true
STL17258943,BTXN4012497650,exact,true
STL14051460,BTXN5925840748,exact,true
STL30094705,BTXN4287444025,exact,true
STL69589132,BTXN3986063239,exact,true
STL91090807,BTXN4226091368,exact,true
STL70974645,BTXN8857720987,exact,true
STL46484083,BTXN5179528603,exact,true
STL63741103,BTXN3658772734,exact,true
STL72872428,BTXN7345454550,exact,true
STL36136297,BTXN2159295684,exact,true
STL13764654,BTXN6323740456,exact,true
STL35198547,BTXN3369496447,exact,true
STL85663810,BTXN3077935216,exact,true
STL57868637,BTXN8523405865,exact,true
STL57759672,BTXN5182657117,exact,true
STL77401071,BTXN1645046796,exact,true
STL48939164,BTXN1692447546,exact,true
STL41080809,BTXN4798477983,exact,true
STL70059776,BTXN4373060563,exact,true
STL15370440,BTXN2664876543,exact,true
STL83435357,BTXN4844574882,exact,true
STL31672470,BTXN5587720178,exact,true
STL71839630,BTXN9060184184,exact,true
STL63813150,BTXN3923089394,exact,true
STL60154896,BTXN9948523764,exact,true
STL93297363,BTXN9834999739,exact,true
STL30744991,BTXN4663863897,exact,true
STL39937437,BTXN5696560131,exact,true
STL24645711,BTXN1368605032,exact,true
STL68131630,BTXN6151688714,exact,true
STL38539411,BTXN3045347041,exact,true
STL29530531,BTXN3749708434,exact,true
STL73539966,BTXN1916635497,exact,true
STL29023738,BTXN5592432662,exact,true
STL66334114,BTXN3253904127,exact,true
STL55905032,BTXN2275197185,exact,true
STL81874437,BTXN8287228425,exact,true
STL20443308,BTXN5916093622,exact,true
STL29795314,BTXN2358961337,exact,true
STL70473000,BTXN4681934042,exact,true
STL14897064,BTXN5204910390,exact,true
STL59694974,BTXN8790122996,exact,true
STL76992183,BTXN7253461596,exact,true
STL80218664,BTXN2442364344,exact,true
STL84189328,BTXN3555040867,exact,true
STL95108432,BTXN4680775250,exact,true
STL97191136,BTXN9660485827,exact,true
STL95030306,BTXN9730103138,exact,true
STL25368078,BTXN5829435450,exact,true
STL11020743,BTXN9330590753,exact,true
STL51258084,BTXN2037468443,exact,true
STL79654067,BTXN7871714360,exact,true
STL84590103,BTXN9476076392,exact,true
STL27296700,BTXN4127220285,exact,true
STL77680235,BTXN9232015048,exact,true
STL11548620,BTXN3548153398,exact,true
STL86744869,BTXN2642416330,exact,true
STL49852264,BTXN4609734448,exact,true
STL95682794,BTXN4723474875,exact,true
STL29036823,BTXN6508136828,exact,true
STL37913590,BTXN2678474117,exact,true
STL38225447,BTXN8247054708,exact,true
STL11361006,BTXN4881096387,exact,true
STL74949433,BTXN1021537349,exact,true
STL79524101,BTXN1654321163,exact,true
STL53961638,BTXN1595132228,exact,true
STL46730893,BTXN3068348342,exact,true
STL72685550,BTXN7424419411,exact,true
STL62724203,BTXN7818599399,exact,true
STL90038028,BTXN8503648320,exact,true
STL67621412,BTXN6810727866,exact,true
STL78633149,BTXN7055080408,exact,true
STL53309532,BTXN6093465668,exact,true
STL29466895,BTXN8642956821,exact,true
STL38692049,BTXN8710494605,exact,true
STL90772485,BTXN1933998295,exact,true
STL87034049,BTXN8542826729,exact,true
STL76927800,BTXN6473572695,exact,true
STL89345641,BTXN2644360541,exact,true
STL71977968,BTXN2221341894,exact,true
STL55283701,BTXN3769290424,exact,true
STL50399304,BTXN6474681203,exact,true
STL76279210,BTXN3629897176,exact,true
STL96046600,BTXN3654191036,exact,true
STL24111073,BTXN9562190704,exact,true
STL59510172,BTXN5520414347,exact,true
STL45396856,BTXN8784566068,exact,true
STL88400641,BTXN3265977202,exact,true
STL74787744,BTXN1969934690,exact,true
STL98514011,BTXN4675905639,exact,true
STL38517975,BTXN9646319363,exact,true
STL24030412,BTXN2462222211,exact,true
STL77714375,BTXN1558605632,exact,true
STL63714593,BTXN1807254039,exact,true
STL29768893,BTXN1473301871,exact,true
STL57238845,BTXN2140651959,exact,true
STL77402853,BTXN2433400257,exact,true
STL66718851,BTXN6127897303,exact,true
STL79607791,BTXN2862148968,exact,true
STL25460259,BTXN9743213197,exact,true
STL40395619,BTXN7032536684,exact,true
STL76460815,BTXN1883497862,exact,true
STL10416997,BTXN1404768759,exact,true
STL35144941,BTXN2955139212,exact,true
STL12795332,BTXN1330614006,exact,true
STL75539501,BTXN4750445064,exact,true
STL40640252,BTXN1403340801,exact,true
STL83244637,BTXN7384440186,exact,true
STL54793672,BTXN7853666330,exact,true
STL29850853,BTXN9498183077,exact,true
STL76817911,BTXN1132734573,exact,true
STL60704539,BTXN3743340587,exact,true
STL80720244,BTXN6046381494,exact,true
STL35578230,BTXN9766457634,exact,true
STL48709538,BTXN5330765328,exact,true
STL93724365,BTXN5993358302,exact,true
STL70915814,BTXN1175892199,exact,true
STL67756952,BTXN4582475407,exact,true
STL77376391,BTXN9959316663,exact,true
STL88547547,BTXN4943895991,exact,true
STL43383774,BTXN8031053243,exact,true
STL50536794,BTXN7859229401,exact,true
STL43557176,BTXN5877754628,exact,true
STL86056500,BTXN6082544784,exact,true
STL52045107,BTXN6830671474,exact,true
STL13714198,BTXN8588218088,exact,true
STL27082542,BTXN9065112088,exact,true
STL72117013,BTXN1233415299,exact,true
STL54759391,BTXN3552669535,exact,true
STL18169131,BTXN4079282743,exact,true
STL28307667,BTXN4660410361,exact,true
STL91039410,BTXN4779137718,exact,true
STL13309323,BTXN7201141981,exact,true
STL83379415,BTXN5824092354,exact,true
STL32921098,BTXN6155468456,exact,true
STL59303460,BTXN8162715496,exact,true
STL65954896,BTXN8788895724,exact,true
STL11479031,BTXN7788359341,exact,true
STL15721942,BTXN5893271373,exact,true
STL77194545,BTXN3161251707,exact,true
STL71670595,BTXN4378837318,exact,true
STL60536025,BTXN9429109595,exact,true
STL88449352,BTXN2734195515,exact,true
STL22957438,BTXN3857274115,exact,true
STL24150817,BTXN9128109021,exact,true
STL19782015,BTXN6042580412,exact,true
STL36268818,BTXN6379424827,exact,true
STL80938021,BTXN1825904244,exact,true
STL37318624,BTXN5317456982,exact,true
STL55729498,BTXN3131057424,exact,true
STL57846632,BTXN5583394443,exact,true
STL23544314,BTXN5801462032,exact,true
STL40067619,BTXN8851838021,exact,true
STL20036415,BTXN6636024977,exact,true
STL88218402,BTXN1128754686,exact,true
STL28695003,BTXN1267698902,exact,true
STL56418606,BTXN5213603623,exact,true
STL84011044,BTXN5851013429,exact,true
STL97286750,BTXN6799312597,exact,true
STL12878065,BTXN4999673414,exact,true
STL26809078,BTXN1591719508,exact,true
STL57216333,BTXN6126668956,exact,true
STL40484320,BTXN4443563465,exact,true
STL47929390,BTXN5482740815,exact,true
STL98126056,BTXN1329869970,exact,true
STL39566459,BTXN7663237365,exact,true
STL17247426,BTXN7383213464,exact,true
STL50928246,BTXN1905248698,exact,true
STL97229186,BTXN8577146879,exact,true
STL46278860,BTXN6944993484,exact,true
STL76485758,BTXN6938171032,exact,true
STL98573727,BTXN9814388068,exact,true
STL91703604,BTXN5412413776,exact,true
STL24657945,BTXN7671347646,exact,true
STL31816939,BTXN9419445903,exact,true
STL21480563,BTXN5289839506,exact,true
STL58545863,BTXN1052996109,exact,true
STL69566993,BTXN2987385603,exact,true
STL95596429,BTXN6230593697,exact,true
STL18595771,BTXN2891673334,exact,true
STL40523650,BTXN3707281860,exact,true
STL78010697,BTXN8991088511,exact,true
STL18162164,BTXN9555450885,exact,true
STL82536810,BTXN4085157909,exact,true
STL25191106,BTXN3194880840,exact,true
STL19582229,BTXN8051851097,exact,true
STL54961030,BTXN9482984894,exact,true
STL31516822,BTXN2581844680,exact,true
STL78557897,BTXN8356592812,exact,true
STL98189010,BTXN4119261951,exact,true
STL91483852,BTXN7189122676,exact,true
STL54115287,BTXN2554627667,exact,true
STL69727893,BTXN9075512531,exact,true
STL58626679,BTXN8100997954,exact,true
STL86415823,BTXN5238037402,exact,true
STL91274963,BTXN6527129795,exact,true
STL87310988,BTXN2950212154,exact,true
STL23555369,BTXN2852934216,exact,true
STL66688023,BTXN2521998002,exact,true
STL55183120,BTXN3648403946,exact,true
STL64878236,BTXN8004370096,exact,true
STL34622346,BTXN3187744636,exact,true
STL60918794,BTXN6671233208,exact,true
STL16481098,BTXN7127584892,exact,true
STL15628343,BTXN6199833952,exact,true
STL23350172,BTXN6786805346,exact,true
STL40015561,BTXN4802545724,exact,true
STL41094836,BTXN8157277882,exact,true
STL13670871,BTXN1838088426,exact,true
STL69703357,BTXN3237222263,exact,true
STL69647037,BTXN9112676784,exact,true
STL99753485,BTXN9929525100,exact,true
STL78056464,BTXN6735229466,exact,true
STL68166960,BTXN7533920023,exact,true
STL43005982,BTXN5050851541,exact,true
STL35112788,BTXN8445586448,exact,true
STL79297448,BTXN4218845963,exact,true
STL33906194,BTXN5461666715,exact,true
STL95592608,BTXN6792638620,exact,true
STL49207134,BTXN8163901518,exact,true
STL49650228,BTXN1414607096,exact,true
STL98908264,BTXN2824782506,exact,true
STL56651206,BTXN8288424566,exact,true
STL90672745,BTXN2008716202,exact,true
STL18160875,BTXN6683066445,exact,true
STL67069281,BTXN7007282752,exact,true
STL55612761,BTXN5490940353,exact,true
STL81942460,BTXN3685585090,exact,true
STL60893769,BTXN8321761825,exact,true
STL97903429,BTXN9801312301,exact,true
STL40780751,BTXN6900769445,exact,true
STL14841900,BTXN4631317398,exact,true
STL15675419,BTXN5969043107,exact,true
STL14533608,BTXN8662451920,exact,true
STL21397317,BTXN1328681328,exact,true
STL22825399,BTXN8699244299,exact,true
STL46782333,BTXN2970984707,exact,true
STL60543809,BTXN6545827794,exact,true
STL74874074,BTXN3175802532,exact,true
STL60028002,BTXN4069092303,exact,true
STL41154021,BTXN7215183990,exact,true
STL22802899,BTXN3408984562,exact,true
STL64115926,BTXN1998278217,exact,true
STL30214797,BTXN5451775316,exact,true
STL85485324,BTXN8708159741,exact,true
STL53196359,BTXN4148508746,exact,true
STL27083565,BTXN4250803652,exact,true
STL15242805,BTXN9098173013,exact,true
STL28772414,BTXN7644679689,exact,true
STL46387450,BTXN7539002241,exact,true
STL92409660,BTXN7891351401,exact,true
STL32043679,BTXN8857247603,exact,true
STL18999031,BTXN5319029553,exact,true
STL54430783,BTXN1406795995,exact,true
STL95408582,BTXN6265756641,exact,true
STL67198985,BTXN6608154934,exact,true
STL39050282,BTXN2202528733,exact,true
STL54313350,BTXN7892457034,exact,true
STL39050549,BTXN1629176876,exact,true
STL17004714,BTXN8762012604,exact,true
STL42315990,BTXN7700772345,exact,true
STL81227403,BTXN7191825941,exact,true
STL59081701,BTXN8968763419,exact,true
STL61332565,BTXN2607201922,exact,true
STL10753570,BTXN7812627337,exact,true
STL77483781,BTXN4958087064,exact,true
STL63458116,BTXN6381757026,exact,true
STL73190952,BTXN8010417786,exact,true
STL15126257,BTXN2587135848,exact,true
STL21116532,BTXN4632696804,exact,true
STL23082934,BTXN4661785483,exact,true
STL32711457,BTXN9350709115,exact,true
STL99620191,BTXN3876086952,exact,true
STL45787268,BTXN1360642836,exact,true
STL33215400,BTXN5041950526,exact,true
STL72579321,BTXN3990552168,exact,true
STL21598781,BTXN6092366152,exact,true
STL39195825,BTXN8034922852,exact,true
STL96210380,BTXN4713368213,exact,true
STL33891297,BTXN2198138675,exact,true
STL46614518,BTXN4794898150,exact,true
STL75751340,BTXN6856674089,exact,true
STL14929963,BTXN7808480880,exact,true
STL96705723,BTXN8714926942,exact,true
STL22181265,BTXN6200011339,exact,true
STL79394567,BTXN6095658763,exact,true
STL98356175,BTXN5440351015,exact,true
STL31307131,BTXN7104899851,exact,true
STL58050555,BTXN2315443813,exact,true
STL63597632,BTXN6341172911,exact,true
STL50288578,BTXN5758202336,exact,true
STL50343535,BTXN4229171556,exact,true
STL56453084,BTXN7265126870,exact,true
STL33094634,BTXN6588965071,exact,true
STL22101995,BTXN4110133535,exact,true
STL23410159,BTXN8244692595,exact,true
STL72207767,BTXN4033209410,exact,true
STL63671462,BTXN8616095594,exact,true
STL90119779,BTXN5602730904,exact,true
STL41562316,BTXN6880379609,exact,true
STL20370954,BTXN3772733269,exact,true
STL68438483,BTXN5693756540,exact,true
STL74512027,BTXN5444546673,exact,true
STL72400868,BTXN4462726923,exact,true
STL31593455,BTXN2370205303,exact,true
STL66701227,BTXN4312964517,exact,true
STL91018658,BTXN9195703289,exact,true
STL81809727,BTXN9468688732,exact,true
STL10933716,BTXN7829655223,exact,true
STL26314358,BTXN9022555324,exact,true
STL43866730,BTXN7123345775,exact,true
STL33988490,BTXN6554422145,exact,true
STL89964091,BTXN5774643348,exact,true
STL33519462,BTXN9950913099,exact,true
STL67861335,BTXN9129156255,exact,true
STL15454740,BTXN5623687550,exact,true
STL61259494,BTXN4115565294,exact,true
STL97630141,BTXN9213466250,exact,true
STL50695005,BTXN4409016344,exact,true
STL46881253,BTXN4342811602,exact,true
STL48240309,BTXN2171149129,exact,true
STL46878825,BTXN6441952391,exact,true
STL39669864,BTXN9863620453,exact,true
STL82673252,BTXN6965879269,exact,true
STL30371382,BTXN8484286122,exact,true
STL14330737,BTXN9927555585,exact,true
STL50806582,BTXN6649334064,exact,true
STL93787448,BTXN7148377945,exact,true
STL60369810,BTXN5860603268,exact,true
STL24848878,BTXN7746298485,exact,true
STL52869611,BTXN8604238207,exact,true
STL77418191,BTXN2684371781,exact,true
STL70324953,BTXN4750974892,exact,true
STL72279909,BTXN3818317229,exact,true
STL65068702,BTXN9714664711,exact,true
STL90472677,BTXN5393036949,exact,true
STL22209308,BTXN9383115102,exact,true
STL84095884,BTXN4922193193,exact,true
STL73373435,BTXN4957321396,exact,true
STL37784045,BTXN7775750049,exact,true
STL33740148,BTXN9473134188,exact,true
STL14338261,BTXN2654917886,exact,true
STL91467062,BTXN5396844455,exact,true
STL58771134,BTXN7184949643,exact,true
STL87821046,BTXN6020616922,exact,true
STL38197129,BTXN2136051951,exact,true
STL42846895,BTXN8546174134,exact,true
STL44617672,BTXN7735501682,exact,true
STL13481673,BTXN6545740371,exact,true
STL30728758,BTXN3985356699,exact,true
STL88279855,BTXN2301188571,exact,true
STL74018411,BTXN6902842342,exact,true
STL11910266,BTXN5573077595,exact,true
STL91690443,BTXN4389907086,exact,true
STL80345971,BTXN4857459052,exact,true
STL94074257,BTXN5583579348,exact,true
STL86061476,BTXN3246047970,exact,true
STL40647266,BTXN2958788771,exact,true
STL18545499,BTXN2300347998,exact,true
STL72313438,BTXN5514366267,exact,true
STL73892444,BTXN1847810424,exact,true
STL24968484,BTXN3760063479,exact,true
STL90712387,BTXN6457800493,exact,true
STL96607967,BTXN6581899574,exact,true
STL94009791,BTXN2889973756,exact,true
STL76543529,BTXN1700641785,exact,true
STL95615203,BTXN4532858338,exact,true
STL81189018,BTXN3026690440,exact,true
STL53455060,BTXN1671680169,exact,true
STL91889353,BTXN3845805571,exact,true
STL50750934,BTXN2592535796,exact,true
STL70358769,BTXN6617889740,exact,true
STL17423236,BTXN9455416021,exact,true
STL12614510,BTXN1868498641,exact,true
STL67377856,BTXN8691942704,exact,true
STL42633405,BTXN5983957135,exact,true
STL16174008,BTXN8329312966,exact,true
STL17961369,BTXN1435681141,exact,true
STL48149420,BTXN5771840898,exact,true
STL30370571,BTXN4753589315,exact,true
STL68822422,BTXN6348207818,exact,true
STL58483417,BTXN4799264604,exact,true
STL54696127,BTXN6407474729,exact,true
STL67355386,BTXN3269449477,exact,true
STL77674129,BTXN7609136010,exact,true
STL81371946,BTXN4657104313,exact,true
STL30428651,BTXN8088601714,exact,true
STL80828569,BTXN9368759645,exact,true
STL93710220,BTXN8852156453,exact,true
STL44742654,BTXN4674665074,exact,true
STL87099818,BTXN9269343397,exact,true
STL51403708,BTXN1779909040,exact,true
STL27089076,BTXN7614577136,exact,true
STL98337685,BTXN1896820343,exact,true
STL39156896,BTXN8612165250,exact,true
STL60346941,BTXN5404162067,exact,true
STL36660705,BTXN4498248368,exact,true
STL91181379,BTXN9569995483,exact,true
STL74153249,BTXN2962601437,exact,true
STL57604491,BTXN5575452723,exact,true
STL97299591,BTXN3024482067,exact,true
STL85776544,BTXN1039831311,exact,true
STL18211636,BTXN6553755986,exact,true
STL33439445,BTXN5145932741,exact,true
STL14023864,BTXN3136984143,exact,true
STL93471826,BTXN2378996901,exact,true
STL14593302,BTXN2750861922,exact,true
STL31229564,BTXN1429991715,exact,true
STL73845946,BTXN2891571587,exact,true
STL27206526,BTXN7614189891,exact,true
STL26889016,BTXN5047101003,exact,true
STL92545856,BTXN1451951731,exact,true
STL54107402,BTXN4863461116,exact,true
STL61677853,BTXN3713904908,exact,true
STL95178684,BTXN4413520679,exact,true
STL74940557,BTXN8978676786,exact,true
STL83266696,BTXN2889197205,exact,true
STL55265544,BTXN6095203031,exact,true
STL99659144,BTXN8972380077,exact,true
STL82923013,BTXN1542145861,exact,true
STL56657336,BTXN6613652854,exact,true
STL29019782,BTXN1071808601,exact,true
STL81252175,BTXN6011167992,exact,true
STL30407950,BTXN6163393045,exact,true
STL73960898,BTXN7305029814,exact,true
STL38018594,BTXN5120057988,exact,true
STL42542841,BTXN7094598442,exact,true
STL40374151,BTXN2186346730,exact,true
STL37626181,BTXN2904308418,exact,true
STL79876471,BTXN3023399168,exact,true
STL30626125,BTXN5243253355,exact,true
STL88514495,BTXN2250294737,exact,true
STL42385743,BTXN8150736635,exact,true
STL47608285,BTXN8440784470,exact,true
STL99520336,BTXN8886832331,exact,true
STL42580577,BTXN7810890924,exact,true
STL85251955,BTXN7724287042,exact,true
STL87259150,BTXN1407650680,exact,true
STL62847572,BTXN5466185840,exact,true
STL94627132,BTXN9357790587,exact,true
STL71286924,BTXN6383802605,exact,true
STL69862044,BTXN4366007978,exact,true
STL31554308,BTXN4502414628,exact,true
STL92732173,BTXN5148524493,exact,true
STL51999994,BTXN7965576778,exact,true
STL75154738,BTXN6800756648,exact,true
STL32621484,BTXN2386242699,exact,true
STL85151359,BTXN3311784874,exact,true
STL45348929,BTXN6814525223,exact,true
STL92331842,BTXN5648063448,exact,true
STL83549599,BTXN9558483771,exact,true
STL42930552,BTXN4758680301,exact,true
STL12788232,BTXN7180242731,exact,true
STL94188755,BTXN8738351331,exact,true
STL52970439,BTXN7615834955,exact,true
STL82246104,BTXN3486607709,exact,true
STL56753777,BTXN5230873857,exact,true
STL93054727,BTXN7175608725,exact,true
STL85156388,BTXN3792920915,exact,true
STL18559981,BTXN8224165114,exact,true
STL90227105,BTXN7402979400,exact,true
STL51584044,BTXN8192642678,exact,true
STL29358634,BTXN7815565318,exact,true
STL88845892,BTXN5197702821,exact,true
STL36121315,BTXN1778411697,exact,true
STL64703681,BTXN3037564969,exact,true
STL33811694,BTXN8332638556,exact,true
STL63878721,BTXN1861601765,exact,true
STL12738143,BTXN3392848202,exact,true
STL10625592,BTXN6698818860,exact,true
STL19313264,BTXN5104750512,exact,true
STL23014526,BTXN4919649984,exact,true
STL33822574,BTXN3178960298,exact,true
STL51831014,BTXN9310901350,exact,true
STL23384402,BTXN3137394980,exact,true
STL71024383,BTXN3381395514,exact,true
STL35278591,BTXN8705403082,exact,true
STL98538069,BTXN3232712137,exact,true
STL49320311,BTXN7125994325,exact,true
STL24001392,BTXN6964887772,exact,true
STL51220925,BTXN9795904190,exact,true
STL57213180,BTXN9047502562,exact,true
STL34924955,BTXN4832640177,exact,true
STL37747762,BTXN3632888180,exact,true
STL10636028,BTXN4884350399,exact,true
STL30928435,BTXN8166293834,exact,true
STL64922351,BTXN3964735450,exact,true
STL75527308,BTXN9634729829,exact,true
STL27299087,BTXN1957668578,exact,true
STL18925521,BTXN2406080225,exact,true
STL24561556,BTXN4268424109,exact,true
STL79555056,BTXN5275891045,exact,true
STL62085048,BTXN1792328392,exact,true
STL68801935,BTXN4171173360,exact,true
STL38243618,BTXN8408432735,exact,true
STL43662096,BTXN4959271680,exact,true
STL62520989,BTXN2632235074,exact,true
STL94183188,BTXN6129647344,exact,true
STL90753445,BTXN7565100636,exact,true
STL24947264,BTXN3941033980,exact,true
STL59710508,BTXN1165055708,exact,true
STL10459152,BTXN3416828182,exact,true
STL94327199,BTXN9741096919,exact,true
STL86704340,BTXN8064319924,exact,true
STL75842162,BTXN7926100785,exact,true
STL82001727,BTXN9072151871,exact,true
STL62137114,BTXN9586242978,exact,true
STL50246214,BTXN1618405605,exact,true
STL63986524,BTXN7985763912,exact,true
STL69578294,BTXN9385383087,exact,true
STL27866349,BTXN1884398554,exact,true
STL60307037,BTXN8060926433,exact,true
STL50308304,BTXN2770032700,exact,true
STL98536920,BTXN7517616549,exact,true
STL46684386,BTXN4303860786,exact,true
STL30224364,BTXN7061443251,exact,true
STL52441605,BTXN9741553924,exact,true
STL54494335,BTXN4661893102,exact,true
STL51280251,BTXN4610686734,exact,true
STL73765142,BTXN6047522853,exact,true
STL31911949,BTXN2783209739,exact,true
STL47746670,BTXN4881154133,exact,true
STL23028371,BTXN4245593049,exact,true
STL88675126,BTXN8808043113,exact,true
STL12665116,BTXN9462359905,exact,true
STL19246258,BTXN1761220563,exact,true
STL24894384,BTXN3872920236,exact,true
STL57608618,BTXN8728010542,exact,true
STL59018458,BTXN8951070357,exact,true
STL16980807,BTXN3789173738,exact,true
STL15429877,BTXN8115443919,exact,true
STL93774633,BTXN9635795733,exact,true
STL61005009,BTXN2668153018,exact,true
STL64652792,BTXN8332714010,exact,true
STL21381032,BTXN9217740012,exact,true
STL42609677,BTXN1319608411,exact,true
STL21728894,BTXN4709522034,exact,true
STL92874168,BTXN1302291722,exact,true
STL92217107,BTXN1523893241,exact,true
STL34907429,BTXN9983799760,exact,true
STL38215122,BTXN9804677062,exact,true
STL73893558,BTXN4511354523,exact,true
STL69393536,BTXN1027115821,exact,true
STL26644381,BTXN1325471606,exact,true
STL90739206,BTXN8046301787,exact,true
STL81209329,BTXN9619926628,exact,true
STL18270439,BTXN5564618134,exact,true
STL20730923,BTXN2915263394,exact,true
STL91269754,BTXN9872881926,exact,true
STL59720070,BTXN7441140696,exact,true
STL40616624,BTXN3522129892,exact,true
STL53535905,BTXN9470861195,exact,true
STL66317377,BTXN5078647432,exact,true
STL63609010,BTXN2570712716,exact,true
STL22730042,BTXN5365359076,exact,true
STL76749487,BTXN2684623187,exact,true
STL68096981,BTXN4657581636,exact,true
STL53390242,BTXN8327317741,exact,true
STL39045233,BTXN7083157218,exact,true
STL92091154,BTXN6505706239,exact,true
STL59602515,BTXN3033766015,exact,true
STL53781905,BTXN3956147725,exact,true
STL47652279,BTXN7678655886,exact,true
STL52071895,BTXN5705491685,exact,true
STL72101101,BTXN2142492761,exact,true
STL29204323,BTXN4340450663,exact,true
STL57804163,BTXN6669510021,exact,true
STL96683389,BTXN3598804887,exact,true
STL43316392,BTXN8691037901,exact,true
STL13393520,BTXN9713720840,exact,true
STL69953058,BTXN7983143830,exact,true
STL24461271,BTXN9318934953,exact,true
STL48220213,BTXN5847023855,exact,true
STL84165377,BTXN7344102709,exact,true
STL94408232,BTXN6686039480,exact,true
STL96385345,BTXN6510051851,exact,true
STL76662806,BTXN1291605342,exact,true
STL22329160,BTXN8536205444,exact,true
STL19338403,BTXN7410048427,exact,true
STL30801601,BTXN6185118898,exact,true
STL40520595,BTXN2027636960,exact,true
STL74249118,BTXN1182084427,exact,true
STL95138411,BTXN8173724981,exact,true
STL99877837,BTXN1291892607,exact,true
STL56893195,BTXN4014312032,exact,true
STL94245755,BTXN6503644761,exact,true
STL91553176,BTXN6395673907,exact,true
STL97303617,BTXN6520672499,exact,true
STL37459613,BTXN1793847567,exact,true
STL36862689,BTXN6597934134,exact,true
STL39099216,BTXN3195155142,exact,true
STL37696190,BTXN8387095101,exact,true
STL75992475,BTXN7857947709,exact,true
STL14187584,BTXN3659773355,exact,true
STL50727906,BTXN7206488074,exact,true
STL96674066,BTXN9059268380,exact,true
STL14696647,BTXN4859121314,exact,true
STL26149750,BTXN3046572593,exact,true
STL87816352,BTXN6468071295,exact,true
STL38920642,BTXN5574817788,exact,true
STL72505408,BTXN2771348682,exact,true
STL47691414,BTXN8343972092,exact,true
STL46502180,BTXN1807753719,exact,true
STL85593030,BTXN5498095763,exact,true
STL83093732,BTXN5998889740,exact,true
STL33348882,BTXN7786957957,exact,true
STL29814990,BTXN7623993181,exact,true
STL54668206,BTXN9266605491,exact,true
STL15738577,BTXN4198865421,exact,true
STL63197220,BTXN9770230531,exact,true
STL40438208,BTXN8678217181,exact,true
STL83611807,BTXN9319042718,exact,true
STL24284340,BTXN8060506476,exact,true
STL76465010,BTXN9900059888,exact,true
STL38084257,BTXN4498226612,exact,true
STL34926126,BTXN3922645882,exact,true
STL57984755,BTXN8136453451,exact,true
STL60320365,BTXN6190246399,exact,true
STL52900260,BTXN2509667949,exact,true
STL66734057,BTXN5412340714,exact,true
STL21135331,BTXN5698718379,exact,true
STL53335214,BTXN8965627556,exact,true
STL77953702,BTXN2908812198,exact,true
STL81895460,BTXN5504196105,exact,true
STL70629628,BTXN1698989552,exact,true
STL36725847,BTXN7365769418,exact,true
STL60562450,BTXN5483407610,exact,true
STL40699959,BTXN8360835006,exact,true
STL68800423,BTXN7425896687,exact,true
STL95205708,BTXN3334248722,exact,true
STL18984340,BTXN1279925964,exact,true
STL28458598,BTXN1519737760,exact,true
STL69874812,BTXN7639671096,exact,true
STL88130892,BTXN2774920001,exact,true
STL27879790,BTXN2678085636,exact,true
STL80405670,BTXN8155034104,exact,true
STL42705658,BTXN8991154686,exact,true
STL74254637,BTXN1919649089,exact,true
STL29610873,BTXN3865096867,exact,true
STL43160881,BTXN7981999751,exact,true
STL67964749,BTXN2694917952,exact,true
STL27089453,BTXN3728783673,exact,true
STL90506717,BTXN5427741963,exact,true
STL96087267,BTXN5466545009,exact,true
STL50734662,BTXN7894693258,exact,true
STL61820639,BTXN5884526046,exact,true
STL43768232,BTXN7997023025,exact,true
STL52017078,BTXN6116450998,exact,true
STL47382608,BTXN3830860764,exact,true
STL37442758,BTXN8722482799,exact,true
STL95710818,BTXN2060973449,exact,true
STL60331463,BTXN6349956494,exact,true
STL91333763,BTXN5604420757,exact,true
STL76445238,BTXN7732162114,exact,true
STL89896025,BTXN5759163820,exact,true
STL26497586,BTXN1234084952,exact,true
STL27102306,BTXN4366698765,exact,true
STL11322863,BTXN5773564271,exact,true
STL39586634,BTXN7668434075,exact,true
STL39510761,BTXN2646140692,exact,true
STL75264320,BTXN1534995217,exact,true
STL33292561,BTXN4941171659,exact,true
STL68410653,BTXN6955845294,exact,true
STL69610531,BTXN2900641393,exact,true
STL75970674,BTXN6765086231,exact,true
STL91410291,BTXN6177452419,exact,true
STL32599802,BTXN8679701975,exact,true
STL43388761,BTXN8365584530,exact,true
STL13258266,BTXN3419394235,exact,true
STL86726438,BTXN6777521943,exact,true
STL66926814,BTXN5679198972,exact,true
STL74227310,BTXN1679026596,exact,true
STL31307557,BTXN9986689848,exact,true
STL70814164,BTXN5935043453,exact,true
STL64957378,BTXN2338304717,exact,true
STL86854285,BTXN6050640730,exact,true
STL41708297,BTXN5128933049,exact,true
STL81666002,BTXN8562837321,exact,true
STL42970120,BTXN4379745677,exact,true
STL62855703,BTXN1579602009,exact,true
STL91734449,BTXN8878172281,exact,true
STL43314826,BTXN1181563479,exact,true
STL80986823,BTXN8725950616,exact,true
STL91271137,BTXN9318793788,exact,true
STL19853872,BTXN2281799405,exact,true
STL52217539,BTXN3092600810,exact,true
STL70389982,BTXN4217898231,exact,true
STL68925077,BTXN6381250210,exact,true
STL72182980,BTXN5855091639,exact,true
STL49650344,BTXN2606470862,exact,true
STL20485555,BTXN7864373348,exact,true
STL19094010,BTXN6808867808,exact,true
STL23596622,BTXN2157960161,exact,true
STL13239995,BTXN7220653058,exact,true
STL59387766,BTXN7388836126,exact,true
STL30579604,BTXN6918142780,exact,true
STL22507696,BTXN7944422475,exact,true
STL11626011,BTXN5095507581,exact,true
STL67299090,BTXN4934496107,exact,true
STL18870325,BTXN6235970805,exact,true
STL56001399,BTXN9501707946,exact,true
STL94761786,BTXN8150869292,exact,true
STL89705240,BTXN2053540619,exact,true
STL78294681,BTXN6585901092,exact,true
STL44580161,BTXN4365005756,exact,true
STL82774096,BTXN7467549248,exact,true
STL42547019,BTXN4819542354,exact,true
STL73508357,BTXN5202018300,exact,true
STL63196481,BTXN3527258525,exact,true
STL91949683,BTXN4455427967,exact,true
STL21123747,BTXN1432330710,exact,true
STL22390315,BTXN1220580048,exact,true
STL57949350,BTXN1375896352,exact,true
STL15303441,BTXN3638670490,exact,true
STL92602298,BTXN7926652524,exact,true
STL31125070,BTXN5707800373,exact,true
STL55453854,BTXN3856190108,exact,true
STL49413474,BTXN8793810968,exact,true
STL99423281,BTXN2402777787,exact,true
STL20664018,BTXN9842255707,exact,true
STL30042306,BTXN4104272371,exact,true
STL38155104,BTXN9141495500,exact,true
STL56316611,BTXN1283705599,exact,true
STL98359482,BTXN9446278791,exact,true
STL66686642,BTXN8122794462,exact,true
STL65807870,BTXN5695328401,exact,true
STL78824758,BTXN7888791835,exact,true
STL66085588,BTXN9629556261,exact,true
STL77253402,BTXN1866351732,exact,true
STL81252044,BTXN6139619911,exact,true
STL82315471,BTXN2960379288,exact,true
STL73688669,BTXN3456281720,exact,true
STL45527500,BTXN6386498527,exact,true
STL70297305,BTXN6321378438,exact,true
STL81841063,BTXN2789949373,exact,true
STL25552030,BTXN4673201554,exact,true
STL11907415,BTXN8237380833,exact,true
STL23349287,BTXN2108931441,exact,true
STL67237068,BTXN5998943805,exact,true
STL20230849,BTXN5221152318,exact,true
STL18855990,BTXN9350979387,exact,true
STL26299272,BTXN7591021980,exact,true
STL21176055,BTXN5690233579,exact,true
STL12446459,BTXN4292023422,exact,true
STL80073291,BTXN3296988157,exact,true
STL68035954,BTXN8781662243,exact,true
STL88699165,BTXN8605695669,exact,true
STL14882771,BTXN2945231142,exact,true
STL97069298,BTXN6749782732,exact,true
STL89575745,BTXN5878096289,exact,true
STL43022604,BTXN8826137252,exact,true
STL99231121,BTXN5952255182,exact,true
STL64609285,BTXN1097634221,exact,true
STL28444834,BTXN4657464840,exact,true
STL52723076,BTXN4815684991,exact,true
STL83847719,BTXN7640296994,exact,true
STL51861461,BTXN2804621381,exact,true
STL19227140,BTXN1017220472,exact,true
STL64490879,BTXN3327719428,exact,true
STL21007045,BTXN2434788933,exact,true
STL32732400,BTXN2751962237,exact,true
STL76122740,BTXN3351768489,exact,true
STL35833126,BTXN6552131311,exact,true
STL46152919,BTXN7099816416,exact,true
STL43948523,BTXN3969110738,exact,true
STL43390704,BTXN1172684301,exact,true
STL62978256,BTXN6231852874,exact,true
STL24867878,BTXN5354065716,exact,true
STL96968167,BTXN4374115502,exact,true
STL98519306,BTXN6476360727,exact,true
STL62239020,BTXN2516888774,exact,true
STL16567733,BTXN2082809647,exact,true
STL71572062,BTXN7546741316,exact,true
STL48043501,BTXN2199704988,exact,true
STL88716610,BTXN7246725242,exact,true
STL73999739,BTXN9433203404,exact,true
STL12301266,BTXN4354403023,exact,true
STL24740381,BTXN5719458685,exact,true
STL42376774,BTXN9155179392,exact,true
STL30011366,BTXN5117248077,exact,true
STL35960277,BTXN1804756055,exact,true
STL46499378,BTXN3517677005,exact,true
STL22896972,BTXN6926717770,exact,true
STL55117017,BTXN6827758031,exact,true
STL67824109,BTXN9660506808,exact,true
STL65127958,BTXN4721810600,exact,true
STL23772773,BTXN1582918332,exact,true
STL44421014,BTXN7818258958,exact,true
STL22550720,BTXN8754201844,exact,true
STL82621876,BTXN4129590603,exact,true
STL23434328,BTXN9970941948,exact,true
STL67325158,BTXN8285892694,exact,true
STL13610372,BTXN4173554352,exact,true
STL31066031,BTXN9784084995,exact,true
STL49594225,BTXN2979357682,exact,true
STL25821079,BTXN4109822170,exact,true
STL18491684,BTXN5978162882,exact,true
STL66419315,BTXN1466108861,exact,true
STL24554533,BTXN2866672076,exact,true
STL70808034,BTXN3436507567,exact,true
STL47470286,BTXN6651018198,exact,true
STL36342866,BTXN7037934438,exact,true
STL27015981,BTXN4869039451,exact,true
STL17090950,BTXN3224597355,exact,true
STL42412874,BTXN5653888632,exact,true
STL33932371,BTXN5484025579,exact,true
STL95395947,BTXN9973832043,exact,true
STL53196957,BTXN2979547011,exact,true
STL14443428,BTXN4287709186,exact,true
STL14073160,BTXN5654171713,exact,true
STL68918771,BTXN2595749987,exact,true
STL60874566,BTXN3886984936,exact,true
STL90577383,BTXN7614306997,exact,true
STL30210136,BTXN8573009419,exact,true
STL78067673,BTXN7161946294,exact,true
STL42965597,BTXN6918017122,exact,true
STL81140123,BTXN5939034623,exact,true
STL78676872,BTXN6676402384,exact,true
STL87420166,BTXN9769778410,exact,true
STL37906082,BTXN6327433872,exact,true
STL26880118,BTXN1277087771,exact,true
STL45112407,BTXN9368508491,exact,true
STL80910084,BTXN3782033128,exact,true
STL28991936,BTXN8287032823,exact,true
STL42576819,BTXN9072159605,exact,true
STL38705725,BTXN5742042850,exact,true
STL49141287,BTXN8007807461,exact,true
STL15679986,BTXN6096361317,exact,true
STL82943202,BTXN3934250362,exact,true
STL99746613,BTXN5658351000,exact,true
STL78851029,BTXN4943000904,exact,true
STL84637179,BTXN3228001003,exact,true
STL91885596,BTXN9854204279,exact,true
STL49107858,BTXN2025711675,exact,true
STL36082385,BTXN4044608073,exact,true
STL80626900,BTXN9797511791,exact,true
STL76113110,BTXN1931072706,exact,true
STL20313372,BTXN5106893220,exact,true
STL22791995,BTXN4830354490,exact,true
STL88663706,BTXN5753436964,exact,true
STL42800911,BTXN8251608605,exact,true
STL48070748,BTXN3560110233,exact,true
STL62581326,BTXN8696935879,exact,true
STL80593346,BTXN7764694647,exact,true
STL56030008,BTXN4599462782,exact,true
STL32897636,BTXN1635149757,exact,true
STL20300489,BTXN5691069540,exact,true
STL27455344,BTXN4208964711,exact,true
STL41896662,BTXN6993612051,exact,true
STL67246006,BTXN5253126856,exact,true
STL13660053,BTXN2659077670,exact,true
STL23414490,BTXN5092187695,exact,true
STL16986310,BTXN8805663591,exact,true
STL66971876,BTXN6427906903,exact,true
STL80841442,BTXN9526141003,exact,true
STL99537557,BTXN3270353915,exact,true
STL92477940,BTXN4108943608,exact,true
STL91293269,BTXN4531566367,exact,true
STL48835846,BTXN9657680328,exact,true
STL64070291,BTXN7983455615,exact,true
STL81841998,BTXN8660206297,exact,true
STL29720859,BTXN5737108343,exact,true
STL49517947,BTXN4352342737,exact,true
STL93512668,BTXN4005092365,exact,true
STL66063235,BTXN9721018412,exact,true
STL79792383,BTXN3605890125,exact,true
STL98215833,BTXN4251342697,exact,true
STL64689989,BTXN7914927480,exact,true
STL64523392,BTXN3905778118,exact,true
STL56267189,BTXN4561449985,exact,true
STL29557879,BTXN4292053797,exact,true
STL63508647,BTXN3325587714,exact,true
STL32044652,BTXN1960933155,exact,true
STL62249121,BTXN1236871357,exact,true
STL99699727,BTXN7923014252,exact,true
STL92150325,BTXN8079331031,exact,true
STL17291181,BTXN7241175457,exact,true
STL88176784,BTXN9372711075,exact,true
STL39596454,BTXN8033021343,exact,true
STL90374368,BTXN6504004690,exact,true
STL64119168,BTXN5884207222,exact,true
STL93938382,BTXN8842636165,exact,true
STL45372528,BTXN5392613687,exact,true
STL70916922,BTXN1996918199,exact,true
STL32984583,BTXN6165207446,exact,true
STL72311256,BTXN1045704406,exact,true
STL25115604,BTXN2812044807,exact,true
STL60463330,BTXN1520825830,exact,true
STL51218029,BTXN9801179137,exact,true
STL28904718,BTXN9006346563,exact,true
STL41743500,BTXN2940202689,exact,true
STL81696670,BTXN8692015091,exact,true
STL75978123,BTXN4553324308,exact,true
STL86842305,BTXN7640556632,exact,true
STL82391660,BTXN3213198005,exact,true
STL86829631,BTXN8517357684,exact,true
STL64060403,BTXN5271206218,exact,true
STL41668661,BTXN9161780122,exact,true
STL10302186,BTXN1616883914,exact,true
STL31369764,BTXN2572131990,exact,true
STL45555431,BTXN9902875244,exact,true
STL53941883,BTXN7733937657,exact,true
STL41570584,BTXN1680052083,exact,true
STL90292116,BTXN9457072430,exact,true
STL91836571,BTXN3703750755,exact,true
STL14804924,BTXN2895822452,exact,true
STL62411510,BTXN3051282554,exact,true
STL61062905,BTXN4351139334,exact,true
STL91930786,BTXN7580737343,exact,true
STL27379520,BTXN3477355508,exact,true
STL80382000,BTXN5297778886,exact,true
STL59483515,BTXN9812723201,exact,true
STL61128792,BTXN1164565091,exact,true
STL55987219,BTXN8956347883,exact,true
STL71832203,BTXN7844438056,exact,true
STL34922740,BTXN3741482851,exact,true
STL55659001,BTXN2739036806,exact,true
STL35045268,BTXN3075769888,exact,true
STL64177174,BTXN3983274325,exact,true
STL85153004,BTXN8347036704,exact,true
STL79650275,BTXN2393185834,exact,true
STL45125720,BTXN1962960506,exact,true
STL25193029,BTXN9220053705,exact,true
STL88111625,BTXN6308656948,exact,true
STL62953021,BTXN2321048099,exact,true
STL37151869,BTXN1460515948,exact,true
STL66302151,BTXN3252816770,exact,true
STL93318446,BTXN4636141134,exact,true
STL14723415,BTXN8629295171,exact,true
STL89421300,BTXN7544331855,exact,true
STL74157929,BTXN5323857534,exact,true
STL63981512,BTXN7133865128,exact,true
STL47518966,BTXN1719792989,exact,true
STL58816297,BTXN7930564616,exact,true
STL21137101,BTXN2427195224,exact,true
STL51183538,BTXN1996817103,exact,true
STL53752119,BTXN9025082374,exact,true
STL14535123,BTXN3241057698,exact,true
STL48166551,BTXN6940229940,exact,true
STL66783807,BTXN9372856246,exact,true
STL59163162,BTXN4022301088,exact,true
STL33202743,BTXN1574347894,exact,true
STL96590284,BTXN9620361356,exact,true
STL79738269,BTXN6346154041,exact,true
STL56306069,BTXN9693981830,exact,true
STL33748640,BTXN4379808334,exact,true
STL58746187,BTXN6435840812,exact,true
STL53679044,BTXN9977486924,exact,true
STL23723755,BTXN2685755625,exact,true
STL36618219,BTXN5420666225,exact,true
STL65289687,BTXN4786265850,exact,true
STL98214212,BTXN9913615651,exact,true
STL32355818,BTXN5140999181,exact,true
STL66086286,BTXN5819625680,exact,true
STL43169938,BTXN5045422600,exact,true
STL92035598,BTXN1500273103,exact,true
STL10360788,BTXN6043711383,exact,true
STL80732751,BTXN9206237178,exact,true
STL28559005,BTXN2043793884,exact,true
STL28081314,BTXN8701879782,exact,true
STL15968073,BTXN7675281194,exact,true
STL56883986,BTXN3936028052,exact,true
STL41782201,BTXN4300977393,exact,true
STL62056495,BTXN3772001298,exact,true
STL31878126,BTXN5097803386,exact,true
STL88769634,BTXN8513092999,exact,true
STL47203031,BTXN1828289951,exact,true
STL38241705,BTXN3146904864,exact,true
STL30372558,BTXN1496324694,exact,true
STL65044235,BTXN3835463608,exact,true
STL25560384,BTXN5779051288,exact,true
STL26234545,BTXN5432051311,exact,true
STL14969146,BTXN6121510453,exact,true
STL71115136,BTXN3237646664,exact,true
STL13048008,BTXN8228609138,exact,true
STL90037153,BTXN6526390110,exact,true
STL59221290,BTXN4397214369,exact,true
STL27207159,BTXN7800904085,exact,true
STL25924978,BTXN5904333046,exact,true
STL82429164,BTXN6869891456,exact,true
STL20059485,BTXN4343722496,exact,true
STL66701593,BTXN5823732987,exact,true
STL47303237,BTXN1259025044,exact,true
STL67203444,BTXN5391090337,exact,true
STL55954851,BTXN6666930890,exact,true
STL14346370,BTXN2072442362,exact,true
STL76623939,BTXN7234031733,exact,true
STL89204954,BTXN9581514476,exact,true
STL43726394,BTXN1457092001,exact,true
STL84482974,BTXN1526721134,exact,true
STL84335596,BTXN1987202268,exact,true
STL31726408,BTXN9773000884,exact,true
STL70097492,BTXN1461288745,exact,true
STL18160765,BTXN2990525532,exact,true
STL72001364,BTXN4060684968,exact,true
STL58468857,BTXN9391882993,exact,true
STL25328450,BTXN4023935043,exact,true
STL81362450,BTXN8199937700,exact,true
STL76595366,BTXN1127492028,exact,true
STL91465153,BTXN2729067297,exact,true
STL88537126,BTXN9865132682,exact,true
STL64087642,BTXN7076537002,exact,true
STL19101470,BTXN4414943099,exact,true
STL26686406,BTXN9220264167,exact,true
STL82998067,BTXN3370970711,exact,true
STL99618476,BTXN5577485214,exact,true
STL89140910,BTXN8824192025,exact,true
STL36664201,BTXN7075558807,exact,true
STL23364967,BTXN1637544362,exact,true
STL86640725,BTXN2143209173,exact,true
STL88230673,BTXN7917243133,exact,true
STL32165081,BTXN9089248760,exact,true
STL82551437,BTXN4626029922,exact,true
STL98685162,BTXN9707742997,exact,true
STL41569450,BTXN7806290287,exact,true
STL13008243,BTXN9437816284,exact,true
STL83365847,BTXN9281022257,exact,true
STL26138727,BTXN4981874017,exact,true
STL18283177,BTXN4486956337,exact,true
STL34136369,BTXN4616872575,exact,true
STL31183715,BTXN8174366397,exact,true
STL87657839,BTXN8936809129,exact,true
STL25826147,BTXN4395046474,exact,true
STL84067785,BTXN3758772661,exact,true
STL54735696,BTXN8399650163,exact,true
STL34390750,BTXN8042260341,exact,true
STL92114934,BTXN2843864884,exact,true
STL69585481,BTXN1049887109,exact,true
STL57723980,BTXN8002154568,exact,true
STL45690939,BTXN7591151625,exact,true
STL28449486,BTXN9525563495,exact,true
STL90791349,BTXN3472828483,exact,true
STL50251854,BTXN1317196446,exact,true
STL37457064,BTXN8364729769,exact,true
STL10056964,BTXN2467714967,exact,true
STL84664486,BTXN3194915392,exact,true
STL32222880,BTXN9401592815,exact,true
STL92715650,BTXN5713131525,exact,true
STL63964216,BTXN4629796890,exact,true
STL79227788,BTXN3707920718,exact,true
STL23005444,BTXN2166077574,exact,true
STL40396847,BTXN8901600076,exact,true
STL45571248,BTXN7639654460,exact,true
STL22119306,BTXN6700824428,exact,true
STL24850652,BTXN1775591300,exact,true
STL15971136,BTXN2508654691,exact,true
STL40476715,BTXN8763170148,exact,true
STL23422888,BTXN6411252253,exact,true
STL89741086,BTXN7753405941,exact,true
STL34015248,BTXN5496651691,exact,true
STL84726038,BTXN7929459291,exact,true
STL45182600,BTXN1695051469,exact,true
STL75770619,BTXN8543106319,exact,true
STL52806362,BTXN5143603382,exact,true
STL44640057,BTXN8726345349,exact,true
STL66201522,BTXN2242063492,exact,true
STL40722721,BTXN4974357853,exact,true
STL35063557,BTXN1508585503,exact,true
STL67469612,BTXN8115232441,exact,true
STL62364176,BTXN1119180627,exact,true
STL59997347,BTXN8041246170,exact,true
STL24542202,BTXN6996122049,exact,true
STL20620936,BTXN9339832512,exact,true
STL45315666,BTXN4662498120,exact,true
STL17176785,BTXN2079018276,exact,true
STL89019640,BTXN8428129738,exact,true
STL59458666,BTXN9518642744,exact,true
STL77573618,BTXN6382529470,exact,true
STL51003929,BTXN8098813239,exact,true
STL20295008,BTXN1478475087,exact,true
STL48314592,BTXN9491796858,exact,true
STL37686424,BTXN4187988846,exact,true
STL32778889,BTXN4520360280,exact,true
STL19029034,BTXN5474078391,exact,true
STL53620722,BTXN5916991713,exact,true
STL11585823,BTXN9886818084,exact,true
STL79013223,BTXN4886958219,exact,true
STL44105074,BTXN6838855406,exact,true
STL81817250,BTXN9070278706,exact,true
STL70443135,BTXN3372845154,exact,true
STL42336213,BTXN1529710537,exact,true
STL82325460,BTXN8453233454,exact,true
STL87681888,BTXN4019695180,exact,true
STL28459003,BTXN6385000447,exact,true
STL43907858,BTXN6046713478,exact,true
STL30259880,BTXN5190968600,exact,true
STL86045247,BTXN4969210194,exact,true
STL12000224,BTXN1795059757,exact,true
STL71915863,BTXN7158856500,exact,true
STL61839427,BTXN1522709173,exact,true
STL61501475,BTXN4422485861,exact,true
STL52859035,BTXN3791194627,exact,true
STL47092892,BTXN3755283933,exact,true
STL23107454,BTXN1149762119,exact,true
STL10470877,BTXN8797858241,exact,true
STL68724936,BTXN4582394192,exact,true
STL68096255,BTXN8165903655,exact,true
STL59790543,BTXN9961628570,exact,true
STL10212821,BTXN8764282353,exact,true
STL93028933,BTXN3016202732,exact,true
STL67699732,BTXN6163848174,exact,true
STL31381637,BTXN9656191456,exact,true
STL92458705,BTXN5606987443,exact,true
STL58723900,BTXN9922942160,exact,true
STL12989960,BTXN5051305301,exact,true
STL71008953,BTXN6097146801,exact,true
STL86724177,BTXN7274884996,exact,true
STL22108094,BTXN5887542842,exact,true
STL22961673,BTXN5916249024,exact,true
STL68484362,BTXN2143625802,exact,true
STL78749912,BTXN3523872583,exact,true
STL59182925,BTXN1566464738,exact,true
STL52810146,BTXN3172384206,exact,true
STL76698823,BTXN4566989850,exact,true
STL55925432,BTXN7055941464,exact,true
STL47372406,BTXN8677457907,exact,true
STL31598016,BTXN8253543947,exact,true
STL19729173,BTXN2602631087,exact,true
STL22276469,BTXN9594339914,exact,true
STL52276352,BTXN6093529607,exact,true
STL40522824,BTXN2892314992,exact,true
STL67738851,BTXN7844667918,exact,true
STL97730855,BTXN8667408204,exact,true
STL65459350,BTXN3461378531,exact,true
STL73379945,BTXN4289906774,exact,true
STL73637312,BTXN3312495480,exact,true
STL30633166,BTXN7918221102,exact,true
STL58310738,BTXN7175520429,exact,true
STL81127300,BTXN5554707525,exact,true
STL67615231,BTXN2923306345,exact,true
STL64477927,BTXN4929914423,exact,true
STL69637432,BTXN9276453454,exact,true
STL57303591,BTXN5638829357,exact,true
STL11306363,BTXN3551496716,exact,true
STL13698549,BTXN3577360105,exact,true
STL72102504,BTXN9338265776,exact,true
STL54095081,BTXN8754311363,exact,true
STL95073357,BTXN5397157474,exact,true
STL21161254,BTXN3931692836,exact,true
STL34459957,BTXN7725447662,exact,true
STL20595135,BTXN2372274438,exact,true
STL56576842,BTXN6410068252,exact,true
STL76077091,BTXN5849598465,exact,true
STL99446326,BTXN1282449336,exact,true
STL50810571,BTXN1052419297,exact,true
STL14218828,BTXN4772213435,exact,true
STL18644892,BTXN9899209385,exact,true
STL83208168,BTXN6837608623,exact,true
STL19484050,BTXN1142840593,exact,true
STL83483941,BTXN1252500343,exact,true
STL15917502,BTXN4845879591,exact,true
STL39233152,BTXN3844180416,exact,true
STL12752966,BTXN5306903384,exact,true
STL54852112,BTXN2409143287,exact,true
STL19781591,BTXN3118407895,exact,true
STL34648400,BTXN2227798284,exact,true
STL98783880,BTXN1641889887,exact,true
STL19360882,BTXN9655361310,exact,true
STL16227011,BTXN2529736332,exact,true
STL78509660,BTXN2087815852,exact,true
STL61543109,BTXN6981094465,exact,true
STL71275566,BTXN7627264996,exact,true
STL51833635,BTXN6014318886,exact,true
STL34049258,BTXN4424547133,exact,true
STL20433775,BTXN6393768156,exact,true
STL10147286,BTXN9191923848,exact,true
STL40286199,BTXN3365370642,exact,true
STL96843557,BTXN1734082043,exact,true
STL10573904,BTXN8243013336,exact,true
STL77529353,BTXN2874884099,exact,true
STL88992670,BTXN9077650488,exact,true
STL61233557,BTXN9780876228,exact,true
STL19015235,BTXN5048456979,exact,true
STL54519864,BTXN9819373637,exact,true
STL31812203,BTXN1005236240,exact,true
STL43817770,BTXN5675847285,exact,true
STL27673668,BTXN4211659085,exact,true
STL11370078,BTXN3891055285,exact,true
STL16805868,BTXN1641099892,exact,true
STL58207686,BTXN4761577540,exact,true
STL77556899,BTXN5696705856,exact,true
STL17709617,BTXN8851959614,exact,true
STL92021157,BTXN3307553106,exact,true
STL65795728,BTXN5612913149,exact,true
STL88120126,BTXN3280137701,exact,true
STL18976593,BTXN7958228179,exact,true
STL25906873,BTXN7097992676,exact,true
STL66060603,BTXN9192268608,exact,true
STL30531509,BTXN9951195763,exact,true
STL44190049,BTXN5450349517,exact,true
STL91155978,BTXN4308027795,exact,true
STL50574135,BTXN2618896959,exact,true
STL28077736,BTXN4582102873,exact,true
STL65154850,BTXN3858148691,exact,true
STL45776413,BTXN3892686817,exact,true
STL93587401,BTXN9290597522,exact,true
STL45389150,BTXN1947483284,exact,true
STL47813626,BTXN9363309372,exact,true
STL44996204,BTXN5076934128,exact,true
STL99719331,BTXN7567013597,exact,true
STL59633035,BTXN9003959750,exact,true
STL63871859,BTXN8025397565,exact,true
STL59757038,BTXN7718693233,exact,true
STL18533850,BTXN2850735859,exact,true
STL48325967,BTXN2588876294,exact,true
STL78188722,BTXN2467549493,exact,true
STL87271371,BTXN6932581841,exact,true
STL11818145,BTXN9507631903,exact,true
STL45660991,BTXN6074901823,exact,true
STL97330798,BTXN1839293859,exact,true
STL38654272,BTXN5534783423,exact,true
STL40333941,BTXN4881219845,exact,true
STL76529367,BTXN8825222689,exact,true
STL59440487,BTXN2918279036,exact,true
STL98307414,BTXN4849412401,exact,true
STL16524247,BTXN5777844536,exact,true
STL81006112,BTXN1633885220,exact,true
STL63728027,BTXN8224000028,exact,true
STL47400755,BTXN4912830079,exact,true
STL82076248,BTXN1270075327,exact,true
STL14881035,BTXN5947729590,exact,true
STL98928380,BTXN1836949785,exact,true
STL39208016,BTXN8572301477,exact,true
STL36636781,BTXN1522367380,exact,true
STL33623696,BTXN9704992402,exact,true
STL43035177,BTXN2477337316,exact,true
STL41491678,BTXN1637195351,exact,true
STL80090170,BTXN1748640005,exact,true
STL57518285,BTXN1968523055,exact,true
STL14665196,BTXN7311636686,exact,true
STL62222770,BTXN7902589231,exact,true
STL75953544,BTXN1535502069,exact,true
STL84930512,BTXN8984473676,exact,true
STL53528399,BTXN2128097218,exact,true
STL29009846,BTXN5090028822,exact,true
STL44058594,BTXN5282676313,exact,true
STL33976414,BTXN6814264565,exact,true
STL38328468,BTXN2673367915,exact,true
STL96940109,BTXN5533002422,exact,true
STL10847304,BTXN2354011260,exact,true
STL29930950,BTXN3834641231,exact,true
STL99116571,BTXN2714965285,exact,true
STL52121679,BTXN8432430482,exact,true
STL86326531,BTXN5583987616,exact,true
STL20400956,BTXN6764794940,exact,true
STL87340546,BTXN8391194300,exact,true
STL18079655,BTXN1588787875,exact,true
STL19545651,BTXN8095410426,exact,true
STL51269401,BTXN8372107278,exact,true
STL64490175,BTXN9745995146,exact,true
STL74944298,BTXN1993529899,exact,true
STL71791460,BTXN9414458664,exact,true
STL94686715,BTXN2326145831,exact,true
STL35283412,BTXN2438260734,exact,true
STL88664139,BTXN5592407033,exact,true
STL46545801,BTXN9560674336,exact,true
STL10159801,BTXN5897467265,exact,true
STL76627264,BTXN7016878519,exact,true
STL21948986,BTXN6159571227,exact,true
STL54375853,BTXN1141846670,exact,true
STL73117198,BTXN1855470916,exact,true
STL28435232,BTXN2632761581,exact,true
STL11067974,BTXN6064824125,exact,true
STL65502448,BTXN3896616779,exact,true
STL92420626,BTXN8573962964,exact,true
STL98242667,BTXN2866698147,exact,true
STL19797079,BTXN5815999549,exact,true
STL47015631,BTXN7778829853,exact,true
STL45405879,BTXN9663705815,exact,true
STL77176544,BTXN2804437058,exact,true
STL23389421,BTXN2070208023,exact,true
STL25454302,BTXN8990448505,exact,true
STL35865956,BTXN7067923577,exact,true
STL15005295,BTXN2049835395,exact,true
STL61204257,BTXN4989596821,exact,true
STL28983103,BTXN9051524409,exact,true
STL54737245,BTXN8982075101,exact,true
STL35543591,BTXN9599885296,exact,true
STL19232076,BTXN2281380475,exact,true
STL39906700,BTXN7660334923,exact,true
STL31148865,BTXN4181976714,exact,true
STL45584224,BTXN2746236935,exact,true
STL87771867,BTXN8121196375,exact,true
STL28907022,BTXN6500048261,exact,true
STL96789632,BTXN7387885748,exact,true
STL15038516,BTXN2297501345,exact,true
STL16299062,BTXN1701666774,exact,true
STL55201053,BTXN4258918001,exact,true
STL11250812,BTXN1585370448,exact,true
STL37435603,BTXN4770185521,exact,true
STL72873761,BTXN2893965515,exact,true
STL68725569,BTXN8971041739,exact,true
STL17605519,BTXN6040405160,exact,true
STL40981524,BTXN3094381758,exact,true
STL16263500,BTXN6566299577,exact,true
STL31932060,BTXN5863632799,exact,true
STL44754808,BTXN7642014622,exact,true
STL53099315,BTXN8837629299,exact,true
STL45394511,BTXN5509915131,exact,true
STL30681094,BTXN5932073933,exact,true
STL88508415,BTXN6769180930,exact,true
STL43206194,BTXN3085068274,exact,true
STL35005684,BTXN1428335739,exact,true
STL78922513,BTXN1180232446,exact,true
STL92435286,BTXN9804668445,exact,true
STL49104072,BTXN3978929005,exact,true
STL88887402,BTXN7946038106,exact,true
STL76302450,BTXN1438188292,exact,true
STL43524010,BTXN2951648195,exact,true
STL29373250,BTXN5780242230,exact,true
STL89336448,BTXN5115068398,exact,true
STL37159852,BTXN9487551059,exact,true
STL50900605,BTXN7522186733,exact,true
STL11385716,BTXN8989418278,exact,true
STL35429761,BTXN7219950362,exact,true
STL31469242,BTXN6654463618,exact,true
STL73641389,BTXN1732276273,exact,true
STL20811695,BTXN9099544909,exact,true
STL97794477,BTXN1677178553,exact,true
STL39308629,BTXN1180566940,exact,true
STL41217887,BTXN2872140357,exact,true
STL99131349,BTXN1772601857,exact,true
STL93685072,BTXN3209211183,exact,true
STL39935290,BTXN1173720701,exact,true
STL96216933,BTXN1359522952,exact,true
STL20236711,BTXN4794327780,exact,true
STL82939264,BTXN7019239448,exact,true
STL81247910,BTXN6698204494,exact,true
STL10128848,BTXN2667594635,exact,true
STL42823207,BTXN8867986271,exact,true
STL47818391,BTXN4201278742,exact,true
STL98382911,BTXN1774350839,exact,true
STL34031104,BTXN1322568010,exact,true
STL48161067,BTXN5177200371,exact,true
STL30592253,BTXN3999214187,exact,true
STL66673212,BTXN2760169250,exact,true
STL56685693,BTXN5021146805,exact,true
STL35307028,BTXN4749369776,exact,true
STL46259294,BTXN4048500685,exact,true
STL92670664,BTXN1268211135,exact,true
STL71389663,BTXN8543193130,exact,true
STL77323835,BTXN5122045743,exact,true
STL95228222,BTXN2728683349,exact,true
STL24584120,BTXN1319483688,exact,true
STL23307600,BTXN6256205686,exact,true
STL80914604,BTXN7343111435,exact,true
STL61760093,BTXN9997835899,exact,true
STL88114875,BTXN1717466364,exact,true
STL43200403,BTXN4308518686,exact,true
STL25673796,BTXN5770287032,exact,true
STL98683176,BTXN3136654202,exact,true
STL63586934,BTXN7587906813,exact,true
STL28571145,BTXN6685131324,exact,true
STL56094205,BTXN2400804845,exact,true
STL69637989,BTXN8465400975,exact,true
STL69733842,BTXN3040880495,exact,true
STL68770286,BTXN6997308841,exact,true
STL51203973,BTXN7433992106,exact,true
STL64442482,BTXN2184550307,exact,true
STL71516755,BTXN8000426254,exact,true
STL61112881,BTXN5415030442,exact,true
STL98970427,BTXN8757585120,exact,true
STL14214307,BTXN5999455318,exact,true
STL12426412,BTXN6064374162,exact,true
STL10073117,BTXN3386045501,exact,true
STL93061227,BTXN7329608508,exact,true
STL30049084,BTXN1054655025,exact,true
STL64129615,BTXN1873191606,exact,true
STL85877745,BTXN9549250209,exact,true
STL12618007,BTXN3807309597,exact,true
STL14191620,BTXN4221741859,exact,true
STL40994389,BTXN6564673024,exact,true
STL74954396,BTXN9231502182,exact,true
STL26917610,BTXN5796744687,exact,true
STL28378033,BTXN1765622731,exact,true
STL38917860,BTXN6561532605,exact,true
STL62183535,BTXN8668523948,exact,true
STL81722941,BTXN6262297731,exact,true
STL54696776,BTXN8424513063,exact,true
STL10446180,BTXN4182666653,exact,true
STL73391224,BTXN9460701413,exact,true
STL92877501,BTXN8194528779,exact,true
STL32858779,BTXN2487241262,exact,true
STL75666498,BTXN5655887998,exact,true
STL58757651,BTXN5693308941,exact,true
STL59139993,BTXN3742888862,exact,true
STL25050502,BTXN8920368341,exact,true
STL36768222,BTXN6411476134,exact,true
STL78524204,BTXN3294868026,exact,true
STL21159651,BTXN9884774108,exact,true
STL67327614,BTXN5021545783,exact,true
STL84734631,BTXN5588388195,exact,true
STL11294218,BTXN7678038261,exact,true
STL26405048,BTXN6608065785,exact,true
STL74777625,BTXN1214759279,exact,true
STL35231795,BTXN6551405716,exact,true
STL69417259,BTXN8483150537,exact,true
STL51660060,BTXN1964150979,exact,true
STL60475340,BTXN7141853160,exact,true
STL14956822,BTXN1481747323,exact,true
STL81308766,BTXN4890900404,exact,true
STL99063008,BTXN7537228950,exact,true
STL47169633,BTXN7514188954,exact,true
STL75804038,BTXN3232950452,exact,true
STL29254771,BTXN5601873247,exact,true
STL20999047,BTXN2984799299,exact,true
STL45257940,BTXN9269704128,exact,true
STL67103476,BTXN4753151327,exact,true
STL95657126,BTXN1127495739,exact,true
STL91839877,BTXN3314002068,exact,true
STL92838528,BTXN4633212294,exact,true
STL59715122,BTXN2355590047,exact,true
STL94289287,BTXN4224910465,exact,true
STL36193780,BTXN2694638707,exact,true
STL11400593,BTXN7332115686,exact,true
STL15672381,BTXN3465172825,exact,true
STL50176313,BTXN2980145442,exact,true
STL37600745,BTXN2726821602,exact,true
STL78405004,BTXN2053753182,exact,true
STL94105033,BTXN9465353235,exact,true
STL99343256,BTXN2057894517,exact,true
STL42132903,BTXN7806591890,exact,true
STL23591154,BTXN6926328391,exact,true
STL98587007,BTXN6325691567,exact,true
STL83108701,BTXN7848331125,exact,true
STL49592252,BTXN5648042822,exact,true
STL20273481,BTXN9369987994,exact,true
STL64974875,BTXN8852211626,exact,true
STL28168908,BTXN1919093859,exact,true
STL28028246,BTXN5734980659,exact,true
STL80983534,BTXN9682739123,exact,true
STL98486477,BTXN9605369769,exact,true
STL92364868,BTXN7481739217,exact,true
STL25017061,BTXN2948517122,exact,true
STL12855211,BTXN4560527466,exact,true
STL78082899,BTXN3119212740,exact,true
STL78715354,BTXN2005178800,exact,true
STL43697896,BTXN1404985744,exact,true
STL56856297,BTXN9045966937,exact,true
STL27883205,BTXN6792540023,exact,true
STL19102656,BTXN4736152218,exact,true
STL70426196,BTXN2983524522,exact,true
STL17596334,BTXN8319287827,exact,true
STL83932265,BTXN3762722902,exact,true
STL23259460,BTXN4966818618,exact,true
STL30270011,BTXN8492178772,exact,true
STL37472503,BTXN1787405993,exact,true
STL29347898,BTXN6091778948,exact,true
STL33137974,BTXN2800519072,exact,true
STL23316648,BTXN8247938862,exact,true
STL70216892,BTXN1729436734,exact,true
STL62468894,BTXN1582148285,exact,true
STL11339009,BTXN6750807259,exact,true
STL28328973,BTXN5147636412,exact,true
STL14644911,BTXN8105372696,exact,true
STL86017113,BTXN9767129684,exact,true
STL76520220,BTXN1612183378,exact,true
STL47490735,BTXN8488196081,exact,true
STL83438256,BTXN5142122483,exact,true
STL17220051,BTXN6590047612,exact,true
STL12066517,BTXN5913746393,exact,true
STL29047652,BTXN9663024857,exact,true
STL34198721,BTXN1097083224,exact,true
STL52386800,BTXN1405330575,exact,true
STL90890057,BTXN8809715915,exact,true
STL88429608,BTXN7614463949,exact,true
STL87171497,BTXN3866524924,exact,true
STL48323962,BTXN9095567323,exact,true
STL27032459,BTXN6213634642,exact,true
STL44737951,BTXN9691448741,exact,true
STL85773305,BTXN5434678290,exact,true
STL64178854,BTXN5185382543,exact,true
STL40931982,BTXN7172066739,exact,true
STL87052284,BTXN7056842024,exact,true
STL32571736,BTXN1715110804,exact,true
STL39233159,BTXN1008496900,exact,true
STL49150077,BTXN9564439379,exact,true
STL10450795,BTXN5291841958,exact,true
STL13106154,BTXN5691587262,exact,true
STL88110995,BTXN5487078719,exact,true
STL82924070,BTXN5084320126,exact,true
STL42875807,BTXN1174506513,exact,true
STL42791876,BTXN9388467387,exact,true
STL44780900,BTXN8751796907,exact,true
STL19182316,BTXN2559154043,exact,true
STL53171352,BTXN7860052533,exact,true
STL22816522,BTXN9841448679,exact,true
STL28693730,BTXN9983362849,exact,true
STL78899184,BTXN1004847288,exact,true
STL76690193,BTXN5878838809,exact,true
STL51818625,BTXN4996690921,exact,true
STL93182100,BTXN5082013237,exact,true
STL19320521,BTXN3698707455,exact,true
STL99329766,BTXN2707604883,exact,true
STL39402174,BTXN5532828602,exact,true
STL85370985,BTXN5910540335,exact,true
STL36911168,BTXN2834877455,exact,true
STL81451022,BTXN8367286784,exact,true
STL40116895,BTXN6405425950,exact,true
STL69029762,BTXN8018032769,exact,true
STL41755622,BTXN5324360248,exact,true
STL41524851,BTXN9422871203,exact,true
STL31901903,BTXN9333100929,exact,true
STL99681400,BTXN5091875722,exact,true
STL66144019,BTXN5853407612,exact,true
STL64864149,BTXN7973074025,exact,true
STL87602153,BTXN9848017137,exact,true
STL78485923,BTXN7724309477,exact,true
STL52037932,BTXN9006224548,exact,true
STL60788484,BTXN3352283837,exact,true
STL43927264,BTXN8521389520,exact,true
STL12307458,BTXN9460641311,exact,true
STL36248260,BTXN9934854204,exact,true
STL41340071,BTXN2317365278,exact,true
STL82053491,BTXN7035081009,exact,true
STL15871005,BTXN1780588158,exact,true
STL21040982,BTXN1800960335,exact,true
STL51735721,BTXN2820567704,exact,true
STL17096276,BTXN5241083889,exact,true
STL24097501,BTXN7849074822,exact,true
STL14353181,BTXN5030218650,exact,true
STL42306457,BTXN8257888483,exact,true
STL16118607,BTXN4982778388,exact,true
STL78092243,BTXN2109692905,exact,true
STL94380849,BTXN1517459082,exact,true
STL26022893,BTXN5392178789,exact,true
STL80140337,BTXN4198364980,exact,true
STL40426837,BTXN3009822493,exact,true
STL92620334,BTXN4585393828,exact,true
STL81870081,BTXN6145222573,exact,true
STL10936049,BTXN9654034196,exact,true
STL11977091,BTXN9023542548,exact,true
STL31779411,BTXN5816984800,exact,true
STL84019202,BTXN7253012472,exact,true
STL18897725,BTXN3963929215,exact,true
STL64569208,BTXN9137456001,exact,true
STL11294689,BTXN1934523126,exact,true
STL31010543,BTXN5883178329,exact,true
STL67054128,BTXN4476731220,exact,true
STL29778338,BTXN5728475522,exact,true
STL83826394,BTXN9543384683,exact,true
STL41016159,BTXN8999384161,exact,true
STL53735066,BTXN8563669597,exact,true
STL75845066,BTXN8676128752,exact,true
STL53077396,BTXN1477459038,exact,true
STL89493849,BTXN7712120056,exact,true
STL60516941,BTXN3746596425,exact,true
STL30603533,BTXN6552184869,exact,true
STL14922900,BTXN2538040889,exact,true
STL77114266,BTXN2992200279,exact,true
STL81344592,BTXN4232557668,exact,true
STL51190832,BTXN5203485067,exact,true
STL49796475,BTXN4527619641,exact,true
STL34302521,BTXN2646358214,exact,true
STL80877336,BTXN2936464400,exact,true
STL67527165,BTXN2076626635,exact,true
STL29302769,BTXN2452804067,exact,true
STL91032887,BTXN1538504511,exact,true
STL45332312,BTXN9562653602,exact,true
STL41583718,BTXN2115438431,exact,true
STL73654820,BTXN9181077260,exact,true
STL52180686,BTXN6676525272,exact,true
STL77083557,BTXN8347314406,exact,true
STL88745075,BTXN1118632377,exact,true
STL38193492,BTXN8989985174,exact,true
STL33630872,BTXN3763660892,exact,true
STL59793666,BTXN7399912515,exact,true
STL32062935,BTXN2264988128,exact,true
STL87460336,BTXN3377088151,exact,true
STL87656343,BTXN1033774017,exact,true
STL65459928,BTXN1059760920,exact,true
STL76498932,BTXN4559777402,exact,true
STL70475414,BTXN5285484833,exact,true
STL11446908,BTXN5043120297,exact,true
STL34634296,BTXN6496110622,exact,true
STL31462714,BTXN7713898959,exact,true
STL82468344,BTXN3417300559,exact,true
STL18169239,BTXN7657378385,exact,true
STL72010916,BTXN4009545166,exact,true
STL86851987,BTXN2664801050,exact,true
STL17985912,BTXN7097914256,exact,true
STL57767782,BTXN5197173007,exact,true
STL13140013,BTXN9592385046,exact,true
STL58773102,BTXN8531385585,exact,true
STL85839021,BTXN4626852472,exact,true
STL59848952,BTXN9351548768,exact,true
STL88488055,BTXN1967100189,exact,true
STL37687771,BTXN1744374366,exact,true
STL30664729,BTXN8772119132,exact,true
STL92972295,BTXN6745139935,exact,true
STL37937587,BTXN3679121703,exact,true
STL62897118,BTXN4947660867,exact,true
STL56549341,BTXN1989953171,exact,true
STL69637099,BTXN8645367105,exact,true
STL17575494,BTXN1506395539,exact,true
STL51471936,BTXN7820400113,exact,true
STL34461495,BTXN9018550283,exact,true
STL55888749,BTXN4422358182,exact,true
STL40746598,BTXN5723925270,exact,true
STL46784982,BTXN7328430525,exact,true
STL13409779,BTXN2828468280,exact,true
STL98562865,BTXN6448508300,exact,true
STL24212949,BTXN5564668052,exact,true
STL52653730,BTXN5699068516,exact,true
STL50199913,BTXN4613425662,exact,true
STL45021207,BTXN5182545496,exact,true
STL77339500,BTXN3341857514,exact,true
STL50602354,BTXN7369876804,exact,true
STL38047424,BTXN4782266803,exact,true
STL57552019,BTXN5704170329,exact,true
STL68155333,BTXN2180845948,exact,true
STL82677003,BTXN8622869139,exact,true
STL64295203,BTXN4386736808,exact,true
STL26821412,BTXN4345430084,exact,true
STL60094372,BTXN7810109748,exact,true
STL24265941,BTXN3290435802,exact,true
STL33099318,BTXN7667810623,exact,true
STL22165450,BTXN1698040624,exact,true
STL89728236,BTXN9647679295,exact,true
STL15336155,BTXN5872120191,exact,true
STL17061921,BTXN6846766925,exact,true
STL96841005,BTXN1168955940,exact,true
STL87164566,BTXN1943200696,exact,true
STL22568973,BTXN3542132058,exact,true
STL71928541,BTXN5455048748,exact,true
STL17367600,BTXN5852450204,exact,true
STL11385579,BTXN9653179571,exact,true
STL66862582,BTXN5682080072,exact,true
STL24941675,BTXN2762511121,exact,true
STL47998956,BTXN4060384519,exact,true
STL62222696,BTXN6793765059,exact,true
STL33981636,BTXN7287497154,exact,true
STL66638517,BTXN2255494061,exact,true
STL78665394,BTXN7659256649,exact,true
STL33143904,BTXN1784914375,exact,true
STL51292413,BTXN2148126752,exact,true
STL67498960,BTXN8648927867,exact,true
STL70214805,BTXN5283943124,exact,true
STL40251937,BTXN4268749912,exact,true
STL36556319,BTXN7509957922,exact,true
STL40485747,BTXN9098746608,exact,true
STL41468129,BTXN4427741097,exact,true
STL16698934,BTXN6603749922,exact,true
STL71151032,BTXN6419922458,exact,true
STL21053419,BTXN8972056714,exact,true
STL27632666,BTXN6299302677,exact,true
STL79721709,BTXN1256884011,exact,true
STL11488873,BTXN6618098259,exact,true
STL12742587,BTXN6309386587,exact,true
STL40587363,BTXN4031765433,exact,true
STL38356720,BTXN5411145203,exact,true
STL83550461,BTXN5007273049,exact,true
STL87126347,BTXN8053938684,exact,true
STL78194047,BTXN7145702684,exact,true
STL61970557,BTXN2781166078,exact,true
STL63660910,BTXN9693316138,exact,true
STL12940347,BTXN8030005183,exact,true
STL17876259,BTXN9923866164,exact,true
STL64644729,BTXN2678276347,exact,true
STL73695246,BTXN3496897808,exact,true
STL75838904,BTXN5956042044,exact,true
STL41323789,BTXN2991363975,exact,true
STL91972935,BTXN2127061808,exact,true
STL21690100,BTXN6698712691,exact,true
STL70349814,BTXN1771514551,exact,true
STL10267329,BTXN6874932985,exact,true
STL85351333,BTXN4377346239,exact,true
STL72533168,BTXN5774483398,exact,true
STL99029797,BTXN5784154528,exact,true
STL87969595,BTXN3826817688,exact,true
STL25359560,BTXN3044206825,exact,true
STL69896880,BTXN4778864717,exact,true
STL79468597,BTXN4689389259,exact,true
STL90616304,BTXN9357444493,exact,true
STL50150882,BTXN5065299908,exact,true
STL85825889,BTXN8073149109,exact,true
STL66771729,BTXN3943869220,exact,true
STL27774682,BTXN9656747042,exact,true
STL93872717,BTXN5810564767,exact,true
STL36121230,BTXN9084688219,exact,true
STL94585900,BTXN3795855101,exact,true
STL10787815,BTXN1348850089,exact,true
STL50031322,BTXN9061246812,exact,true
STL30966164,BTXN5109529591,exact,true
STL86487490,BTXN7233497275,exact,true
STL10103235,BTXN8534293329,exact,true
STL15640988,BTXN6806497624,exact,true
STL81509657,BTXN8796020741,exact,true
STL42624513,BTXN9047497227,exact,true
STL76895856,BTXN6881694353,exact,true
STL40980281,BTXN2837762967,exact,true
STL48078080,BTXN3513875172,exact,true
STL99466466,BTXN4887286715,exact,true
STL32251361,BTXN9423487473,exact,true
STL70895240,BTXN2753125883,exact,true
STL88918373,BTXN3354336159,exact,true
STL63662562,BTXN7422832448,exact,true
STL11658569,BTXN2293248488,exact,true
STL91605547,BTXN4492231351,exact,true
STL90462263,BTXN1363516573,exact,true
STL18925280,BTXN6538759198,exact,true
STL63538936,BTXN8698339953,exact,true
STL85701885,BTXN1303727064,exact,true
STL53137197,BTXN7629557099,exact,true
STL96493578,BTXN8178444361,exact,true
STL49842729,BTXN4902367397,exact,true
STL55209042,BTXN4571913130,exact,true
STL91689097,BTXN9346312079,exact,true
STL97112002,BTXN6884197848,exact,true
STL98433612,BTXN2565495590,exact,true
STL80624331,BTXN3062838013,exact,true
STL75867688,BTXN2106501660,exact,true
STL74714670,BTXN2738191271,exact,true
STL96216581,BTXN1728247218,exact,true
STL87255554,BTXN1193224162,exact,true
STL89293994,BTXN3079963524,exact,true
STL49449705,BTXN6628592839,exact,true
STL46364093,BTXN7414028144,exact,true
STL27269901,BTXN4326309869,exact,true
STL20229583,BTXN3612632124,exact,true
STL22056566,BTXN3823554228,exact,true
STL35848410,BTXN9467959811,exact,true
STL78301185,BTXN5301219154,exact,true
STL53078648,BTXN7235827508,exact,true
STL16293604,BTXN8072146687,exact,true
STL88897503,BTXN9644057445,exact,true
STL12466248,BTXN1642575728,exact,true
STL62835646,BTXN4302595540,exact,true
STL47406640,BTXN9680308246,exact,true
STL91615182,BTXN8292057829,exact,true
STL37343329,BTXN4102576612,exact,true
STL91188491,BTXN9527458417,exact,true
STL67982400,BTXN3093289801,exact,true
STL15506452,BTXN4073644925,exact,true
STL39844366,BTXN1338704421,exact,true
STL84295529,BTXN5497027031,exact,true
STL89725276,BTXN8113315274,exact,true
STL29695117,BTXN5372660943,exact,true
STL46592694,BTXN6491184033,exact,true
STL95976176,BTXN4845713748,exact,true
STL19855438,BTXN7752955351,exact,true
STL62007481,BTXN9580494978,exact,true
STL10372592,BTXN2560370583,exact,true
STL81755558,BTXN2293673657,exact,true
STL10796939,BTXN2723504965,exact,true
STL63124684,BTXN6320201786,exact,true
STL96836098,BTXN8014915880,exact,true
STL39038757,BTXN3519606776,exact,true
STL95777817,BTXN1123748717,exact,true
STL31217083,BTXN3957340806,exact,true
STL62670144,BTXN1178928449,exact,true
STL56817408,BTXN9364544838,exact,true
STL94579246,BTXN1588677665,exact,true
STL48294101,BTXN9270942506,exact,true
STL83554537,BTXN7851516382,exact,true
STL54314842,BTXN2744377086,exact,true
STL30053210,BTXN5824742813,exact,true
STL60987459,BTXN1051847199,exact,true
STL51553395,BTXN7621812095,exact,true
STL66586109,BTXN2744207811,exact,true
STL77641423,BTXN2568375742,exact,true
STL19106880,BTXN2895021517,exact,true
STL66807216,BTXN5526760627,exact,true
STL34057553,BTXN6393018908,exact,true
STL69369552,BTXN7730933699,exact,true
STL38694966,BTXN8780979609,exact,true
STL96300090,BTXN7577815847,exact,true
STL62122549,BTXN4801796428,exact,true
STL45412428,BTXN7698285682,exact,true
STL34928985,BTXN5168562843,exact,true
STL82754180,BTXN2139709122,exact,true
STL32003977,BTXN9699599840,exact,true
STL29281243,BTXN3057538382,exact,true
STL48801784,BTXN2112724127,exact,true
STL71765566,BTXN3803500437,exact,true
STL93476643,BTXN1684848224,exact,true
STL41983879,BTXN3946392738,exact,true
STL18758869,BTXN1811314470,exact,true
STL98562616,BTXN9893168359,exact,true
STL53094912,BTXN4702337797,exact,true
STL53433857,BTXN3672911638,exact,true
STL48164274,BTXN5229174084,exact,true
STL27217582,BTXN7411368834,exact,true
STL77945312,BTXN7006192917,exact,true
STL10462918,BTXN2552657410,exact,true
STL32745303,BTXN8714400729,exact,true
STL49931273,BTXN4126412264,exact,true
STL73517577,BTXN6012246059,exact,true
STL67673347,BTXN4566568576,exact,true
STL95133330,BTXN5599797330,exact,true
STL96662893,BTXN3517700971,exact,true
STL87083309,BTXN8336093893,exact,true
STL14614633,BTXN2346827425,exact,true
STL29182726,BTXN8832070666,exact,true
STL89252562,BTXN2636408399,exact,true
STL98655223,BTXN5743058642,exact,true
STL43752783,BTXN1069937700,exact,true
STL31924339,BTXN9226667183,exact,true
STL55769312,BTXN3111814708,exact,true
STL70431696,BTXN3074807966,exact,true
STL61595935,BTXN3995861929,exact,true
STL51063557,BTXN9454805837,exact,true
STL69568885,BTXN7973017464,exact,true
STL10497585,BTXN2910289889,exact,true
STL87031592,BTXN4779815813,exact,true
STL23281710,BTXN7093247190,exact,true
STL99323198,BTXN9362395521,exact,true
STL57253373,BTXN5149207737,exact,true
STL17020005,BTXN7212287202,exact,true
STL49080194,BTXN3934722594,exact,true
STL53633661,BTXN1457462888,exact,true
STL49742688,BTXN1021209729,exact,true
STL12280166,BTXN9769878938,exact,true
STL36036342,BTXN7967342967,exact,true
STL18155490,BTXN1744568961,exact,true
STL14079788,BTXN1297053389,exact,true
STL91524118,BTXN3091557458,exact,true
STL24698972,BTXN6195814868,exact,true
STL37466847,BTXN8602409970,exact,true
STL76876044,BTXN5094567645,exact,true
STL88447306,BTXN1193949527,exact,true
STL46274334,BTXN4679126737,exact,true
STL54576867,BTXN7530860781,exact,true
STL30611126,BTXN1175531122,exact,true
STL81483072,BTXN7170950494,exact,true
STL45877042,BTXN4099396689,exact,true
STL91386119,BTXN9047875135,exact,true
STL96798985,BTXN4291890942,exact,true
STL83636703,BTXN2202379878,exact,true
STL23241515,BTXN2904614281,exact,true
STL98208325,BTXN5666274814,exact,true
STL29687245,BTXN9101828680,exact,true
STL65609016,BTXN1656110160,exact,true
STL25978233,BTXN3487952241,exact,true
STL86934791,BTXN1243155382,exact,true
STL17466373,BTXN7666601977,exact,true
STL44828170,BTXN9893164929,exact,true
STL37182451,BTXN3944160184,exact,true
STL57344278,BTXN3504762768,exact,true
STL59606051,BTXN2677642424,exact,true
STL65166830,BTXN9662494535,exact,true
STL24599424,BTXN1774840914,exact,true
STL83441529,BTXN3348586092,exact,true
STL97087978,BTXN8849138139,exact,true
STL25894291,BTXN5497154265,exact,true
STL89118626,BTXN3383006544,exact,true
STL98765289,BTXN9169543824,exact,true
STL66468502,BTXN7403065218,exact,true
STL35636783,BTXN6748037306,exact,true
STL41692245,BTXN4177137970,exact,true
STL23441911,BTXN6681832016,exact,true
STL14393557,BTXN2535349454,exact,true
STL79333964,BTXN8826151973,exact,true
STL24048653,BTXN5174100846,exact,true
STL97429522,BTXN1211396443,exact,true
STL81647438,BTXN3584455732,exact,true
STL92934499,BTXN4790223364,exact,true
STL57937270,BTXN6548765012,exact,true
STL66808785,BTXN1092981535,exact,true
STL74393080,BTXN3842861081,exact,true
STL70801438,BTXN3874879137,exact,true
STL85102909,BTXN1162117256,exact,true
STL96239314,BTXN4528940619,exact,true
STL19257341,BTXN7657157256,exact,true
STL50250703,BTXN6388500844,exact,true
STL83117704,BTXN7988390920,exact,true
STL11762000,BTXN5072937201,exact,true
STL64289660,BTXN9898335967,exact,true
STL46702832,BTXN8162486434,exact,true
STL75344357,BTXN8777590141,exact,true
STL81942653,BTXN7034721527,exact,true
STL30342394,BTXN9716937418,exact,true
STL84870708,BTXN4825491742,exact,true
STL65765838,BTXN7072495084,exact,true
STL42280747,BTXN2193506322,exact,true
STL27936791,BTXN5204121628,exact,true
STL66824661,BTXN3378238228,exact,true
STL22587924,BTXN5604921414,exact,true
STL49428563,BTXN9705476853,exact,true
STL18411037,BTXN7261723931,exact,true
STL28805580,BTXN1225685630,exact,true
STL60950398,BTXN1937098678,exact,true
STL75225467,BTXN8238347470,exact,true
STL13533390,BTXN2388890968,exact,true
STL18528983,BTXN5203784005,exact,true
STL28881997,BTXN5298375878,exact,true
STL60730347,BTXN3988251428,exact,true
STL57996006,BTXN1398551461,exact,true
STL18526538,BTXN3955812263,exact,true
STL69164819,BTXN7165196742,exact,true
STL77383803,BTXN1221612995,exact,true
STL53563380,BTXN5573809091,exact,true
STL94732636,BTXN4436780210,exact,true
STL92562620,BTXN8178556785,exact,true
STL17097304,BTXN4598549414,exact,true
STL59967612,BTXN9341108678,exact,true
STL34788160,BTXN1838539452,exact,true
STL12532270,BTXN8195273324,exact,true
STL48825980,BTXN4385556682,exact,true
STL52283563,BTXN5618755718,exact,true
STL66964001,BTXN4834703369,exact,true
STL15014140,BTXN2372311271,exact,true
STL59987814,BTXN2622555846,exact,true
STL20136881,BTXN6187180392,exact,true
STL35829274,BTXN6043620114,exact,true
STL90222589,BTXN6386588982,exact,true
STL77189032,BTXN7011785174,exact,true
STL88336154,BTXN7493985530,exact,true
STL88295005,BTXN9378431385,exact,true
STL93899820,BTXN4525930958,exact,true
STL57809882,BTXN4326009933,exact,true
STL45904728,BTXN9148521283,exact,true
STL93159763,BTXN9229682947,exact,true
STL39417237,BTXN6365331524,exact,true
STL46345478,BTXN6986354135,exact,true
STL85322051,BTXN9271820759,exact,true
STL76283981,BTXN5942367242,exact,true
STL96551818,BTXN4999560451,exact,true
STL65139902,BTXN7650880401,exact,true
STL23591973,BTXN3312409986,exact,true
STL65738013,BTXN5708063733,exact,true
STL23623919,BTXN3816548023,exact,true
STL76720006,BTXN4463474778,exact,true
STL10545853,BTXN5050089115,exact,true
STL84615922,BTXN4849310482,exact,true
STL63449779,BTXN4366199280,exact,true
STL29347463,BTXN3718004140,exact,true
STL35669800,BTXN3567737273,exact,true
STL11523124,BTXN6219379792,exact,true
STL49209244,BTXN7730887902,exact,true
STL65256621,BTXN3365255336,exact,true
STL24076655,BTXN9400666399,exact,true
STL25245600,BTXN4085570264,exact,true
STL40389767,BTXN6289783979,exact,true
STL74697129,BTXN8239816524,exact,true
STL21893154,BTXN4128327051,exact,true
STL15059637,BTXN3338196881,exact,true
STL13344072,BTXN4916372333,exact,true
STL64250582,BTXN5291753817,exact,true
STL44603606,BTXN6708555365,exact,true
STL52849209,BTXN1848177764,exact,true
STL75184646,BTXN1428162447,exact,true
STL23271722,BTXN4795718896,exact,true
STL23121267,BTXN5876328741,exact,true
STL79894489,BTXN3814082218,exact,true
STL94825727,BTXN6579480153,exact,true
STL68537694,BTXN7485728824,exact,true
STL91228073,BTXN1308153577,exact,true
STL50488852,BTXN9529261412,exact,true
STL56754892,BTXN1205665083,exact,true
STL54492673,BTXN5515725036,exact,true
STL56223778,BTXN2447984505,exact,true
STL51860882,BTXN4837214810,exact,true
STL18724766,BTXN9202622469,exact,true
STL17832182,BTXN5426502879,exact,true
STL37945099,BTXN6865294622,exact,true
STL71160970,BTXN5965249795,exact,true
STL59252313,BTXN5406165428,exact,true
STL49468102,BTXN2178772608,exact,true
STL78349575,BTXN9422509886,exact,true
STL23771734,BTXN4766466385,exact,true
STL46499616,BTXN5725712173,exact,true
STL77310485,BTXN4092870576,exact,true
STL28791420,BTXN1985130103,exact,true
STL48105554,BTXN9646503430,exact,true
STL58038653,BTXN2276293556,exact,true
STL70716224,BTXN1497451839,exact,true
STL56577480,BTXN3864802626,exact,true
STL29544638,BTXN3542829706,exact,true
STL75682810,BTXN9765748489,exact,true
STL82537891,BTXN1312621735,exact,true
STL42559181,BTXN2293997583,exact,true
STL98018173,BTXN6422984681,exact,true
STL83900640,BTXN1156391160,exact,true
STL13029672,BTXN2655821087,exact,true
STL40513661,BTXN1626674261,exact,true
STL64022294,BTXN5353983527,exact,true
STL59939933,BTXN4299204248,exact,true
STL66250899,BTXN3738611918,exact,true
STL11982755,BTXN2620328765,exact,true
STL42291810,BTXN6297963360,exact,true
STL21139313,BTXN7008973602,exact,true
STL66137195,BTXN5591801596,exact,true
STL78723270,BTXN2204106467,exact,true
STL49696365,BTXN6451830691,exact,true
STL11228131,BTXN7577758569,exact,true
STL33368501,BTXN6208042378,exact,true
STL70984401,BTXN4047013205,exact,true
STL63461642,BTXN3578494751,exact,true
STL61562789,BTXN8769564683,exact,true
STL18245547,BTXN4276582879,exact,true
STL34331410,BTXN4998260109,exact,true
STL80512724,BTXN2661614934,exact,true
STL91215263,BTXN7163636069,exact,true
STL31068735,BTXN3578005933,exact,true
STL72278465,BTXN4303253485,exact,true
STL64508531,BTXN6196549896,exact,true
STL14431462,BTXN5171171195,exact,true
STL11018703,BTXN1794339400,exact,true
STL24259681,BTXN3475852032,exact,true
STL75687367,BTXN7889966457,exact,true
STL34670174,BTXN8078239546,exact,true
STL60542762,BTXN8202725858,exact,true
STL57499299,BTXN2327593101,exact,true
STL40454606,BTXN5296987936,exact,true
STL97360918,BTXN7990165022,exact,true
STL69202385,BTXN8447116347,exact,true
STL92535681,BTXN8545986937,exact,true
STL76968371,BTXN7133260987,exact,true
STL18978692,BTXN1536963767,exact,true
STL93879044,BTXN1257157317,exact,true
STL74217871,BTXN2897512416,exact,true
STL43027552,BTXN1581896260,exact,true
STL19611642,BTXN4732346759,exact,true
STL39617857,BTXN9210323216,exact,true
STL35845654,BTXN1092657277,exact,true
STL86476937,BTXN3993121885,exact,true
STL29220143,BTXN6410168846,exact,true
STL81856498,BTXN8359880081,exact,true
STL65396292,BTXN9527364106,exact,true
STL22649696,BTXN4740049775,exact,true
STL62736741,BTXN2257725836,exact,true
STL59499531,BTXN5915589720,exact,true
STL75633669,BTXN6979676351,exact,true
STL89011369,BTXN2829056890,exact,true
STL59339530,BTXN4566802725,exact,true
STL10780283,BTXN9412010808,exact,true
STL61415792,BTXN1471832735,exact,true
STL12923920,BTXN7931600285,exact,true
STL19791079,BTXN5768474727,exact,true
STL76226744,BTXN4002316191,exact,true
STL25598434,BTXN3815090155,exact,true
STL22563750,BTXN6551695964,exact,true
STL96584886,BTXN8315017360,exact,true
STL63714074,BTXN2912407355,exact,true
STL79822750,BTXN2831109959,exact,true
STL13632821,BTXN4612117088,exact,true
STL62035978,BTXN8804414178,exact,true
STL70580360,BTXN2636492787,exact,true
STL76943149,BTXN3740779511,exact,true
STL95914779,BTXN8203426392,exact,true
STL47571801,BTXN4581759746,exact,true
STL85688787,BTXN4996589311,exact,true
STL20394529,BTXN6720047298,exact,true
STL82597478,BTXN4770015184,exact,true
STL47828666,BTXN5558832196,exact,true
STL20180118,BTXN3951087403,exact,true
STL46834775,BTXN6228012361,exact,true
STL36452300,BTXN9770592892,exact,true
STL61195094,BTXN6505427526,exact,true
STL14844145,BTXN1159780353,exact,true
STL64331127,BTXN4020582737,exact,true
STL66947676,BTXN2814173307,exact,true
STL68859940,BTXN3239036316,exact,true
STL15594788,BTXN8384840466,exact,true
STL60321442,BTXN6109255798,exact,true
STL69019781,BTXN4030482810,exact,true
STL87645282,BTXN3186910855,exact,true
STL22651946,BTXN7365046312,exact,true
STL67085807,BTXN4732356431,exact,true
STL37448673,BTXN8841458420,exact,true
STL44231730,BTXN2360026240,exact,true
STL32093112,BTXN2374111231,exact,true
STL83063903,BTXN4931038429,exact,true
STL95752856,BTXN4559030617,exact,true
STL26222974,BTXN7447874133,exact,true
STL97573473,BTXN2674762035,exact,true
STL29653080,BTXN1314320135,exact,true
STL35966045,BTXN6541656257,exact,true
STL73035498,BTXN8004648499,exact,true
STL56958354,BTXN8610169802,exact,true
STL80332126,BTXN4670884538,exact,true
STL92542998,BTXN8358996577,exact,true
STL28577030,BTXN8355760638,exact,true
STL44678200,BTXN5352026782,exact,true
STL66550416,BTXN5784669422,exact,true
STL22909427,BTXN1188361043,exact,true
STL28059037,BTXN7018648122,exact,true
STL55132604,BTXN7862813824,exact,true
STL58070969,BTXN9973298321,exact,true
STL86522141,BTXN6377939469,exact,true
STL30906603,BTXN1891929137,exact,true
STL66812031,BTXN2567092504,exact,true
STL89489729,BTXN4872521694,exact,true
STL98292310,BTXN1606665184,exact,true
STL99461443,BTXN8500228243,exact,true
STL85091911,BTXN8583581475,exact,true
STL63773579,BTXN4115960020,exact,true
STL61189221,BTXN4851562874,exact,true
STL15062191,BTXN3531165558,exact,true
STL10476674,BTXN5153991571,exact,true
STL54976751,BTXN4246987462,exact,true
STL39611798,BTXN8015215852,exact,true
STL62869451,BTXN9696160042,exact,true
STL79781516,BTXN5581784456,exact,true
STL71471521,BTXN4636996268,exact,true
STL21848331,BTXN2050149115,exact,true
STL93045054,BTXN7458935790,exact,true
STL51396067,BTXN6294752013,exact,true
STL23937948,BTXN7381555874,exact,true
STL26812821,BTXN5115397307,exact,true
STL13298373,BTXN9966953634,exact,true
STL71725422,BTXN9264884678,exact,true
STL79084983,BTXN3211387246,exact,true
STL63039291,BTXN2395283071,exact,true
STL52680043,BTXN1456007305,exact,true
STL30440544,BTXN7158270603,exact,true
STL84765139,BTXN5400781301,exact,true
STL62013608,BTXN6710852405,exact,true
STL63214873,BTXN9988561480,exact,true
STL80542438,BTXN2840524582,exact,true
STL45150315,BTXN9366141694,exact,true
STL94081951,BTXN1842573576,exact,true
STL95043049,BTXN1056662473,exact,true
STL63888440,BTXN7875068995,exact,true
STL91165232,BTXN3408589620,exact,true
STL95756894,BTXN1839947796,exact,true
STL61659693,BTXN2818809304,exact,true
STL13339687,BTXN6697839141,exact,true
STL50946544,BTXN7861474450,exact,true
STL44321106,BTXN9803393159,exact,true
STL43977489,BTXN9331138251,exact,true
STL61112422,BTXN8109529734,exact,true
STL99423512,BTXN3123961937,exact,true
STL73453077,BTXN3022927661,exact,true
STL91884091,BTXN3408843891,exact,true
STL90136436,BTXN8260680104,exact,true
STL52832536,BTXN4434727725,exact,true
STL63806952,BTXN2990636104,exact,true
STL91001528,BTXN4257677900,exact,true
STL75769687,BTXN4895472923,exact,true
STL99517091,BTXN3944737340,exact,true
STL85040406,BTXN9559039917,exact,true
STL50251543,BTXN9557538383,exact,true
STL51829207,BTXN6195698079,exact,true
STL41211039,BTXN4540617141,exact,true
STL35245107,BTXN4889726996,exact,true
STL46879169,BTXN6011667728,exact,true
STL29996714,BTXN7663043297,exact,true
STL76559938,BTXN6798623914,exact,true
STL15499946,BTXN3687831910,exact,true
STL99330247,BTXN6602511745,exact,true
STL70902028,BTXN4000196273,exact,true
STL65798756,BTXN2956905265,exact,true
STL21659353,BTXN8163149670,exact,true
STL67096487,BTXN1435954833,exact,true
STL78607270,BTXN8108182561,exact,true
STL66894416,BTXN3452511942,exact,true
STL41523901,BTXN7862124607,exact,true
STL51710127,BTXN2441334497,exact,true
STL26782946,BTXN7093583669,exact,true
STL47634250,BTXN4357138100,exact,true
STL98257644,BTXN1653924391,exact,true
STL49967346,BTXN2573108158,exact,true
STL73267640,BTXN6888767109,exact,true
STL24790674,BTXN8380194968,exact,true
STL21419363,BTXN4037606871,exact,true
STL40202191,BTXN9753722094,exact,true
STL53042719,BTXN5362826290,exact,true
STL91195906,BTXN5838310974,exact,true
STL38672861,BTXN4681788096,exact,true
STL17190740,BTXN3100976852,exact,true
STL63293861,BTXN6679076361,exact,true
STL58182132,BTXN7232946249,exact,true
STL60084701,BTXN4708226461,exact,true
STL33834602,BTXN1025247551,exact,true
STL95624361,BTXN1237469684,exact,true
STL16339223,BTXN4346258017,exact,true
STL46660566,BTXN8257522759,exact,true
STL42224818,BTXN8682870495,exact,true
STL69915762,BTXN1740981317,exact,true
STL60371504,BTXN1258155182,exact,true
STL41544039,BTXN3348938701,exact,true
STL20307567,BTXN8181693747,exact,true
STL39831718,BTXN1038816171,exact,true
STL42954882,BTXN8465852991,exact,true
STL96975241,BTXN7382716294,exact,true
STL27367982,BTXN5641968469,exact,true
STL85246298,BTXN4411393967,exact,true
STL81012764,BTXN2594783207,exact,true
STL93512388,BTXN8054836645,exact,true
STL29027791,BTXN7944254640,exact,true
STL70870360,BTXN7132294618,exact,true
STL77246547,BTXN7444495071,exact,true
STL63793392,BTXN1457636311,exact,true
STL83001397,BTXN5403455616,exact,true
STL83077607,BTXN7548763875,exact,true
STL28762277,BTXN9398225618,exact,true
STL62476756,BTXN9099218918,exact,true
STL10113880,BTXN3920477878,exact,true
STL33369425,BTXN5734196845,exact,true
STL81385612,BTXN8460882045,exact,true
STL62116494,BTXN6640124123,exact,true
STL12932319,BTXN6224615606,exact,true
STL75286368,BTXN6273521228,exact,true
STL87397073,BTXN5189867664,exact,true
STL17737798,BTXN6941235901,exact,true
STL16694723,BTXN1404533615,exact,true
STL47683749,BTXN3060786466,exact,true
STL69908086,BTXN9358007444,exact,true
STL70156330,BTXN7771235501,exact,true
STL52375735,BTXN4729100207,exact,true
STL55063823,BTXN9537728221,exact,true
STL11263412,BTXN2858297343,exact,true
STL64543706,BTXN4700417404,exact,true
STL59193931,BTXN8871829128,exact,true
STL39248539,BTXN1305074068,exact,true
STL62608499,BTXN5070596225,exact,true
STL77053980,BTXN5625077370,exact,true
STL25424203,BTXN2670817331,exact,true
STL20318892,BTXN6709827988,exact,true
STL90805956,BTXN4585412129,exact,true
STL49708789,BTXN8630116447,exact,true
STL90222197,BTXN4568538165,exact,true
STL91034844,BTXN3714924293,exact,true
STL90557330,BTXN6086341306,exact,true
STL76240612,BTXN9021479835,exact,true
STL35215433,BTXN1160299591,exact,true
STL44656091,BTXN6375963846,exact,true
STL90947751,BTXN2040934434,exact,true
STL93451534,BTXN9788110644,exact,true
STL87751638,BTXN7607288921,exact,true
STL24443322,BTXN7274527392,exact,true
STL66175091,BTXN1276475275,exact,true
STL35784496,BTXN9307779046,exact,true
STL74266373,BTXN3821202205,exact,true
STL51020952,BTXN2161242492,exact,true
STL42968377,BTXN6302946647,exact,true
STL97082275,BTXN8691868390,exact,true
STL30844193,BTXN3869696221,exact,true
STL10982858,BTXN6616315434,exact,true
STL99698735,BTXN6739635525,exact,true
STL23831157,BTXN6621808556,exact,true
STL35839651,BTXN3007717269,exact,true
STL53592298,BTXN5252525649,exact,true
STL61746772,BTXN4694006517,exact,true
STL52885916,BTXN7942827102,exact,true
STL74462748,BTXN6933946911,exact,true
STL86327090,BTXN2073949459,exact,true
STL91715751,BTXN3906865197,exact,true
STL47640380,BTXN4687924148,exact,true
STL78771458,BTXN4198375570,exact,true
STL79443222,BTXN6317727777,exact,true
STL68543087,BTXN9750061667,exact,true
STL43432208,BTXN6053437271,exact,true
STL70366677,BTXN2155297090,exact,true
STL85087085,BTXN9541385123,exact,true
STL94765913,BTXN4717847441,exact,true
STL73125832,BTXN7033817459,exact,true
STL10608036,BTXN7823427148,exact,true
STL46879231,BTXN9529612215,exact,true
STL71335508,BTXN5365409541,exact,true
STL68147182,BTXN3509300549,exact,true
STL80276331,BTXN9355126557,exact,true
STL66214589,BTXN2399267596,exact,true
STL12684730,BTXN3947313852,exact,true
STL37435471,BTXN9441977143,exact,true
STL53514076,BTXN9661397875,exact,true
STL75024805,BTXN6768809746,exact,true
STL33883732,BTXN2866736710,exact,true
STL26692878,BTXN5853540975,exact,true
STL67422715,BTXN4197895987,exact,true
STL94447782,BTXN4246463398,exact,true
STL61722494,BTXN6136189693,exact,true
STL12917311,BTXN4306182044,exact,true
STL21282229,BTXN1895055028,exact,true
STL29787684,BTXN7398322497,exact,true
STL65694169,BTXN1629990079,exact,true
STL50808173,BTXN8215557184,exact,true
STL42830348,BTXN1999134603,exact,true
STL39843354,BTXN6887471533,exact,true
STL70195738,BTXN4791577083,exact,true
STL57959758,BTXN7274878862,exact,true
STL62093145,BTXN6980369649,exact,true
STL76558294,BTXN2435731500,exact,true
STL44057736,BTXN4733241041,exact,true
STL84836134,BTXN7336450279,exact,true
STL66539275,BTXN7301773105,exact,true
STL50003269,BTXN1379103373,exact,true
STL14337677,BTXN9789699083,exact,true
STL60009613,BTXN7006202502,exact,true
STL56091075,BTXN8733046540,exact,true
STL27466246,BTXN9338621433,exact,true
STL14941784,BTXN6412639751,exact,true
STL51294087,BTXN2809964669,exact,true
STL52192439,BTXN5267558698,exact,true
STL77428627,BTXN9425272454,exact,true
STL73133849,BTXN7222021613,exact,true
STL78601597,BTXN5295224675,exact,true
STL97362118,BTXN8876514100,exact,true
STL59507565,BTXN7030632582,exact,true
STL47074477,BTXN4085199851,exact,true
STL87074737,BTXN4025253362,exact,true
STL52351832,BTXN7592903310,exact,true
STL39028805,BTXN4760976605,exact,true
STL51275753,BTXN2046408607,exact,true
STL32502892,BTXN6416598668,exact,true
STL47852887,BTXN1442860971,exact,true
STL96589185,BTXN9942494378,exact,true
STL74299148,BTXN2298997122,exact,true
STL20248176,BTXN1807017913,exact,true
STL66157785,BTXN8612597743,exact,true
STL95590035,BTXN5805756498,exact,true
STL87488773,BTXN7539149856,exact,true
STL54331052,BTXN4716653684,exact,true
STL38874552,BTXN3310851068,exact,true
STL83515297,BTXN4287494121,exact,true
STL44655142,BTXN9015047327,exact,true
STL51843281,BTXN4928726409,exact,true
STL88870241,BTXN1436389523,exact,true
STL49620002,BTXN5669299596,exact,true
STL54605939,BTXN6825515234,exact,true
STL51246696,BTXN2274886145,exact,true
STL16368984,BTXN7044166154,exact,true
STL41860721,BTXN6606765335,exact,true
STL90213329,BTXN3538378062,exact,true
STL55800887,BTXN1655845401,exact,true
STL13074636,BTXN8046823725,exact,true
STL31479842,BTXN8147486165,exact,true
STL77572962,BTXN4973081946,exact,true
STL32884017,BTXN8641162426,exact,true
STL76648409,BTXN9960806274,exact,true
STL98858674,BTXN8016047783,exact,true
STL16597648,BTXN4021334216,exact,true
STL45880608,BTXN7695238797,exact,true
STL84692313,BTXN1524401035,exact,true
STL15998983,BTXN9689011033,exact,true
STL12138839,BTXN8756769446,exact,true
STL45184829,BTXN5349915910,exact,true
STL45365030,BTXN8750885353,exact,true
STL21197996,BTXN6714376755,exact,true
STL54188355,BTXN6817185905,exact,true
STL81248558,BTXN7487335132,exact,true
STL19941358,BTXN6179745972,exact,true
STL89400280,BTXN2641495985,exact,true
STL99309703,BTXN8530092347,exact,true
STL26274328,BTXN8431480059,exact,true
STL86442071,BTXN6539856155,exact,true
STL71686661,BTXN4139951803,exact,true
STL85268530,BTXN8453557375,exact,true
STL39670530,BTXN8430953655,exact,true
STL94126261,BTXN8603048701,exact,true
STL59333062,BTXN4804937484,exact,true
STL60132551,BTXN1900519707,exact,true
STL75090023,BTXN9188990448,exact,true
STL47385258,BTXN3369379129,exact,true
STL57971323,BTXN3732365301,exact,true
STL90490408,BTXN3699422320,exact,true
STL21675008,BTXN9866401667,exact,true
STL67517981,BTXN7200913997,exact,true
STL92825222,BTXN7952773101,exact,true
STL57726845,BTXN8675666474,exact,true
STL69136292,BTXN2832954296,exact,true
STL77688256,BTXN4514041298,exact,true
STL21524133,BTXN3745778625,exact,true
STL50977967,BTXN3577849657,exact,true
STL68504692,BTXN5439218338,exact,true
STL19662262,BTXN6236310581,exact,true
STL63719991,BTXN3087226931,exact,true
STL12116951,BTXN2481979811,exact,true
STL75035969,BTXN8970566223,exact,true
STL37677056,BTXN8702200640,exact,true
STL64863915,BTXN3932605274,exact,true
STL53081518,BTXN3819041690,exact,true
STL70933337,BTXN1595968545,exact,true
STL39198277,BTXN6887457471,exact,true
STL69835743,BTXN2474865481,exact,true
STL74864003,BTXN6904052293,exact,true
STL50122421,BTXN4353306624,exact,true
STL93203248,BTXN3325714757,exact,true
STL57043979,BTXN4856410134,exact,true
STL97059278,BTXN8882744094,exact,true
STL23669886,BTXN3420975571,exact,true
STL92207221,BTXN5525899856,exact,true
STL58310598,BTXN7845071320,exact,true
STL24735742,BTXN6378420609,exact,true
STL82015813,BTXN3077718803,exact,true
STL63860348,BTXN2093337078,exact,true
STL51476044,BTXN5703979945,exact,true
STL38722147,BTXN2348936785,exact,true
STL75227723,BTXN7390048601,exact,true
STL94298106,BTXN3749960383,exact,true
STL97939599,BTXN8035515656,exact,true
STL43772223,BTXN9486011002,exact,true
STL42958088,BTXN9479096235,exact,true
STL60044865,BTXN2728389176,exact,true
STL23525516,BTXN1082871331,exact,true
STL24074092,BTXN6940874431,exact,true
STL90179314,BTXN7567013916,exact,true
STL59011649,BTXN4352623546,exact,true
STL36567299,BTXN8690511384,exact,true
STL80757997,BTXN7847665443,exact,true
STL81669376,BTXN3312113513,exact,true
STL36018096,BTXN3628914109,exact,true
STL51592392,BTXN6003501571,exact,true
STL64383490,BTXN4963756929,exact,true
STL69274499,BTXN4798636315,exact,true
STL99146488,BTXN4096313304,exact,true
STL85258542,BTXN4495069054,exact,true
STL34357127,BTXN8169968813,exact,true
STL28990527,BTXN7541621582,exact,true
STL36323326,BTXN1714025422,exact,true
STL21087507,BTXN4965426918,exact,true
STL54714192,BTXN9010744717,exact,true
STL60672881,BTXN9223632105,exact,true
STL47602980,BTXN1328182414,exact,true
STL21452539,BTXN6213356588,exact,true
STL29378957,BTXN1248844772,exact,true
STL67557861,BTXN7498247045,exact,true
STL76659916,BTXN5033402196,exact,true
STL19999329,BTXN3242950269,exact,true
STL24937373,BTXN6087749922,exact,true
STL63001598,BTXN9246913870,exact,true
STL98771638,BTXN8151172643,exact,true
STL60629134,BTXN7887839585,exact,true
STL95430740,BTXN2786860929,exact,true
STL83229212,BTXN7511795508,exact,true
STL87081624,BTXN1955073361,exact,true
STL63768384,BTXN7139225080,exact,true
STL14966723,BTXN4232957187,exact,true
STL85773927,BTXN8519151272,exact,true
STL98852629,BTXN5286587881,exact,true
STL60165713,BTXN1428814033,exact,true
STL72058457,BTXN2190874238,exact,true
STL28595489,BTXN6033153215,exact,true
STL86690234,BTXN4250135990,exact,true
STL29000472,BTXN1996024457,exact,true
STL10571999,BTXN7048403287,exact,true
STL74426922,BTXN6632842745,exact,true
STL26390366,BTXN5644953292,exact,true
STL21647488,BTXN7748926030,exact,true
STL23417244,BTXN3117179317,exact,true
STL56358761,BTXN7756539434,exact,true
STL10645951,BTXN2417165721,exact,true
STL95173551,BTXN7831560606,exact,true
STL25475748,BTXN8871508287,exact,true
STL11260296,BTXN6960442782,exact,true
STL95231261,BTXN9933656070,exact,true
STL40306132,BTXN6055378692,exact,true
STL45437132,BTXN2461516654,exact,true
STL88738651,BTXN4444532908,exact,true
STL12621771,BTXN8973373803,exact,true
STL89772506,BTXN9329218020,exact,true
STL16875301,BTXN7325011385,exact,true
STL66146977,BTXN6761357172,exact,true
STL49734257,BTXN7472128835,exact,true
STL80923966,BTXN8981215277,exact,true
STL89206277,BTXN9001105648,exact,true
STL83532711,BTXN3045941286,exact,true
STL68925994,BTXN7855383664,exact,true
STL29369643,BTXN2615975075,exact,true
STL19362905,BTXN1366785845,exact,true
STL27450511,BTXN2801493906,exact,true
STL48576809,BTXN1866364653,exact,true
STL16963986,BTXN4383547445,exact,true
STL13695007,BTXN4939044429,exact,true
STL53368257,BTXN4343752340,exact,true
STL42539759,BTXN4584770006,exact,true
STL48556513,BTXN7578636015,exact,true
STL44349681,BTXN6011018195,exact,true
STL50625464,BTXN5168793922,exact,true
STL83906799,BTXN9420649582,exact,true
STL40693565,BTXN5084322220,exact,true
STL14587918,BTXN9989495548,exact,true
STL89438978,BTXN3842551701,exact,true
STL37243875,BTXN4005050402,exact,true
STL99460547,BTXN7775042294,exact,true
STL36131938,BTXN4265213289,exact,true
STL20546948,BTXN4013279581,exact,true
STL12845714,BTXN4230436008,exact,true
STL59200732,BTXN9362797147,exact,true
STL98388886,BTXN1292705400,exact,true
STL52887660,BTXN5714479158,exact,true
STL43938611,BTXN2184444340,exact,true
STL17435952,BTXN6762361623,exact,true
STL78140811,BTXN9385267329,exact,true
STL67209590,BTXN6410008356,exact,true
STL20130392,BTXN4022346220,exact,true
STL85899625,BTXN7151619262,exact,true
STL86699698,BTXN1561334253,exact,true
STL26955438,BTXN2023383044,exact,true
STL46057928,BTXN4655002781,exact,true
STL89643430,BTXN4906234933,exact,true
STL21177910,BTXN8677503432,exact,true
STL51577026,BTXN4928779669,exact,true
STL31266976,BTXN2655618998,exact,true
STL33866225,BTXN2930724174,exact,true
STL33065461,BTXN6402566252,exact,true
STL93568775,BTXN9146417926,exact,true
STL58573820,BTXN3046779254,exact,true
STL31030803,BTXN3453948319,exact,true
STL95994293,BTXN2274870688,exact,true
STL94085288,BTXN9721236816,exact,true
STL66230544,BTXN8297156827,exact,true
STL32520743,BTXN7036651936,exact,true
STL14436293,BTXN6243398164,exact,true
STL94493959,BTXN5185627761,exact,true
STL42444023,BTXN4052624141,exact,true
STL51706698,BTXN4914616473,exact,true
STL86715884,BTXN9639436133,exact,true
STL39182644,BTXN9499273982,exact,true
STL87203186,BTXN8567619998,exact,true
STL73977067,BTXN2515744164,exact,true
STL50425690,BTXN4347379083,exact,true
STL29226627,BTXN9658221277,exact,true
STL50347727,BTXN8913163154,exact,true
STL50413766,BTXN5920524913,exact,true
STL52694510,BTXN5030141398,exact,true
STL93113415,BTXN9852636930,exact,true
STL86625483,BTXN6138726130,exact,true
STL47202014,BTXN2489321225,exact,true
STL71293693,BTXN1850953344,exact,true
STL47209744,BTXN2461950699,exact,true
STL51637850,BTXN1767568115,exact,true
STL35619133,BTXN2969827797,exact,true
STL19747282,BTXN2716960962,exact,true
STL13803370,BTXN5680545493,exact,true
STL17266411,BTXN5519711134,exact,true
STL55753342,BTXN6984050212,exact,true
STL59964097,BTXN4675851767,exact,true
STL75271974,BTXN9913636459,exact,true
STL92039293,BTXN9422422297,exact,true
STL24774041,BTXN8543897337,exact,true
STL68014632,BTXN4425416154,exact,true
STL12342022,BTXN2849341101,exact,true
STL99874179,BTXN8117332578,exact,true
STL10104135,BTXN7262927485,exact,true
STL17346401,BTXN8768202942,exact,true
STL38960412,BTXN2814444204,exact,true
STL24670573,BTXN1189542592,exact,true
STL16718289,BTXN4146834716,exact,true
STL82202022,BTXN3550767378,exact,true
STL98106372,BTXN5787085415,exact,true
STL78216988,BTXN2513178575,exact,true
STL57045642,BTXN3695996121,exact,true
STL61028711,BTXN3055712892,exact,true
STL31017555,BTXN4539577054,exact,true
STL71485328,BTXN6200253367,exact,true
STL13862559,BTXN1953246993,exact,true
STL23856666,BTXN8050374523,exact,true
STL44925104,BTXN6959388322,exact,true
STL70322866,BTXN2600194198,exact,true
STL16098023,BTXN2727309970,exact,true
STL77616303,BTXN2885042034,exact,true
STL81035534,BTXN6781460413,exact,true
STL74707838,BTXN4412789131,exact,true
STL84787394,BTXN3066013953,exact,true
STL30629122,BTXN1444513749,exact,true
STL55233421,BTXN2379757816,exact,true
STL78086079,BTXN4092037989,exact,true
STL79850716,BTXN7485408769,exact,true
STL11770277,BTXN2211603628,exact,true
STL14014272,BTXN3492211072,exact,true
STL93008473,BTXN5023690335,exact,true
STL24274940,BTXN7067829214,exact,true
STL78717416,BTXN7954399182,exact,true
STL31040273,BTXN5918906354,exact,true
STL17474155,BTXN1017942548,exact,true
STL15228178,BTXN6893899132,exact,true
STL34756755,BTXN2543721751,exact,true
STL45217996,BTXN3701677843,exact,true
STL67895682,BTXN9776527376,exact,true
STL46965029,BTXN3638017707,exact,true
STL62466791,BTXN7921335110,exact,true
STL31484322,BTXN3385087249,exact,true
STL41501634,BTXN2984376270,exact,true
STL81539870,BTXN9725510256,exact,true
STL45375799,BTXN4384375283,exact,true
STL45392447,BTXN9366656397,exact,true
STL48851473,BTXN1194418070,exact,true
STL79211878,BTXN1445150188,exact,true
STL41065481,BTXN5967440543,exact,true
STL51569610,BTXN6634220266,exact,true
STL16411095,BTXN9172184338,exact,true
STL80674637,BTXN1913454225,exact,true
STL62308070,BTXN6462194543,exact,true
STL54039823,BTXN5529698639,exact,true
STL45638114,BTXN2931780009,exact,true
STL62772318,BTXN2240947236,exact,true
STL61715208,BTXN1072676769,exact,true
STL41372427,BTXN5038571383,exact,true
STL42404976,BTXN9966126975,exact,true
STL96437170,BTXN6722130298,exact,true
STL62143240,BTXN9293671884,exact,true
STL72260804,BTXN7869573005,exact,true
STL64396768,BTXN4470864519,exact,true
STL69661898,BTXN4700640847,exact,true
STL89929117,BTXN5453761971,exact,true
STL69371178,BTXN5451792309,exact,true
STL48468682,BTXN2261537795,exact,true
STL70094499,BTXN2199653373,exact,true
STL99065797,BTXN6765749477,exact,true
STL13558608,BTXN4515617641,exact,true
STL17435827,BTXN6068543813,exact,true
STL24987846,BTXN7929601440,exact,true
STL86225604,BTXN9027522423,exact,true
STL77990241,BTXN4104292484,exact,true
STL93447742,BTXN8782781864,exact,true
STL42403652,BTXN8581073154,exact,true
STL59028567,BTXN3753434400,exact,true
STL62154482,BTXN5880145797,exact,true
STL59794029,BTXN8516688272,exact,true
STL12090511,BTXN8069035955,exact,true
STL90436654,BTXN4080983196,exact,true
STL63355943,BTXN5943144151,exact,true
STL54193479,BTXN9692384914,exact,true
STL16430431,BTXN3863923625,exact,true
STL65737690,BTXN7809326293,exact,true
STL10162044,BTXN9791277429,exact,true
STL99390270,BTXN9467586020,exact,true
STL74165645,BTXN1549140397,exact,true
STL81031418,BTXN5831275281,exact,true
STL52548353,BTXN8407269537,exact,true
STL28751442,BTXN5385124092,exact,true
STL26316077,BTXN7359524813,exact,true
STL13899798,BTXN1668042048,exact,true
STL91544074,BTXN6320329899,exact,true
STL65542934,BTXN8935453301,exact,true
STL40243036,BTXN3862274245,exact,true
STL81626676,BTXN8752593269,exact,true
STL90866578,BTXN6327476347,exact,true
STL32201737,BTXN5021302360,exact,true
STL44646722,BTXN7529364553,exact,true
STL78088066,BTXN1498846659,exact,true
STL13262588,BTXN3232254467,exact,true
STL56670189,BTXN3981789282,exact,true
STL81222187,BTXN3618855603,exact,true
STL41592244,BTXN3009881801,exact,true
STL63052213,BTXN4113189468,exact,true
STL19725451,BTXN1028834177,exact,true
STL72868537,BTXN4305243118,exact,true
STL90751332,BTXN8862274087,exact,true
STL19052721,BTXN5922242047,exact,true
STL18642360,BTXN9256720065,exact,true
STL57666937,BTXN8099306121,exact,true
STL84572844,BTXN4651419341,exact,true
STL58518869,BTXN2070497915,exact,true
STL78622351,BTXN3002904954,exact,true
STL21170209,BTXN2895698744,exact,true
STL83117599,BTXN2498667456,exact,true
STL92836863,BTXN9686596267,exact,true
STL68633488,BTXN5982874026,exact,true
STL31073546,BTXN8433137915,exact,true
STL12458919,BTXN9405229760,exact,true
STL82177752,BTXN8596008310,exact,true
STL37916110,BTXN3963878353,exact,true
STL27314345,BTXN6328452885,exact,true
STL10378569,BTXN2179647263,exact,true
STL68349682,BTXN3603371504,exact,true
STL66643487,BTXN8664625201,exact,true
STL11241479,BTXN2068283941,exact,true
STL18627194,BTXN5049584574,exact,true
STL10575014,BTXN9721479279,exact,true
STL84131006,BTXN1117979814,exact,true
STL87860620,BTXN9355304132,exact,true
STL58139173,BTXN5321042868,exact,true
STL92580658,BTXN8323259253,exact,true
STL59993132,BTXN1698553625,exact,true
STL71207189,BTXN8077769560,exact,true
STL17686107,BTXN6609495751,exact,true
STL89968853,BTXN2563936768,exact,true
STL31361738,BTXN8804262046,exact,true
STL82920205,BTXN6055899320,exact,true
STL81339972,BTXN3523555561,exact,true
STL81624855,BTXN3179690806,exact,true
STL19047209,BTXN4870158326,exact,true
STL98684481,BTXN8433890033,exact,true
STL85635834,BTXN7042010390,exact,true
STL24357909,BTXN3923238187,exact,true
STL12459062,BTXN8338558048,exact,true
STL43569749,BTXN1447019896,exact,true
STL81216853,BTXN7744989038,exact,true
STL34365090,BTXN1880923648,exact,true
STL46546762,BTXN7264237251,exact,true
STL10943881,BTXN9249265199,exact,true
STL43073498,BTXN5838906966,exact,true
STL82612215,BTXN8201054390,exact,true
STL41521310,BTXN7302484991,exact,true
STL96577129,BTXN5312459977,exact,true
STL47137108,BTXN6637715537,exact,true
STL70652921,BTXN2829841740,exact,true
STL57601184,BTXN2679328798,exact,true
STL92037083,BTXN7509987993,exact,true
STL58838377,BTXN6644556579,exact,true
STL60790227,BTXN4538242462,exact,true
STL17622114,BTXN9573092728,exact,true
STL52453462,BTXN3824322987,exact,true
STL88365465,BTXN1673116725,exact,true
STL47919353,BTXN1058643675,exact,true
STL27434323,BTXN4289204246,exact,true
STL62692263,BTXN2353176743,exact,true
STL25955956,BTXN2934841169,exact,true
STL45948650,BTXN7365448239,exact,true
STL14480164,BTXN3513243321,exact,true
STL15623943,BTXN1639076194,exact,true
STL36113612,BTXN6622834251,exact,true
STL62563413,BTXN1687699169,exact,true
STL66166893,BTXN2395553996,exact,true
STL82614526,BTXN3787895119,exact,true
STL66270290,BTXN2514839907,exact,true
STL53465341,BTXN2430082714,exact,true
STL77071604,BTXN7435660685,exact,true
STL96726933,BTXN5882941717,exact,true
STL45279525,BTXN2765488952,exact,true
STL63728348,BTXN7724051069,exact,true
STL34661393,BTXN1789249949,exact,true
STL63742264,BTXN5742431720,exact,true
STL13188608,BTXN1463059034,exact,true
STL43937141,BTXN5437408165,exact,true
STL41899620,BTXN4512843366,exact,true
STL97080212,BTXN3617354206,exact,true
STL74476041,BTXN1365242668,exact,true
STL29504200,BTXN3194332526,exact,true
STL70938874,BTXN4347513884,exact,true
STL82675371,BTXN1624030165,exact,true
STL20623370,BTXN6013992194,exact,true
STL66248802,BTXN7784286788,exact,true
STL12610868,BTXN8072661703,exact,true
STL55988531,BTXN6054678460,exact,true
STL72984831,BTXN2120433390,exact,true
STL65911641,BTXN6661112202,exact,true
STL21597835,BTXN4956866299,exact,true
STL90361394,BTXN4090456905,exact,true
STL10175799,BTXN2467161344,exact,true
STL14466147,BTXN6732445035,exact,true
STL60734152,BTXN8894638247,exact,true
STL26537057,BTXN4780074961,exact,true
STL41973667,BTXN9516841176,exact,true
STL21373720,BTXN8219468565,exact,true
STL73254279,BTXN9594979797,exact,true
STL32890838,BTXN5464230177,exact,true
STL48249537,BTXN1971044285,exact,true
STL65335804,BTXN9947436896,exact,true
STL86591334,BTXN4973505712,exact,true
STL76620601,BTXN2555296405,exact,true
STL56709860,BTXN8151652145,exact,true
STL92916171,BTXN1754304440,exact,true
STL58918923,BTXN7328080348,exact,true
STL95899843,BTXN7868280216,exact,true
STL56512970,BTXN5945001687,exact,true
STL48146483,BTXN5780323491,exact,true
STL22470928,BTXN5275062212,exact,true
STL69611267,BTXN8685477742,exact,true
STL10644042,BTXN6670347401,exact,true
STL58743864,BTXN7532494907,exact,true
STL79190320,BTXN1250448443,exact,true
STL16057616,BTXN8189090003,exact,true
STL38064890,BTXN6079474654,exact,true
STL23042098,BTXN4871321187,exact,true
STL19505341,BTXN6369934500,exact,true
STL90054740,BTXN1712727648,exact,true
STL77119614,BTXN3860484505,exact,true
STL81386830,BTXN4261424564,exact,true
STL45527060,BTXN5960100034,exact,true
STL54955754,BTXN8952399097,exact,true
STL83559482,BTXN4712840820,exact,true
STL69976056,BTXN6605134615,exact,true
STL23917526,BTXN1774115211,exact,true
STL55090315,BTXN3299247826,exact,true
STL66884597,BTXN7952088903,exact,true
STL70655552,BTXN8552664320,exact,true
STL91923368,BTXN5225050022,exact,true
STL34426963,BTXN8281599450,exact,true
STL43711182,BTXN3589051882,exact,true
STL49541343,BTXN6336072226,exact,true
STL58337355,BTXN8745189396,exact,true
STL13788009,BTXN8117752389,exact,true
STL70332302,BTXN2286381646,exact,true
STL97317744,BTXN9196686397,exact,true
STL48153914,BTXN6575947655,exact,true
STL27456155,BTXN3686688172,exact,true
STL84839893,BTXN9177956390,exact,true
STL52808737,BTXN6578336452,exact,true
STL57464677,BTXN7154724253,exact,true
STL94352991,BTXN6050969978,exact,true
STL68088262,BTXN3508259580,exact,true
STL33569051,BTXN4824931714,exact,true
STL30685022,BTXN1190937149,exact,true
STL92798083,BTXN2976851343,exact,true
STL37915295,BTXN9020682851,exact,true
STL69393218,BTXN8511777898,exact,true
STL34984979,BTXN3023781108,exact,true
STL30071352,BTXN9616959240,exact,true
STL68737908,BTXN5165900357,exact,true
STL39778113,BTXN8014950059,exact,true
STL33284663,BTXN3793335420,exact,true
STL17507424,BTXN6388850556,exact,true
STL39302953,BTXN2985486830,exact,true
STL13039386,BTXN2093385931,exact,true
STL65102361,BTXN5461085968,exact,true
STL58276118,BTXN6521133946,exact,true
STL61017988,BTXN3614441748,exact,true
STL67879290,BTXN1980386833,exact,true
STL83063168,BTXN7881773091,exact,true
STL31700441,BTXN7936200936,exact,true
STL31429184,BTXN7106351770,exact,true
STL37693007,BTXN1254076931,exact,true
STL25747531,BTXN3142325579,exact,true
STL66948362,BTXN5524065335,exact,true
STL25699176,BTXN1938277142,exact,true
STL64183721,BTXN2968745166,exact,true
STL19513051,BTXN9581277987,exact,true
STL72099851,BTXN9151736001,exact,true
STL59371260,BTXN6766437294,exact,true
STL69473277,BTXN5787741487,exact,true
STL19973272,BTXN3401534295,exact,true
STL27580033,BTXN2576137883,exact,true
STL19006154,BTXN4048420548,exact,true
STL49647408,BTXN8346681333,exact,true
STL99229431,BTXN5876962247,exact,true
STL72173598,BTXN1869650095,exact,true
STL42476984,BTXN5025209532,exact,true
STL11289419,BTXN8614563485,exact,true
STL87292569,BTXN2075951553,exact,true
STL58546204,BTXN3834826984,exact,true
STL13611753,BTXN8805241695,exact,true
STL30651179,BTXN6690477284,exact,true
STL25281129,BTXN5197875893,exact,true
STL33608983,BTXN9128198900,exact,true
STL27236529,BTXN1500351882,exact,true
STL85226816,BTXN1147617239,exact,true
STL87630954,BTXN7065217872,exact,true
STL87271115,BTXN9744984402,exact,true
STL62687851,BTXN3990114705,exact,true
STL94025036,BTXN7007337988,exact,true
STL97938735,BTXN3418860540,exact,true
STL48998599,BTXN5448575583,exact,true
STL13077109,BTXN5235279131,exact,true
STL76181786,BTXN5624018355,exact,true
STL70905581,BTXN4020889880,exact,true
STL38047152,BTXN5800364300,exact,true
STL52339954,BTXN7923708521,exact,true
STL13048073,BTXN5353654891,exact,true
STL63313041,BTXN4073965834,exact,true
STL76189777,BTXN8220644239,exact,true
STL46822400,BTXN3817345493,exact,true
STL50029698,BTXN8527514993,exact,true
STL93624519,BTXN1734866816,exact,true
STL35032163,BTXN3974060090,exact,true
STL57791003,BTXN4737767336,exact,true
STL38826107,BTXN9243493543,exact,true
STL83525025,BTXN8346261022,exact,true
STL29511249,BTXN5092448845,exact,true
STL65189596,BTXN6391627751,exact,true
STL79425550,BTXN8351743818,exact,true
STL27484465,BTXN5460714937,exact,true
STL87186925,BTXN7194480893,exact,true
STL10653759,BTXN3202764162,exact,true
STL68976931,BTXN1293955985,exact,true
STL36607759,BTXN9063589102,exact,true
STL12970946,BTXN8656612878,exact,true
STL57061319,BTXN9202386368,exact,true
STL41067928,BTXN7441728825,exact,true
STL94809946,BTXN8241253072,exact,true
STL13846977,BTXN1038082230,exact,true
STL96372978,BTXN5206568292,exact,true
STL88791839,BTXN6186857522,exact,true
STL12882469,BTXN3514604433,exact,true
STL64544411,BTXN9190003904,exact,true
STL44845830,BTXN5068157156,exact,true
STL85426728,BTXN2168274876,exact,true
STL66367745,BTXN7744870231,exact,true
STL34325939,BTXN6821396356,exact,true
STL28547302,BTXN4587615641,exact,true
STL56009159,BTXN1051457286,exact,true
STL51075050,BTXN8521611445,exact,true
STL64935222,BTXN4056293589,exact,true
STL79039857,BTXN7897886806,exact,true
STL17116333,BTXN5683650794,exact,true
STL93612610,BTXN8112951912,exact,true
STL15496767,BTXN8973327211,exact,true
STL33317675,BTXN4437758276,exact,true
STL81789730,BTXN8772507191,exact,true
STL87011219,BTXN1893862915,exact,true
STL46764766,BTXN8031779258,exact,true
STL18690503,BTXN9418711045,exact,true
STL19795789,BTXN5020126773,exact,true
STL20209484,BTXN7018661167,exact,true
STL88184991,BTXN2035591540,exact,true
STL75695918,BTXN4051352176,exact,true
STL49244170,BTXN8421742187,exact,true
STL94895802,BTXN5926463222,exact,true
STL21616030,BTXN9722194873,exact,true
STL86739153,BTXN9849362717,exact,true
STL58397003,BTXN4623181072,exact,true
STL64024116,BTXN4080690629,exact,true
STL11292015,BTXN5385913137,exact,true
STL68336875,BTXN1965492476,exact,true
STL86589871,BTXN6302473754,exact,true
STL75995916,BTXN8398237307,exact,true
STL92636608,BTXN7055241800,exact,true
STL69276156,BTXN5867192990,exact,true
STL90273307,BTXN3189708324,exact,true
STL76895710,BTXN2503345838,exact,true
STL30020648,BTXN1262036500,exact,true
STL39085873,BTXN8486951364,exact,true
STL69498908,BTXN1956405746,exact,true
STL71934298,BTXN8816915762,exact,true
STL68073398,BTXN7506619703,exact,true
STL59405006,BTXN1524723285,exact,true
STL18301201,BTXN6196659034,exact,true
STL28254014,BTXN7410526196,exact,true
STL81509891,BTXN9348027180,exact,true
STL72458631,BTXN6236063884,exact,true
STL23691162,BTXN1151805831,exact,true
STL10926856,BTXN7803517571,exact,true
STL69830354,BTXN5342815588,exact,true
STL26614750,BTXN6501555716,exact,true
STL46155867,BTXN2996043141,exact,true
STL25256771,BTXN8124170077,exact,true
STL49700583,BTXN8327302343,exact,true
STL22865988,BTXN6874008099,exact,true
STL48838001,BTXN5424320666,exact,true
STL80114635,BTXN7568377041,exact,true
STL95316737,BTXN1163278106,exact,true
STL79508892,BTXN4704445676,exact,true
STL41946840,BTXN1708587371,exact,true
STL20830992,BTXN4124520973,exact,true
STL97154338,BTXN7545564967,exact,true
STL49951830,BTXN7417592931,exact,true
STL43099853,BTXN7801403087,exact,true
STL51663806,BTXN7312325287,exact,true
STL42482494,BTXN7192338693,exact,true
STL90057445,BTXN2241376005,exact,true
STL65667895,BTXN6851007573,exact,true
STL78927204,BTXN3107112281,exact,true
STL12107242,BTXN3844069730,exact,true
STL39722157,BTXN5178889753,exact,true
STL32818604,BTXN6173310008,exact,true
STL67188096,BTXN8161994414,exact,true
STL63194565,BTXN4123544927,exact,true
STL65478943,BTXN6624439142,exact,true
STL92726446,BTXN3881473391,exact,true
STL49276900,BTXN1461461303,exact,true
STL46493821,BTXN7092268944,exact,true
STL41381348,BTXN7612367946,exact,true
STL27551376,BTXN3459298359,exact,true
STL84239289,BTXN6116948801,exact,true
STL89646815,BTXN3158035751,exact,true
STL57615106,BTXN9776319254,exact,true
STL77560361,BTXN5469243303,exact,true
STL47637172,BTXN3747834523,exact,true
STL43706811,BTXN7564383779,exact,true
STL23706710,BTXN8241440480,exact,true
STL18522518,BTXN9611877740,exact,true
STL66318770,BTXN7965997893,exact,true
STL38445777,BTXN7343406479,exact,true
STL98190902,BTXN5646804897,exact,true
STL15943124,BTXN8218033876,exact,true
STL77472385,BTXN4014678200,exact,true
STL52125035,BTXN1951811572,exact,true
STL98786055,BTXN2722680005,exact,true
STL32461373,BTXN7812337613,exact,true
STL14183111,BTXN1294548487,exact,true
STL22707317,BTXN5530327273,exact,true
STL35460131,BTXN9217764055,exact,true
STL26215399,BTXN3472126483,exact,true
STL81438028,BTXN2881290982,exact,true
STL74830809,BTXN9623378746,exact,true
STL31868923,BTXN9543672873,exact,true
STL90552456,BTXN2814900480,exact,true
STL36133972,BTXN2516185223,exact,true
STL15549711,BTXN3859268475,exact,true
STL73241333,BTXN7425385771,exact,true
STL82598543,BTXN5324624259,exact,true
STL65635119,BTXN4181095275,exact,true
STL62120729,BTXN8860507968,exact,true
STL32551039,BTXN1473165474,exact,true
STL82751701,BTXN4134745501,exact,true
STL36261988,BTXN1254636985,exact,true
STL87954885,BTXN1582646853,exact,true
STL90535052,BTXN8571211387,exact,true
STL18737868,BTXN2813303127,exact,true
STL84732090,BTXN4301452587,exact,true
STL15704406,BTXN4012787458,exact,true
STL46664946,BTXN6693766342,exact,true
STL89272018,BTXN3153935795,exact,true
STL89741572,BTXN3394452249,exact,true
STL20492341,BTXN2310175915,exact,true
STL97314329,BTXN2851467866,exact,true
STL91177526,BTXN2483466632,exact,true
STL76487310,BTXN2721655789,exact,true
STL28085930,BTXN2663958417,exact,true
STL28401994,BTXN7614865024,exact,true
STL46247955,BTXN8194597143,exact,true
STL76791660,BTXN8499062381,exact,true
STL76738469,BTXN5088145355,exact,true
STL29858736,BTXN2174744048,exact,true
STL14542798,BTXN9592888093,exact,true
STL55564126,BTXN4318784172,exact,true
STL54353315,BTXN1376482326,exact,true
STL12235835,BTXN3678669241,exact,true
STL10889695,BTXN3596443270,exact,true
STL44647379,BTXN8792726419,exact,true
STL78718631,BTXN6250363569,exact,true
STL50766875,BTXN1638178448,exact,true
STL40613187,BTXN1398270304,exact,true
STL15722327,BTXN7729621392,exact,true
STL79701720,BTXN6723027055,exact,true
STL27112303,BTXN2791050803,exact,true
STL94082879,BTXN5935320149,exact,true
STL37192391,BTXN2404177686,exact,true
STL55152111,BTXN2569910915,exact,true
STL10955005,BTXN9534149013,exact,true
STL15940582,BTXN3286111925,exact,true
STL20607284,BTXN1555691138,exact,true
STL62348398,BTXN7680586846,exact,true
STL63167996,BTXN1551450565,exact,true
STL44483834,BTXN2130985418,exact,true
STL20954788,BTXN6523997468,exact,true
STL51860966,BTXN1879358857,exact,true
STL22976798,BTXN4482248141,exact,true
STL87930625,BTXN9301471211,exact,true
STL37651781,BTXN2299419063,exact,true
STL82845036,BTXN8305807778,exact,true
STL73909465,BTXN7492854006,exact,true
STL76993580,BTXN7902031541,exact,true
STL79117979,BTXN5842848696,exact,true
STL38774443,BTXN1504765618,exact,true
STL45438669,BTXN3391213688,exact,true
STL51902341,BTXN3256405819,exact,true
STL73296898,BTXN7426858226,exact,true
STL65180948,BTXN6812174113,exact,true
STL28689791,BTXN4661459242,exact,true
STL26229908,BTXN4985434551,exact,true
STL74526697,BTXN2891348756,exact,true
STL36516237,BTXN4652816122,exact,true
STL86493396,BTXN4266280363,exact,true
STL46663469,BTXN7627480643,exact,true
STL97702135,BTXN9221193810,exact,true
STL68115874,BTXN2509612973,exact,true
STL41546395,BTXN3930066813,exact,true
STL60501401,BTXN1407366813,exact,true
STL58510264,BTXN8343320901,exact,true
STL87015244,BTXN4241435535,exact,true
STL35960560,BTXN6986656323,exact,true
STL67400859,BTXN7526918982,exact,true
STL85027630,BTXN2825985297,exact,true
STL88493777,BTXN2486256264,exact,true
STL35768275,BTXN3606753598,exact,true
STL22613361,BTXN1322104832,exact,true
STL47991516,BTXN6148848253,exact,true
STL45104446,BTXN3592909888,exact,true
STL23052513,BTXN8831074656,exact,true
STL94401551,BTXN5679635208,exact,true
STL61193370,BTXN6930877646,exact,true
STL88387626,BTXN8196580685,exact,true
STL71481011,BTXN6073233675,exact,true
STL78305711,BTXN8724235153,exact,true
STL58574991,BTXN1839534051,exact,true
STL51373213,BTXN9439882247,exact,true
STL65527054,BTXN6756680893,exact,true
STL91195046,BTXN3037028888,exact,true
STL38526385,BTXN4933355644,exact,true
STL32577599,BTXN2643592995,exact,true
STL57063469,BTXN7848445660,exact,true
STL98023025,BTXN8479327214,exact,true
STL46920106,BTXN8961446732,exact,true
STL95701525,BTXN5852060811,exact,true
STL85048942,BTXN8408711404,exact,true
STL54663117,BTXN4768959508,exact,true
STL84352009,BTXN9451797194,exact,true
STL36671969,BTXN1809553783,exact,true
STL80445740,BTXN9774185999,exact,true
STL39717276,BTXN2969663672,exact,true
STL39316293,BTXN5420870354,exact,true
STL64708663,BTXN7584026064,exact,true
STL72717139,BTXN7129095260,exact,true
STL75188533,BTXN7954974283,exact,true
STL87251169,BTXN4503475621,exact,true
STL16029145,BTXN3290591621,exact,true
STL89443352,BTXN9079487246,exact,true
STL12916275,BTXN2834450124,exact,true
STL97952978,BTXN6889279681,exact,true
STL99748903,BTXN6082765198,exact,true
STL80847814,BTXN7315196169,exact,true
STL31464176,BTXN3575752976,exact,true
STL86502138,BTXN1471533217,exact,true
STL23751148,BTXN5149075560,exact,true
STL11205484,BTXN5345251833,exact,true
STL96057708,BTXN2560641623,exact,true
STL76566352,BTXN8067314364,exact,true
STL40601377,BTXN6803656998,exact,true
STL10971584,BTXN9022898765,exact,true
STL78997675,BTXN9837993556,exact,true
STL99015917,BTXN8670274993,exact,true
STL76095236,BTXN8853904311,exact,true
STL83930599,BTXN1926046847,exact,true
STL68480515,BTXN2470072669,exact,true
STL97103763,BTXN7022426536,exact,true
STL43002489,BTXN9436719452,exact,true
STL69078199,BTXN3547639748,exact,true
STL34159266,BTXN8226786404,exact,true
STL38857058,BTXN9991161849,exact,true
STL20520801,BTXN3283634383,exact,true
STL79414571,BTXN4902259654,exact,true
STL17504883,BTXN6783560662,exact,true
STL69520866,BTXN5940762586,exact,true
STL60297789,BTXN4685173415,exact,true
STL79151638,BTXN4738080919,exact,true
STL59006878,BTXN8071755069,exact,true
STL55170101,BTXN9183045296,exact,true
STL87200361,BTXN6597765713,exact,true
STL11998899,BTXN8568621554,exact,true
STL14086791,BTXN6391505361,exact,true
STL69541630,BTXN9290493116,exact,true
STL18321907,BTXN4057181753,exact,true
STL50268684,BTXN8887124537,exact,true
STL87097872,BTXN4753285114,exact,true
STL39101773,BTXN7503930791,exact,true
STL12285307,BTXN3119393776,exact,true
STL90509888,BTXN9518091669,exact,true
STL68569514,BTXN2831251866,exact,true
STL25758887,BTXN5956555531,exact,true
STL70452086,BTXN7145779441,exact,true
STL30541150,BTXN3108051856,exact,true
STL47987212,BTXN8804109561,exact,true
STL23853815,BTXN4518110561,exact,true
STL84582694,BTXN6539606100,exact,true
STL35143995,BTXN5115520448,exact,true
STL65648320,BTXN9821727608,exact,true
STL14022410,BTXN7454228052,exact,true
STL59735290,BTXN9206469995,exact,true
STL22547977,BTXN7782119010,exact,true
STL16204328,BTXN5146905025,exact,true
STL80264613,BTXN3917213803,exact,true
STL90157144,BTXN1336205289,exact,true
STL31711516,BTXN7038282628,exact,true
STL39143166,BTXN2861563771,exact,true
STL82926289,BTXN5089069686,exact,true
STL79757399,BTXN8541623304,exact,true
STL28134771,BTXN4174617506,exact,true
STL34910031,BTXN2262489229,exact,true
STL65435742,BTXN6613325040,exact,true
STL32341047,BTXN8566123736,exact,true
STL79562789,BTXN9989041722,exact,true
STL91790125,BTXN3433005905,exact,true
STL51064636,BTXN6399821276,exact,true
STL68674942,BTXN7027451288,exact,true
STL30481130,BTXN7986216442,exact,true
STL62408380,BTXN3230637174,exact,true
STL45740795,BTXN3107305717,exact,true
STL84893109,BTXN8617287361,exact,true
STL50372913,BTXN9433860822,exact,true
STL54004355,BTXN7803750716,exact,true
STL71790456,BTXN7452826259,exact,true
STL27685156,BTXN9231579685,exact,true
STL38834736,BTXN9452990436,exact,true
STL65175143,BTXN5756121843,exact,true
STL43983232,BTXN1762664201,exact,true
STL69468763,BTXN6368966828,exact,true
STL43495416,BTXN2399288029,exact,true
STL55678510,BTXN7050955723,exact,true
STL16665531,BTXN3333984251,exact,true
STL34938316,BTXN9285543397,exact,true
STL75762459,BTXN2198936710,exact,true
STL15443504,BTXN5168449475,exact,true
STL90951928,BTXN9940066964,exact,true
STL87897123,BTXN7040567414,exact,true
STL34184736,BTXN7959722326,exact,true
STL16005870,BTXN4725225940,exact,true
STL26576253,BTXN1948437419,exact,true
STL28781578,BTXN5761980389,exact,true
STL71726937,BTXN5768406211,exact,true
STL15868959,BTXN2217273279,exact,true
STL21675412,BTXN6066408834,exact,true
STL33559749,BTXN1952038596,exact,true
STL78476884,BTXN5390189552,exact,true
STL55415535,BTXN5938315384,exact,true
STL17709878,BTXN5913328324,exact,true
STL68602595,BTXN7656594304,exact,true
STL20202604,BTXN4318297746,exact,true
STL61414988,BTXN6329745021,exact,true
STL12241168,BTXN6886576605,exact,true
STL20992519,BTXN7092855324,exact,true
STL14303988,BTXN5930217252,exact,true
STL94299475,BTXN1105440729,exact,true
STL53351495,BTXN8344801505,exact,true
STL48175976,BTXN2064348736,exact,true
STL52373772,BTXN8611738819,exact,true
STL10388983,BTXN2210357681,exact,true
STL14429834,BTXN1630167984,exact,true
STL69168024,BTXN1264087533,exact,true
STL84061255,BTXN8494073900,exact,true
STL61094305,BTXN3272837084,exact,true
STL57594407,BTXN3595476483,exact,true
STL14097211,BTXN9835629399,exact,true
STL89035184,BTXN9114758692,exact,true
STL50262298,BTXN5480339681,exact,true
STL30030929,BTXN8906763723,exact,true
STL59482210,BTXN9618738701,exact,true
STL82207079,BTXN6670808189,exact,true
STL65119183,BTXN5120835617,exact,true
STL68519640,BTXN4601060755,exact,true
STL84591120,BTXN9878741651,exact,true
STL77054390,BTXN8259760487,exact,true
STL72403072,BTXN8830930634,exact,true
STL89009893,BTXN2993491419,exact,true
STL24117184,BTXN7713756097,exact,true
STL70344041,BTXN7848867041,exact,true
STL30038222,BTXN5453532494,exact,true
STL47890884,BTXN3619120223,exact,true
STL66964115,BTXN7549572666,exact,true
STL83953529,BTXN5780322855,exact,true
STL76991570,BTXN6320425384,exact,true
STL61892410,BTXN7830091801,exact,true
STL20771474,BTXN3626948233,exact,true
STL95954647,BTXN3482189969,exact,true
STL86315836,BTXN1812389135,exact,true
STL42925713,BTXN1930932228,exact,true
STL33882168,BTXN1737293582,exact,true
STL74431822,BTXN3165440111,exact,true
STL48974523,BTXN8499049822,exact,true
STL28447541,BTXN3486825295,exact,true
STL55049791,BTXN8091088248,exact,true
STL52448479,BTXN8130361837,exact,true
STL71563006,BTXN2291305927,exact,true
STL56941599,BTXN1328528151,exact,true
STL71663283,BTXN1678266085,exact,true
STL61074556,BTXN8965631600,exact,true
STL36772043,BTXN3476555062,exact,true
STL40578723,BTXN9228597317,exact,true
STL50244106,BTXN7330538173,exact,true
STL25399080,BTXN1005999460,exact,true
STL92046710,BTXN1488012783,exact,true
STL59621760,BTXN9389116887,exact,true
STL15044401,BTXN4672588403,exact,true
STL65302565,BTXN3951141302,exact,true
STL48095332,BTXN1698646838,exact,true
STL55859862,BTXN8340308630,exact,true
STL29338898,BTXN3850189047,exact,true
STL69703221,BTXN2267461338,exact,true
STL44787630,BTXN9802910709,exact,true
STL86595432,BTXN5231756299,exact,true
STL24543265,BTXN2680117792,exact,true
STL33799645,BTXN1732107197,exact,true
STL79067817,BTXN7903613440,exact,true
STL46213632,BTXN1523326383,exact,true
STL28854695,BTXN7519281900,exact,true
STL84078153,BTXN5795643793,exact,true
STL89543965,BTXN1765713073,exact,true
STL77615827,BTXN5779882207,exact,true
STL78884484,BTXN9424481810,exact,true
STL30647550,BTXN4052014028,exact,true
STL16931154,BTXN6614482895,exact,true
STL82808093,BTXN5925792900,exact,true
STL91426000,BTXN5087289769,exact,true
STL52057772,BTXN3811620617,exact,true
STL28440709,BTXN1935135960,exact,true
STL41651568,BTXN2244766240,exact,true
STL29804022,BTXN9251215764,exact,true
STL94521185,BTXN4351613845,exact,true
STL31330685,BTXN7115654897,exact,true
STL13977921,BTXN9159454599,exact,true
STL82354182,BTXN7439043910,exact,true
STL33954930,BTXN8702988224,exact,true
STL59710339,BTXN4669935914,exact,true
STL29413370,BTXN5185986383,exact,true
STL18688111,BTXN6058963940,exact,true
STL39464877,BTXN3367952685,exact,true
STL74170039,BTXN5465613190,exact,true
STL97300409,BTXN1992072895,exact,true
STL67227960,BTXN3547649218,exact,true
STL51937863,BTXN8331976865,exact,true
STL97971854,BTXN5309125723,exact,true
STL86013187,BTXN9216029240,exact,true
STL26810201,BTXN4301528280,exact,true
STL19792433,BTXN8830610301,exact,true
STL31861832,BTXN9161403075,exact,true
STL14639771,BTXN8483963396,exact,true
STL37939985,BTXN2522081725,exact,true
STL51422604,BTXN2471562694,exact,true
STL40786648,BTXN3600199941,exact,true
STL29107575,BTXN1604159314,exact,true
STL77421350,BTXN4046721250,exact,true
STL28780764,BTXN3216007663,exact,true
STL57419763,BTXN8512444715,exact,true
STL31640113,BTXN7791821520,exact,true
STL21768147,BTXN1884095374,exact,true
STL54872912,BTXN4567074423,exact,true
STL78374717,BTXN4440983926,exact,true
STL15024377,BTXN4941471198,exact,true
STL43933878,BTXN9691878531,exact,true
STL66728023,BTXN5564180816,exact,true
STL11442173,BTXN5383443039,exact,true
STL50994840,BTXN1557097204,exact,true
STL12793163,BTXN2696934208,exact,true
STL26369021,BTXN6301763080,exact,true
STL27872163,BTXN9793194453,exact,true
STL66809428,BTXN2993950950,exact,true
STL80160252,BTXN7675734829,exact,true
STL59803545,BTXN4714151179,exact,true
STL91399222,BTXN3306589853,exact,true
STL15599529,BTXN3046773145,exact,true
STL52826881,BTXN7447997406,exact,true
STL47654696,BTXN3944590867,exact,true
STL43282649,BTXN4416041612,exact,true
STL42000992,BTXN8136839267,exact,true
STL51025856,BTXN3581063480,exact,true
STL85637167,BTXN6653036492,exact,true
STL71214909,BTXN1036220167,exact,true
STL57662793,BTXN6142019997,exact,true
STL58189716,BTXN6667684063,exact,true
STL71207649,BTXN4134974517,exact,true
STL71140454,BTXN4348468197,exact,true
STL76369319,BTXN6041380203,exact,true
STL82130601,BTXN3975770450,exact,true
STL84081712,BTXN7131166148,exact,true
STL29989700,BTXN9417830987,exact,true
STL44730338,BTXN7074922345,exact,true
STL72572467,BTXN4344011063,exact,true
STL48287696,BTXN8127985586,exact,true
STL60493774,BTXN8127098897,exact,true
STL38694357,BTXN5539982457,exact,true
STL45047173,BTXN3463637803,exact,true
STL24130724,BTXN3920951966,exact,true
STL42891532,BTXN1583683437,exact,true
STL72238964,BTXN8803438370,exact,true
STL46347748,BTXN4620124403,exact,true
STL38183701,BTXN2631840708,exact,true
STL37582393,BTXN1530308940,exact,true
STL25239435,BTXN9705980300,exact,true
STL43265405,BTXN8460381193,exact,true
STL33694289,BTXN8193627026,exact,true
STL97776492,BTXN8533889473,exact,true
STL52407825,BTXN8623372888,exact,true
STL99667571,BTXN7919663293,exact,true
STL54218086,BTXN2351126132,exact,true
STL81131069,BTXN2583743454,exact,true
STL14214362,BTXN1822502849,exact,true
STL56682659,BTXN3195484562,exact,true
STL96548887,BTXN3224241469,exact,true
STL16116455,BTXN9043865672,exact,true
STL38429808,BTXN6844214403,exact,true
STL47647905,BTXN7328037474,exact,true
STL85899286,BTXN6972230844,exact,true
STL16551011,BTXN2867284477,exact,true
STL71401183,BTXN6187859601,exact,true
STL26278384,BTXN8930416371,exact,true
STL57543646,BTXN4140217973,exact,true
STL18113001,BTXN4497217225,exact,true
STL63303079,BTXN5089664247,exact,true
STL26693355,BTXN8239758632,exact,true
STL97118688,BTXN4544344152,exact,true
STL45894863,BTXN5027953302,exact,true
STL67361937,BTXN8950685926,exact,true
STL93641697,BTXN1498107298,exact,true
STL68981830,BTXN4132523616,exact,true
STL13176727,BTXN1693213711,exact,true
STL73860394,BTXN2664140474,exact,true
STL99431177,BTXN5468633991,exact,true
STL31927225,BTXN7667642279,exact,true
STL81390006,BTXN1695506654,exact,true
STL32777840,BTXN5068935438,exact,true
STL37686167,BTXN3684140577,exact,true
STL35974662,BTXN5137728353,exact,true
STL20712150,BTXN2480529256,exact,true
STL69193052,BTXN4249530777,exact,true
STL80051593,BTXN8865441365,exact,true
STL43370067,BTXN5408120679,exact,true
STL18790367,BTXN7683457806,exact,true
STL16944370,BTXN6295431920,exact,true
STL35873158,BTXN9957734001,exact,true
STL70917200,BTXN9579985535,exact,true
STL10034722,BTXN3609173520,exact,true
STL21461053,BTXN4742681842,exact,true
STL86535615,BTXN1162361095,exact,true
STL57080846,BTXN5788836147,exact,true
STL32461327,BTXN1844442910,exact,true
STL91202896,BTXN5582891575,exact,true
STL26342891,BTXN5066547546,exact,true
STL76253213,BTXN8085089452,exact,true
STL10655788,BTXN7819123830,exact,true
STL33619033,BTXN4870869039,exact,true
STL27171287,BTXN2912604915,exact,true
STL48659080,BTXN1576957794,exact,true
STL44795990,BTXN9189063575,exact,true
STL98905694,BTXN4735845452,exact,true
STL70281541,BTXN5438901390,exact,true
STL81524417,BTXN6646445191,exact,true
STL71435513,BTXN3753531092,exact,true
STL93861148,BTXN7782026980,exact,true
STL19728002,BTXN5153299037,exact,true
STL99925170,BTXN5287847799,exact,true
STL10368153,BTXN2257246129,exact,true
STL60099438,BTXN3490672970,exact,true
STL16734269,BTXN4114986709,exact,true
STL34775420,BTXN5247754307,exact,true
STL71449547,BTXN3521050395,exact,true
STL55690294,BTXN8626114388,exact,true
STL54780993,BTXN9232908421,exact,true
STL14137416,BTXN9203563717,exact,true
STL88961202,BTXN7509378369,exact,true
STL13706170,BTXN8457639622,exact,true
STL46554970,BTXN9326401244,exact,true
STL47282809,BTXN9930718188,exact,true
STL21066004,BTXN2638858985,exact,true
STL58021410,BTXN9126228933,exact,true
STL53625385,BTXN7449293389,exact,true
STL51286202,BTXN5583024726,exact,true
STL94257504,BTXN5567782929,exact,true
STL86766291,BTXN1738842585,exact,true
STL87341866,BTXN4944094625,exact,true
STL71877858,BTXN1527952946,exact,true
STL57124706,BTXN7098464886,exact,true
STL24826090,BTXN8283104901,exact,true
STL87407425,BTXN5719011844,exact,true
STL75974746,BTXN9358480505,exact,true
STL62888348,BTXN9791235126,exact,true
STL96001439,BTXN7166672526,exact,true
STL86937135,BTXN7525805561,exact,true
STL29272495,BTXN7305096451,exact,true
STL84358037,BTXN5469309919,exact,true
STL14657496,BTXN5559981673,exact,true
STL37134697,BTXN3508932019,exact,true
STL43174825,BTXN1238841913,exact,true
STL42455784,BTXN4525297872,exact,true
STL99735813,BTXN5387103952,exact,true
STL80205294,BTXN7434516713,exact,true
STL86438765,BTXN2686613837,exact,true
STL43950587,BTXN6782924800,exact,true
STL86755111,BTXN7449628223,exact,true
STL66937033,BTXN4765689806,exact,true
STL99160100,BTXN2075185078,exact,true
STL26464071,BTXN5265701362,exact,true
STL95069961,BTXN7315865092,exact,true
STL28439928,BTXN8988664400,exact,true
STL35667705,BTXN7159443143,exact,true
STL97909784,BTXN9920983443,exact,true
STL27073410,BTXN4593532102,exact,true
STL59033829,BTXN3735643923,exact,true
STL61363891,BTXN6457451483,exact,true
STL55175231,BTXN7120426793,exact,true
STL14894860,BTXN3241645514,exact,true
STL53356706,BTXN3312668067,exact,true
STL52128097,BTXN8894940812,exact,true
STL28943936,BTXN9092343193,exact,true
STL75479349,BTXN6497643361,exact,true
STL79188082,BTXN8693219645,exact,true
STL37140392,BTXN1369534687,exact,true
STL41622989,BTXN8205573753,exact,true
STL94503452,BTXN3761961847,exact,true
STL63396769,BTXN5573588670,exact,true
STL53015526,BTXN4980370594,exact,true
STL64530866,BTXN2838206006,exact,true
STL91499215,BTXN2143560689,exact,true
STL37876228,BTXN9094734535,exact,true
STL77678822,BTXN7212511783,exact,true
STL27662714,BTXN1186406600,exact,true
STL90457402,BTXN6852458093,exact,true
STL21311304,BTXN5679677161,exact,true
STL97703852,BTXN1381575922,exact,true
STL62864878,BTXN6220921714,exact,true
STL85621910,BTXN5693990003,exact,true
STL94763944,BTXN5537093475,exact,true
STL63415093,BTXN6321363559,exact,true
STL83197932,BTXN3071908421,exact,true
STL39265818,BTXN1169618086,exact,true
STL38414751,BTXN5898455878,exact,true
STL54386555,BTXN6513390650,exact,true
STL72078535,BTXN3809864329,exact,true
STL39557337,BTXN6920788809,exact,true
STL18731930,BTXN6730279951,exact,true
STL72483639,BTXN6637611254,exact,true
STL79078311,BTXN2573894655,exact,true
STL86010158,BTXN7785686812,exact,true
STL39384006,BTXN2351955749,exact,true
STL95554087,BTXN1599885633,exact,true
STL53764065,BTXN9987567783,exact,true
STL36569756,BTXN1560328970,exact,true
STL48217181,BTXN7140273014,exact,true
STL16206022,BTXN3341286640,exact,true
STL26355739,BTXN9659259570,exact,true
STL51795025,BTXN3882667163,exact,true
STL14420773,BTXN9963378640,exact,true
STL84758190,BTXN2117979493,exact,true
STL82275843,BTXN5010777156,exact,true
STL93711907,BTXN1103282092,exact,true
STL60638442,BTXN7904444350,exact,true
STL85842079,BTXN8017042743,exact,true
STL54855279,BTXN2834696845,exact,true
STL85908907,BTXN1628537791,exact,true
STL75476994,BTXN9355769654,exact,true
STL73562378,BTXN5127219887,exact,true
STL43999405,BTXN8035300583,exact,true
STL57437651,BTXN9402734257,exact,true
STL78880796,BTXN2700186847,exact,true
STL92688042,BTXN5153100561,exact,true
STL65980592,BTXN4435982741,exact,true
STL98016489,BTXN1118795820,exact,true
STL28148921,BTXN6168954758,exact,true
STL94776987,BTXN1010129711,exact,true
STL20305086,BTXN2655949324,exact,true
STL42274031,BTXN3490824215,exact,true
STL42529801,BTXN5580874423,exact,true
STL32543416,BTXN3083205683,exact,true
STL74948835,BTXN1804437737,exact,true
STL42867893,BTXN8616193609,exact,true
STL11047240,BTXN4002853230,exact,true
STL72131205,BTXN4254556460,exact,true
STL44517935,BTXN5257119015,exact,true
STL51958630,BTXN7411583183,exact,true
STL84148525,BTXN2942167303,exact,true
STL44160502,BTXN1228615871,exact,true
STL83191073,BTXN6163003692,exact,true
STL61061730,BTXN1054197578,exact,true
STL83334481,BTXN2002601296,exact,true
STL31498636,BTXN2550251083,exact,true
STL72722957,BTXN7717326751,exact,true
STL32476811,BTXN9119796208,exact,true
STL69852264,BTXN3171263487,exact,true
STL28213263,BTXN1030319566,exact,true
STL44438867,BTXN4238458647,exact,true
STL32966864,BTXN9765151526,exact,true
STL38013349,BTXN5394421360,exact,true
STL19966994,BTXN9850418433,exact,true
STL10352830,BTXN7561068269,exact,true
STL75684585,BTXN2918050690,exact,true
STL10931114,BTXN4118477237,exact,true
STL98567508,BTXN5468215608,exact,true
STL21302574,BTXN5996853335,exact,true
STL28461026,BTXN3355780575,exact,true
STL27506836,BTXN5341705868,exact,true
STL44308591,BTXN5413888029,exact,true
STL19797356,BTXN3562110878,exact,true
STL52251486,BTXN1275805454,exact,true
STL73702238,BTXN4444443569,exact,true
STL46442330,BTXN7617553105,exact,true
STL36205020,BTXN1384678169,exact,true
STL51326387,BTXN8021068713,exact,true
STL23394719,BTXN9198171939,exact,true
STL72373944,BTXN7180363965,exact,true
STL45966906,BTXN7719452052,exact,true
STL22691278,BTXN7227060331,exact,true
STL72639578,BTXN1172322491,exact,true
STL43766839,BTXN6282822566,exact,true
STL53298009,BTXN4702423920,exact,true
STL95377369,BTXN3962326900,exact,true
STL41637859,BTXN7451175303,exact,true
STL73430999,BTXN3693012756,exact,true
STL87218976,BTXN7455461147,exact,true
STL61556281,BTXN6523317920,exact,true
STL62733960,BTXN2489509165,exact,true
STL98786831,BTXN7244769968,exact,true
STL41497452,BTXN8975271491,exact,true
STL17586107,BTXN4659740195,exact,true
STL25661988,BTXN4768951312,exact,true
STL56086149,BTXN9047336929,exact,true
STL34420564,BTXN4809181644,exact,true
STL45748154,BTXN6857503396,exact,true
STL21281365,BTXN1332843511,exact,true
STL49329526,BTXN6722828423,exact,true
STL94795600,BTXN8381300140,exact,true
STL20011884,BTXN1477787082,exact,true
STL43779291,BTXN8132340947,exact,true
STL33290727,BTXN6382393124,exact,true
STL60285636,BTXN5802869358,exact,true
STL45042983,BTXN3272176178,exact,true
STL41488594,BTXN5504203782,exact,true
STL44906728,BTXN1327361044,exact,true
STL74209875,BTXN9497502555,exact,true
STL95320770,BTXN2785687219,exact,true
STL25331943,BTXN4115542660,exact,true
STL91488404,BTXN4487731300,exact,true
STL61775493,BTXN2452409209,exact,true
STL21210481,BTXN1038606254,exact,true
STL20924873,BTXN2783763856,exact,true
STL84883001,BTXN5131432439,exact,true
STL84381342,BTXN5638342911,exact,true
STL93010605,BTXN9439172587,exact,true
STL48375209,BTXN5659083075,exact,true
STL96119272,BTXN3043054262,exact,true
STL19090527,BTXN2581467360,exact,true
STL68628561,BTXN3163989310,exact,true
STL74137343,BTXN7763635013,exact,true
STL72954347,BTXN3687509976,exact,true
STL81871634,BTXN5738967614,exact,true
STL68203606,BTXN4187186181,exact,true
STL93077045,BTXN6940226850,exact,true
STL57946109,BTXN9234522630,exact,true
STL21686682,BTXN1244557412,exact,true
STL60961074,BTXN8109889986,exact,true
STL47235091,BTXN2260119924,exact,true
STL53171175,BTXN7035630243,exact,true
STL73166821,BTXN8614472242,exact,true
STL58656813,BTXN6681141394,exact,true
STL85179486,BTXN5959440463,exact,true
STL66278660,BTXN3749735005,exact,true
STL31179349,BTXN8953926967,exact,true
STL76619106,BTXN1226496637,exact,true
STL17898708,BTXN7701311403,exact,true
STL27301044,BTXN2214911080,exact,true
STL82928246,BTXN2463332834,exact,true
STL31612402,BTXN7936488208,exact,true
STL32492069,BTXN5388449642,exact,true
STL43026667,BTXN6173258552,exact,true
STL80541755,BTXN3130416629,exact,true
STL56886056,BTXN3180077175,exact,true
STL74553778,BTXN2651809915,exact,true
STL18208127,BTXN6900016637,exact,true
STL66323020,BTXN9010195574,exact,true
STL21698661,BTXN6250675355,exact,true
STL14216463,BTXN3492592310,exact,true
STL76930451,BTXN9330271923,exact,true
STL55911599,BTXN7254074758,exact,true
STL37920954,BTXN2074249850,exact,true
STL93787014,BTXN6648458139,exact,true
STL35788686,BTXN3968455849,exact,true
STL51785474,BTXN7528442699,exact,true
STL43607993,BTXN5369544952,exact,true
STL24243671,BTXN5290993410,exact,true
STL31097223,BTXN9497936558,exact,true
STL98704837,BTXN5878265795,exact,true
STL17204820,BTXN6020279216,exact,true
STL78081576,BTXN3662896822,exact,true
STL83309452,BTXN4839750884,exact,true
STL93878124,BTXN3501291813,exact,true
STL50067637,BTXN7152793984,exact,true
STL14049656,BTXN2107360839,exact,true
STL80641323,BTXN6908504342,exact,true
STL19278000,BTXN8247729205,exact,true
STL60432382,BTXN9776714049,exact,true
STL15967458,BTXN4190747255,exact,true
STL99393215,BTXN5624467774,exact,true
STL46218615,BTXN2818307344,exact,true
STL99069920,BTXN2280212568,exact,true
STL61719617,BTXN9097054785,exact,true
STL56346849,BTXN4753688223,exact,true
STL75751370,BTXN7451570193,exact,true
STL66761343,BTXN5596630225,exact,true
STL65888275,BTXN7104729072,exact,true
STL62077771,BTXN6372506646,exact,true
STL52088474,BTXN2775198720,exact,true
STL35216784,BTXN1804728938,exact,true
STL19043051,BTXN3548886614,exact,true
STL84899260,BTXN1851249321,exact,true
STL31748148,BTXN5513796929,exact,true
STL34217029,BTXN8567379213,exact,true
STL10580409,BTXN5042815942,exact,true
STL24843978,BTXN7390299372,exact,true
STL42711142,BTXN7546240535,exact,true
STL66379658,BTXN4384935963,exact,true
STL65992782,BTXN3020567032,exact,true
STL32307160,BTXN7531946428,exact,true
STL14742547,BTXN4197571301,exact,true
STL51411266,BTXN7204034025,exact,true
STL27089237,BTXN2774499359,exact,true
STL67615305,BTXN9878158466,exact,true
STL23821034,BTXN9993177343,exact,true
STL75018642,BTXN5034076408,exact,true
STL62651319,BTXN6599428400,exact,true
STL88049285,BTXN7508686143,exact,true
STL92021866,BTXN9801454701,exact,true
STL39354443,BTXN3957064149,exact,true
STL26930815,BTXN8252751536,exact,true
STL16366784,BTXN4142118972,exact,true
STL71214195,BTXN4391677160,exact,true
STL82720610,BTXN3592581693,exact,true
STL78139448,BTXN4062492186,exact,true
STL76659467,BTXN7071605941,exact,true
STL64788966,BTXN8976262811,exact,true
STL27968754,BTXN2660988628,exact,true
STL27587923,BTXN7711844865,exact,true
STL52928178,BTXN7262141251,exact,true
STL82790574,BTXN7171564688,exact,true
STL88198006,BTXN4654223847,exact,true
STL69538978,BTXN3214349110,exact,true
STL87735343,BTXN8645889106,exact,true
STL61386814,BTXN8623572160,exact,true
STL81794136,BTXN9315289973,exact,true
STL95078826,BTXN4057828676,exact,true
STL87556403,BTXN7948421561,exact,true
STL12342376,BTXN2906099061,exact,true
STL71740239,BTXN3751352041,exact,true
STL75818175,BTXN8754687354,exact,true
STL14559011,BTXN6659249735,exact,true
STL43723221,BTXN9614147871,exact,true
STL42358124,BTXN1534774753,exact,true
STL89161204,BTXN4439427565,exact,true
STL78235099,BTXN4842218423,exact,true
STL51051169,BTXN6557177381,exact,true
STL13432671,BTXN5444956794,exact,true
STL94665098,BTXN7425901764,exact,true
STL84420003,BTXN7890770513,exact,true
STL87207455,BTXN6918306353,exact,true
STL11781382,BTXN6798862126,exact,true
STL58111940,BTXN3706940603,exact,true
STL36349479,BTXN8540657395,exact,true
STL32287138,BTXN2214131980,exact,true
STL40637785,BTXN1599242939,exact,true
STL67741265,BTXN8012635587,exact,true
STL19533977,BTXN4840747561,exact,true
STL83834957,BTXN7275529188,exact,true
STL64689300,BTXN2025716670,exact,true
STL78424117,BTXN5313928928,exact,true
STL83944762,BTXN2398887792,exact,true
STL73069443,BTXN7482629436,exact,true
STL70709307,BTXN3118677094,exact,true
STL14478770,BTXN4756257920,exact,true
STL14495818,BTXN4900459269,exact,true
STL68774773,BTXN3070923700,exact,true
STL98904512,BTXN4989232147,exact,true
STL18609309,BTXN7033893492,exact,true
STL22716418,BTXN6622863489,exact,true
STL69512466,BTXN8383804905,exact,true
STL66272254,BTXN9798372109,exact,true
STL25061532,BTXN7153745872,exact,true
STL20008306,BTXN6668356021,exact,true
STL97108568,BTXN2581704713,exact,true
STL91674162,BTXN3339022593,exact,true
STL33820621,BTXN8556574777,exact,true
STL56184665,BTXN2618439701,exact,true
STL42777291,BTXN2544322169,exact,true
STL55264038,BTXN8397941018,exact,true
STL95877362,BTXN5919214402,exact,true
STL31569430,BTXN9313016347,exact,true
STL38937334,BTXN8011943488,exact,true
STL73026472,BTXN6091343716,exact,true
STL26488992,BTXN1665793004,exact,true
STL39919845,BTXN2682585939,exact,true
STL77350472,BTXN6843435201,exact,true
STL52721179,BTXN2026653930,exact,true
STL40153085,BTXN1120216460,exact,true
STL92191342,BTXN5333929422,exact,true
STL58357238,BTXN2902794399,exact,true
STL18010458,BTXN7547716526,exact,true
STL49214683,BTXN6198315101,exact,true
STL38306585,BTXN9677056799,exact,true
STL63024090,BTXN6211807189,exact,true
STL84371273,BTXN6555597696,exact,true
STL30434498,BTXN1061338584,exact,true
STL91693646,BTXN9800823860,exact,true
STL68130665,BTXN6323793563,exact,true
STL40700698,BTXN5049230903,exact,true
STL65304231,BTXN6907063680,exact,true
STL48937138,BTXN4221785662,exact,true
STL30436467,BTXN7764303717,exact,true
STL80739279,BTXN2833906002,exact,true
STL15873297,BTXN4394663768,exact,true
STL69350751,BTXN8130171631,exact,true
STL27998275,BTXN9166986233,exact,true
STL94085593,BTXN7632921979,exact,true
STL67790593,BTXN2499569976,exact,true
STL38381593,BTXN3457732693,exact,true
STL71862967,BTXN9880581242,exact,true
STL92751260,BTXN7510353427,exact,true
STL56446975,BTXN4217055399,exact,true
STL82596795,BTXN2459507650,exact,true
STL77057321,BTXN4281180441,exact,true
STL44288292,BTXN1283415042,exact,true
STL31020395,BTXN4362971360,exact,true
STL16383215,BTXN8215825195,exact,true
STL83490011,BTXN1015399313,exact,true
STL16105160,BTXN8950145668,exact,true
STL47387351,BTXN3577594411,exact,true
STL59039768,BTXN9786762153,exact,true
STL30395679,BTXN9419350566,exact,true
STL74670302,BTXN8053876082,exact,true
STL30717827,BTXN3252904101,exact,true
STL95975272,BTXN5707407963,exact,true
STL89293564,BTXN3786787479,exact,true
STL46558491,BTXN5749407636,exact,true
STL38374120,BTXN7299104049,exact,true
STL43975169,BTXN6535956421,exact,true
STL73305875,BTXN5831297817,exact,true
STL36898480,BTXN8344502444,exact,true
STL81129661,BTXN6996324107,exact,true
STL64339565,BTXN5316064498,exact,true
STL49216335,BTXN8709157148,exact,true
STL82911259,BTXN1006752172,exact,true
STL27818576,BTXN2211349322,exact,true
STL25699005,BTXN2727237443,exact,true
STL74847454,BTXN9479440022,exact,true
STL85247653,BTXN1220416597,exact,true
STL71731196,BTXN2353339523,exact,true
STL45920948,BTXN3634002314,exact,true
STL42256463,BTXN7869437646,exact,true
STL35260584,BTXN8888491129,exact,true
STL22481192,BTXN5656119223,exact,true
STL54163422,BTXN3102146575,exact,true
STL88982256,BTXN9761094088,exact,true
STL58934975,BTXN8989445095,exact,true
STL22628853,BTXN9724448980,exact,true
STL63883831,BTXN3493474199,exact,true
STL49371151,BTXN4480461105,exact,true
STL38800037,BTXN5431104889,exact,true
STL98819325,BTXN9883514712,exact,true
STL61969848,BTXN2986825523,exact,true
STL25933621,BTXN5432619159,exact,true
STL70297819,BTXN5919398997,exact,true
STL32313209,BTXN8943525607,exact,true
STL87504301,BTXN3501818326,exact,true
STL56664121,BTXN2580160841,exact,true
STL71167464,BTXN9157007356,exact,true
STL76306105,BTXN5388591405,exact,true
STL44261627,BTXN5705042592,exact,true
STL14859922,BTXN8663698501,exact,true
STL16833849,BTXN8415625666,exact,true
STL31328124,BTXN7804569428,exact,true
STL51004065,BTXN5955828790,exact,true
STL87272259,BTXN3573578126,exact,true
STL36159865,BTXN8784404001,exact,true
STL85201148,BTXN8158958884,exact,true
STL35167733,BTXN5908611606,exact,true
STL71685210,BTXN2390764362,exact,true
STL73815683,BTXN5380955107,exact,true
STL16273521,BTXN2260646510,exact,true
STL72390872,BTXN2512355135,exact,true
STL87262864,BTXN3013107624,exact,true
STL65087630,BTXN8563762472,exact,true
STL49474697,BTXN5727435172,exact,true
STL68841475,BTXN1148801663,exact,true
STL95946269,BTXN5581636795,exact,true
STL26926289,BTXN6735771886,exact,true
STL97694058,BTXN9782362852,exact,true
STL52986242,BTXN8314057296,exact,true
STL41884515,BTXN2105380085,exact,true
STL17438728,BTXN8353899272,exact,true
STL98044704,BTXN5313240729,exact,true
STL65280738,BTXN2192029389,exact,true
STL19835291,BTXN3858427236,exact,true
STL54685285,BTXN2945981052,exact,true
STL84883048,BTXN7700539859,exact,true
STL64863092,BTXN5768330844,exact,true
STL99334534,BTXN3137716709,exact,true
STL85447701,BTXN8721678779,exact,true
STL88742725,BTXN7826105737,exact,true
STL90087946,BTXN2714413545,exact,true
STL54926188,BTXN8153319884,exact,true
STL58752121,BTXN3512685637,exact,true
STL33173799,BTXN6144879132,exact,true
STL93807204,BTXN9562381069,exact,true
STL21969490,BTXN6998828419,exact,true
STL55014786,BTXN2066273250,exact,true
STL70351294,BTXN9757979982,exact,true
STL32524924,BTXN2901504456,exact,true
STL43052262,BTXN4786895569,exact,true
STL75435642,BTXN3583310753,exact,true
STL53436953,BTXN5346158726,exact,true
STL35849020,BTXN6225387716,exact,true
STL16472606,BTXN6751404120,exact,true
STL89364140,BTXN3535314718,exact,true
STL19192196,BTXN5712495431,exact,true
STL28400814,BTXN1322493391,exact,true
STL44665589,BTXN1492855428,exact,true
STL45900041,BTXN8406158052,exact,true
STL87675137,BTXN1638384385,exact,true
STL68080775,BTXN6881718021,exact,true
STL66313698,BTXN6973196201,exact,true
STL17696093,BTXN2302261317,exact,true
STL46328716,BTXN2510581288,exact,true
STL35505429,BTXN1971134499,exact,true
STL65461567,BTXN8641948398,exact,true
STL77643771,BTXN4203489109,exact,true
STL51915131,BTXN9745140845,exact,true
STL28892239,BTXN7573020806,exact,true
STL61122255,BTXN3633780120,exact,true
STL29068535,BTXN9383228541,exact,true
STL21127679,BTXN4462604723,exact,true
STL81460650,BTXN9587591204,exact,true
STL31608946,BTXN4626682712,exact,true
STL13588414,BTXN2806011318,exact,true
STL27920690,BTXN8511469687,exact,true
STL99515976,BTXN6212145034,exact,true
STL14113875,BTXN4191092794,exact,true
STL72902517,BTXN3736531909,exact,true
STL73175517,BTXN3726229120,exact,true
STL98834351,BTXN4747284717,exact,true
STL43138304,BTXN8480455482,exact,true
STL72917984,BTXN8351137276,exact,true
STL29121601,BTXN5867273849,exact,true
STL76107524,BTXN7343207808,exact,true
STL69847857,BTXN8191720011,exact,true
STL35058624,BTXN1400438999,exact,true
STL35448269,BTXN3281679094,exact,true
STL99543733,BTXN6520587804,exact,true
STL70005249,BTXN8528289186,exact,true
STL96599160,BTXN3744350556,exact,true
STL99276880,BTXN9376281767,exact,true
STL79768720,BTXN8676809029,exact,true
STL93000272,BTXN8381531437,exact,true
STL68817904,BTXN1742670892,exact,true
STL38690942,BTXN7418095476,exact,true
STL77804320,BTXN7800706877,exact,true
STL72379893,BTXN3448957357,exact,true
STL28138910,BTXN1087296391,exact,true
STL44295656,BTXN8803943713,exact,true
STL52914348,BTXN5663503996,exact,true
STL88207466,BTXN4269128429,exact,true
STL99093739,BTXN3195816092,exact,true
STL34614555,BTXN2172084683,exact,true
STL89069644,BTXN9412142507,exact,true
STL79293166,BTXN9564628443,exact,true
STL54545172,BTXN1274645708,exact,true
STL41543248,BTXN2406802118,exact,true
STL74969653,BTXN7432599794,exact,true
STL62076839,BTXN8597967737,exact,true
STL11218037,BTXN5690749786,exact,true
STL78451665,BTXN8681497469,exact,true
STL65338281,BTXN8166179069,exact,true
STL71668143,BTXN5018941501,exact,true
STL16766972,BTXN1936405219,exact,true
STL29382108,BTXN9089902494,exact,true
STL73692856,BTXN4261041714,exact,true
STL97571512,BTXN7852135509,exact,true
STL19660505,BTXN2627266504,exact,true
STL33629662,BTXN9231427098,exact,true
STL87858940,BTXN9754216468,exact,true
STL62780947,BTXN2721845485,exact,true
STL62354090,BTXN4975339279,exact,true
STL17581477,BTXN3783028569,exact,true
STL22134078,BTXN8104030173,exact,true
STL91114757,BTXN7080024308,exact,true
STL89953100,BTXN6981029805,exact,true
STL50023634,BTXN4308407878,exact,true
STL91736458,BTXN4996244047,exact,true
STL11270443,BTXN9803076575,exact,true
STL38473591,BTXN5211685435,exact,true
STL12645626,BTXN1672609093,exact,true
STL20165975,BTXN6839893356,exact,true
STL80638891,BTXN2142086659,exact,true
STL65522671,BTXN4233630539,exact,true
STL55096698,BTXN1672209602,exact,true
STL84674996,BTXN2877670384,exact,true
STL91651740,BTXN4987388889,exact,true
STL80753585,BTXN7925490044,exact,true
STL90346328,BTXN8082050204,exact,true
STL76952744,BTXN6437783510,exact,true
STL79782589,BTXN2053940115,exact,true
STL16614286,BTXN7613570351,exact,true
STL13430833,BTXN5346411018,exact,true
STL75294487,BTXN7848500406,exact,true
STL69933144,BTXN7127924323,exact,true
STL39428308,BTXN6299862033,exact,true
STL40718522,BTXN1635212875,exact,true
STL56295469,BTXN1002227124,exact,true
STL42866401,BTXN2345280810,exact,true
STL95012849,BTXN5311738516,exact,true
STL96113520,BTXN7715922660,exact,true
STL70518349,BTXN9462122700,exact,true
STL87926851,BTXN3390792967,exact,true
STL68497067,BTXN2566970265,exact,true
STL80326426,BTXN6850634396,exact,true
STL45224683,BTXN2676338980,exact,true
STL34305541,BTXN6750735557,exact,true
STL68866317,BTXN3749681106,exact,true
STL69643077,BTXN6880628953,exact,true
STL54575066,BTXN6898333658,exact,true
STL95798748,BTXN4345658771,exact,true
STL48473857,BTXN5781629868,exact,true
STL14350940,BTXN3436427903,exact,true
STL48983521,BTXN2755566880,exact,true
STL43146793,BTXN4909593831,exact,true
STL36138780,BTXN9353235284,exact,true
STL77614749,BTXN4023338969,exact,true
STL85180751,BTXN7997386234,exact,true
STL73900081,BTXN5227243184,exact,true
STL71157173,BTXN6947759509,exact,true
STL77544374,BTXN8775667111,exact,true
STL96246474,BTXN6550542528,exact,true
STL90611355,BTXN2716826655,exact,true
STL92161908,BTXN5078381983,exact,true
STL56389904,BTXN6539000757,exact,true
STL57141123,BTXN7121853301,exact,true
STL88390358,BTXN8681273274,exact,true
STL89230112,BTXN7445948211,exact,true
STL83903008,BTXN4463521320,exact,true
STL29050217,BTXN2593252179,exact,true
STL21015414,BTXN4425254650,exact,true
STL34383689,BTXN5753486110,exact,true
STL40117728,BTXN1668263323,exact,true
STL23881462,BTXN3059191922,exact,true
STL81025622,BTXN1926642748,exact,true
STL66825742,BTXN2902865667,exact,true
STL63565027,BTXN7334232115,exact,true
STL53908553,BTXN2248163310,exact,true
STL74611183,BTXN5856914808,exact,true
STL81564006,BTXN3354168451,exact,true
STL80947290,BTXN2922230116,exact,true
STL73435441,BTXN3702752651,exact,true
STL12203339,BTXN8700751517,exact,true
STL87826631,BTXN2050957780,exact,true
STL67461593,BTXN4531055077,exact,true
STL68616351,BTXN1383680131,exact,true
STL99062195,BTXN8105614604,exact,true
STL55058925,BTXN7665771565,exact,true
STL64510880,BTXN3928184300,exact,true
STL54564789,BTXN5060606580,exact,true
STL49309860,BTXN3092673613,exact,true
STL75030273,BTXN9754781813,exact,true
STL96278155,BTXN3868535050,exact,true
STL63871990,BTXN4016562299,exact,true
STL89416324,BTXN5373042172,exact,true
STL24024381,BTXN2295324021,exact,true
STL38287293,BTXN5610716857,exact,true
STL63418652,BTXN9459510020,exact,true
STL60966208,BTXN3588740819,exact,true
STL23575841,BTXN6931445122,exact,true
STL59619278,BTXN2886316960,exact,true
STL24496185,BTXN5841419125,exact,true
STL88383612,BTXN6622452518,exact,true
STL26070289,BTXN1946915241,exact,true
STL14942280,BTXN9133835992,exact,true
STL45575177,BTXN8602081086,exact,true
STL45555495,BTXN5745031784,exact,true
STL90476289,BTXN7855065241,exact,true
STL39419828,BTXN8807396546,exact,true
STL67521898,BTXN1579979411,exact,true
STL69625397,BTXN6002696894,exact,true
STL10326238,BTXN7381645574,exact,true
STL10456602,BTXN4422047639,exact,true
STL53694582,BTXN6812043144,exact,true
STL30459595,BTXN4569641171,exact,true
STL87261025,BTXN8159767378,exact,true
STL78525356,BTXN9180786149,exact,true
STL62518269,BTXN1808086778,exact,true
STL75593929,BTXN4363027120,exact,true
STL42728022,BTXN2758472708,exact,true
STL49113784,BTXN7933824176,exact,true
STL61647453,BTXN8328857301,exact,true
STL46035621,BTXN1313205221,exact,true
STL31069914,BTXN7027068480,exact,true
STL54336694,BTXN6282422324,exact,true
STL35061879,BTXN1136359109,exact,true
STL24401979,BTXN7372285827,exact,true
STL37832994,BTXN3293562801,exact,true
STL78731672,BTXN1067534811,exact,true
STL31141902,BTXN6366694116,exact,true
STL36031180,BTXN1309077497,exact,true
STL85613946,BTXN4904505719,exact,true
STL52616927,BTXN1362751974,exact,true
STL34608805,BTXN6927295160,exact,true
STL97647044,BTXN5911516472,exact,true
STL95674926,BTXN3754035650,exact,true
STL18732178,BTXN9849116516,exact,true
STL92349233,BTXN3798646432,exact,true
STL14988907,BTXN7922571276,exact,true
STL66156622,BTXN9301220844,exact,true
STL84779822,BTXN1704198581,exact,true
STL36301942,BTXN9821505831,exact,true
STL87653536,BTXN1076838293,exact,true
STL16985910,BTXN8150958263,exact,true
STL94891561,BTXN6517079934,exact,true
STL18470613,BTXN1992294298,exact,true
STL33368852,BTXN1889973462,exact,true
STL14989228,BTXN5776577428,exact,true
STL41504183,BTXN3752575401,exact,true
STL17708195,BTXN9514058772,exact,true
STL74161561,BTXN8912492447,exact,true
STL82432275,BTXN7411689197,exact,true
STL14207555,BTXN9822771825,exact,true
STL94577206,BTXN4774475953,exact,true
STL47950463,BTXN1828696697,exact,true
STL87938424,BTXN7101105835,exact,true
STL14159979,BTXN6191761334,exact,true
STL33373943,BTXN2645904082,exact,true
STL27509088,BTXN8561431302,exact,true
STL49303646,BTXN1670717310,exact,true
STL26250534,BTXN7794992582,exact,true
STL54888996,BTXN4274525051,exact,true
STL10762307,BTXN6723965714,exact,true
STL31112142,BTXN8741975262,exact,true
STL73329640,BTXN8729973568,exact,true
STL97531453,BTXN5059743851,exact,true
STL63264631,BTXN7073999451,exact,true
STL35940199,BTXN7209454099,exact,true
STL59285876,BTXN3022150839,exact,true
STL93757881,BTXN8595364460,exact,true
STL80147436,BTXN4067476034,exact,true
STL25210326,BTXN1402078876,exact,true
STL49293937,BTXN7445676932,exact,true
STL39102902,BTXN6170673575,exact,true
STL22402810,BTXN4960203561,exact,true
STL52611328,BTXN3811717813,exact,true
STL35777348,BTXN2091636019,exact,true
STL76158673,BTXN4892771003,exact,true
STL25214279,BTXN5834941197,exact,true
STL71079408,BTXN1697214432,exact,true
STL58003784,BTXN7106973093,exact,true
STL49026419,BTXN4675580752,exact,true
STL84216409,BTXN2249440068,exact,true
STL33156305,BTXN5819402750,exact,true
STL68585780,BTXN5915563742,exact,true
STL96465850,BTXN2262086313,exact,true
STL63731567,BTXN1235424997,exact,true
STL41952672,BTXN8256109399,exact,true
STL48470063,BTXN7118988756,exact,true
STL68137092,BTXN8698774229,exact,true
STL23878135,BTXN4786662896,exact,true
STL96002341,BTXN3936023315,exact,true
STL95761697,BTXN8513658137,exact,true
STL11837545,BTXN2178064382,exact,true
STL41959646,BTXN6252300497,exact,true
STL14620889,BTXN9992713245,exact,true
STL20268083,BTXN8999794949,exact,true
STL73588103,BTXN1079634034,exact,true
STL32703195,BTXN3425193511,exact,true
STL86573538,BTXN9879505128,exact,true
STL77823771,BTXN5508114872,exact,true
STL48657405,BTXN5625528389,exact,true
STL14728989,BTXN2637367871,exact,true
STL78521168,BTXN5526575034,exact,true
STL71787122,BTXN3381172895,exact,true
STL54201076,BTXN6970753942,exact,true
STL79672860,BTXN8951327104,exact,true
STL25586327,BTXN2121869776,exact,true
STL35317350,BTXN1618363554,exact,true
STL34145523,BTXN9142791059,exact,true
STL14655493,BTXN7361483456,exact,true
STL92894680,BTXN2234753324,exact,true
STL86044409,BTXN8703401929,exact,true
STL58169932,BTXN7646022634,exact,true
STL75573877,BTXN6200584953,exact,true
STL66676860,BTXN1306843570,exact,true
STL23687181,BTXN3734357353,exact,true
STL35195869,BTXN1190487386,exact,true
STL80500672,BTXN8784651374,exact,true
STL34341710,BTXN9733300771,exact,true
STL17950318,BTXN2307415796,exact,true
STL85411164,BTXN9065847078,exact,true
STL24979554,BTXN3378952836,exact,true
STL92848703,BTXN3560046232,exact,true
STL20000970,BTXN9269565014,exact,true
STL82519487,BTXN1013372312,exact,true
STL82978165,BTXN1529574638,exact,true
STL63108415,BTXN6021033226,exact,true
STL75535518,BTXN1065523653,exact,true
STL37442718,BTXN9234394778,exact,true
STL85786140,BTXN9557432005,exact,true
STL76055891,BTXN4280351998,exact,true
STL39418084,BTXN2994997823,exact,true
STL53100975,BTXN2008707960,exact,true
STL65158849,BTXN9124797181,exact,true
STL38610443,BTXN2000418046,exact,true
STL89226395,BTXN6722568528,exact,true
STL37590015,BTXN4119852572,exact,true
STL75453429,BTXN3003655292,exact,true
STL13688512,BTXN2778840868,exact,true
STL48493069,BTXN1556586239,exact,true
STL46279229,BTXN8270403081,exact,true
STL42726903,BTXN5928179792,exact,true
STL28039086,BTXN3602340319,exact,true
STL93788326,BTXN3730464311,exact,true
STL93402670,BTXN6779237855,exact,true
STL11499757,BTXN3306867876,exact,true
STL47269488,BTXN6677231010,exact,true
STL70030582,BTXN6426862618,exact,true
STL17453358,BTXN8025889111,exact,true
STL99386494,BTXN6694399980,exact,true
STL16509993,BTXN3918660006,exact,true
STL94244568,BTXN5631857213,exact,true
STL62022595,BTXN8001133199,exact,true
STL68169067,BTXN6838366088,exact,true
STL15395591,BTXN9115168820,exact,true
STL58155323,BTXN7279079014,exact,true
STL57111340,BTXN6026812916,exact,true
STL47852279,BTXN6997128965,exact,true
STL35825654,BTXN3277811382,exact,true
STL21969120,BTXN1481488836,exact,true
STL18036728,BTXN5799633169,exact,true
STL24609529,BTXN5387456428,exact,true
STL74562374,BTXN4499130077,exact,true
STL30979544,BTXN4009005033,exact,true
STL51243654,BTXN9432777006,exact,true
STL47321075,BTXN7096364030,exact,true
STL34859854,BTXN4318484616,exact,true
STL69583637,BTXN3717490693,exact,true
STL87614950,BTXN8374629365,exact,true
STL81171981,BTXN2313183696,exact,true
STL55601414,BTXN2740222969,exact,true
STL85182045,BTXN9668465143,exact,true
STL99399657,BTXN8754754706,exact,true
STL53168319,BTXN6361113275,exact,true
STL82211782,BTXN2952399654,exact,true
STL51152696,BTXN7191366764,exact,true
STL17700309,BTXN9940464731,exact,true
STL55971125,BTXN1904497739,exact,true
STL81262542,BTXN8703237777,exact,true
STL94335805,BTXN8097870820,exact,true
STL47241745,BTXN8666933366,exact,true
STL72823339,BTXN1237963173,exact,true
STL21482568,BTXN6841049271,exact,true
STL95885858,BTXN7606635599,exact,true
STL75848757,BTXN9188155931,exact,true
STL99805607,BTXN8106004989,exact,true
STL34661719,BTXN9603781899,exact,true
STL38966370,BTXN4351564668,exact,true
STL27547766,BTXN4327057610,exact,true
STL18078731,BTXN9551183873,exact,true
STL64100881,BTXN1098143296,exact,true
STL45460709,BTXN3323394334,exact,true
STL74685696,BTXN5735675966,exact,true
STL80531819,BTXN2099719776,exact,true
STL88707822,BTXN5774699161,exact,true
STL33300187,BTXN6050589233,exact,true
STL67323280,BTXN7927992916,exact,true
STL37938721,BTXN5524622663,exact,true
STL38958668,BTXN8514176473,exact,true
STL50218573,BTXN1995137068,exact,true
STL22118106,BTXN8287287976,exact,true
STL25835492,BTXN8933019770,exact,true
STL84262386,BTXN5700549587,exact,true
STL13690263,BTXN4477723644,exact,true
STL59316885,BTXN7784606817,exact,true
STL35351691,BTXN7363729239,exact,true
STL42389595,BTXN8636380004,exact,true
STL70203756,BTXN4405436528,exact,true
STL63825487,BTXN5975219350,exact,true
STL69527479,BTXN5920700571,exact,true
STL84940593,BTXN8381744026,exact,true
STL89794211,BTXN7168431920,exact,true
STL92755499,BTXN1358479654,exact,true
STL90102255,BTXN8706792552,exact,true
STL52512601,BTXN3087684617,exact,true
STL48340773,BTXN5381672895,exact,true
STL86071767,BTXN1296616046,exact,true
STL71255747,BTXN4976700201,exact,true
STL49071526,BTXN7959237929,exact,true
STL59664794,BTXN9860947836,exact,true
STL78606375,BTXN6592661012,exact,true
STL39380137,BTXN3049341678,exact,true
STL99131477,BTXN8271614252,exact,true
STL65680609,BTXN5086982564,exact,true
STL23912190,BTXN9484128800,exact,true
STL95042804,BTXN3830233903,exact,true
STL65530095,BTXN1672096821,exact,true
STL12087152,BTXN5221203462,exact,true
STL46228556,BTXN7844294622,exact,true
STL21409636,BTXN2163272440,exact,true
STL21201866,BTXN4665399447,exact,true
STL42537509,BTXN4963069242,exact,true
STL17800480,BTXN5943946354,exact,true
STL76356530,BTXN9575717884,exact,true
STL44449463,BTXN6722128879,exact,true
STL32701719,BTXN6065752268,exact,true
STL24714183,BTXN8559492339,exact,true
STL25543611,BTXN4387597312,exact,true
STL20152046,BTXN7732457043,exact,true
STL84713348,BTXN6026846481,exact,true
STL45252715,BTXN2244218045,exact,true
STL93769469,BTXN7031871653,exact,true
STL15855532,BTXN5573270633,exact,true
STL33726895,BTXN9563958420,exact,true
STL85623623,BTXN5794892619,exact,true
STL68940169,BTXN3806251008,exact,true
STL39522955,BTXN7124347457,exact,true
STL89989525,BTXN8674292092,exact,true
STL51995247,BTXN2080507949,exact,true
STL13932056,BTXN8716053742,exact,true
STL56689416,BTXN4782052441,exact,true
STL71277569,BTXN2876045373,exact,true
STL75512214,BTXN9986530535,exact,true
STL50183834,BTXN5798854040,exact,true
STL24863928,BTXN2556411683,exact,true
STL47633060,BTXN3474901492,exact,true
STL72454752,BTXN8616062806,fuzzy_date,true
STL64358801,BTXN4425654347,fuzzy_date,true
STL29961112,BTXN6831174757,fuzzy_date,true
STL71428633,BTXN1267442170,fuzzy_date,true
STL52686567,BTXN5824320809,fuzzy_date,true
STL82704073,BTXN8987143855,fuzzy_date,true
STL42677897,BTXN3096702858,fuzzy_date,true
STL53785440,BTXN9044867887,fuzzy_date,true
STL92469330,BTXN2152047417,fuzzy_date,true
STL97166965,BTXN4928896844,fuzzy_date,true
STL79158928,BTXN5133055818,fuzzy_date,true
STL10176075,BTXN7995281897,fuzzy_date,true
STL60058247,BTXN5317794163,fuzzy_date,true
STL17742362,BTXN6423704730,fuzzy_date,true
STL71128806,BTXN7122273318,fuzzy_date,true
STL94634650,BTXN4414819666,fuzzy_date,true
STL34152430,BTXN7376802061,fuzzy_date,true
STL69648000,BTXN5998467923,fuzzy_date,true
STL19793345,BTXN1240887553,fuzzy_date,true
STL68748976,BTXN8622161974,fuzzy_date,true
STL21783411,BTXN3202811244,fuzzy_date,true
STL44667265,BTXN9492935196,fuzzy_date,true
STL30672859,BTXN7325721923,fuzzy_date,true
STL40350155,BTXN7489387756,fuzzy_date,true
STL37334106,BTXN3588707112,fuzzy_date,true
STL20865413,BTXN5933680247,fuzzy_date,true
STL28374880,BTXN8065996278,fuzzy_date,true
STL87658711,BTXN6109693316,fuzzy_date,true
STL98286717,BTXN6497336933,fuzzy_date,true
STL82886864,BTXN7801765016,fuzzy_date,true
STL81686996,BTXN1980390738,fuzzy_date,true
STL38211372,BTXN2027857949,fuzzy_date,true
STL76526254,BTXN5364351115,fuzzy_date,true
STL67544693,BTXN7507293214,fuzzy_date,true
STL15747790,BTXN4170639775,fuzzy_date,true
STL37184089,BTXN5419278866,fuzzy_date,true
STL35488922,BTXN9775313308,fuzzy_date,true
STL72296016,BTXN3147420019,fuzzy_date,true
STL24000603,BTXN9603596570,fuzzy_date,true
STL66857063,BTXN7760193616,fuzzy_date,true
STL31425070,BTXN5496614791,fuzzy_date,true
STL53288621,BTXN5394771196,fuzzy_date,true
STL23537607,BTXN7891293248,fuzzy_date,true
STL45487678,BTXN9608766220,fuzzy_date,true
STL83951333,BTXN3463228718,fuzzy_date,true
STL71454201,BTXN3724734039,fuzzy_date,true
STL66687798,BTXN8315328997,fuzzy_date,true
STL39872900,BTXN3750262009,fuzzy_date,true
STL80335189,BTXN8627610216,fuzzy_date,true
STL13103714,BTXN4845430565,fuzzy_date,true
STL94790719,BTXN8447463180,fuzzy_date,true
STL62035882,BTXN5218452157,fuzzy_date,true
STL36359460,BTXN4586585443,fuzzy_date,true
STL97144892,BTXN7346212377,fuzzy_date,true
STL79907790,BTXN9226994601,fuzzy_date,true
STL28644786,BTXN8139112018,fuzzy_date,true
STL99119044,BTXN8963026122,fuzzy_date,true
STL70990839,BTXN3607480835,fuzzy_date,true
STL92663590,BTXN2165259783,fuzzy_date,true
STL40556625,BTXN3219484640,fuzzy_date,true
STL97131924,BTXN2809331583,fuzzy_date,true
STL58372382,BTXN7019156642,fuzzy_date,true
STL75848897,BTXN9930105204,fuzzy_date,true
STL96909618,BTXN2712784441,fuzzy_date,true
STL48301522,BTXN8968677152,fuzzy_date,true
STL86043270,BTXN1359005798,fuzzy_date,true
STL51460612,BTXN4093488202,fuzzy_date,true
STL27487636,BTXN9028084288,fuzzy_date,true
STL96799931,BTXN2352018428,fuzzy_date,true
STL17583144,BTXN5115808015,fuzzy_date,true
STL86443749,BTXN4808044734,fuzzy_date,true
STL25830294,BTXN8790059295,fuzzy_date,true
STL57996213,BTXN5391376335,fuzzy_date,true
STL42910103,BTXN8178917089,fuzzy_date,true
STL52933672,BTXN5179669199,fuzzy_date,true
STL20964744,BTXN9572619176,fuzzy_date,true
STL83743822,BTXN7436149960,fuzzy_date,true
STL44940823,BTXN4108000348,fuzzy_date,true
STL16675165,BTXN5720039825,fuzzy_date,true
STL71469649,BTXN8322522122,fuzzy_date,true
STL56311955,BTXN8211702146,fuzzy_date,true
STL17219914,BTXN2951714169,fuzzy_date,true
STL23794158,BTXN5338657949,fuzzy_date,true
STL49133487,BTXN5227502807,fuzzy_date,true
STL26254014,BTXN5838913822,fuzzy_date,true
STL79218511,BTXN3543219889,fuzzy_date,true
STL80973199,BTXN8487757441,fuzzy_date,true
STL25700305,BTXN3794547232,fuzzy_date,true
STL72733114,BTXN3971158711,fuzzy_date,true
STL89312100,BTXN8080115266,fuzzy_date,true
STL93131441,BTXN9678195280,fuzzy_date,true
STL80202195,BTXN1702390616,fuzzy_date,true
STL95548674,BTXN1653645181,fuzzy_date,true
STL72330652,BTXN2957343969,fuzzy_date,true
STL93445313,BTXN9675663398,fuzzy_date,true
STL34065959,BTXN9296480566,fuzzy_date,true
STL76576334,BTXN5520782689,fuzzy_date,true
STL91103186,BTXN7437114980,fuzzy_date,true
STL36194518,BTXN4459761909,fuzzy_date,true
STL70716627,BTXN6006121459,fuzzy_date,true
STL57231543,BTXN5744477918,fuzzy_date,true
STL82933308,BTXN9563729092,fuzzy_date,true
STL37484932,BTXN8076384853,fuzzy_date,true
STL76451708,BTXN9862976486,fuzzy_date,true
STL58422433,BTXN3707752531,fuzzy_date,true
STL33022349,BTXN7116680360,fuzzy_date,true
STL53699584,BTXN2811626619,fuzzy_date,true
STL90273248,BTXN1894185968,fuzzy_date,true
STL34023087,BTXN7919285522,fuzzy_date,true
STL99702232,BTXN4406804308,fuzzy_date,true
STL53643792,BTXN5711689668,fuzzy_date,true
STL98551427,BTXN6455321132,fuzzy_date,true
STL10851257,BTXN7413081635,fuzzy_date,true
STL10743465,BTXN8074054985,fuzzy_date,true
STL21901519,BTXN1822448717,fuzzy_date,true
STL87719053,BTXN5747717561,fuzzy_date,true
STL64012399,BTXN8422554142,fuzzy_date,true
STL46281375,BTXN6302526119,fuzzy_date,true
STL97784655,BTXN6892864288,fuzzy_date,true
STL96221224,BTXN6990661728,fuzzy_date,true
STL74383467,BTXN9478916450,fuzzy_date,true
STL30386442,BTXN2036388089,fuzzy_date,true
STL25740932,BTXN8873081313,fuzzy_date,true
STL37358937,BTXN9047676682,fuzzy_date,true
STL29989430,BTXN3485846714,fuzzy_date,true
STL24972410,BTXN5511782626,fuzzy_date,true
STL71691827,BTXN5542698809,fuzzy_date,true
STL69467193,BTXN7909663981,fuzzy_date,true
STL69480516,BTXN9728573897,fuzzy_date,true
STL29960753,BTXN3195895709,fuzzy_date,true
STL70709172,BTXN5952658405,fuzzy_date,true
STL82194560,BTXN8243716828,fuzzy_date,true
STL11638822,BTXN5058899988,fuzzy_date,true
STL89243428,BTXN9538352314,fuzzy_date,true
STL70710395,BTXN4684632608,fuzzy_date,true
STL47181449,BTXN9666227597,fuzzy_date,true
STL91755523,BTXN6325655734,fuzzy_date,true
STL99108527,BTXN5749515773,fuzzy_date,true
STL97732974,BTXN5564410662,fuzzy_date,true
STL47012987,BTXN9172052492,fuzzy_date,true
STL90319262,BTXN2124076364,fuzzy_date,true
STL23185704,BTXN5963752921,fuzzy_date,true
STL68252505,BTXN1233419410,fuzzy_date,true
STL51379419,BTXN4694252032,fuzzy_date,true
STL74009417,BTXN8555878639,fuzzy_date,true
STL64925681,BTXN3013436470,fuzzy_date,true
STL47598487,BTXN5345000066,fuzzy_date,true
STL33708155,BTXN1029045484,fuzzy_date,true
STL22396885,BTXN7216206209,fuzzy_date,true
STL95049442,BTXN9288871097,fuzzy_date,true
STL77921544,BTXN5003784239,fuzzy_date,true
STL28291935,BTXN8773071982,fuzzy_date,true
STL69467403,BTXN8558245477,fuzzy_date,true
STL77934857,BTXN1740037410,fuzzy_date,true
STL44368862,BTXN1780977819,fuzzy_date,true
STL64411846,BTXN7880625191,fuzzy_date,true
STL93559171,BTXN9130004433,fuzzy_date,true
STL73156467,BTXN2553128358,fuzzy_date,true
STL30086148,BTXN4081073892,fuzzy_date,true
STL37449718,BTXN7738538362,fuzzy_date,true
STL36478233,BTXN4807401604,fuzzy_date,true
STL53764429,BTXN9131459302,fuzzy_date,true
STL35123134,BTXN2940497840,fuzzy_date,true
STL39203863,BTXN2634361278,fuzzy_date,true
STL66111752,BTXN7271448160,fuzzy_date,true
STL95350476,BTXN9337073414,fuzzy_date,true
STL48332285,BTXN7201195489,fuzzy_date,true
STL75438341,BTXN1385471614,fuzzy_date,true
STL80466148,BTXN2429241612,fuzzy_date,true
STL30137388,BTXN4335507486,fuzzy_date,true
STL96591665,BTXN8557709486,fuzzy_date,true
STL30761756,BTXN5034394737,fuzzy_date,true
STL64740331,BTXN8864606254,fuzzy_date,true
STL38145336,BTXN3223963204,fuzzy_date,true
STL68052224,BTXN7866899560,fuzzy_date,true
STL92725479,BTXN1605115934,fuzzy_date,true
STL51087924,BTXN3980778392,fuzzy_date,true
STL95090989,BTXN5348512043,fuzzy_date,true
STL92342710,BTXN2288844584,fuzzy_date,true
STL14167756,BTXN3256081364,fuzzy_date,true
STL63721182,BTXN1110239423,fuzzy_date,true
STL46506567,BTXN8871197203,fuzzy_date,true
STL65925560,BTXN5092195890,fuzzy_date,true
STL41264011,BTXN2033759163,fuzzy_date,true
STL78801845,BTXN2122798284,fuzzy_date,true
STL72096216,BTXN9982907246,fuzzy_date,true
STL93096530,BTXN8266023817,fuzzy_date,true
STL24346289,BTXN1570934817,fuzzy_date,true
STL42815948,BTXN4730878209,fuzzy_date,true
STL65633923,BTXN1939073556,fuzzy_date,true
STL32476705,BTXN9060868202,fuzzy_date,true
STL40232102,BTXN1182631487,fuzzy_date,true
STL18648397,BTXN6263493130,fuzzy_date,true
STL38900980,BTXN8140402148,fuzzy_date,true
STL10655679,BTXN6485741440,fuzzy_date,true
STL14812340,BTXN9313644461,fuzzy_date,true
STL58917187,BTXN9798522107,fuzzy_date,true
STL40694296,BTXN6183206363,fuzzy_date,true
STL27723022,BTXN1293066924,fuzzy_date,true
STL58746010,BTXN3858482846,fuzzy_date,true
STL89414224,BTXN6994941019,fuzzy_date,true
STL10016176,BTXN7346925934,fuzzy_date,true
STL55289621,BTXN2025894383,fuzzy_date,true
STL74493656,BTXN2193787923,fuzzy_date,true
STL62592989,BTXN6915002610,fuzzy_date,true
STL97024833,BTXN5815848251,fuzzy_date,true
STL87516824,BTXN9527194330,fuzzy_date,true
STL17872454,BTXN3567555234,fuzzy_date,true
STL24114417,BTXN3594156388,fuzzy_date,true
STL71261998,BTXN9456944029,fuzzy_date,true
STL12804937,BTXN6499979300,fuzzy_date,true
STL67039307,BTXN8039384586,fuzzy_date,true
STL20782081,BTXN4821517495,fuzzy_date,true
STL48158816,BTXN7390423457,fuzzy_date,true
STL25434718,BTXN6563847647,fuzzy_date,true
STL12056964,BTXN5127215120,fuzzy_date,true
STL88213528,BTXN6798600685,fuzzy_date,true
STL70274292,BTXN3954626058,fuzzy_date,true
STL91899686,BTXN9696469940,fuzzy_date,true
STL67794991,BTXN8151181202,fuzzy_date,true
STL69014228,BTXN2269599392,fuzzy_date,true
STL58721761,BTXN6024251491,fuzzy_date,true
STL22523363,BTXN7228161096,fuzzy_date,true
STL45688957,BTXN3916142604,fuzzy_date,true
STL83734495,BTXN5782925164,fuzzy_date,true
STL13529954,BTXN3332937776,fuzzy_date,true
STL48237513,BTXN6954815990,fuzzy_date,true
STL72214791,BTXN6822269001,fuzzy_date,true
STL17780433,BTXN9923904199,fuzzy_date,true
STL72881956,BTXN4791540881,fuzzy_date,true
STL24370481,BTXN2077539834,fuzzy_date,true
STL43032985,BTXN7053352053,fuzzy_date,true
STL55481326,BTXN1836495269,fuzzy_date,true
STL17124542,BTXN2243432379,fuzzy_date,true
STL88071161,BTXN5369604613,fuzzy_date,true
STL56754707,BTXN2191194249,fuzzy_date,true
STL78428857,BTXN7158931342,fuzzy_date,true
STL65452283,BTXN7422432111,fuzzy_date,true
STL34166763,BTXN8459765292,fuzzy_date,true
STL40650223,BTXN1184212513,fuzzy_date,true
STL64425247,BTXN8579713140,fuzzy_date,true
STL51364717,BTXN1821168870,fuzzy_date,true
STL87483835,BTXN7201751659,fuzzy_date,true
STL57542933,BTXN3694092489,fuzzy_date,true
STL34975977,BTXN4718144699,fuzzy_date,true
STL43471718,BTXN3293996954,fuzzy_date,true
STL48553072,BTXN1322427034,fuzzy_date,true
STL65573433,BTXN1534015630,fuzzy_date,true
STL69758324,BTXN6175318411,fuzzy_date,true
STL66043832,BTXN9035116959,fuzzy_date,true
STL89517758,BTXN6051411662,fuzzy_date,true
STL83207375,BTXN7890924624,fuzzy_date,true
STL78062142,BTXN4822844188,fuzzy_date,true
STL19197831,BTXN3666405738,fuzzy_date,true
STL68012969,BTXN5576725712,fuzzy_date,true
STL68241151,BTXN4584144878,fuzzy_date,true
STL35499383,BTXN4170267120,fuzzy_date,true
STL96193073,BTXN4171556706,fuzzy_date,true
STL74059068,BTXN4478452088,fuzzy_date,true
STL84946680,BTXN5617917582,fuzzy_date,true
STL33475529,BTXN1379557673,fuzzy_date,true
STL77599811,BTXN2335341910,fuzzy_date,true
STL90241782,BTXN5269619462,fuzzy_date,true
STL10510117,BTXN1130060495,fuzzy_date,true
STL81281123,BTXN6340134175,fuzzy_date,true
STL42894936,BTXN1638424264,fuzzy_date,true
STL23305397,BTXN5662174676,fuzzy_date,true
STL84160740,BTXN1126094010,fuzzy_date,true
STL30188465,BTXN5274903791,fuzzy_date,true
STL85409053,BTXN2803149618,fuzzy_date,true
STL70219988,BTXN5596577417,fuzzy_date,true
STL64657165,BTXN9698742755,fuzzy_date,true
STL42236255,BTXN3500227241,fuzzy_date,true
STL89680169,BTXN7651960431,fuzzy_date,true
STL43096758,BTXN6890674735,fuzzy_date,true
STL39719626,BTXN6766654105,fuzzy_date,true
STL91790169,BTXN6298758112,fuzzy_date,true
STL49142872,BTXN4882530458,fuzzy_date,true
STL53539466,BTXN1018668606,fuzzy_date,true
STL74342479,BTXN4921243700,fuzzy_date,true
STL68808628,BTXN8390644349,fuzzy_date,true
STL38705261,BTXN7403138032,fuzzy_date,true
STL52791853,BTXN1515926136,fuzzy_date,true
STL76575651,BTXN4396042795,fuzzy_date,true
STL32342954,BTXN8199427560,fuzzy_date,true
STL18852895,BTXN7028132359,fuzzy_date,true
STL38479433,BTXN3725593754,fuzzy_date,true
STL55752308,BTXN2693481167,fuzzy_date,true
STL16817369,BTXN7752737928,fuzzy_date,true
STL18970926,BTXN8129608599,fuzzy_date,true
STL49174282,BTXN8274038884,fuzzy_date,true
STL61951154,BTXN9483055589,fuzzy_date,true
STL62774253,BTXN4372880221,fuzzy_date,true
STL60025881,BTXN1834753234,fuzzy_date,true
STL60622451,BTXN4117866106,fuzzy_date,true
STL66242071,BTXN5213914746,fuzzy_date,true
STL28537291,BTXN2676506254,fuzzy_date,true
STL31228624,BTXN9684509562,fuzzy_date,true
STL36480822,BTXN6684569707,fuzzy_date,true
STL73815494,BTXN6091850539,fuzzy_date,true
STL43492869,BTXN5541503427,fuzzy_date,true
STL69332348,BTXN3996990953,fuzzy_date,true
STL41694617,BTXN7008382795,fuzzy_date,true
STL27263070,BTXN5864480764,fuzzy_date,true
STL52091721,BTXN5216823123,fuzzy_date,true
STL45429736,BTXN3877696745,fuzzy_date,true
STL37296885,BTXN5888734626,fuzzy_date,true
STL61926405,BTXN7386205686,fuzzy_date,true
STL79707613,BTXN8584955873,fuzzy_date,true
STL26401667,BTXN6322966499,fuzzy_date,true
STL47775818,BTXN8687792244,fuzzy_date,true
STL28482754,BTXN6851038872,fuzzy_date,true
STL18175520,BTXN7878688401,fuzzy_date,true
STL17356885,BTXN7255078299,fuzzy_date,true
STL61248326,BTXN4426726413,fuzzy_date,true
STL52163979,BTXN4882904502,fuzzy_date,true
STL73040981,BTXN2538579934,fuzzy_date,true
STL53259586,BTXN9369092203,fuzzy_date,true
STL22346755,BTXN3071838879,fuzzy_date,true
STL19395470,BTXN7707488200,fuzzy_date,true
STL27424909,BTXN7509938341,fuzzy_date,true
STL47152167,BTXN7730307055,fuzzy_date,true
STL46107816,BTXN4448261174,fuzzy_date,true
STL23849303,BTXN1566746863,fuzzy_date,true
STL33707331,BTXN3644595726,fuzzy_date,true
STL89083928,BTXN5375623915,fuzzy_date,true
STL80415512,BTXN1169345056,fuzzy_date,true
STL22009003,BTXN2357797930,fuzzy_date,true
STL95532165,BTXN7254211279,fuzzy_date,true
STL97463492,BTXN4482332983,fuzzy_date,true
STL40360075,BTXN6706833264,fuzzy_date,true
STL44426532,BTXN8716013029,fuzzy_date,true
STL87213046,BTXN8607803914,fuzzy_date,true
STL20443908,BTXN7591206374,fuzzy_date,true
STL99706562,BTXN7047062955,fuzzy_date,true
STL58587342,BTXN6503754725,fuzzy_date,true
STL82698101,BTXN9498977979,fuzzy_date,true
STL90798118,BTXN3652796264,fuzzy_date,true
STL38456871,BTXN6068782187,fuzzy_date,true
STL76639928,BTXN3195515047,fuzzy_date,true
STL42865053,BTXN5481229050,fuzzy_date,true
STL60238229,BTXN5160689456,fuzzy_date,true
STL66058440,BTXN8354773713,fuzzy_date,true
STL24582701,BTXN8396014936,fuzzy_date,true
STL10142112,BTXN1996581482,fuzzy_date,true
STL27141273,BTXN3349561281,fuzzy_date,true
STL38280261,BTXN4972273762,fuzzy_date,true
STL35360345,BTXN3498937011,fuzzy_date,true
STL93584792,BTXN2668026500,fuzzy_date,true
STL77778568,BTXN7433112483,fuzzy_date,true
STL90847706,BTXN2242470749,fuzzy_date,true
STL69716139,BTXN7644079103,fuzzy_date,true
STL78416141,BTXN1852880969,fuzzy_date,true
STL64252448,BTXN4140659793,fuzzy_date,true
STL99833848,BTXN8500889630,fuzzy_date,true
STL23342054,BTXN7474982778,fuzzy_date,true
STL14638071,BTXN7380762884,fuzzy_date,true
STL48591562,BTXN9679569215,fuzzy_date,true
STL15561083,BTXN5935112482,fuzzy_date,true
STL20832250,BTXN1001787950,fuzzy_date,true
STL34132776,BTXN9899234247,fuzzy_date,true
STL98890689,BTXN7100124334,fuzzy_date,true
STL34555215,BTXN7197498694,fuzzy_date,true
STL24280343,BTXN1827962737,fuzzy_date,true
STL33954309,BTXN5684001748,fuzzy_date,true
STL61430193,BTXN9058560174,fuzzy_date,true
STL49831072,BTXN2009923631,fuzzy_date,true
STL43840797,BTXN9527623768,fuzzy_date,true
STL67721491,BTXN3765510100,fuzzy_date,true
STL18048100,BTXN2971955543,fuzzy_date,true
STL97953190,BTXN5703121570,fuzzy_date,true
STL95593031,BTXN7999914203,fuzzy_date,true
STL63481086,BTXN7994062039,fuzzy_date,true
STL81035228,BTXN7022468889,fuzzy_date,true
STL52388162,BTXN4605234304,fuzzy_date,true
STL13495099,BTXN8677368682,fuzzy_date,true
STL56910960,BTXN6744739311,fuzzy_date,true
STL21993726,BTXN9368648908,fuzzy_date,true
STL17073005,BTXN8770448969,fuzzy_date,true
STL40215769,BTXN3942727473,fuzzy_date,true
STL84274712,BTXN3739054209,fuzzy_date,true
STL59302897,BTXN3156578524,fuzzy_date,true
STL52756327,BTXN8640071470,fuzzy_date,true
STL24363661,BTXN8311614378,fuzzy_date,true
STL65776637,BTXN9161730177,fuzzy_date,true
STL30433459,BTXN9298352653,fuzzy_date,true
STL11677049,BTXN8064269678,fuzzy_date,true
STL49033844,BTXN6305269582,fuzzy_date,true
STL95335171,BTXN7299057241,fuzzy_date,true
STL60980053,BTXN4235807843,fuzzy_date,true
STL40139076,BTXN4114469844,fuzzy_date,true
STL45572859,BTXN7936521189,fuzzy_date,true
STL96454161,BTXN4167214638,fuzzy_date,true
STL30259794,BTXN7833339945,fuzzy_date,true
STL40884026,BTXN2250743017,fuzzy_date,true
STL34854986,BTXN5669013433,fuzzy_date,true
STL87267518,BTXN3298437001,fuzzy_date,true
STL86158678,BTXN6174717082,fuzzy_date,true
STL92616532,BTXN4956141161,fuzzy_date,true
STL66962588,BTXN7286821862,fuzzy_date,true
STL12763625,BTXN7945967820,fuzzy_date,true
STL62457569,BTXN3268891859,fuzzy_date,true
STL23991925,BTXN9763943705,fuzzy_date,true
STL28771119,BTXN7176498363,fuzzy_date,true
STL79955614,BTXN1413077604,fuzzy_date,true
STL44373881,BTXN4425064653,fuzzy_date,true
STL72761740,BTXN7121726708,fuzzy_date,true
STL91987797,BTXN8723540312,fuzzy_date,true
STL19683845,BTXN2981590406,fuzzy_date,true
STL44970507,BTXN8054041029,fuzzy_date,true
STL57573080,BTXN7183125377,fuzzy_date,true
STL66305264,BTXN2280403099,fuzzy_date,true
STL76491700,BTXN2008772094,fuzzy_date,true
STL82622819,BTXN3305328106,fuzzy_date,true
STL24479917,BTXN7387487516,fuzzy_date,true
STL23851477,BTXN1469068949,fuzzy_date,true
STL86258818,BTXN9931379629,fuzzy_date,true
STL28074915,BTXN7265006905,fuzzy_date,true
STL61697458,BTXN9571027439,fuzzy_date,true
STL86493620,BTXN2084083707,fuzzy_date,true
STL85990720,BTXN3728220789,fuzzy_date,true
STL84604719,BTXN8511253082,fuzzy_date,true
STL43800065,BTXN2382774291,fuzzy_date,true
STL80421237,BTXN1724132738,fuzzy_date,true
STL84413472,BTXN5329969639,fuzzy_date,true
STL43209344,BTXN1000218290,fuzzy_date,true
STL94507348,BTXN1663933429,fuzzy_date,true
STL66921978,BTXN1714264944,fuzzy_date,true
STL25146261,BTXN6868119022,fuzzy_date,true
STL69772630,BTXN4843001167,fuzzy_date,true
STL98879533,BTXN7694162235,fuzzy_date,true
STL88349860,BTXN9083237530,fuzzy_date,true
STL91788943,BTXN6324725145,fuzzy_date,true
STL63687401,BTXN3812321527,fuzzy_date,true
STL84502609,BTXN7391983998,fuzzy_date,true
STL46490295,BTXN4255573323,fuzzy_date,true
STL97521058,BTXN1181025051,fuzzy_date,true
STL19533894,BTXN5814614179,fuzzy_date,true
STL46299142,BTXN7815704179,fuzzy_date,true
STL56519153,BTXN4609022865,fuzzy_date,true
STL12773350,BTXN9934964645,fuzzy_date,true
STL53152357,BTXN3944684102,fuzzy_date,true
STL77138149,BTXN9695123929,fuzzy_date,true
STL23950799,BTXN1477684435,fuzzy_date,true
STL49379107,BTXN1159646943,fuzzy_date,true
STL97359172,BTXN5891883703,fuzzy_date,true
STL75040700,BTXN4854903508,fuzzy_date,true
STL61853517,BTXN6208185274,fuzzy_date,true
STL17621753,BTXN9748648904,fuzzy_date,true
STL77765190,BTXN4328118956,fuzzy_date,true
STL85654679,BTXN6773485372,fuzzy_date,true
STL77276645,BTXN8941279617,fuzzy_date,true
STL28627052,BTXN7616854389,fuzzy_date,true
STL77238242,BTXN7016632216,fuzzy_date,true
STL33589060,BTXN6769878403,fuzzy_date,true
STL48347907,BTXN7484177599,fuzzy_date,true
STL51791137,BTXN2597202224,fuzzy_date,true
STL67364553,BTXN9871992241,fuzzy_date,true
STL53713685,BTXN7716675968,fuzzy_date,true
STL96931059,BTXN5946771778,fuzzy_date,true
STL20869023,BTXN3232534016,fuzzy_date,true
STL49528740,BTXN6126802928,fuzzy_date,true
STL86966061,BTXN8600608726,fuzzy_date,true
STL62403388,BTXN3500972252,fuzzy_date,true
STL71660432,BTXN6940366347,fuzzy_date,true
STL95158390,BTXN2366088189,fuzzy_date,true
STL53122268,BTXN1278256123,fuzzy_date,true
STL18337172,BTXN9342707984,fuzzy_date,true
STL65802437,BTXN3215560315,fuzzy_date,true
STL24655989,BTXN6333358917,fuzzy_date,true
STL88249073,BTXN4078644705,fuzzy_date,true
STL48785588,BTXN6787592309,fuzzy_date,true
STL72442048,BTXN6186865759,fuzzy_date,true
STL27958019,BTXN1234978221,fuzzy_date,true
STL80419142,BTXN4193781711,fuzzy_date,true
STL41194360,BTXN8861574178,fuzzy_date,true
STL34354863,BTXN8504640482,fuzzy_date,true
STL64151667,BTXN3741553291,fuzzy_date,true
STL22702081,BTXN5673534377,fuzzy_date,true
STL78093611,BTXN2571338983,fuzzy_date,true
STL95027005,BTXN6350735793,fuzzy_date,true
STL58344436,BTXN4850805368,fuzzy_date,true
STL58827147,BTXN1709229698,fuzzy_date,true
STL85485236,BTXN3854557115,fuzzy_date,true
STL78332780,BTXN3382911142,fuzzy_date,true
STL56336804,BTXN8372615337,fuzzy_date,true
STL71854161,BTXN5835160760,fuzzy_date,true
STL50799789,BTXN6376734654,fuzzy_date,true
STL54714291,BTXN8897474212,fuzzy_date,true
STL27860289,BTXN1703537025,fuzzy_date,true
STL18221972,BTXN2714964955,fuzzy_date,true
STL85659071,BTXN4632698147,fuzzy_date,true
STL50429312,BTXN4592043803,fuzzy_date,true
STL31168173,BTXN7673403019,fuzzy_date,true
STL54276449,BTXN2279670690,fuzzy_date,true
STL42193192,BTXN1096032573,fuzzy_date,true
STL70074543,BTXN3592455419,fuzzy_date,true
STL95992451,BTXN5003002674,fuzzy_date,true
STL25646323,BTXN2764563014,fuzzy_date,true
STL75524073,BTXN8730278383,fuzzy_date,true
STL87849177,BTXN9306210405,fuzzy_date,true
STL10035826,BTXN8052072910,fuzzy_date,true
STL17348413,BTXN5848417875,fuzzy_date,true
STL73066631,BTXN5998766673,fuzzy_date,true
STL35101260,BTXN3524152262,fuzzy_date,true
STL71053371,BTXN2291603476,fuzzy_date,true
STL34974322,BTXN5258934569,fuzzy_date,true
STL77122647,BTXN2397717808,fuzzy_date,true
STL29400890,BTXN8324559310,fuzzy_date,true
STL34900734,BTXN5960026231,fuzzy_date,true
STL87213048,BTXN4033244205,fuzzy_date,true
STL36389336,BTXN7266703729,fuzzy_date,true
STL37812984,BTXN7796831102,fuzzy_date,true
STL42522192,BTXN4274674309,fuzzy_date,true
STL17945140,BTXN5257599196,fuzzy_date,true
STL10762007,BTXN3070405534,fuzzy_date,true
STL77505520,BTXN8841766327,fuzzy_date,true
STL93184327,BTXN5715762809,fuzzy_date,true
STL15548532,BTXN8606848744,fuzzy_date,true
STL33181077,BTXN8229166144,fuzzy_date,true
STL59386293,BTXN2762996812,fuzzy_date,true
STL69820526,BTXN9801909703,fuzzy_date,true
STL45787343,BTXN8583521129,fuzzy_date,true
STL52972160,BTXN1966028695,fuzzy_date,true
STL17872866,BTXN6187260637,fuzzy_date,true
STL26074284,BTXN9774663884,fuzzy_date,true
STL97314737,BTXN4909925961,fuzzy_date,true
STL58781560,BTXN7020906836,fuzzy_date,true
STL68366703,BTXN6932792457,fuzzy_date,true
STL72636757,BTXN4165613703,fuzzy_date,true
STL28147169,BTXN4313017620,fuzzy_date,true
STL25095530,BTXN7366715296,fuzzy_date,true
STL98301036,BTXN4105677950,fuzzy_date,true
STL86506195,BTXN5427110401,fuzzy_date,true
STL45554295,BTXN1367642879,fuzzy_date,true
STL20071683,BTXN6789684273,fuzzy_date,true
STL15220638,BTXN6957280598,fuzzy_date,true
STL25571365,BTXN6273980129,fuzzy_date,true
STL45679752,BTXN4089700309,fuzzy_date,true
STL56004651,BTXN4343361778,fuzzy_date,true
STL20639799,BTXN2865845787,fuzzy_date,true
STL25013901,BTXN5448561315,fuzzy_date,true
STL35068505,BTXN9362506777,fuzzy_date,true
STL36852708,BTXN1319467154,fuzzy_date,true
STL53067903,BTXN4210982359,fuzzy_date,true
STL89588557,BTXN5846135598,fuzzy_date,true
STL19982037,BTXN8891278070,fuzzy_date,true
STL93796495,BTXN4037797608,fuzzy_date,true
STL51057715,BTXN4148132768,fuzzy_date,true
STL95352109,BTXN6118390397,fuzzy_date,true
STL44976988,BTXN3769288780,fuzzy_date,true
STL68699523,BTXN9135679214,fuzzy_date,true
STL32959320,BTXN4133565632,fuzzy_date,true
STL76130294,BTXN7316806912,fuzzy_date,true
STL10408648,BTXN4825817293,fuzzy_date,true
STL39391250,BTXN4272650222,fuzzy_date,true
STL43413144,BTXN8694232598,fuzzy_date,true
STL21052201,BTXN5898083244,fuzzy_date,true
STL24811571,BTXN5198553519,fuzzy_date,true
STL86233824,BTXN7345972539,fuzzy_date,true
STL40672305,BTXN1888127279,fuzzy_date,true
STL67473172,BTXN8370190464,fuzzy_date,true
STL16532056,BTXN9819024171,fuzzy_date,true
STL16436552,BTXN5448091798,fuzzy_date,true
STL20446456,BTXN8511075290,fuzzy_date,true
STL18835872,BTXN2685508823,fuzzy_date,true
STL63543254,BTXN9985983111,fuzzy_date,true
STL27976074,BTXN5697294726,fuzzy_date,true
STL74187895,BTXN7165225785,fuzzy_date,true
STL35269861,BTXN8841441776,fuzzy_date,true
STL57568885,BTXN2384019055,fuzzy_date,true
STL66975494,BTXN7423991868,fuzzy_date,true
STL59287907,BTXN4665433498,fuzzy_date,true
STL37103863,BTXN5881787012,fuzzy_date,true
STL13458795,BTXN6186123241,fuzzy_date,true
STL95095735,BTXN4717023511,fuzzy_date,true
STL11292395,BTXN3639334306,fuzzy_date,true
STL63760792,BTXN2711913377,fuzzy_date,true
STL45683289,BTXN5501023234,fuzzy_date,true
STL68273344,BTXN1606922657,fuzzy_date,true
STL67918629,BTXN1449488984,fuzzy_date,true
STL61212783,BTXN9672945146,fuzzy_date,true
STL54438382,BTXN3511374814,fuzzy_date,true
STL82602318,BTXN7807483768,fuzzy_date,true
STL33652565,BTXN7188595463,fuzzy_date,true
STL41118001,BTXN9748829301,fuzzy_date,true
STL90913186,BTXN6609056766,fuzzy_date,true
STL86829711,BTXN1068880890,fuzzy_date,true
STL31081555,BTXN4637618701,fuzzy_date,true
STL19313663,BTXN1685687546,fuzzy_date,true
STL21894985,BTXN5379714266,fuzzy_date,true
STL58389938,BTXN3372386906,fuzzy_date,true
STL49537855,BTXN7983646120,fuzzy_date,true
STL80733475,BTXN6384863039,fuzzy_date,true
STL49488658,BTXN1187041101,fuzzy_date,true
STL56245164,BTXN1865020350,fuzzy_date,true
STL49122760,BTXN8284364219,fuzzy_date,true
STL79204668,BTXN5129169349,fuzzy_date,true
STL56581929,BTXN9963433108,fuzzy_date,true
STL97322640,BTXN2320985302,fuzzy_date,true
STL80646997,BTXN4625639863,fuzzy_date,true
STL78231207,BTXN7132367542,fuzzy_date,true
STL52773072,BTXN9846125527,fuzzy_date,true
STL19121727,BTXN2155876547,fuzzy_date,true
STL68324003,BTXN4155015351,fuzzy_date,true
STL45490770,BTXN3802822089,fuzzy_date,true
STL70344473,BTXN8220655155,fuzzy_date,true
STL44954629,BTXN2679397047,fuzzy_date,true
STL51147664,BTXN4116849700,fuzzy_date,true
STL90599108,BTXN5837868670,fuzzy_date,true
STL74228674,BTXN6937472249,fuzzy_date,true
STL47999725,BTXN2479832366,fuzzy_date,true
STL81363893,BTXN5996669410,fuzzy_date,true
STL34271843,BTXN3448432608,fuzzy_date,true
STL43799089,BTXN8838061659,fuzzy_date,true
STL58485987,BTXN7958597588,fuzzy_date,true
STL16589366,BTXN6420264597,fuzzy_date,true
STL58056785,BTXN1047980874,fuzzy_date,true
STL18380124,BTXN7614995830,fuzzy_date,true
STL97434553,BTXN8637481827,fuzzy_date,true
STL83700965,BTXN6660423238,fuzzy_date,true
STL81889391,BTXN4284154854,fuzzy_date,true
STL63763410,BTXN3822523268,fuzzy_date,true
STL24956315,BTXN6802297896,fuzzy_date,true
STL64577819,BTXN9088443608,fuzzy_date,true
STL21516323,BTXN3127065046,fuzzy_date,true
STL86392065,BTXN5799057505,fuzzy_date,true
STL32765482,BTXN8440124265,fuzzy_date,true
STL34180247,BTXN6635084724,fuzzy_date,true
STL15692875,BTXN2957841781,fuzzy_date,true
STL91830476,BTXN5900313192,fuzzy_date,true
STL93245732,BTXN6107179957,fuzzy_date,true
STL55784113,BTXN2157004351,fuzzy_date,true
STL56420767,BTXN9056530915,fuzzy_date,true
STL69675299,BTXN5303238732,fuzzy_date,true
STL25699326,BTXN1899935051,fuzzy_date,true
STL63720332,BTXN9116239208,fuzzy_date,true
STL42860147,BTXN5151485786,fuzzy_date,true
STL70552806,BTXN5591363274,fuzzy_date,true
STL58368776,BTXN5835903080,fuzzy_date,true
STL54258452,BTXN6611874047,fuzzy_date,true
STL99799364,BTXN4763928633,fuzzy_date,true
STL70192727,BTXN4270006607,fuzzy_date,true
STL28871540,BTXN7788472575,fuzzy_date,true
STL45251517,BTXN5110319621,fuzzy_date,true
STL18019970,BTXN4169092030,fuzzy_date,true
STL12485811,BTXN3170159545,fuzzy_date,true
STL50005833,BTXN2828846847,fuzzy_date,true
STL15116634,BTXN1132301288,fuzzy_date,true
STL46803500,BTXN6326829420,fuzzy_date,true
STL26068122,BTXN6772576082,fuzzy_date,true
STL73616007,BTXN5160703558,fuzzy_date,true
STL41533557,BTXN6923942980,fuzzy_date,true
STL59475037,BTXN3725066086,fuzzy_date,true
STL66444667,BTXN1058377860,fuzzy_date,true
STL12421892,BTXN7975317751,fuzzy_date,true
STL91572233,BTXN3116994991,fuzzy_date,true
STL25641562,BTXN2596069089,fuzzy_date,true
STL39586808,BTXN8606720106,fuzzy_date,true
STL50323229,BTXN3127965346,fuzzy_date,true
STL57818717,BTXN4144859060,fuzzy_date,true
STL23387199,BTXN6174798468,fuzzy_date,true
STL63737727,BTXN7432202279,fuzzy_date,true
STL19731485,BTXN9487623694,fuzzy_date,true
STL89177059,BTXN1060172625,fuzzy_date,true
STL78977411,BTXN4396320937,fuzzy_date,true
STL73282654,BTXN1354541492,fuzzy_date,true
STL79707569,BTXN2523747883,fuzzy_date,true
STL35349271,BTXN9686237263,fuzzy_date,true
STL52871839,BTXN9836009997,fuzzy_date,true
STL76339333,BTXN4773734025,fuzzy_date,true
STL98203816,BTXN4973881255,fuzzy_date,true
STL29610265,BTXN6846065645,fuzzy_date,true
STL18220248,BTXN4609261113,fuzzy_date,true
STL89029155,BTXN2098431207,fuzzy_date,true
STL31146021,BTXN4021124648,fuzzy_date,true
STL20253630,BTXN1565710336,fuzzy_date,true
STL95511771,BTXN1259192004,fuzzy_date,true
STL26450049,BTXN7097848592,fuzzy_date,true
STL42982298,BTXN1802127398,fuzzy_date,true
STL51242696,BTXN6504219322,fuzzy_date,true
STL45411876,BTXN3762310899,fuzzy_date,true
STL92511786,BTXN9461606767,fuzzy_date,true
STL54474221,BTXN9386459366,fuzzy_date,true
STL72661490,BTXN4969954382,fuzzy_date,true
STL71816584,BTXN5656072826,fuzzy_date,true
STL32476935,BTXN7969460762,fuzzy_date,true
STL74949805,BTXN1851471430,fuzzy_date,true
STL86037645,BTXN3296695786,fuzzy_date,true
STL33130596,BTXN6944056712,fuzzy_date,true
STL14395807,BTXN4236294708,fuzzy_date,true
STL60046723,BTXN1975537799,fuzzy_date,true
STL12102223,BTXN1065317986,fuzzy_date,true
STL34818695,BTXN5654239386,fuzzy_date,true
STL55072595,BTXN3650709794,fuzzy_date,true
STL67367571,BTXN9817885611,fuzzy_date,true
STL34673455,BTXN6804806710,fuzzy_date,true
STL70107253,BTXN8262764696,fuzzy_date,true
STL70025831,BTXN8329562846,fuzzy_date,true
STL69444048,BTXN9004017228,fuzzy_date,true
STL27198225,BTXN1195335609,fuzzy_date,true
STL47843293,BTXN1611556292,fuzzy_date,true
STL84075787,BTXN2307967576,fuzzy_date,true
STL93410225,BTXN7320771839,fuzzy_date,true
STL75463086,BTXN1491667127,fuzzy_date,true
STL42195700,BTXN3503525674,fuzzy_date,true
STL11404325,BTXN6075654476,fuzzy_date,true
STL55488835,BTXN9504660843,fuzzy_date,true
STL19286409,BTXN8784388673,fuzzy_date,true
STL96722819,BTXN8274439979,fuzzy_date,true
STL94843358,BTXN6612701536,fuzzy_date,true
STL32815018,BTXN6481159074,fuzzy_date,true
STL62308735,BTXN5518993732,fuzzy_date,true
STL26042897,BTXN5621476133,fuzzy_date,true
STL49707978,BTXN8832428052,fuzzy_date,true
STL26834553,BTXN5242020473,fuzzy_date,true
STL65753298,BTXN7423156991,fuzzy_date,true
STL94271251,BTXN8013396905,fuzzy_date,true
STL69319593,BTXN3757092338,fuzzy_date,true
STL13597126,BTXN5256367304,fuzzy_date,true
STL30314182,BTXN3021882571,fuzzy_date,true
STL61257392,BTXN5841193066,fuzzy_date,true
STL24039920,BTXN7434150963,fuzzy_date,true
STL30897506,BTXN8511276047,fuzzy_date,true
STL13177067,BTXN1793866496,fuzzy_date,true
STL15632177,BTXN2965417458,fuzzy_date,true
STL78927238,BTXN7276357387,fuzzy_date,true
STL60188348,BTXN1144093943,fuzzy_date,true
STL93500889,BTXN1770405084,fuzzy_date,true
STL94337897,BTXN9508049153,fuzzy_date,true
STL63273710,BTXN9190364221,fuzzy_date,true
STL14454330,BTXN6906857160,fuzzy_date,true
STL42877047,BTXN5061247194,fuzzy_date,true
STL26724727,BTXN7881810863,fuzzy_date,true
STL80197320,BTXN7143562068,fuzzy_date,true
STL33909156,BTXN1770926081,fuzzy_date,true
STL71392941,BTXN1723153656,fuzzy_date,true
STL63715764,BTXN2258671403,fuzzy_date,true
STL99614433,BTXN1246332700,fuzzy_date,true
STL87918067,BTXN6250689009,fuzzy_date,true
STL46206485,BTXN5423699106,fuzzy_date,true
STL83670555,BTXN6370197046,fuzzy_date,true
STL24070060,BTXN8488593092,fuzzy_date,true
STL17474815,BTXN1568115373,fuzzy_date,true
STL73562958,BTXN8169986295,fuzzy_date,true
STL45371425,BTXN2261664000,fuzzy_date,true
STL92939173,BTXN8130654318,fuzzy_date,true
STL32599162,BTXN8529117258,fuzzy_date,true
STL21412218,BTXN7032709970,fuzzy_date,true
STL75124912,BTXN3599323158,fuzzy_date,true
STL34119687,BTXN4055540724,fuzzy_date,true
STL90108427,BTXN1626350797,fuzzy_date,true
STL84082682,BTXN7197981591,fuzzy_date,true
STL31715954,BTXN4764928170,fuzzy_date,true
STL98971926,BTXN2213904136,fuzzy_date,true
STL78618095,BTXN6231876065,fuzzy_date,true
STL65653116,BTXN7538865954,fuzzy_date,true
STL65979497,BTXN2442686017,fuzzy_date,true
STL58935206,BTXN9648004782,fuzzy_date,true
STL85204135,BTXN1153131383,fuzzy_date,true
STL24960060,BTXN7323357957,fuzzy_date,true
STL64712498,BTXN7966873524,fuzzy_date,true
STL91972671,BTXN1920266305,fuzzy_date,true
STL92820409,BTXN8855538725,fuzzy_date,true
STL45268854,BTXN9673312714,fuzzy_date,true
STL46062717,BTXN8635204733,fuzzy_date,true
STL62305779,BTXN3098203019,fuzzy_date,true
STL34879792,BTXN4846791392,fuzzy_date,true
STL93013579,BTXN4752749869,fuzzy_date,true
STL55399360,BTXN4355926653,fuzzy_date,true
STL24259267,BTXN1965242536,fuzzy_date,true
STL72315851,BTXN7764410417,fuzzy_date,true
STL38480568,BTXN5311368868,fuzzy_date,true
STL63635419,BTXN6228316278,fuzzy_date,true
STL71488707,BTXN9032081845,fuzzy_date,true
STL65359240,BTXN7808817893,fuzzy_date,true
STL46874819,BTXN9518816186,fuzzy_date,true
STL70439900,BTXN3863150529,fuzzy_date,true
STL49830164,BTXN3607465218,fuzzy_date,true
STL72802894,BTXN9163368265,fuzzy_date,true
STL27607983,BTXN3059751942,fuzzy_date,true
STL44544104,BTXN2905921322,fuzzy_date,true
STL82537851,BTXN7698081100,fuzzy_date,true
STL23572305,BTXN5399746066,fuzzy_date,true
STL52658039,BTXN8087505377,fuzzy_date,true
STL18782995,BTXN8287585044,fuzzy_date,true
STL40901399,BTXN6790632791,fuzzy_date,true
STL95756179,BTXN6009540979,fuzzy_date,true
STL14376263,BTXN3316721961,fuzzy_date,true
STL78749270,BTXN9294396764,fuzzy_date,true
STL85724175,BTXN5661231628,fuzzy_date,true
STL50592467,BTXN2384023363,fuzzy_date,true
STL24895355,BTXN4378817220,fuzzy_date,true
STL67858050,BTXN5726469899,fuzzy_date,true
STL12662692,BTXN6312556210,fuzzy_date,true
STL10545084,BTXN8964696649,fuzzy_date,true
STL80953929,BTXN7849669014,fuzzy_date,true
STL89736214,BTXN7125414007,fuzzy_date,true
STL32777189,BTXN3632200990,fuzzy_date,true
STL84082005,BTXN8012854012,fuzzy_date,true
STL25706272,BTXN6856712561,fuzzy_date,true
STL62491448,BTXN4598871833,fuzzy_date,true
STL40426413,BTXN3001701072,fuzzy_date,true
STL66125192,BTXN3715517330,fuzzy_date,true
STL92746886,BTXN6809519272,fuzzy_date,true
STL96748375,BTXN2383529893,fuzzy_date,true
STL75255584,BTXN3197917027,fuzzy_date,true
STL91399503,BTXN8624519536,fuzzy_date,true
STL29026598,BTXN9539471582,fuzzy_date,true
STL33707597,BTXN7453574805,fuzzy_date,true
STL38478539,BTXN8547905075,fuzzy_date,true
STL91458948,BTXN2773845611,fuzzy_date,true
STL53657128,BTXN2188479771,fuzzy_date,true
STL45340693,BTXN5600888364,fuzzy_date,true
STL72090698,BTXN8914054579,fuzzy_date,true
STL45124986,BTXN5436676024,fuzzy_date,true
STL12648580,BTXN6158513289,fuzzy_date,true
STL70770718,BTXN7393066425,fuzzy_date,true
STL97991892,BTXN4909089385,fuzzy_date,true
STL64779503,BTXN5735394886,fuzzy_date,true
STL16693689,BTXN3204924481,fuzzy_date,true
STL21816633,BTXN1121891009,fuzzy_date,true
STL69217565,BTXN8927834426,fuzzy_date,true
STL42297865,BTXN3654432914,fuzzy_date,true
STL60565655,BTXN6511295124,fuzzy_date,true
STL65616876,BTXN2471669121,fuzzy_date,true
STL85048321,BTXN5887147262,fuzzy_date,true
STL98828706,BTXN3498190646,fuzzy_date,true
STL25939547,BTXN9440430148,fuzzy_date,true
STL48212512,BTXN3797777978,fuzzy_date,true
STL93960365,BTXN1685487662,fuzzy_date,true
STL86366816,BTXN1943783221,fuzzy_date,true
STL98773885,BTXN9707071964,fuzzy_date,true
STL63568546,BTXN8215220203,fuzzy_date,true
STL91624353,BTXN9086359277,fuzzy_date,true
STL91298909,BTXN6107810724,fuzzy_date,true
STL89434545,BTXN8307488740,fuzzy_date,true
STL77404022,BTXN8311709805,fuzzy_date,true
STL45077368,BTXN2377725821,fuzzy_date,true
STL74324848,BTXN9138884850,fuzzy_date,true
STL61398100,BTXN3065148658,fuzzy_date,true
STL52944385,BTXN4522031180,fuzzy_date,true
STL62507347,BTXN1735597938,fuzzy_date,true
STL51621195,BTXN8942331330,fuzzy_date,true
STL83734832,BTXN3002475066,fuzzy_date,true
STL71238643,BTXN3629789564,fuzzy_date,true
STL13496882,BTXN1896803855,fuzzy_date,true
STL95886468,BTXN3090725801,fuzzy_date,true
STL89918506,BTXN8870998854,fuzzy_date,true
STL96381641,BTXN5534531576,fuzzy_date,true
STL56835358,BTXN5739390017,fuzzy_date,true
STL32042901,BTXN7395643479,fuzzy_date,true
STL58911837,BTXN8374608961,fuzzy_date,true
STL63386615,BTXN1685558299,fuzzy_date,true
STL20077771,BTXN8519224538,fuzzy_date,true
STL36302665,BTXN8538899308,fuzzy_date,true
STL82933587,BTXN7432615317,fuzzy_date,true
STL25785548,BTXN7703312637,fuzzy_date,true
STL90406698,BTXN7790644835,fuzzy_date,true
STL88637846,BTXN3753772144,fuzzy_date,true
STL67009139,BTXN6421711300,fuzzy_date,true
STL63341963,BTXN9618831173,fuzzy_date,true
STL14249689,BTXN8370275296,fuzzy_date,true
STL94509328,BTXN3745420481,fuzzy_date,true
STL24751071,BTXN1053715473,fuzzy_date,true
STL60738755,BTXN6340709950,fuzzy_date,true
STL52293982,BTXN3879222960,fuzzy_date,true
STL40011624,BTXN6270142719,fuzzy_date,true
STL89240761,BTXN2492278119,fuzzy_date,true
STL27914094,BTXN8213611206,fuzzy_date,true
STL83579176,BTXN5680718584,fuzzy_date,true
STL26441717,BTXN5636675251,fuzzy_date,true
STL17220733,BTXN5307522787,fuzzy_date,true
STL97085746,BTXN9427354683,fuzzy_date,true
STL79769395,BTXN6188049277,fuzzy_date,true
STL21946991,BTXN9660709494,fuzzy_date,true
STL78944067,BTXN9371875141,fuzzy_date,true
STL33363058,BTXN6688390144,fuzzy_date,true
STL91365059,BTXN9796765637,fuzzy_date,true
STL69433192,BTXN4877043657,fuzzy_date,true
STL25132415,BTXN1431970432,fuzzy_date,true
STL82221951,BTXN5163546422,fuzzy_date,true
STL28315945,BTXN6903812379,fuzzy_date,true
STL67004600,BTXN1534372271,fuzzy_date,true
STL13640697,BTXN6406601734,fuzzy_date,true
STL90651558,BTXN2817292821,fuzzy_date,true
STL42580323,BTXN8453792024,fuzzy_date,true
STL26104259,BTXN4096061105,fuzzy_date,true
STL46975007,BTXN9940136140,fuzzy_date,true
STL75722673,BTXN7456297594,fuzzy_date,true
STL78809674,BTXN4112369490,fuzzy_date,true
STL17271654,BTXN6605950149,fuzzy_date,true
STL25061300,BTXN7887943478,fuzzy_date,true
STL24953096,BTXN9033177572,fuzzy_date,true
STL32020097,BTXN5866675417,fuzzy_date,true
STL94130079,BTXN4372679798,fuzzy_date,true
STL14686359,BTXN8162155862,fuzzy_date,true
STL39961568,BTXN1957625387,fuzzy_date,true
STL31777281,BTXN1201334906,fuzzy_date,true
STL64229961,BTXN1754561584,fuzzy_date,true
STL32028979,BTXN9777008936,fuzzy_date,true
STL48182026,BTXN8027150121,fuzzy_date,true
STL42915409,BTXN2428915696,fuzzy_date,true
STL13631729,BTXN3533603956,fuzzy_date,true
STL28897834,BTXN6805940160,fuzzy_date,true
STL24463383,BTXN6844248363,fuzzy_date,true
STL50958085,BTXN8735079695,fuzzy_date,true
STL31481689,BTXN2361821802,fuzzy_date,true
STL13340342,BTXN2073751432,fuzzy_date,true
STL20259709,BTXN3559595400,fuzzy_date,true
STL75454785,BTXN7377569972,fuzzy_date,true
STL32034262,BTXN9570753823,fuzzy_date,true
STL23145445,BTXN6093994019,fuzzy_date,true
STL15847459,BTXN7204283814,fuzzy_date,true
STL16616517,BTXN2845103767,fuzzy_date,true
STL38150448,BTXN2601269241,fuzzy_date,true
STL59084263,BTXN4374031460,fuzzy_date,true
STL59601296,BTXN4775361169,fuzzy_date,true
STL23382960,BTXN2160795429,fuzzy_date,true
STL28106384,BTXN5303857385,fuzzy_date,true
STL35242891,BTXN8777140294,fuzzy_date,true
STL89965549,BTXN2910451341,fuzzy_date,true
STL49062809,BTXN5931982968,fuzzy_date,true
STL92263217,BTXN3771168196,fuzzy_date,true
STL49378163,BTXN3782891338,fuzzy_date,true
STL51041277,BTXN6388003097,fuzzy_date,true
STL25949278,BTXN4846563590,fuzzy_date,true
STL16690769,BTXN5924133087,fuzzy_date,true
STL31855262,BTXN9574438969,fuzzy_date,true
STL86576584,BTXN4498887500,fuzzy_date,true
STL22082835,BTXN7723662655,fuzzy_date,true
STL24305393,BTXN1207517782,fuzzy_date,true
STL68730620,BTXN2674403355,fuzzy_date,true
STL73263560,BTXN2580084991,fuzzy_date,true
STL73280496,BTXN8992681693,fuzzy_date,true
STL95750491,BTXN9981111852,fuzzy_date,true
STL16369710,BTXN4976637942,fuzzy_date,true
STL64633018,BTXN8959749221,fuzzy_date,true
STL89960703,BTXN5012495153,fuzzy_date,true
STL13305715,BTXN2558767250,fuzzy_date,true
STL47762314,BTXN8737462882,fuzzy_date,true
STL90787050,BTXN5691145512,fuzzy_date,true
STL61657366,BTXN2453103256,fuzzy_date,true
STL44311090,BTXN7171819313,fuzzy_date,true
STL19915403,BTXN7412432433,fuzzy_date,true
STL32296986,BTXN4247547207,fuzzy_date,true
STL29772964,BTXN6867874047,fuzzy_date,true
STL74731404,BTXN9946874597,fuzzy_date,true
STL78662670,BTXN7968010747,fuzzy_date,true
STL61012903,BTXN8927955472,fuzzy_date,true
STL47575488,BTXN4486543439,fuzzy_date,true
STL95808694,BTXN9851092385,fuzzy_date,true
STL80773291,BTXN6258777951,fuzzy_date,true
STL92265987,BTXN7369932435,fuzzy_date,true
STL50700101,BTXN6209779152,fuzzy_date,true
STL88543135,BTXN9502107279,fuzzy_date,true
STL74586732,BTXN4978890649,fuzzy_date,true
STL81127307,BTXN9614435201,fuzzy_date,true
STL24536830,BTXN6512176075,fuzzy_date,true
STL55124482,BTXN1734776533,fuzzy_date,true
STL92199711,BTXN8046451089,fuzzy_date,true
STL70719605,BTXN5533716033,fuzzy_date,true
STL39696922,BTXN1086468077,fuzzy_date,true
STL31168076,BTXN8114634187,fuzzy_date,true
STL81214067,BTXN5092936968,fuzzy_date,true
STL19508749,BTXN5124379792,fuzzy_date,true
STL75033648,BTXN9710010368,fuzzy_date,true
STL84073296,BTXN7293246999,fuzzy_date,true
STL86654142,BTXN4413015641,fuzzy_date,true
STL16349767,BTXN1362218752,fuzzy_date,true
STL18454252,BTXN3206041339,fuzzy_date,true
STL19576043,BTXN3337229494,fuzzy_date,true
STL70903621,BTXN1176156557,fuzzy_date,true
STL28853261,BTXN1501304000,fuzzy_date,true
STL22857845,BTXN1153582036,fuzzy_date,true
STL86006452,BTXN3525535697,fuzzy_date,true
STL15323895,BTXN5766912859,fuzzy_date,true
STL34088472,BTXN3399352393,fuzzy_date,true
STL28135309,BTXN9318899333,fuzzy_date,true
STL75052916,BTXN4361954408,fuzzy_date,true
STL53867649,BTXN4173213274,fuzzy_date,true
STL56344116,BTXN9464956350,fuzzy_date,true
STL38892988,BTXN2609749781,fuzzy_date,true
STL77536523,BTXN7196057511,fuzzy_date,true
STL30746239,BTXN5366403528,fuzzy_date,true
STL41555368,BTXN7545576799,fuzzy_date,true
STL51234719,BTXN1718186261,fuzzy_date,true
STL50169234,BTXN7924085299,fuzzy_date,true
STL62533835,BTXN9018546723,fuzzy_date,true
STL97341376,BTXN5473480533,fuzzy_date,true
STL53047104,BTXN8940122758,fuzzy_date,true
STL25842797,BTXN8014883867,fuzzy_date,true
STL95310421,BTXN4617746359,fuzzy_date,true
STL60683363,BTXN6671131377,fuzzy_date,true
STL50983912,BTXN1251697665,fuzzy_date,true
STL41364094,BTXN6947441035,fuzzy_date,true
STL28314049,BTXN5210013084,fuzzy_date,true
STL66000303,BTXN6878040037,fuzzy_date,true
STL25172216,BTXN1866872555,fuzzy_date,true
STL74668939,BTXN5169621067,fuzzy_date,true
STL30637712,BTXN1909948433,fuzzy_date,true
STL58075380,BTXN7637262986,fuzzy_date,true
STL37111003,BTXN8033387356,fuzzy_date,true
STL59746896,BTXN1276399046,fuzzy_date,true
STL39656729,BTXN1064985043,fuzzy_date,true
STL55083480,BTXN2241677412,fuzzy_date,true
STL69761934,BTXN3754548890,fuzzy_date,true
STL55594483,BTXN5631662473,fuzzy_date,true
STL27988956,BTXN3542275995,fuzzy_date,true
STL65435931,BTXN7430519828,fuzzy_date,true
STL43034353,BTXN7803046121,fuzzy_date,true
STL97468432,BTXN6605727343,fuzzy_date,true
STL56281415,BTXN8266802956,fuzzy_date,true
STL12862761,BTXN1040475553,fuzzy_date,true
STL80698642,BTXN6496550932,fuzzy_date,true
STL27186945,BTXN4371370540,fuzzy_date,true
STL57143574,BTXN5047265986,fuzzy_date,true
STL37668324,BTXN8826647819,fuzzy_date,true
STL58607023,BTXN8903905660,fuzzy_date,true
STL69714552,BTXN2507772040,fuzzy_date,true
STL29068207,BTXN9124417757,fuzzy_date,true
STL87731293,BTXN6622221695,fuzzy_date,true
STL53440615,BTXN6221612610,fuzzy_date,true
STL68145643,BTXN9197434797,fuzzy_date,true
STL21065704,BTXN4295291631,fuzzy_date,true
STL84941168,BTXN2259539306,fuzzy_date,true
STL98222615,BTXN1587428937,fuzzy_date,true
STL96120830,BTXN8993860620,fuzzy_date,true
STL23334442,BTXN1359895163,fuzzy_date,true
STL13823233,BTXN6025748234,fuzzy_date,true
STL64871233,BTXN2072981699,fuzzy_date,true
STL63549773,BTXN1400605699,fuzzy_date,true
STL96971093,BTXN8173279474,fuzzy_date,true
STL13980231,BTXN5312045698,fuzzy_date,true
STL72931661,BTXN9247541311,fuzzy_date,true
STL77300297,BTXN1901802786,fuzzy_date,true
STL42510936,BTXN8326314185,fuzzy_date,true
STL77866762,BTXN8789490101,fuzzy_date,true
STL71268193,BTXN6934750699,fuzzy_date,true
STL79203470,BTXN9317187275,fuzzy_date,true
STL59989693,BTXN1898441851,fuzzy_date,true
STL18604884,BTXN2168326187,fuzzy_date,true
STL52728587,BTXN8610525331,fuzzy_date,true
STL78940216,BTXN3097101621,fuzzy_date,true
STL91920005,BTXN7589707547,fuzzy_date,true
STL72459096,BTXN8460450534,fuzzy_date,true
STL68993538,BTXN1537403411,fuzzy_date,true
STL27273309,BTXN3640000669,fuzzy_date,true
STL75664009,BTXN1862926956,fuzzy_date,true
STL86417828,BTXN2056463604,fuzzy_date,true
STL34476690,BTXN6775144921,fuzzy_date,true
STL22459131,BTXN4771612502,fuzzy_date,true
STL61455426,BTXN5766175685,fuzzy_date,true
STL65486690,BTXN5058996803,fuzzy_date,true
STL37069776,BTXN6511519494,fuzzy_date,true
STL53723253,BTXN7209886874,fuzzy_date,true
STL25421665,BTXN9564283386,fuzzy_date,true
STL78464941,BTXN7318210795,fuzzy_date,true
STL18740849,BTXN2462185567,fuzzy_date,true
STL83210641,BTXN7080764576,fuzzy_date,true
STL83217535,BTXN6439529984,fuzzy_date,true
STL41991397,BTXN3749306425,fuzzy_date,true
STL91990543,BTXN7208527040,fuzzy_date,true
STL66505154,BTXN8808223052,fuzzy_date,true
STL60446599,BTXN8215976144,fuzzy_date,true
STL37242549,BTXN7809282757,fuzzy_date,true
STL17377867,BTXN4874520245,fuzzy_date,true
STL74069425,BTXN9086438232,fuzzy_date,true
STL62957949,BTXN2544635215,fuzzy_date,true
STL80592212,BTXN9538582379,fuzzy_date,true
STL49228199,BTXN5666928358,fuzzy_date,true
STL89041639,BTXN5037512220,fuzzy_date,true
STL12785169,BTXN4916280388,fuzzy_date,true
STL79823341,BTXN8974221026,fuzzy_date,true
STL61709537,BTXN2421458235,fuzzy_date,true
STL45101571,BTXN1402792352,fuzzy_date,true
STL39924542,BTXN6222687104,fuzzy_date,true
STL43381062,BTXN7741876807,fuzzy_date,true
STL17212503,BTXN2362961825,fuzzy_date,true
STL75889353,BTXN2618128754,fuzzy_date,true
STL19159721,BTXN9559889837,fuzzy_date,true
STL99273783,BTXN3692648838,fuzzy_date,true
STL14279669,BTXN4962636664,fuzzy_date,true
STL23958876,BTXN2937731978,fuzzy_date,true
STL43319557,BTXN1935139647,fuzzy_date,true
STL49239259,BTXN2889045932,fuzzy_date,true
STL91274601,BTXN9365333271,fuzzy_date,true
STL14706073,BTXN4503177707,fuzzy_date,true
STL55721618,BTXN4837044125,fuzzy_date,true
STL41667840,BTXN1344359592,fuzzy_date,true
STL20776988,BTXN8014291300,fuzzy_date,true
STL47091319,BTXN6802071836,fuzzy_date,true
STL31865257,BTXN6214859796,fuzzy_date,true
STL72157262,BTXN1528187294,fuzzy_date,true
STL60960349,BTXN3054177590,fuzzy_date,true
STL31585723,BTXN8458467240,fuzzy_date,true
STL10010461,BTXN1045648528,fuzzy_date,true
STL85703480,BTXN3563247532,fuzzy_date,true
STL32396248,BTXN3022106735,fuzzy_date,true
STL48513358,BTXN6702339438,fuzzy_date,true
STL44985312,BTXN7092626394,fuzzy_date,true
STL30145535,BTXN6039303890,fuzzy_date,true
STL31961696,BTXN7105566223,fuzzy_date,true
STL59642867,BTXN2904939317,fuzzy_date,true
STL33798898,BTXN8119718074,fuzzy_date,true
STL74597041,BTXN5130893810,fuzzy_date,true
STL25194209,BTXN7996335453,fuzzy_date,true
STL77843401,BTXN3200605745,fuzzy_date,true
STL78816864,BTXN2921619376,fuzzy_date,true
STL34231364,BTXN4190206706,fuzzy_date,true
STL82936603,BTXN9482209575,fuzzy_date,true
STL79311893,BTXN2734630793,fuzzy_date,true
STL89759588,BTXN8407526786,fuzzy_date,true
STL98941541,BTXN8005855271,fuzzy_date,true
STL69477569,BTXN7879480679,fuzzy_date,true
STL97518165,BTXN7769842205,fuzzy_date,true
STL47665512,BTXN9774202570,fuzzy_date,true
STL17426570,BTXN4045928730,fuzzy_date,true
STL35206834,BTXN6967995058,fuzzy_date,true
STL20879954,BTXN1908277410,fuzzy_date,true
STL34493048,BTXN6430593898,fuzzy_date,true
STL14633255,BTXN5343265310,fuzzy_date,true
STL13626070,BTXN7136371102,fuzzy_date,true
STL53853417,BTXN5418247558,fuzzy_date,true
STL40290275,BTXN8887037970,fuzzy_date,true
STL23466125,BTXN4074403573,fuzzy_date,true
STL29115252,BTXN1642092656,fuzzy_date,true
STL42475177,BTXN1146634519,fuzzy_date,true
STL73921720,BTXN8912923768,fuzzy_date,true
STL82145078,BTXN3971600805,fuzzy_date,true
STL97118551,BTXN1041960043,fuzzy_date,true
STL15030656,BTXN7433685094,fuzzy_date,true
STL59116717,BTXN9277829914,fuzzy_date,true
STL52791118,BTXN7168129514,fuzzy_date,true
STL47532643,BTXN4293334422,fuzzy_date,true
STL42006663,BTXN3369241866,fuzzy_date,true
STL11779774,BTXN8575790022,fuzzy_date,true
STL65190671,BTXN4880288498,fuzzy_date,true
STL70851317,BTXN4553838018,fuzzy_date,true
STL19294513,BTXN6477780330,fuzzy_date,true
STL96134684,BTXN2232216955,fuzzy_date,true
STL61448991,BTXN4712425600,fuzzy_date,true
STL80906168,BTXN7731318726,fuzzy_date,true
STL46552866,BTXN5128884816,fuzzy_date,true
STL93511037,BTXN4310429256,fuzzy_date,true
STL78497755,BTXN7259307820,fuzzy_date,true
STL40204183,BTXN4121407135,fuzzy_date,true
STL94039968,BTXN5759106123,fuzzy_date,true
STL17064574,BTXN7086182821,fuzzy_date,true
STL13904897,BTXN9523410715,fuzzy_date,true
STL71440563,BTXN7134067952,fuzzy_date,true
STL75433002,BTXN2144833885,fuzzy_date,true
STL53702158,BTXN4734842728,fuzzy_date,true
STL89522630,BTXN1535794783,fuzzy_date,true
STL19562516,BTXN2324918063,fuzzy_date,true
STL27551586,BTXN3893690545,fuzzy_date,true
STL43464305,BTXN9621872080,fuzzy_date,true
STL43539742,BTXN4415860460,fuzzy_date,true
STL79118568,BTXN7197529881,fuzzy_date,true
STL84150276,BTXN6981540935,fuzzy_date,true
STL16659969,BTXN8368142728,fuzzy_date,true
STL17131893,BTXN4920727411,fuzzy_date,true
STL82538784,BTXN3730334251,fuzzy_date,true
STL47855659,BTXN5786565002,fuzzy_date,true
STL22436179,BTXN6760088350,fuzzy_date,true
STL65703840,BTXN4622440617,fuzzy_date,true
STL52104425,BTXN8159912154,fuzzy_date,true
STL68191380,BTXN3574947586,fuzzy_date,true
STL85302350,BTXN2837728660,fuzzy_date,true
STL80664628,BTXN8078661984,fuzzy_date,true
STL39249178,BTXN8354400091,fuzzy_date,true
STL98350253,BTXN2549484123,fuzzy_date,true
STL25258230,BTXN4501386912,fuzzy_date,true
STL73729439,BTXN6100959462,fuzzy_date,true
STL32925834,BTXN4213264760,fuzzy_date,true
STL32838452,BTXN7641245029,fuzzy_date,true
STL76515425,BTXN2307442635,fuzzy_date,true
STL36213529,BTXN7915241580,fuzzy_date,true
STL55841918,BTXN7181695654,fuzzy_date,true
STL45237821,BTXN5936344734,fuzzy_date,true
STL54794195,BTXN2345304674,fuzzy_date,true
STL41795341,BTXN2078474790,fuzzy_date,true
STL91448493,BTXN4908945523,fuzzy_date,true
STL34054008,BTXN1086201988,fuzzy_date,true
STL24653369,BTXN9354145009,fuzzy_date,true
STL73776280,BTXN2160194401,fuzzy_date,true
STL12093972,BTXN3657068871,fuzzy_date,true
STL56280604,BTXN5731605478,fuzzy_date,true
STL81432879,BTXN4327751608,fuzzy_date,true
STL33466548,BTXN7849472712,fuzzy_date,true
STL82595570,BTXN4802656429,fuzzy_date,true
STL46973438,BTXN6371892196,fuzzy_date,true
STL45126937,BTXN4108370669,fuzzy_date,true
STL38320339,BTXN1226599784,fuzzy_date,true
STL71334602,BTXN1787455612,fuzzy_date,true
STL45127441,BTXN4569756005,fuzzy_date,true
STL72320907,BTXN6299233415,fuzzy_date,true
STL44920241,BTXN3532764887,fuzzy_date,true
STL50967020,BTXN8917638972,fuzzy_date,true
STL29470520,BTXN2807363390,fuzzy_date,true
STL30982952,BTXN7300940869,fuzzy_date,true
STL25361778,BTXN6956053512,fuzzy_date,true
STL59283011,BTXN7098378530,fuzzy_date,true
STL48726450,BTXN6039431777,fuzzy_date,true
STL35412689,BTXN7531135825,fuzzy_date,true
STL86923540,BTXN6586086197,fuzzy_date,true
STL75248549,BTXN2383328067,fuzzy_date,true
STL59152909,BTXN2351560130,fuzzy_date,true
STL66830777,BTXN2950190806,fuzzy_date,true
STL94209263,BTXN1306602396,fuzzy_date,true
STL19891479,BTXN6589067817,fuzzy_date,true
STL48726989,BTXN3700274469,fuzzy_date,true
STL30225407,BTXN2229872876,fuzzy_date,true
STL33203466,BTXN5142378178,fuzzy_date,true
STL66368332,BTXN8672012517,fuzzy_date,true
STL65729695,BTXN4828805948,fuzzy_date,true
STL38633736,BTXN4518663863,fuzzy_date,true
STL88131905,BTXN2560740847,fuzzy_date,true
STL35639586,BTXN2113957672,fuzzy_date,true
STL27128090,BTXN5783697186,fuzzy_date,true
STL96704928,BTXN5451084058,fuzzy_date,true
STL76268947,BTXN4478066037,fuzzy_date,true
STL37924559,BTXN6062097187,fuzzy_date,true
STL35524719,BTXN6745348699,fuzzy_date,true
STL35803940,BTXN8375598787,fuzzy_date,true
STL21121877,BTXN7732671016,fuzzy_date,true
STL49363741,BTXN6758410617,fuzzy_date,true
STL95743764,BTXN4342320890,fuzzy_date,true
STL67646926,BTXN2220554463,fuzzy_date,true
STL90491339,BTXN8405635514,fuzzy_date,true
STL86437444,BTXN3431855069,fuzzy_date,true
STL85424941,BTXN7271180970,fuzzy_date,true
STL14847527,BTXN5904938179,fuzzy_date,true
STL39225148,BTXN9252069439,fuzzy_date,true
STL27524181,BTXN7891429539,fuzzy_date,true
STL19341217,BTXN5676763614,fuzzy_date,true
STL21305098,BTXN7939605662,fuzzy_date,true
STL48947295,BTXN4217152506,fuzzy_date,true
STL98988209,BTXN5913008123,fuzzy_date,true
STL91849287,BTXN7534376878,fuzzy_date,true
STL86151367,BTXN2432039378,fuzzy_date,true
STL66943473,BTXN3199789570,fuzzy_date,true
STL26660435,BTXN5740906404,fuzzy_date,true
STL99286120,BTXN9930067055,fuzzy_date,true
STL39417095,BTXN8660495862,fuzzy_date,true
STL70697931,BTXN5877610057,fuzzy_date,true
STL55710795,BTXN2708695827,fuzzy_date,true
STL48007152,BTXN2187329565,fuzzy_date,true
STL68050419,BTXN1759899905,fuzzy_date,true
STL30456532,BTXN6944978106,fuzzy_date,true
STL91601759,BTXN4031961324,fuzzy_date,true
STL93583876,BTXN1332469393,fuzzy_date,true
STL17365282,BTXN8926719921,fuzzy_date,true
STL81321141,BTXN2671929013,fuzzy_date,true
STL34168722,BTXN8596269637,fuzzy_date,true
STL53396713,BTXN1989633733,fuzzy_date,true
STL61378431,BTXN8764724996,fuzzy_date,true
STL41660789,BTXN5726172302,fuzzy_date,true
STL31190735,BTXN5900624864,fuzzy_date,true
STL12364615,BTXN9348248606,fuzzy_date,true
STL36304716,BTXN8342194636,fuzzy_date,true
STL36273207,BTXN2411757305,fuzzy_date,true
STL28683876,BTXN9080347812,fuzzy_date,true
STL89938289,BTXN8940753114,fuzzy_date,true
STL33660460,BTXN7903834064,fuzzy_date,true
STL29282611,BTXN3751618532,fuzzy_date,true
STL77516420,BTXN1877771609,fuzzy_date,true
STL95146978,BTXN5789004228,fuzzy_date,true
STL65487225,BTXN9307926537,fuzzy_date,true
STL64522557,BTXN2223641067,fuzzy_date,true
STL74258784,BTXN8125843701,fuzzy_date,true
STL89974753,BTXN7501816569,fuzzy_date,true
STL37665449,BTXN1947462882,fuzzy_date,true
STL90936925,BTXN7728807064,fuzzy_date,true
STL26056315,BTXN7269193077,fuzzy_date,true
STL66201142,BTXN7449874380,fuzzy_date,true
STL11445979,BTXN6928612675,fuzzy_date,true
STL31209637,BTXN8437672213,fuzzy_date,true
STL66849273,BTXN3441492039,fuzzy_date,true
STL74778652,BTXN4154342191,fuzzy_date,true
STL97238171,BTXN3950926492,fuzzy_date,true
STL37468029,BTXN6336595947,fuzzy_date,true
STL24168547,BTXN4001065194,fuzzy_date,true
STL42701647,BTXN8135677691,fuzzy_date,true
STL81598167,BTXN4528853285,fuzzy_date,true
STL27480057,BTXN7047751331,fuzzy_date,true
STL71674283,BTXN2162875162,fuzzy_date,true
STL84771312,BTXN8026411428,fuzzy_date,true
STL37982544,BTXN9610153064,fuzzy_date,true
STL21297007,BTXN3360994866,fuzzy_date,true
STL36175038,BTXN9680748528,fuzzy_date,true
STL47966456,BTXN4750893974,fuzzy_date,true
STL29070121,BTXN4977188145,fuzzy_date,true
STL34007783,BTXN9839974996,fuzzy_date,true
STL27812687,BTXN1445673941,fuzzy_date,true
STL99218683,BTXN2263796669,fuzzy_date,true
STL65619277,BTXN2149984890,fuzzy_date,true
STL21230005,BTXN8741569352,fuzzy_date,true
STL47966374,BTXN7157811853,fuzzy_date,true
STL17898324,BTXN4811205292,fuzzy_date,true
STL23212915,BTXN7661123201,fuzzy_date,true
STL48283838,BTXN2649188569,fuzzy_date,true
STL95073501,BTXN9468245885,fuzzy_date,true
STL16455581,BTXN3310051469,fuzzy_date,true
STL20949537,BTXN7009128102,fuzzy_date,true
STL63290222,BTXN6068374415,fuzzy_date,true
STL83186496,BTXN3644344965,fuzzy_date,true
STL56719222,BTXN5186895913,fuzzy_date,true
STL41218269,BTXN5257921054,fuzzy_date,true
STL38933457,BTXN9927636979,fuzzy_date,true
STL41415521,BTXN5384772366,fuzzy_date,true
STL29687591,BTXN8715509817,fuzzy_date,true
STL22272490,BTXN7832196112,fuzzy_date,true
STL44671112,BTXN2563499140,fuzzy_date,true
STL69497897,BTXN8628111461,fuzzy_date,true
STL62042756,BTXN8446261403,fuzzy_date,true
STL90438613,BTXN7537829164,fuzzy_date,true
STL40376732,BTXN8648224996,fuzzy_date,true
STL76902714,BTXN8542116844,fuzzy_date,true
STL97258420,BTXN9439876419,fuzzy_date,true
STL11021256,BTXN9454878007,fuzzy_date,true
STL19163334,BTXN1122739479,fuzzy_date,true
STL42585870,BTXN8807176995,fuzzy_date,true
STL56415810,BTXN8748897411,fuzzy_date,true
STL21858588,BTXN4453278132,fuzzy_date,true
STL23534202,BTXN8218076107,fuzzy_date,true
STL71523489,BTXN5056984005,fuzzy_date,true
STL12409073,BTXN9665924481,fuzzy_date,true
STL94711056,BTXN2757851826,fuzzy_date,true
STL56900948,BTXN9711384231,fuzzy_date,true
STL79218993,BTXN2794400052,fuzzy_date,true
STL43939539,BTXN6171803971,fuzzy_date,true
STL39111161,BTXN4727508608,fuzzy_date,true
STL85846504,BTXN5353767467,fuzzy_date,true
STL84376063,BTXN4576895687,fuzzy_date,true
STL29871717,BTXN8877363639,fuzzy_date,true
STL91951313,BTXN1241834002,fuzzy_date,true
STL79301505,BTXN4285832917,fuzzy_date,true
STL65433904,BTXN4008507749,fuzzy_date,true
STL34859299,BTXN7862182715,fuzzy_date,true
STL93588541,BTXN5721325166,fuzzy_date,true
STL95433781,BTXN2137229901,fuzzy_date,true
STL73392845,BTXN5447210683,fuzzy_date,true
STL67707810,BTXN5995205693,fuzzy_date,true
STL79336194,BTXN8368563870,fuzzy_date,true
STL80539240,BTXN2981272872,fuzzy_date,true
STL42314255,BTXN2329963930,fuzzy_date,true
STL62400142,BTXN6054742010,fuzzy_date,true
STL38945728,BTXN5993149652,fuzzy_date,true
STL51044970,BTXN6569353775,fuzzy_date,true
STL15636488,BTXN7845603959,fuzzy_date,true
STL99294689,BTXN1808270771,fuzzy_date,true
STL69849811,BTXN2801187985,fuzzy_date,true
STL15319529,BTXN8902576545,fuzzy_date,true
STL19255695,BTXN1144613537,fuzzy_date,true
STL13127956,BTXN6397968519,fuzzy_date,true
STL15538231,BTXN5966620201,fuzzy_date,true
STL31980092,BTXN5782932996,fuzzy_date,true
STL53006386,BTXN6127693737,fuzzy_date,true
STL13875107,BTXN8151296294,fuzzy_date,true
STL79714496,BTXN4333226400,fuzzy_date,true
STL92051962,BTXN9263551005,fuzzy_date,true
STL34996298,BTXN2190934927,fuzzy_date,true
STL69231305,BTXN6836869063,fuzzy_date,true
STL83704929,BTXN6891476496,fuzzy_date,true
STL28461075,BTXN6334676619,fuzzy_date,true
STL63487395,BTXN2485508711,fuzzy_date,true
STL21607575,BTXN7660496928,fuzzy_date,true
STL48204878,BTXN7378975905,fuzzy_date,true
STL98440875,BTXN4096929463,fuzzy_date,true
STL76747243,BTXN8172066772,fuzzy_date,true
STL73171627,BTXN6566400913,fuzzy_date,true
STL64621853,BTXN2419312064,fuzzy_date,true
STL19629598,BTXN3238824855,fuzzy_date,true
STL52268686,BTXN4383745999,fuzzy_date,true
STL76323037,BTXN7076445312,fuzzy_date,true
STL32140463,BTXN6085142328,fuzzy_date,true
STL54942577,BTXN5007610334,fuzzy_date,true
STL10762994,BTXN1772680131,fuzzy_date,true
STL29210003,BTXN9943254500,fuzzy_date,true
STL52284567,BTXN6724617326,fuzzy_date,true
STL85215789,BTXN1775120403,fuzzy_date,true
STL65820179,BTXN9557416908,fuzzy_date,true
STL62350620,BTXN3135674801,fuzzy_date,true
STL17158121,BTXN3684909206,fuzzy_date,true
STL85694013,BTXN9714938728,fuzzy_date,true
STL72729472,BTXN3252530059,fuzzy_date,true
STL64422974,BTXN3146194331,fuzzy_date,true
STL21020180,BTXN4989509333,fuzzy_date,true
STL20734963,BTXN1615206079,fuzzy_date,true
STL28586774,BTXN7475992550,fuzzy_date,true
STL49011107,BTXN4608705574,fuzzy_date,true
STL11053710,BTXN9186391623,fuzzy_date,true
STL37600808,BTXN1755507859,fuzzy_date,true
STL42189958,BTXN5985445431,fuzzy_date,true
STL18303370,BTXN5248645820,fuzzy_date,true
STL42575469,BTXN9114948856,fuzzy_date,true
STL20355956,BTXN7962017083,fuzzy_date,true
STL30032813,BTXN9505939531,fuzzy_date,true
STL74046810,BTXN3334126899,fuzzy_date,true
STL12783329,BTXN8142446993,fuzzy_date,true
STL44045374,BTXN8808755195,fuzzy_date,true
STL40944945,BTXN4606264829,fuzzy_date,true
STL25719084,BTXN3893844880,fuzzy_date,true
STL90716776,BTXN9356839762,fuzzy_date,true
STL11685851,BTXN1062547026,fuzzy_date,true
STL60736087,BTXN8743302721,fuzzy_date,true
STL62193136,BTXN2312952801,fuzzy_date,true
STL79295869,BTXN3350857467,fuzzy_date,true
STL15617872,BTXN9601279346,fuzzy_date,true
STL98864225,BTXN6324395451,fuzzy_date,true
STL19817171,BTXN4821260230,fuzzy_date,true
STL15926095,BTXN5125456352,fuzzy_date,true
STL58176692,BTXN2012707425,fuzzy_date,true
STL61469967,BTXN9801666931,fuzzy_date,true
STL12081516,BTXN4712949246,fuzzy_date,true
STL57304458,BTXN3092032138,fuzzy_date,true
STL64075085,BTXN7453869976,fuzzy_date,true
STL67004585,BTXN1085457881,fuzzy_date,true
STL62871125,BTXN5088968429,fuzzy_date,true
STL98722836,BTXN8789539025,fuzzy_date,true
STL72654052,BTXN8351495111,fuzzy_date,true
STL12328195,BTXN3996113836,fuzzy_date,true
STL23102455,BTXN3038831989,fuzzy_date,true
STL39957848,BTXN7360334651,fuzzy_date,true
STL46046979,BTXN2415202648,fuzzy_date,true
STL59536806,BTXN9586560432,fuzzy_date,true
STL12549880,BTXN9105405775,fuzzy_date,true
STL96452444,BTXN8437728659,fuzzy_date,true
STL78209692,BTXN5661078649,fuzzy_date,true
STL21568926,BTXN9414289000,fuzzy_date,true
STL76877501,BTXN8612072838,fuzzy_date,true
STL78312321,BTXN6122093879,fuzzy_date,true
STL62098293,BTXN8036032192,fuzzy_date,true
STL77988449,BTXN8199751617,fuzzy_date,true
STL31587520,BTXN9379906181,fuzzy_date,true
STL73073750,BTXN9424064824,fuzzy_date,true
STL16338207,BTXN7108454556,fuzzy_date,true
STL34674994,BTXN2000532713,fuzzy_date,true
STL96877059,BTXN8078207721,fuzzy_date,true
STL12957532,BTXN2291399145,fuzzy_date,true
STL61569499,BTXN4611150515,fuzzy_date,true
STL74533810,BTXN7145120520,fuzzy_date,true
STL53187985,BTXN2621013168,fuzzy_date,true
STL79257499,BTXN8241501235,fuzzy_date,true
STL43599966,BTXN9166355145,fuzzy_date,true
STL33158368,BTXN5418018815,fuzzy_date,true
STL11455418,BTXN8873087279,fuzzy_date,true
STL64454230,BTXN5097308027,fuzzy_date,true
STL84829595,BTXN6095651102,fuzzy_date,true
STL76666036,BTXN4478889315,fuzzy_date,true
STL70655392,BTXN3858170432,fuzzy_date,true
STL75959809,BTXN4744021439,fuzzy_date,true
STL24157892,BTXN3634288099,fuzzy_date,true
STL13794380,BTXN4228379629,fuzzy_date,true
STL47082549,BTXN3528740453,fuzzy_date,true
STL24622057,BTXN4778902256,fuzzy_date,true
STL48733661,BTXN6536193982,fuzzy_date,true
STL85279427,BTXN5718698997,fuzzy_date,true
STL75415974,BTXN4796585489,fuzzy_date,true
STL91734809,BTXN4237888620,fuzzy_date,true
STL56646402,BTXN2812739346,fuzzy_date,true
STL28202094,BTXN6914154822,fuzzy_date,true
STL70802362,BTXN3895052369,fuzzy_date,true
STL49788339,BTXN8444621162,fuzzy_date,true
STL68208254,BTXN3071888568,fuzzy_date,true
STL80394257,BTXN1571692538,fuzzy_date,true
STL72763722,BTXN8612091634,fuzzy_date,true
STL76942163,BTXN6745941283,fuzzy_date,true
STL64041291,BTXN9602908060,fuzzy_date,true
STL18953626,BTXN2067491658,fuzzy_date,true
STL94370897,BTXN4810769828,fuzzy_date,true
STL54784210,BTXN7442128592,fuzzy_date,true
STL14279213,BTXN4116490252,fuzzy_date,true
STL47854255,BTXN6611641475,fuzzy_date,true
STL10409707,BTXN8484251203,fuzzy_date,true
STL91825540,BTXN7810716109,fuzzy_date,true
STL24008221,BTXN2954871639,fuzzy_date,true
STL17624430,BTXN4063795585,fuzzy_date,true
STL18303450,BTXN9860620676,fuzzy_date,true
STL45938603,BTXN8670963741,fuzzy_date,true
STL79218238,BTXN1095998530,fuzzy_date,true
STL52034305,BTXN1150095888,fuzzy_date,true
STL41933358,BTXN2268578598,fuzzy_date,true
STL58884010,BTXN6583596880,fuzzy_date,true
STL58879023,BTXN3521173167,fuzzy_date,true
STL13154978,BTXN3964619803,fuzzy_date,true
STL54664159,BTXN1081931524,fuzzy_date,true
STL18630365,BTXN5671342799,fuzzy_date,true
STL97413861,BTXN7356053406,fuzzy_date,true
STL46780582,BTXN9317219061,fuzzy_date,true
STL13289151,BTXN3451311972,fuzzy_date,true
STL15271631,BTXN8349213709,fuzzy_date,true
STL71171357,BTXN1368491725,fuzzy_date,true
STL67614634,BTXN8634537580,fuzzy_date,true
STL87290551,BTXN4439578261,fuzzy_date,true
STL38356343,BTXN5046355935,fuzzy_date,true
STL52658553,BTXN1945017172,fuzzy_date,true
STL91541438,BTXN1464464514,fuzzy_date,true
STL42076387,BTXN6024947317,fuzzy_date,true
STL63684540,BTXN2875666914,fuzzy_amount,true
STL41829058,BTXN1527722674,fuzzy_amount,true
STL57274797,BTXN2854440229,fuzzy_amount,true
STL22087318,BTXN3311808184,fuzzy_amount,true
STL22986419,BTXN2718748096,fuzzy_amount,true
STL96244314,BTXN1990800422,fuzzy_amount,true
STL68088962,BTXN6153752785,fuzzy_amount,true
STL23962369,BTXN6556006311,fuzzy_amount,true
STL73997080,BTXN5326862109,fuzzy_amount,true
STL38833978,BTXN6467874677,fuzzy_amount,true
STL61903356,BTXN8264499550,fuzzy_amount,true
STL50118515,BTXN8884825488,fuzzy_amount,true
STL52849615,BTXN4947354370,fuzzy_amount,true
STL28292656,BTXN4368040554,fuzzy_amount,true
STL33881026,BTXN4063222677,fuzzy_amount,true
STL69531427,BTXN5247206603,fuzzy_amount,true
STL88445646,BTXN5151523694,fuzzy_amount,true
STL10779279,BTXN4673629009,fuzzy_amount,true
STL89721183,BTXN4855291509,fuzzy_amount,true
STL10525039,BTXN1619315723,fuzzy_amount,true
STL16662550,BTXN4134278256,fuzzy_amount,true
STL32733181,BTXN4427233450,fuzzy_amount,true
STL54688897,BTXN1909142277,fuzzy_amount,true
STL97080257,BTXN7304085815,fuzzy_amount,true
STL75863181,BTXN2491037125,fuzzy_amount,true
STL77947873,BTXN3473489351,fuzzy_amount,true
STL28829391,BTXN7486369423,fuzzy_amount,true
STL48890188,BTXN7776803903,fuzzy_amount,true
STL41502246,BTXN7037674143,fuzzy_amount,true
STL24183423,BTXN5921993838,fuzzy_amount,true
STL82608930,BTXN3105557982,fuzzy_amount,true
STL86099387,BTXN9148983645,fuzzy_amount,true
STL68964116,BTXN8108272461,fuzzy_amount,true
STL96464447,BTXN4955979599,fuzzy_amount,true
STL93761486,BTXN1638002562,fuzzy_amount,true
STL60043482,BTXN7158510019,fuzzy_amount,true
STL82742034,BTXN3002651201,fuzzy_amount,true
STL25089603,BTXN8344243787,fuzzy_amount,true
STL66780441,BTXN5810294742,fuzzy_amount,true
STL10082276,BTXN4006240351,fuzzy_amount,true
STL46735784,BTXN8893056858,fuzzy_amount,true
STL20776680,BTXN7782933787,fuzzy_amount,true
STL56486964,BTXN6319049305,fuzzy_amount,true
STL13841213,BTXN2171645618,fuzzy_amount,true
STL88726417,BTXN6694576287,fuzzy_amount,true
STL21510470,BTXN7002506324,fuzzy_amount,true
STL16467218,BTXN7214626220,fuzzy_amount,true
STL47324494,BTXN9678322585,fuzzy_amount,true
STL69272211,BTXN7974370156,fuzzy_amount,true
STL13419583,BTXN7615573103,fuzzy_amount,true
STL57965463,BTXN1808358153,fuzzy_amount,true
STL44371181,BTXN5142796039,fuzzy_amount,true
STL10969787,BTXN2023472588,fuzzy_amount,true
STL13070678,BTXN5813233039,fuzzy_amount,true
STL55018869,BTXN3337628908,fuzzy_amount,true
STL32201578,BTXN8463473291,fuzzy_amount,true
STL70377107,BTXN8987178288,fuzzy_amount,true
STL18200490,BTXN9499081961,fuzzy_amount,true
STL55447330,BTXN6397154704,fuzzy_amount,true
STL21773957,BTXN7850841338,fuzzy_amount,true
STL98483604,BTXN8317198302,fuzzy_amount,true
STL96553522,BTXN6586462138,fuzzy_amount,true
STL66506182,BTXN2500507611,fuzzy_amount,true
STL57865345,BTXN4013219834,fuzzy_amount,true
STL23930095,BTXN8586422846,fuzzy_amount,true
STL23752970,BTXN5286236080,fuzzy_amount,true
STL68459970,BTXN6255915982,fuzzy_amount,true
STL23815199,BTXN3443063752,fuzzy_amount,true
STL32994633,BTXN3775141456,fuzzy_amount,true
STL33273412,BTXN8985033556,fuzzy_amount,true
STL68331462,BTXN1423433695,fuzzy_amount,true
STL21037085,BTXN1549804402,fuzzy_amount,true
STL15783301,BTXN8399749149,fuzzy_amount,true
STL39538723,BTXN1998361776,fuzzy_amount,true
STL53452484,BTXN8946262346,fuzzy_amount,true
STL82870353,BTXN4644402827,fuzzy_amount,true
STL88775927,BTXN7077197214,fuzzy_amount,true
STL16327772,BTXN1569398174,fuzzy_amount,true
STL72592632,BTXN1013417859,fuzzy_amount,true
STL55126318,BTXN7396743833,fuzzy_amount,true
STL48972279,BTXN3797814888,fuzzy_amount,true
STL94490004,BTXN8350176071,fuzzy_amount,true
STL75163811,BTXN1585561968,fuzzy_amount,true
STL26393519,BTXN9453075417,fuzzy_amount,true
STL37942849,BTXN5271100590,fuzzy_amount,true
STL22289142,BTXN6948776379,fuzzy_amount,true
STL21337856,BTXN4194166609,fuzzy_amount,true
STL69314946,BTXN5533543603,fuzzy_amount,true
STL22540266,BTXN5290027783,fuzzy_amount,true
STL45220074,BTXN2685177024,fuzzy_amount,true
STL61950919,BTXN9153918626,fuzzy_amount,true
STL38260831,BTXN3718296513,fuzzy_amount,true
STL90586972,BTXN1035048768,fuzzy_amount,true
STL75997038,BTXN8348074486,fuzzy_amount,true
STL86742766,BTXN3434467825,fuzzy_amount,true
STL55969427,BTXN3936607338,fuzzy_amount,true
STL20230008,BTXN2744658221,fuzzy_amount,true
STL29461451,BTXN1701600859,fuzzy_amount,true
STL81922965,BTXN8150485169,fuzzy_amount,true
STL33773164,BTXN6875430715,fuzzy_amount,true
STL39449714,BTXN3488235745,fuzzy_amount,true
STL99003228,BTXN2703201251,fuzzy_amount,true
STL95560075,BTXN4953656866,fuzzy_amount,true
STL69255859,BTXN5139647840,fuzzy_amount,true
STL18089811,BTXN1113345362,fuzzy_amount,true
STL56125422,BTXN5070567619,fuzzy_amount,true
STL83686217,BTXN5005600282,fuzzy_amount,true
STL11765684,BTXN2900145409,fuzzy_amount,true
STL56401620,BTXN9993332740,fuzzy_amount,true
STL63053546,BTXN8020555638,fuzzy_amount,true
STL31750910,BTXN8193703733,fuzzy_amount,true
STL46122030,BTXN9039085265,fuzzy_amount,true
STL56030452,BTXN1150210024,fuzzy_amount,true
STL53143704,BTXN6687944150,fuzzy_amount,true
STL85140878,BTXN1430065281,fuzzy_amount,true
STL17504615,BTXN4060132759,fuzzy_amount,true
STL19273236,BTXN8771367952,fuzzy_amount,true
STL81202202,BTXN3351434383,fuzzy_amount,true
STL12468271,BTXN3861449357,fuzzy_amount,true
STL34868850,BTXN9668197784,fuzzy_amount,true
STL16952045,BTXN1507514952,fuzzy_amount,true
STL62189103,BTXN6251254367,fuzzy_amount,true
STL48986265,BTXN1098227999,fuzzy_amount,true
STL93156209,BTXN8417986166,fuzzy_amount,true
STL52985540,BTXN5212023156,fuzzy_amount,true
STL57216709,BTXN2362410218,fuzzy_amount,true
STL11844638,BTXN2682829946,fuzzy_amount,true
STL87842253,BTXN8352090029,fuzzy_amount,true
STL63675874,BTXN6774514149,fuzzy_amount,true
STL67075728,BTXN5705556700,fuzzy_amount,true
STL28696828,BTXN4848706085,fuzzy_amount,true
STL69397749,BTXN5276768063,fuzzy_amount,true
STL45243676,BTXN7476026370,fuzzy_amount,true
STL45599579,BTXN8835052729,fuzzy_amount,true
STL10851951,BTXN7520578170,fuzzy_amount,true
STL27958451,BTXN3540620524,fuzzy_amount,true
STL63413934,BTXN5354202248,fuzzy_amount,true
STL93629323,BTXN6625832588,fuzzy_amount,true
STL77281090,BTXN2296988913,fuzzy_amount,true
STL55114078,BTXN7204535968,fuzzy_amount,true
STL66258700,BTXN2903859651,fuzzy_amount,true
STL22669057,BTXN9406856970,fuzzy_amount,true
STL25793277,BTXN7416365592,fuzzy_amount,true
STL33258318,BTXN2394348242,fuzzy_amount,true
STL25733412,BTXN8666288989,fuzzy_amount,true
STL16099655,BTXN4464400459,fuzzy_amount,true
STL52052448,BTXN8243653023,fuzzy_amount,true
STL27375659,BTXN3150271290,fuzzy_amount,true
STL45252234,BTXN9627511292,fuzzy_amount,true
STL79444170,BTXN6854191999,fuzzy_amount,true
STL51552467,BTXN8211011174,fuzzy_amount,true
STL63483692,BTXN7037395587,fuzzy_amount,true
STL30015215,BTXN8077895620,fuzzy_amount,true
STL37928831,BTXN8442697839,fuzzy_amount,true
STL83677191,BTXN9677385126,fuzzy_amount,true
STL28578023,BTXN7687799478,fuzzy_amount,true
STL66357793,BTXN3973103622,fuzzy_amount,true
STL92939671,BTXN9146723894,fuzzy_amount,true
STL48432692,BTXN7252158352,fuzzy_amount,true
STL63794151,BTXN8556682588,fuzzy_amount,true
STL11850861,BTXN5331745377,fuzzy_amount,true
STL66630973,BTXN2346537227,fuzzy_amount,true
STL27150794,BTXN5739471607,fuzzy_amount,true
STL33424272,BTXN1642007038,fuzzy_amount,true
STL19583675,BTXN9078519688,fuzzy_amount,true
STL44130373,BTXN7849904645,fuzzy_amount,true
STL27032764,BTXN6588165856,fuzzy_amount,true
STL16093116,BTXN7481221765,fuzzy_amount,true
STL69873575,BTXN8270764845,fuzzy_amount,true
STL44541636,BTXN2918127937,fuzzy_amount,true
STL45348485,BTXN8611848918,fuzzy_amount,true
STL96939740,BTXN9814163290,fuzzy_amount,true
STL17007896,BTXN3365393306,fuzzy_amount,true
STL74825166,BTXN8561091314,fuzzy_amount,true
STL72788025,BTXN4609854912,fuzzy_amount,true
STL89164920,BTXN5151065390,fuzzy_amount,true
STL17518690,BTXN6697368173,fuzzy_amount,true
STL72187706,BTXN1514532676,fuzzy_amount,true
STL82606687,BTXN7930790301,fuzzy_amount,true
STL67269701,BTXN9476217306,fuzzy_amount,true
STL18541871,BTXN5777461863,fuzzy_amount,true
STL74413340,BTXN6359242586,fuzzy_amount,true
STL44953225,BTXN8341210227,fuzzy_amount,true
STL41546825,BTXN4645326145,fuzzy_amount,true
STL26160895,BTXN8642456234,fuzzy_amount,true
STL92816097,BTXN3686008135,fuzzy_amount,true
STL59550123,BTXN2157377149,fuzzy_amount,true
STL13870620,BTXN7726318088,fuzzy_amount,true
STL80488856,BTXN9757412714,fuzzy_amount,true
STL38274894,BTXN9994275460,fuzzy_amount,true
STL85402721,BTXN6982582414,fuzzy_amount,true
STL44413545,BTXN1275986559,fuzzy_amount,true
STL69102969,BTXN6047815974,fuzzy_amount,true
STL80521848,BTXN3123126180,fuzzy_amount,true
STL34118408,BTXN2599153310,fuzzy_amount,true
STL42397905,BTXN2144204940,fuzzy_amount,true
STL82764766,BTXN5976520898,fuzzy_amount,true
STL72427865,BTXN7187975042,fuzzy_amount,true
STL62891462,BTXN9187957431,fuzzy_amount,true
STL93981258,BTXN3103429418,fuzzy_amount,true
STL76773846,BTXN6124042570,fuzzy_amount,true
STL82977041,BTXN4908221979,fuzzy_amount,true
STL25691788,BTXN5210829959,fuzzy_amount,true
STL16397579,BTXN1787793766,fuzzy_amount,true
STL93884075,BTXN3895042700,fuzzy_amount,true
STL45579830,BTXN9452854027,fuzzy_amount,true
STL90490920,BTXN4592356998,fuzzy_amount,true
STL20176835,BTXN7251768606,fuzzy_amount,true
STL26866817,BTXN4725042375,fuzzy_amount,true
STL35645197,BTXN7239058017,fuzzy_amount,true
STL13989431,BTXN7634029208,fuzzy_amount,true
STL33646361,BTXN5065017813,fuzzy_amount,true
STL59035141,BTXN7160388042,fuzzy_amount,true
STL53571402,BTXN4161579327,fuzzy_amount,true
STL49004860,BTXN6282030368,fuzzy_amount,true
STL13766474,BTXN6015569817,fuzzy_amount,true
STL82592239,BTXN1505526110,fuzzy_amount,true
STL98715506,BTXN1885745240,fuzzy_amount,true
STL73830493,BTXN2504591799,fuzzy_amount,true
STL81195335,BTXN5777431569,fuzzy_amount,true
STL53800558,BTXN9883214327,fuzzy_amount,true
STL57013073,BTXN7497595984,fuzzy_amount,true
STL56571558,BTXN4639885721,fuzzy_amount,true
STL58798639,BTXN4713257096,fuzzy_amount,true
STL32091096,BTXN6753873294,fuzzy_amount,true
STL25790662,BTXN3843651882,fuzzy_amount,true
STL52258423,BTXN3685198225,fuzzy_amount,true
STL67437930,BTXN2891108423,fuzzy_amount,true
STL69566721,BTXN5640674182,fuzzy_amount,true
STL11747962,BTXN5460118024,fuzzy_amount,true
STL77046255,BTXN6970733012,fuzzy_amount,true
STL50762836,BTXN2077335031,fuzzy_amount,true
STL85216211,BTXN2291721810,fuzzy_amount,true
STL57850111,BTXN4876833928,fuzzy_amount,true
STL35418652,BTXN5493341376,fuzzy_amount,true
STL40717034,BTXN3997902539,fuzzy_amount,true
STL18781915,BTXN9733242365,fuzzy_amount,true
STL69976098,BTXN9475960430,fuzzy_amount,true
STL58340052,BTXN9577024647,fuzzy_amount,true
STL82326441,BTXN4604055078,fuzzy_amount,true
STL48363648,BTXN8060620154,fuzzy_amount,true
STL78298237,BTXN8579375218,fuzzy_amount,true
STL13133720,BTXN2704353802,fuzzy_amount,true
STL48061092,BTXN4088457355,fuzzy_amount,true
STL19520213,BTXN6676885132,fuzzy_amount,true
STL61380436,BTXN5990131871,fuzzy_amount,true
STL13558457,BTXN9783583943,fuzzy_amount,true
STL64903122,BTXN5462774644,fuzzy_amount,true
STL82306697,BTXN3236450352,fuzzy_amount,true
STL58003671,BTXN8949725716,fuzzy_amount,true
STL11071642,BTXN8760244550,fuzzy_amount,true
STL21766447,BTXN9740106658,fuzzy_amount,true
STL15268085,BTXN1084115759,fuzzy_amount,true
STL72611795,BTXN3408302622,fuzzy_amount,true
STL62543522,BTXN7073032692,fuzzy_amount,true
STL57576084,BTXN1365398128,fuzzy_amount,true
STL88583267,BTXN3066520387,fuzzy_amount,true
STL38534846,BTXN3278568261,fuzzy_amount,true
STL25512386,BTXN7178431875,fuzzy_amount,true
STL85043985,BTXN9204118893,fuzzy_amount,true
STL22772495,BTXN4988518549,fuzzy_amount,true
STL46602561,BTXN7865700573,fuzzy_amount,true
STL95540711,BTXN6245361301,fuzzy_amount,true
STL61606933,BTXN5086545432,fuzzy_amount,true
STL93804267,BTXN2774365224,fuzzy_amount,true
STL19130222,BTXN1606298920,fuzzy_amount,true
STL27339346,BTXN2381165778,fuzzy_amount,true
STL58962238,BTXN8431946520,fuzzy_amount,true
STL58429547,BTXN5725463301,fuzzy_amount,true
STL95885298,BTXN4269314008,fuzzy_amount,true
STL12975976,BTXN8935631907,fuzzy_amount,true
STL14548768,BTXN6524621697,fuzzy_amount,true
STL18115890,BTXN7555256315,fuzzy_amount,true
STL68177485,BTXN7516393069,fuzzy_amount,true
STL45739030,BTXN5701391966,fuzzy_amount,true
STL90605482,BTXN4144431240,fuzzy_amount,true
STL72495414,BTXN5249315507,fuzzy_amount,true
STL42257565,BTXN4129908120,fuzzy_amount,true
STL17299184,BTXN6601348687,fuzzy_amount,true
STL69949857,BTXN2678199759,fuzzy_amount,true
STL38989993,BTXN3398746187,fuzzy_amount,true
STL17835842,BTXN4368754912,fuzzy_amount,true
STL41123457,BTXN4680100413,fuzzy_amount,true
STL58784138,BTXN5076173494,fuzzy_amount,true
STL88493421,BTXN3125978974,fuzzy_amount,true
STL47077700,BTXN8540317924,fuzzy_amount,true
STL87970151,BTXN4447681857,fuzzy_amount,true
STL17360965,BTXN9259570753,fuzzy_amount,true
STL31845151,BTXN2509868542,fuzzy_amount,true
STL59152278,BTXN8271912045,fuzzy_amount,true
STL76262931,BTXN2465772534,fuzzy_amount,true
STL69220157,BTXN2199667422,fuzzy_amount,true
STL17787027,BTXN9123054228,fuzzy_amount,true
STL20162254,BTXN8254411739,fuzzy_amount,true
STL76939763,BTXN1946660843,fuzzy_amount,true
STL38607656,BTXN2610682732,fuzzy_amount,true
STL37391589,BTXN3005575099,fuzzy_amount,true
STL39218465,BTXN9393655690,fuzzy_amount,true
STL57807098,BTXN8709293749,fuzzy_amount,true
STL39406132,BTXN3728871482,fuzzy_amount,true
STL80802889,BTXN4998328441,fuzzy_amount,true
STL95570209,BTXN4711527821,fuzzy_amount,true
STL71738199,BTXN2345370348,fuzzy_amount,true
STL58830166,BTXN4449879918,fuzzy_amount,true
STL85484449,BTXN7533468257,fuzzy_amount,true
STL75497987,BTXN9898781512,fuzzy_amount,true
STL20628847,BTXN4132027739,fuzzy_amount,true
STL32639809,BTXN2120193085,fuzzy_amount,true
STL64194513,BTXN9525443717,fuzzy_amount,true
STL84051712,BTXN4381158941,fuzzy_amount,true
STL21215453,BTXN9595209819,fuzzy_amount,true
STL43073993,BTXN5836162638,fuzzy_amount,true
STL42224773,BTXN4486365101,fuzzy_amount,true
STL20957586,BTXN2902063545,fuzzy_amount,true
STL38122857,BTXN9895478523,fuzzy_amount,true
STL97503142,BTXN9876116585,fuzzy_amount,true
STL52877373,BTXN6562743336,fuzzy_amount,true
STL58185789,BTXN2903692434,fuzzy_amount,true
STL55905289,BTXN5322030817,fuzzy_amount,true
STL27434327,BTXN2159722915,fuzzy_amount,true
STL92630684,BTXN3791990094,fuzzy_amount,true
STL81400569,BTXN8946619620,fuzzy_amount,true
STL69523345,BTXN8386370005,fuzzy_amount,true
STL66848954,BTXN8548586830,fuzzy_amount,true
STL48080929,BTXN6458919680,fuzzy_amount,true
STL11042561,BTXN1825784607,fuzzy_amount,true
STL23802526,BTXN9673218600,fuzzy_amount,true
STL34870336,BTXN4484322210,fuzzy_amount,true
STL26851835,BTXN9493876887,fuzzy_amount,true
STL55183971,BTXN1112808871,fuzzy_amount,true
STL35831787,BTXN6389309985,fuzzy_amount,true
STL80847877,BTXN9081993976,fuzzy_amount,true
STL94100723,BTXN3868024866,fuzzy_amount,true
STL38829496,BTXN2207869079,fuzzy_amount,true
STL95978451,BTXN6590805267,fuzzy_amount,true
STL23015964,BTXN8419871455,fuzzy_amount,true
STL64639795,BTXN9037684241,fuzzy_amount,true
STL91303161,BTXN7773173269,fuzzy_amount,true
STL49427396,BTXN8736588986,fuzzy_amount,true
STL76749698,BTXN6110537252,fuzzy_amount,true
STL21910636,BTXN8118229117,fuzzy_amount,true
STL34799632,BTXN4480908133,fuzzy_amount,true
STL78538024,BTXN6034711569,fuzzy_amount,true
STL19483290,BTXN9037197421,fuzzy_amount,true
STL74757170,BTXN8382823609,fuzzy_amount,true
STL36884441,BTXN3205467924,fuzzy_amount,true
STL99484309,BTXN7874511930,fuzzy_amount,true
STL17075125,BTXN9537630302,fuzzy_amount,true
STL58859474,BTXN2858626620,fuzzy_amount,true
STL50068214,BTXN2109138446,fuzzy_amount,true
STL78350342,BTXN3521503773,fuzzy_amount,true
STL38615412,BTXN8531400860,fuzzy_amount,true
STL20773209,BTXN8309156190,fuzzy_amount,true
STL70131526,BTXN2934457797,fuzzy_amount,true
STL92831140,BTXN6382698198,fuzzy_amount,true
STL99827081,BTXN9942611912,fuzzy_amount,true
STL45988140,BTXN5384970438,fuzzy_amount,true
STL90742112,BTXN4386659754,fuzzy_amount,true
STL51809384,BTXN1562793915,fuzzy_amount,true
STL32338959,BTXN2976523570,fuzzy_amount,true
STL40035242,BTXN4902749039,fuzzy_amount,true
STL44254754,BTXN2726654359,fuzzy_amount,true
STL33984074,BTXN4744741920,fuzzy_amount,true
STL69372424,BTXN4610958268,fuzzy_amount,true
STL53244554,BTXN8879106492,fuzzy_amount,true
STL86301385,BTXN9205885404,fuzzy_amount,true
STL20182302,BTXN5255004842,fuzzy_amount,true
STL90833452,BTXN3146433033,fuzzy_amount,true
STL62527026,BTXN6195793357,fuzzy_amount,true
STL17754818,BTXN8333313045,fuzzy_amount,true
STL76772796,BTXN8442365860,fuzzy_amount,true
STL86331921,BTXN7144517355,fuzzy_amount,true
STL78791077,BTXN8001346068,fuzzy_amount,true
STL71004646,BTXN7886314544,fuzzy_amount,true
STL92296657,BTXN1898568002,fuzzy_amount,true
STL24983497,BTXN8011023409,fuzzy_amount,true
STL35403430,BTXN9010199399,fuzzy_amount,true
STL70681739,BTXN5636669428,fuzzy_amount,true
STL71217460,BTXN1629588063,fuzzy_amount,true
STL39673294,BTXN8260055734,fuzzy_amount,true
STL38031908,BTXN1755870860,fuzzy_amount,true
STL17603812,BTXN6286710243,fuzzy_amount,true
STL85539670,BTXN4166135185,fuzzy_amount,true
STL86353346,BTXN4198442139,fuzzy_amount,true
STL20845744,BTXN3667218990,fuzzy_amount,true
STL11944383,BTXN8491239677,fuzzy_amount,true
STL49822568,BTXN5160172369,fuzzy_amount,true
STL87822315,BTXN4608515250,fuzzy_amount,true
STL12586803,BTXN5172886971,fuzzy_amount,true
STL65572620,BTXN9918692345,fuzzy_amount,true
STL77796578,BTXN1321113391,fuzzy_amount,true
STL32029318,BTXN4997542604,fuzzy_amount,true
STL80145361,BTXN3789750318,fuzzy_amount,true
STL10963691,BTXN3064926434,fuzzy_amount,true
STL50265133,BTXN1148682072,fuzzy_amount,true
STL51210371,BTXN6452107672,fuzzy_amount,true
STL22362611,BTXN8762630037,fuzzy_amount,true
STL30843490,BTXN1815228104,fuzzy_amount,true
STL11422855,BTXN7840857862,fuzzy_amount,true
STL50374399,BTXN5914899687,fuzzy_amount,true
STL60538990,BTXN4275261101,fuzzy_amount,true
STL72817003,BTXN8677529892,fuzzy_amount,true
STL35094684,BTXN2791181634,fuzzy_amount,true
STL17790779,BTXN5076829243,fuzzy_amount,true
STL56182401,BTXN3729283184,fuzzy_amount,true
STL84831723,BTXN8898633738,fuzzy_amount,true
STL15644664,BTXN9200916086,fuzzy_amount,true
STL60115867,BTXN4620931091,fuzzy_amount,true
STL73716559,BTXN2113520251,fuzzy_amount,true
STL80292305,BTXN8854533298,fuzzy_amount,true
STL32200073,BTXN6387276661,fuzzy_amount,true
STL33489197,BTXN1317422550,fuzzy_amount,true
STL38794654,BTXN1598701076,fuzzy_amount,true
STL73533500,BTXN4854198134,fuzzy_amount,true
STL45415645,BTXN5706144393,fuzzy_amount,true
STL88503971,BTXN4908326782,fuzzy_amount,true
STL41221821,BTXN1990316844,fuzzy_amount,true
STL83487391,BTXN4339059315,fuzzy_amount,true
STL56062057,BTXN9044718611,fuzzy_amount,true
STL92175245,BTXN6326637542,fuzzy_amount,true
STL81183879,BTXN6810440613,fuzzy_amount,true
STL11309231,BTXN5372442899,fuzzy_amount,true
STL70386008,BTXN7846403103,fuzzy_amount,true
STL63177575,BTXN2397125346,fuzzy_amount,true
STL44227061,BTXN2867314129,fuzzy_amount,true
STL89135942,BTXN4990096341,fuzzy_amount,true
STL97513494,BTXN1257301808,fuzzy_amount,true
STL69228261,BTXN4458065592,fuzzy_amount,true
STL97311360,BTXN4269236828,fuzzy_amount,true
STL53935671,BTXN2613320164,fuzzy_amount,true
STL14416599,BTXN5873604230,fuzzy_amount,true
STL81543670,BTXN6274085057,fuzzy_amount,true
STL11715535,BTXN7403911621,fuzzy_amount,true
STL94325542,BTXN3893148245,fuzzy_amount,true
STL81468290,BTXN2275396474,fuzzy_amount,true
STL96246367,BTXN7964539997,fuzzy_amount,true
STL97239134,BTXN2998468872,fuzzy_amount,true
STL11490904,BTXN2243180493,fuzzy_amount,true
STL62231718,BTXN7513313069,fuzzy_amount,true
STL24951020,BTXN9481100521,fuzzy_amount,true
STL83143789,BTXN1031869651,fuzzy_amount,true
STL56215826,BTXN7747643889,fuzzy_amount,true
STL77907996,BTXN2236665809,fuzzy_amount,true
STL55184991,BTXN9128165414,fuzzy_amount,true
STL62901528,BTXN1344385139,fuzzy_amount,true
STL75844860,BTXN3081141025,fuzzy_amount,true
STL68356861,BTXN8803189073,fuzzy_amount,true
STL36763899,BTXN3256031096,fuzzy_amount,true
STL42086881,BTXN5898871428,fuzzy_amount,true
STL92824112,BTXN6070452848,fuzzy_amount,true
STL13909854,BTXN3180675140,fuzzy_amount,true
STL53725247,BTXN4380443036,fuzzy_amount,true
STL40256864,BTXN3483375742,fuzzy_amount,true
STL37095431,BTXN5914501524,fuzzy_amount,true
STL64909646,BTXN1407743252,fuzzy_amount,true
STL73362712,BTXN1252609222,fuzzy_amount,true
STL35633381,BTXN3359652162,fuzzy_amount,true
STL70990320,BTXN3852519052,fuzzy_amount,true
STL98823684,BTXN8908853800,fuzzy_amount,true
STL95745280,BTXN2112433368,fuzzy_amount,true
STL47326499,BTXN7238953029,fuzzy_amount,true
STL59853070,BTXN5371414482,fuzzy_amount,true
STL37004790,BTXN5071260764,fuzzy_amount,true
STL76980956,BTXN9847828776,fuzzy_amount,true
STL44537180,BTXN9114630460,fuzzy_amount,true
STL52922557,BTXN7430282958,fuzzy_amount,true
STL75833918,BTXN6273571024,fuzzy_amount,true
STL16198029,BTXN7838261601,fuzzy_amount,true
STL45771969,BTXN6974935645,fuzzy_amount,true
STL62286197,BTXN6689371322,fuzzy_amount,true
STL80542603,BTXN4829835371,fuzzy_amount,true
STL18765932,BTXN3505004681,fuzzy_amount,true
STL96287056,BTXN5582738085,fuzzy_amount,true
STL55853005,BTXN9414194553,fuzzy_amount,true
STL42841400,BTXN7767204942,fuzzy_amount,true
STL37889696,BTXN4043695358,fuzzy_amount,true
STL66201803,BTXN1795032725,fuzzy_amount,true
STL29055219,BTXN7345120259,fuzzy_amount,true
STL95556335,BTXN7977766871,fuzzy_amount,true
STL10267483,BTXN9748153561,fuzzy_amount,true
STL88572932,BTXN8075748688,fuzzy_amount,true
STL83098304,BTXN2646184258,fuzzy_amount,true
STL40960031,BTXN7972917113,fuzzy_amount,true
STL11539615,BTXN8739668267,fuzzy_amount,true
STL25333206,BTXN4046596063,fuzzy_amount,true
STL10600033,BTXN7430768898,fuzzy_amount,true
STL65594083,BTXN7126307687,fuzzy_amount,true
STL32933751,BTXN6587310418,fuzzy_amount,true
STL22413308,BTXN8849433794,fuzzy_amount,true
STL57629193,BTXN9476183372,fuzzy_amount,true
STL36457848,BTXN1754049136,fuzzy_amount,true
STL63067531,BTXN5628617823,fuzzy_amount,true
STL69624828,BTXN9827370268,fuzzy_amount,true
STL30716609,BTXN3664231157,fuzzy_amount,true
STL88811783,BTXN9377132432,fuzzy_amount,true
STL65000947,BTXN3321962662,fuzzy_amount,true
STL20628467,BTXN9236106051,fuzzy_amount,true
STL17030244,BTXN1768434922,fuzzy_amount,true
STL51333111,BTXN4319890521,fuzzy_amount,true
STL90855661,BTXN2334857594,fuzzy_amount,true
STL32730408,BTXN6845646459,fuzzy_amount,true
STL54734679,BTXN6415884171,fuzzy_amount,true
STL52882358,BTXN6241114360,fuzzy_amount,true
STL29799170,BTXN7365458490,fuzzy_amount,true
STL23331723,BTXN5337997351,fuzzy_amount,true
STL80940305,BTXN6540664910,fuzzy_amount,true
STL90220652,BTXN3431577796,fuzzy_amount,true
STL76430397,BTXN1449001247,fuzzy_amount,true
STL61673108,BTXN4985734426,fuzzy_amount,true
STL92931982,BTXN4383351718,fuzzy_amount,true
STL20180858,BTXN2464031924,fuzzy_amount,true
STL37254845,BTXN3206741109,fuzzy_amount,true
STL32144155,BTXN8273623250,fuzzy_amount,true
STL37547287,BTXN4496360755,fuzzy_amount,true
STL58891623,BTXN7641709833,fuzzy_amount,true
STL50046269,BTXN4689004614,fuzzy_amount,true
STL63254814,BTXN7308067960,fuzzy_amount,true
STL24630143,BTXN2802841885,fuzzy_amount,true
STL86830303,BTXN5103862524,fuzzy_amount,true
STL15023809,BTXN9528346689,fuzzy_amount,true
STL54253684,BTXN2128333901,fuzzy_amount,true
STL52939958,BTXN4987037957,fuzzy_amount,true
STL29406200,BTXN1964216842,fuzzy_amount,true
STL39068668,BTXN7503707720,fuzzy_amount,true
STL65051176,BTXN2964820050,fuzzy_amount,true
STL92515295,BTXN8436788945,fuzzy_amount,true
STL96619895,BTXN5057237212,fuzzy_amount,true
STL66264614,BTXN1410533126,fuzzy_amount,true
STL38460526,BTXN5634629838,fuzzy_amount,true
STL92325772,BTXN1449055216,fuzzy_amount,true
STL94810860,BTXN1288218941,fuzzy_amount,true
STL94108104,BTXN6072026321,fuzzy_amount,true
STL77274426,BTXN6684543867,fuzzy_amount,true
STL79127864,BTXN9117217602,fuzzy_amount,true
STL87817329,BTXN9740017641,fuzzy_amount,true
STL24131536,BTXN3652137746,fuzzy_amount,true
STL54254027,BTXN1987112142,fuzzy_amount,true
STL70239202,BTXN5555285578,fuzzy_amount,true
STL70247013,BTXN1963600559,fuzzy_amount,true
STL96567693,BTXN3963289258,fuzzy_amount,true
STL27272302,BTXN1481379175,fuzzy_amount,true
STL12064402,BTXN1314326915,fuzzy_amount,true
STL23729044,BTXN7365253126,fuzzy_amount,true
STL22795568,BTXN8325314080,fuzzy_amount,true
STL17652879,BTXN2321373053,fuzzy_amount,true
STL20109292,BTXN4746778640,fuzzy_amount,true
STL14380619,BTXN1364156605,fuzzy_amount,true
STL81959943,BTXN9039082110,fuzzy_amount,true
STL61378678,BTXN2039718291,fuzzy_amount,true
STL78102816,BTXN8898879206,fuzzy_amount,true
STL80482215,BTXN1142722557,fuzzy_amount,true
STL94326819,BTXN4029989711,fuzzy_amount,true
STL71949493,BTXN1993060041,fuzzy_amount,true
STL41910902,BTXN7748525039,fuzzy_amount,true
STL38584039,BTXN5076591809,fuzzy_amount,true
STL91128261,BTXN1372559829,fuzzy_amount,true
STL79393054,BTXN6534435123,fuzzy_amount,true
STL43861977,BTXN9258602228,fuzzy_amount,true
STL21202670,BTXN9095930681,fuzzy_amount,true
STL30957223,BTXN8579994207,fuzzy_amount,true
STL46260563,BTXN7336475003,fuzzy_amount,true
STL24570116,BTXN2239621607,fuzzy_amount,true
STL17355748,BTXN6396123362,fuzzy_amount,true
STL51013767,BTXN3961458012,fuzzy_amount,true
STL80991051,BTXN6195925054,fuzzy_amount,true
STL76164688,BTXN4384950465,fuzzy_amount,true
STL19680227,BTXN4371442794,fuzzy_amount,true
STL70169043,BTXN9904578610,fuzzy_amount,true
STL56571722,BTXN9977596038,fuzzy_amount,true
STL29220123,BTXN9424128944,fuzzy_amount,true
STL19963167,BTXN6957889601,fuzzy_amount,true
STL52537935,BTXN1783222522,fuzzy_amount,true
STL74894333,BTXN7447483585,fuzzy_amount,true
STL28590334,BTXN4948670997,fuzzy_amount,true
STL59818238,BTXN4299731884,fuzzy_amount,true
STL28468168,BTXN5025367781,fuzzy_amount,true
STL31834820,BTXN5377154351,fuzzy_amount,true
STL28514952,BTXN4689235369,fuzzy_amount,true
STL63573878,BTXN8055045947,fuzzy_amount,true
STL86338714,BTXN2121139613,fuzzy_amount,true
STL31887559,BTXN3100724819,fuzzy_amount,true
STL99167928,BTXN4514004515,fuzzy_amount,true
STL56957925,BTXN9111433122,fuzzy_amount,true
STL44649409,BTXN9962404512,fuzzy_amount,true
STL62159818,BTXN6607534634,fuzzy_amount,true
STL41243240,BTXN5903590227,fuzzy_amount,true
STL56993293,BTXN3770933623,fuzzy_amount,true
STL17722334,BTXN6884368627,fuzzy_amount,true
STL73217654,BTXN8974366421,fuzzy_amount,true
STL30056531,BTXN3131257551,fuzzy_amount,true
STL63051946,BTXN8902306056,fuzzy_amount,true
STL52185830,BTXN2144197944,fuzzy_amount,true
STL50756345,BTXN6900690255,fuzzy_amount,true
STL70664852,BTXN5640343455,fuzzy_amount,true
STL31627853,BTXN8658778475,fuzzy_amount,true
STL90822842,BTXN3144706898,fuzzy_amount,true
STL88292881,BTXN9192480720,fuzzy_amount,true
STL57835086,BTXN5168801310,fuzzy_amount,true
STL94655706,BTXN8894871946,fuzzy_amount,true
STL47492059,BTXN5546033669,fuzzy_amount,true
STL34507867,BTXN9424142669,fuzzy_amount,true
STL38814847,BTXN4481415390,fuzzy_amount,true
STL50880270,BTXN6125875481,fuzzy_amount,true
STL73448184,BTXN7937039588,fuzzy_amount,true
STL95681561,BTXN8359533607,fuzzy_amount,true
STL88789267,BTXN6827279823,fuzzy_amount,true
STL57136592,BTXN1181131407,fuzzy_amount,true
STL16721330,BTXN5430507321,fuzzy_amount,true
STL81667846,BTXN1783164245,fuzzy_amount,true
STL96799802,BTXN7235355255,fuzzy_amount,true
STL78128910,BTXN1010770501,fuzzy_amount,true
STL33216537,BTXN3145650671,fuzzy_amount,true
STL98844554,BTXN3396741601,fuzzy_amount,true
STL74882332,BTXN1466818310,fuzzy_amount,true
STL63317182,BTXN8759072463,fuzzy_amount,true
STL64542263,BTXN8173168060,fuzzy_amount,true
STL15170943,BTXN7627878266,fuzzy_amount,true
STL58789023,BTXN7758661258,fuzzy_amount,true
STL44905944,BTXN8285343280,fuzzy_amount,true
STL37867988,BTXN6629634262,fuzzy_amount,true
STL21990808,BTXN7873683155,fuzzy_amount,true
STL93289175,BTXN2604184254,fuzzy_amount,true
STL62622836,BTXN4033968174,fuzzy_amount,true
STL98420360,BTXN9915040388,fuzzy_amount,true
STL62969681,BTXN4693210979,fuzzy_amount,true
STL85342038,BTXN2502389235,fuzzy_amount,true
STL57120828,BTXN9027245812,fuzzy_amount,true
STL13175428,BTXN4004211139,fuzzy_amount,true
STL87978240,BTXN1802138863,fuzzy_amount,true
STL45387579,BTXN9707519292,fuzzy_amount,true
STL86993753,BTXN3703892529,fuzzy_amount,true
STL47238134,BTXN2660672840,fuzzy_amount,true
STL88920017,BTXN5805308144,fuzzy_amount,true
STL32878882,BTXN6494712284,fuzzy_amount,true
STL84142649,BTXN2777734091,fuzzy_amount,true
STL40059423,BTXN8380807918,fuzzy_amount,true
STL72313982,BTXN9844103660,fuzzy_amount,true
STL52403334,BTXN3053755802,fuzzy_amount,true
STL45135816,BTXN8337524336,fuzzy_amount,true
STL74440933,BTXN1219878556,fuzzy_amount,true
STL73759274,BTXN3136933740,fuzzy_amount,true
STL66079149,BTXN1695892620,fuzzy_amount,true
STL12508912,BTXN3485494364,fuzzy_amount,true
STL54227963,BTXN9978155525,fuzzy_amount,true
STL74660894,BTXN4530644787,fuzzy_amount,true
STL34103306,BTXN7567569344,fuzzy_amount,true
STL50620877,BTXN4850627294,fuzzy_amount,true
STL92761517,BTXN7128497634,fuzzy_amount,true
STL60076287,BTXN5239891444,fuzzy_amount,true
STL71814219,BTXN6416613984,fuzzy_amount,true
STL43923508,BTXN1957416451,fuzzy_amount,true
STL54467180,BTXN4927236130,fuzzy_amount,true
STL69555782,BTXN7241095520,fuzzy_amount,true
STL48576612,BTXN9637677009,fuzzy_amount,true
STL77030804,BTXN9006404075,fuzzy_amount,true
STL70390771,BTXN8704735043,fuzzy_amount,true
STL25028385,BTXN5019628177,fuzzy_amount,true
STL44285840,BTXN6518865400,fuzzy_amount,true
STL19834876,BTXN6962822446,fuzzy_amount,true
STL47332193,BTXN2465412144,fuzzy_amount,true
STL61055832,BTXN2828666420,fuzzy_amount,true
STL32004738,BTXN9462377454,fuzzy_amount,true
STL26018269,BTXN3574787709,fuzzy_amount,true
STL75445848,BTXN4918588246,fuzzy_amount,true
STL31727977,BTXN8412582406,fuzzy_amount,true
STL25226934,BTXN2012410919,fuzzy_amount,true
STL46024638,BTXN1843419702,fuzzy_amount,true
STL26549740,BTXN9283915264,fuzzy_amount,true
STL85517285,BTXN9577675657,fuzzy_amount,true
STL72461873,BTXN4632551082,fuzzy_amount,true
STL57679697,BTXN5274165660,fuzzy_amount,true
STL68061607,BTXN7019139112,fuzzy_amount,true
STL66079129,BTXN2287756575,fuzzy_amount,true
STL10730778,BTXN1129262174,fuzzy_amount,true
STL12293149,BTXN4952348712,fuzzy_amount,true
STL70052793,BTXN5823637708,fuzzy_amount,true
STL42737271,BTXN9844247258,fuzzy_amount,true
STL78728191,BTXN8812707617,fuzzy_amount,true
STL14807617,BTXN2259619997,fuzzy_amount,true
STL64546398,BTXN4914132717,fuzzy_amount,true
STL34664775,BTXN6253032575,fuzzy_amount,true
STL25810542,BTXN1298058353,fuzzy_amount,true
STL57194179,BTXN3237418817,fuzzy_amount,true
STL54671170,BTXN2619143674,fuzzy_amount,true
STL64220728,BTXN7556988602,fuzzy_amount,true
STL53601088,BTXN3173240081,fuzzy_amount,true
STL37885429,BTXN2066419432,fuzzy_amount,true
STL23300232,BTXN4785988101,fuzzy_amount,true
STL26223234,BTXN4903399360,fuzzy_amount,true
STL22048830,BTXN2477279851,fuzzy_amount,true
STL98125984,BTXN2254342831,fuzzy_amount,true
STL70476308,BTXN5485782009,fuzzy_amount,true
STL36190686,BTXN2577876842,fuzzy_amount,true
STL45264562,BTXN1710190809,fuzzy_amount,true
STL17568884,BTXN7920558804,fuzzy_amount,true
STL61083366,BTXN6267504857,fuzzy_amount,true
STL93506946,BTXN2276754230,fuzzy_amount,true
STL54983649,BTXN2867154373,fuzzy_amount,true
STL90199288,BTXN8982787012,fuzzy_amount,true
STL72060060,BTXN6843547866,fuzzy_amount,true
STL27918554,BTXN2261606601,fuzzy_amount,true
STL32906007,BTXN1099837896,fuzzy_amount,true
STL39859863,BTXN2098485751,fuzzy_amount,true
STL90385705,BTXN6838817044,fuzzy_amount,true
STL69848398,BTXN1640168066,fuzzy_amount,true
STL95564858,BTXN6205243101,fuzzy_amount,true
STL78989031,BTXN7838956132,fuzzy_amount,true
STL43131736,BTXN8768199216,fuzzy_amount,true
STL66506211,BTXN4992490053,fuzzy_amount,true
STL10305695,BTXN7496840977,fuzzy_amount,true
STL50299345,BTXN4170200734,fuzzy_amount,true
STL43316006,BTXN8650187487,fuzzy_amount,true
STL67448939,BTXN6533143804,fuzzy_amount,true
STL90940943,BTXN6965580129,fuzzy_amount,true
STL65151578,BTXN4807862922,fuzzy_amount,true
STL23122546,BTXN6313656585,fuzzy_amount,true
STL17098488,BTXN2185114766,fuzzy_amount,true
STL61111619,BTXN3336176522,fuzzy_amount,true
STL56416071,BTXN9766825106,fuzzy_amount,true
STL95187186,BTXN3489410271,fuzzy_amount,true
STL51593967,BTXN3591697043,fuzzy_amount,true
STL70347624,BTXN5137524575,fuzzy_amount,true
STL65870993,BTXN5293554265,fuzzy_amount,true
STL19908131,BTXN3998136562,fuzzy_amount,true
STL39111600,BTXN7625866719,fuzzy_amount,true
STL14511426,BTXN9362949575,fuzzy_amount,true
STL86687453,BTXN8264130350,fuzzy_amount,true
STL67695990,BTXN7472759900,fuzzy_amount,true
STL14359240,BTXN1918282009,fuzzy_amount,true
STL24506505,BTXN2157246930,fuzzy_amount,true
STL93438630,BTXN7533356955,fuzzy_amount,true
STL33882178,BTXN9502366284,fuzzy_amount,true
STL79955038,BTXN2774722491,fuzzy_amount,true
STL31796353,BTXN1046864165,fuzzy_amount,true
STL18125697,BTXN4629920918,fuzzy_amount,true
STL57502301,BTXN5506793071,fuzzy_amount,true
STL60586755,BTXN5688752672,fuzzy_amount,true
STL65284136,BTXN7418724029,fuzzy_amount,true
STL96467712,BTXN9018585366,fuzzy_amount,true
STL44715866,BTXN7840338299,fuzzy_amount,true
STL38829551,BTXN5682484056,fuzzy_amount,true
STL65040907,BTXN6772711958,fuzzy_amount,true
STL83373659,BTXN9908553783,fuzzy_amount,true
STL32615236,BTXN2076978280,fuzzy_amount,true
STL62226408,BTXN9424629562,fuzzy_amount,true
STL83019778,BTXN7323675917,fuzzy_amount,true
STL33440896,BTXN5696397508,fuzzy_amount,true
STL20440583,BTXN7966367342,fuzzy_amount,true
STL84762633,BTXN3884048776,fuzzy_amount,true
STL80458212,BTXN9475427046,fuzzy_amount,true
STL70588710,BTXN2325171182,fuzzy_amount,true
STL42111722,BTXN1906269283,fuzzy_amount,true
STL78983526,BTXN5964367856,fuzzy_amount,true
STL51083228,BTXN9201578233,fuzzy_amount,true
STL55399463,BTXN3438069864,fuzzy_amount,true
STL27060284,BTXN4596841077,fuzzy_amount,true
STL88502113,BTXN1310372266,fuzzy_amount,true
STL61567040,BTXN9732066667,fuzzy_amount,true
STL19596940,BTXN7810370860,fuzzy_amount,true
STL58532725,BTXN2930966128,fuzzy_amount,true
STL21627025,BTXN3807300551,fuzzy_amount,true
STL17603365,BTXN3195234770,fuzzy_amount,true
STL68818404,BTXN9375159824,fuzzy_amount,true
STL97260464,BTXN9326149083,fuzzy_amount,true
STL78152161,BTXN7251572905,fuzzy_amount,true
STL66465899,BTXN6811761052,fuzzy_amount,true
STL43628663,BTXN1662160168,fuzzy_amount,true
STL50803418,BTXN9324924667,fuzzy_amount,true
STL54377293,BTXN8756052042,fuzzy_amount,true
STL83448910,BTXN3842495665,fuzzy_amount,true
STL40164241,BTXN9648151138,fuzzy_amount,true
STL24362810,BTXN3539184268,fuzzy_amount,true
STL87330256,BTXN3986836802,fuzzy_amount,true
STL79702176,BTXN4182993890,fuzzy_amount,true
STL66676320,BTXN8935334087,fuzzy_amount,true
STL67768955,BTXN7592611838,fuzzy_amount,true
STL29589610,BTXN6866533970,fuzzy_amount,true
STL48715100,BTXN9948082368,fuzzy_amount,true
STL24184917,BTXN3753182261,fuzzy_amount,true
STL36804212,BTXN5244695293,fuzzy_amount,true
STL70775314,BTXN6903464529,fuzzy_amount,true
STL13259693,BTXN1603851564,fuzzy_amount,true
STL92279737,BTXN8176965098,fuzzy_amount,true
STL72274526,BTXN1094084288,fuzzy_amount,true
STL32596671,BTXN8440331855,fuzzy_amount,true
STL15937860,BTXN7293891893,fuzzy_amount,true
STL66706417,BTXN1689212683,fuzzy_amount,true
STL85887403,BTXN2544767197,fuzzy_amount,true
STL63271125,BTXN7283544811,fuzzy_amount,true
STL38708002,BTXN5137114318,fuzzy_amount,true
STL60263183,BTXN4857606442,fuzzy_amount,true
STL85654287,BTXN4809100560,fuzzy_amount,true
STL88428644,BTXN5024218705,fuzzy_amount,true
STL14793584,BTXN9204785357,fuzzy_amount,true
STL38664986,BTXN7778733597,fuzzy_amount,true
STL15237299,BTXN4700689759,fuzzy_amount,true
STL21713010,BTXN5101654203,fuzzy_amount,true
STL97661571,BTXN8960270821,fuzzy_amount,true
STL99460221,BTXN8445587909,fuzzy_amount,true
STL78998246,BTXN4667924002,fuzzy_amount,true
STL24044274,BTXN9550185091,fuzzy_amount,true
STL95489496,BTXN8343588949,fuzzy_amount,true
STL77949185,BTXN6578577732,fuzzy_amount,true
STL32949623,BTXN9566810472,fuzzy_amount,true
STL75149035,BTXN2257154787,fuzzy_amount,true
STL17172677,BTXN7044067153,fuzzy_amount,true
STL19420351,BTXN1431733973,fuzzy_amount,true
STL33971249,BTXN4178919460,fuzzy_amount,true
STL64855245,BTXN4151673958,fuzzy_amount,true
STL31001513,BTXN5497503906,fuzzy_amount,true
STL47747012,BTXN2103226166,fuzzy_amount,true
STL48304256,BTXN9267401856,fuzzy_amount,true
STL14976948,BTXN5499329066,fuzzy_amount,true
STL57492367,BTXN3042384253,fuzzy_amount,true
STL94147728,BTXN5612930460,fuzzy_amount,true
STL41001495,BTXN9442321468,fuzzy_amount,true
STL76386094,BTXN1246124348,fuzzy_amount,true
STL45567543,BTXN5909040519,fuzzy_amount,true
STL27206881,BTXN4569226393,fuzzy_amount,true
STL47603939,BTXN5995208970,fuzzy_amount,true
STL67569334,BTXN6616725651,fuzzy_amount,true
STL22079538,BTXN4952984251,fuzzy_amount,true
STL95450791,BTXN8354842828,fuzzy_amount,true
STL57779970,BTXN7092745048,fuzzy_amount,true
STL87177603,BTXN4068427264,fuzzy_amount,true
STL11623978,BTXN1912704411,fuzzy_amount,true
STL36790099,BTXN4013957268,fuzzy_amount,true
STL22762103,BTXN1056685161,fuzzy_amount,true
STL54875913,BTXN3407535986,fuzzy_amount,true
STL53309767,BTXN9957607832,fuzzy_amount,true
STL87397631,BTXN4228712244,fuzzy_amount,true
STL22245773,BTXN9663063368,fuzzy_amount,true
STL17907470,BTXN5114209952,fuzzy_amount,true
STL67687772,BTXN9491645474,fuzzy_amount,true
STL30035110,BTXN9777135540,fuzzy_amount,true
STL22990684,BTXN6840625415,fuzzy_amount,true
STL24926380,BTXN7156298967,fuzzy_amount,true
STL25848645,BTXN3344548409,fuzzy_amount,true
STL57665466,BTXN6152968605,fuzzy_amount,true
STL73047881,BTXN3489125284,fuzzy_amount,true
STL18482360,BTXN9529248478,fuzzy_amount,true
STL41479920,BTXN3053910626,fuzzy_amount,true
STL56989012,BTXN6171588845,fuzzy_amount,true
STL37233614,BTXN4689662563,fuzzy_amount,true
STL27198316,BTXN1765941307,fuzzy_amount,true
STL61542860,BTXN1009500001,fuzzy_amount,true
STL84250565,BTXN7691077708,fuzzy_amount,true
STL13737226,BTXN7354545179,fuzzy_amount,true
STL41617065,BTXN3980503816,fuzzy_amount,true
STL56995391,BTXN9716177129,fuzzy_amount,true
STL55111251,BTXN9412129769,fuzzy_amount,true
STL21840633,BTXN1605138408,fuzzy_amount,true
STL10608260,BTXN1883607687,fuzzy_amount,true
STL61857193,BTXN6361511744,fuzzy_amount,true
STL90778931,BTXN8474958527,fuzzy_amount,true
STL54832374,BTXN6616713280,fuzzy_amount,true
STL58128721,BTXN3654275027,fuzzy_amount,true
STL81483531,BTXN7084569898,fuzzy_amount,true
STL47795161,BTXN6605057142,fuzzy_amount,true
STL77050300,BTXN5012449532,fuzzy_amount,true
STL53635509,BTXN4326849931,fuzzy_amount,true
STL99444295,BTXN7964912846,fuzzy_amount,true
STL40885299,BTXN3663679060,fuzzy_amount,true
STL47394442,BTXN6840713618,fuzzy_amount,true
STL79287238,BTXN3711099979,fuzzy_amount,true
STL71821502,BTXN3128021301,fuzzy_amount,true
STL24851771,BTXN6271255585,fuzzy_amount,true
STL26020678,BTXN9578765209,fuzzy_amount,true
STL70019796,BTXN9598224412,fuzzy_amount,true
STL97134867,BTXN5909867234,fuzzy_amount,true
STL32898765,BTXN9387105742,fuzzy_amount,true
STL58464382,BTXN5016450649,fuzzy_amount,true
STL25554265,BTXN1692260865,fuzzy_amount,true
STL62551119,BTXN2468424098,fuzzy_amount,true
STL35883336,BTXN9003180763,fuzzy_amount,true
STL78391115,BTXN1795470153,fuzzy_amount,true
STL79039212,BTXN8123052977,fuzzy_amount,true
STL95092706,BTXN6428670499,fuzzy_amount,true
STL33320642,BTXN8582302820,fuzzy_amount,true
STL58060781,BTXN7179927150,fuzzy_amount,true
STL57665338,BTXN2223569887,fuzzy_amount,true
STL33862501,BTXN3481742251,fuzzy_amount,true
STL71196456,BTXN8008851808,fuzzy_amount,true
STL69114124,BTXN9957198363,fuzzy_amount,true
STL67736609,BTXN1811414871,fuzzy_amount,true
STL66794283,BTXN8893268422,fuzzy_amount,true
STL96295058,BTXN1070033276,fuzzy_amount,true
STL27109250,BTXN7491240668,fuzzy_amount,true
STL12665487,BTXN2433131986,fuzzy_amount,true
STL34494007,BTXN7309639914,fuzzy_amount,true
STL17777983,BTXN1044863447,fuzzy_amount,true
STL80885469,BTXN2936895390,fuzzy_amount,true
STL85934342,BTXN7205801048,fuzzy_amount,true
STL16674610,BTXN7129953363,fuzzy_amount,true
STL95917512,BTXN2375902193,fuzzy_amount,true
STL94013415,BTXN2436168615,fuzzy_amount,true
STL40749632,BTXN4971179056,fuzzy_amount,true
STL95581670,BTXN7960034188,fuzzy_amount,true
STL45285145,BTXN4307723737,fuzzy_amount,true
STL39105795,BTXN6941736542,fuzzy_amount,true
STL61545284,BTXN4275456104,fuzzy_amount,true
STL48891546,BTXN5415127805,fuzzy_amount,true
STL12952291,BTXN4201153872,fuzzy_amount,true
STL46697370,BTXN6118911135,fuzzy_amount,true
STL68149447,BTXN5763694523,fuzzy_amount,true
STL43306967,BTXN9295930400,fuzzy_amount,true
STL65674532,BTXN3432345404,fuzzy_amount,true
STL73313413,BTXN7942323009,fuzzy_amount,true
STL53626546,BTXN8539422314,fuzzy_amount,true
STL20821097,BTXN7955739101,fuzzy_amount,true
STL89775979,BTXN8505033317,fuzzy_amount,true
STL92784261,BTXN1934869936,fuzzy_amount,true
STL90005562,BTXN9856036711,fuzzy_amount,true
STL25370422,BTXN8663678144,fuzzy_amount,true
STL84646408,BTXN2812134512,fuzzy_amount,true
STL92695724,BTXN5293758258,fuzzy_amount,true
STL96969593,BTXN4245754777,fuzzy_amount,true
STL47199396,BTXN6381673774,fuzzy_amount,true
STL64484376,BTXN3018287884,fuzzy_amount,true
STL11016358,BTXN7735647781,fuzzy_amount,true
STL19510088,BTXN7041297852,fuzzy_amount,true
STL10021177,BTXN9619482682,fuzzy_amount,true
STL69766956,BTXN1711086984,fuzzy_amount,true
STL20493527,BTXN6289870992,fuzzy_amount,true
STL29209744,BTXN7285425698,fuzzy_amount,true
STL41788729,BTXN7320561471,fuzzy_amount,true
STL35930646,BTXN8655989848,fuzzy_amount,true
STL99548878,BTXN9882098812,fuzzy_amount,true
STL73482490,BTXN1577023334,fuzzy_amount,true
STL23972180,BTXN3168413772,fuzzy_amount,true
STL53508227,BTXN9248748373,fuzzy_amount,true
STL16050178,BTXN2081266682,fuzzy_amount,true
STL74224760,BTXN4072036411,fuzzy_amount,true
STL33624348,BTXN3016702903,fuzzy_amount,true
STL71166744,BTXN1669376127,fuzzy_amount,true
STL74100114,BTXN6277882131,fuzzy_amount,true
STL49088770,BTXN6543067347,fuzzy_amount,true
STL77939403,BTXN1625150693,fuzzy_amount,true
STL14236230,BTXN9251318745,fuzzy_amount,true
STL81402731,BTXN8640507094,fuzzy_amount,true
STL65659256,BTXN6018068523,fuzzy_amount,true
STL22957382,BTXN1926547127,fuzzy_amount,true
STL39629111,BTXN6235314556,fuzzy_amount,true
STL26779994,BTXN1501504950,fuzzy_amount,true
STL77191418,BTXN9702246354,fuzzy_amount,true
STL85049736,BTXN3138451229,fuzzy_amount,true
STL54225468,BTXN2009237579,fuzzy_amount,true
STL62549676,BTXN9292332680,fuzzy_amount,true
STL18327299,BTXN9973588564,fuzzy_amount,true
STL87218436,BTXN9879447023,fuzzy_amount,true
STL24829002,BTXN5909071222,fuzzy_amount,true
STL22447447,BTXN3074980596,fuzzy_amount,true
STL73695344,BTXN7171990384,fuzzy_amount,true
STL27995190,BTXN8155015602,fuzzy_amount,true
STL84407803,BTXN4785307792,fuzzy_amount,true
STL29274561,BTXN9497375750,fuzzy_amount,true
STL11026216,BTXN7610045611,fuzzy_amount,true
STL60728925,BTXN1396644479,fuzzy_amount,true
STL86864710,BTXN2613808586,fuzzy_amount,true
STL50122958,BTXN2531699455,fuzzy_amount,true
STL17639951,BTXN5126186609,fuzzy_amount,true
STL33730171,BTXN2457536663,fuzzy_amount,true
STL23087136,BTXN3906289888,fuzzy_amount,true
STL30879088,BTXN4457286733,fuzzy_amount,true
STL41528755,BTXN3791223020,fuzzy_amount,true
STL40491858,BTXN9458286945,fuzzy_amount,true
STL96361447,BTXN1441793921,fuzzy_amount,true
STL91741916,BTXN9548859744,fuzzy_amount,true
STL20685512,BTXN9481789608,fuzzy_amount,true
STL53450546,BTXN8329147838,fuzzy_amount,true
STL44796709,BTXN1870364501,fuzzy_amount,true
STL97566891,BTXN1917227668,fuzzy_amount,true
STL24480892,BTXN1334585609,fuzzy_amount,true
STL72998256,BTXN3664862313,fuzzy_amount,true
STL94836532,BTXN4969787876,fuzzy_amount,true
STL98938152,BTXN4138978721,fuzzy_amount,true
STL16269153,BTXN4535004417,fuzzy_amount,true
STL12819142,BTXN1694592760,fuzzy_amount,true
STL83229298,BTXN5806950413,fuzzy_amount,true
STL34056748,BTXN9343456944,fuzzy_amount,true
STL75226818,BTXN5450448343,fuzzy_amount,true
STL36794390,BTXN8112829602,fuzzy_amount,true
STL73323698,BTXN6895453160,fuzzy_amount,true
STL84413448,BTXN1158803545,fuzzy_amount,true
STL63910218,BTXN4240098146,fuzzy_amount,true
STL46662047,BTXN8947001940,fuzzy_amount,true
STL86059375,BTXN4619800140,fuzzy_amount,true
STL78021161,BTXN3875675824,fuzzy_amount,true
STL21660445,BTXN6546438292,fuzzy_amount,true
STL80413026,BTXN8353982445,fuzzy_amount,true
STL44471921,BTXN4731595123,fuzzy_amount,true
STL89094966,BTXN2794412714,fuzzy_amount,true
STL13072120,BTXN6587304656,fuzzy_amount,true
STL81648058,BTXN4274431220,fuzzy_amount,true
STL69215408,BTXN5090865064,fuzzy_amount,true
STL41411644,BTXN1203048629,fuzzy_amount,true
STL72432046,BTXN7306709043,fuzzy_amount,true
STL10870778,BTXN8224403543,fuzzy_amount,true
STL37729321,BTXN8623966585,fuzzy_amount,true
STL75340467,BTXN8299888883,fuzzy_amount,true
STL29497465,BTXN3914201496,llm_reasoned,true
STL37860241,BTXN4877691921,llm_reasoned,true
STL94149004,BTXN9232501465,llm_reasoned,true
STL59899441,BTXN8898648667,llm_reasoned,true
STL78548059,BTXN6037916859,llm_reasoned,true
STL83245363,BTXN5689542396,llm_reasoned,true
STL77522712,BTXN5837604445,llm_reasoned,true
STL35979617,BTXN4221536426,llm_reasoned,true
STL65694045,BTXN4000554270,llm_reasoned,true
STL24015628,BTXN7565604764,llm_reasoned,true
STL48326670,BTXN6724687240,llm_reasoned,true
STL71111149,BTXN1867986116,llm_reasoned,true
STL78822152,BTXN5756521244,llm_reasoned,true
STL89404142,BTXN7235355257,llm_reasoned,true
STL82546496,BTXN2776685623,llm_reasoned,true
STL14389636,BTXN2711473498,llm_reasoned,true
STL77242782,BTXN2228362924,llm_reasoned,true
STL90115522,BTXN7772383946,llm_reasoned,true
STL64490712,BTXN8372390871,llm_reasoned,true
STL35138052,BTXN5022623980,llm_reasoned,true
STL86102730,BTXN5365311243,llm_reasoned,true
STL78061839,BTXN4192207535,llm_reasoned,true
STL60800226,BTXN6992584523,llm_reasoned,true
STL96490768,BTXN2412784711,llm_reasoned,true
STL48647245,BTXN6717622712,llm_reasoned,true
STL30026941,BTXN6259022104,llm_reasoned,true
STL35839977,BTXN1527197371,llm_reasoned,true
STL14273819,BTXN8601950647,llm_reasoned,true
STL94201161,BTXN7293892222,llm_reasoned,true
STL86548496,BTXN5499785681,llm_reasoned,true
STL97500673,BTXN1152310009,llm_reasoned,true
STL81735856,BTXN1072401000,llm_reasoned,true
STL85210959,BTXN6850039777,llm_reasoned,true
STL15092026,BTXN9090404136,llm_reasoned,true
STL78688875,BTXN6888377015,llm_reasoned,true
STL10243970,BTXN9080228731,llm_reasoned,true
STL34382144,BTXN6025754542,llm_reasoned,true
STL60023458,BTXN1265143649,llm_reasoned,true
STL26250163,BTXN3928446954,llm_reasoned,true
STL52539606,BTXN1155575014,llm_reasoned,true
STL62688974,BTXN4642739000,llm_reasoned,true
STL40019721,BTXN3931550847,llm_reasoned,true
STL49886271,BTXN4394948915,llm_reasoned,true
STL91388675,BTXN4731580183,llm_reasoned,true
STL23762567,BTXN5758931367,llm_reasoned,true
STL20516579,BTXN8162607486,llm_reasoned,true
STL28411477,BTXN4500991909,llm_reasoned,true
STL13984759,BTXN3704839096,llm_reasoned,true
STL99700332,BTXN2956836319,llm_reasoned,true
STL57079843,BTXN8432353736,llm_reasoned,true
STL92738032,BTXN1081309201,llm_reasoned,true
STL37130963,BTXN4209241271,llm_reasoned,true
STL78393468,BTXN9850804463,llm_reasoned,true
STL45984317,BTXN1060093811,llm_reasoned,true
STL52908559,BTXN3946369486,llm_reasoned,true
STL82570966,BTXN4248670417,llm_reasoned,true
STL82936904,BTXN5574062349,llm_reasoned,true
STL92218293,BTXN8627150192,llm_reasoned,true
STL85617480,BTXN3204297399,llm_reasoned,true
STL83072295,BTXN1894996931,llm_reasoned,true
STL25821751,BTXN4058772962,llm_reasoned,true
STL63699959,BTXN6406392894,llm_reasoned,true
STL57842971,BTXN8792246124,llm_reasoned,true
STL56396295,BTXN5050613408,llm_reasoned,true
STL85604484,BTXN4412435714,llm_reasoned,true
STL21658635,BTXN3260453952,llm_reasoned,true
STL78942255,BTXN2016153391,llm_reasoned,true
STL68828339,BTXN1942964122,llm_reasoned,true
STL50826532,BTXN9471561561,llm_reasoned,true
STL84226773,BTXN4572841870,llm_reasoned,true
STL31583382,BTXN2493531038,llm_reasoned,true
STL47895107,BTXN2636995340,llm_reasoned,true
STL39898005,BTXN1956004196,llm_reasoned,true
STL56762474,BTXN2268386576,llm_reasoned,true
STL55661621,BTXN5205655126,llm_reasoned,true
STL23617698,BTXN8115578074,llm_reasoned,true
STL63955034,BTXN2331177198,llm_reasoned,true
STL25376128,BTXN2922494271,llm_reasoned,true
STL62364230,BTXN3573433461,llm_reasoned,true
STL40413516,BTXN6631549827,llm_reasoned,true
STL65775814,BTXN3262643735,llm_reasoned,true
STL77074738,BTXN4164809357,llm_reasoned,true
STL74138054,BTXN3935480365,llm_reasoned,true
STL54054142,BTXN5723684905,llm_reasoned,true
STL95566412,BTXN9827791830,llm_reasoned,true
STL84386699,BTXN7416702081,llm_reasoned,true
STL37341878,BTXN8954079867,llm_reasoned,true
STL93437682,BTXN1608721669,llm_reasoned,true
STL71343831,BTXN3608739899,llm_reasoned,true
STL31889608,BTXN3861619220,llm_reasoned,true
STL68046813,BTXN7061236774,llm_reasoned,true
STL63009975,BTXN6135814827,llm_reasoned,true
STL21722969,BTXN7250909901,llm_reasoned,true
STL13462025,BTXN8066542353,llm_reasoned,true
STL11684496,BTXN5792624220,llm_reasoned,true
STL15406109,BTXN2409566298,llm_reasoned,true
STL51283560,BTXN7892884405,llm_reasoned,true
STL88961430,BTXN2653170484,llm_reasoned,true
STL63152169,BTXN3900306678,llm_reasoned,true
STL86961935,BTXN9313405444,llm_reasoned,true
STL85417756,BTXN4942339065,llm_reasoned,true
STL75068298,BTXN1229722522,llm_reasoned,true
STL90312157,BTXN4256744288,llm_reasoned,true
STL46069270,BTXN3652627504,llm_reasoned,true
STL90590672,BTXN2384626843,llm_reasoned,true
STL95910412,BTXN3223123466,llm_reasoned,true
STL68325416,BTXN1920245979,llm_reasoned,true
STL68768724,BTXN2870211729,llm_reasoned,true
STL57253664,BTXN3702720913,llm_reasoned,true
STL54191329,BTXN3906250434,llm_reasoned,true
STL91794012,BTXN1761092907,llm_reasoned,true
STL36085631,BTXN6322747344,llm_reasoned,true
STL75418421,BTXN1295755044,llm_reasoned,true
STL27866587,BTXN2928636967,llm_reasoned,true
STL25997841,BTXN5510180183,llm_reasoned,true
STL15460215,BTXN7168259697,llm_reasoned,true
STL47279762,BTXN5599949190,llm_reasoned,true
STL12535132,BTXN5113932946,llm_reasoned,true
STL76706518,BTXN5980175479,llm_reasoned,true
STL65173346,BTXN1181429472,llm_reasoned,true
STL63734014,BTXN5332951316,llm_reasoned,true
STL20302264,BTXN8126281239,llm_reasoned,true
STL60662998,BTXN2939564580,llm_reasoned,true
STL63583459,BTXN3280489078,llm_reasoned,true
STL73330181,BTXN1062793539,llm_reasoned,true
STL78125368,BTXN8145438421,llm_reasoned,true
STL45654893,BTXN8544220159,llm_reasoned,true
STL78702685,BTXN2090933061,llm_reasoned,true
STL47781941,BTXN3194933034,llm_reasoned,true
STL40781056,BTXN6909099477,llm_reasoned,true
STL34344057,BTXN3057640852,llm_reasoned,true
STL88488194,BTXN4225842778,llm_reasoned,true
STL43792654,BTXN6958210258,llm_reasoned,true
STL99288731,BTXN3379819488,llm_reasoned,true
STL59746033,BTXN3210486700,llm_reasoned,true
STL44748528,BTXN1742609622,llm_reasoned,true
STL74492536,BTXN7530723944,llm_reasoned,true
STL61562678,BTXN3139443465,llm_reasoned,true
STL25888112,BTXN5423427568,llm_reasoned,true
STL66755697,BTXN4968070904,llm_reasoned,true
STL65639036,BTXN6294461020,llm_reasoned,true
STL39382831,BTXN4955326477,llm_reasoned,true
STL53156554,BTXN7707542522,llm_reasoned,true
STL45634947,BTXN8208608569,llm_reasoned,true
STL66233517,BTXN5044635380,llm_reasoned,true
STL60159053,BTXN7838491405,llm_reasoned,true
STL69821324,BTXN2054410127,llm_reasoned,true
STL52363709,BTXN4084671203,llm_reasoned,true
STL69891593,BTXN5043088851,llm_reasoned,true
STL72506415,BTXN4583634258,llm_reasoned,true
STL16771706,BTXN2724666609,llm_reasoned,true
STL87006454,BTXN9871215460,llm_reasoned,true
STL96050043,BTXN9785127655,llm_reasoned,true
STL86043888,BTXN7290233082,llm_reasoned,true
STL83630711,BTXN2246314947,llm_reasoned,true
STL92777433,BTXN7422531435,llm_reasoned,true
STL64939279,BTXN3220414296,llm_reasoned,true
STL37217253,BTXN3097771133,llm_reasoned,true
STL85434930,BTXN5144708101,llm_reasoned,true
STL91897634,BTXN3497771728,llm_reasoned,true
STL44520764,BTXN8321776821,llm_reasoned,true
STL78521780,BTXN2921380996,llm_reasoned,true
STL30426602,BTXN9872057149,llm_reasoned,true
STL65679570,BTXN4435939407,llm_reasoned,true
STL59269072,BTXN9234767157,llm_reasoned,true
STL19007611,BTXN4544080851,llm_reasoned,true
STL27332490,BTXN9518375819,llm_reasoned,true
STL84667493,BTXN8054419522,llm_reasoned,true
STL77274136,BTXN7701190860,llm_reasoned,true
STL94633007,BTXN9173599435,llm_reasoned,true
STL96955800,BTXN2988248056,llm_reasoned,true
STL24247171,BTXN5374916597,llm_reasoned,true
STL68279023,BTXN8111001852,llm_reasoned,true
STL69619737,BTXN4957560450,llm_reasoned,true
STL89063693,BTXN1353434306,llm_reasoned,true
STL69878058,BTXN2819142505,llm_reasoned,true
STL10554038,BTXN5292879600,llm_reasoned,true
STL31058693,BTXN5848214955,llm_reasoned,true
STL28987473,BTXN4730678544,llm_reasoned,true
STL62880140,BTXN5293309996,llm_reasoned,true
STL79889442,BTXN7628198290,llm_reasoned,true
STL67481376,BTXN6367105676,llm_reasoned,true
STL28992452,BTXN6570637448,llm_reasoned,true
STL38635668,BTXN3439808235,llm_reasoned,true
STL31173042,BTXN7259612265,llm_reasoned,true
STL52801648,BTXN2208863271,llm_reasoned,true
STL37038879,BTXN3047892237,llm_reasoned,true
STL11690927,BTXN8258746411,llm_reasoned,true
STL66466287,BTXN1044284456,llm_reasoned,true
STL59625009,BTXN6283839849,llm_reasoned,true
STL56343358,BTXN6158767351,llm_reasoned,true
STL31934648,BTXN4940297530,llm_reasoned,true
STL65880092,BTXN3566085555,llm_reasoned,true
STL60162748,BTXN5015786334,llm_reasoned,true
STL73373143,BTXN2116592859,llm_reasoned,true
STL84722976,BTXN4480415878,llm_reasoned,true
STL86701139,BTXN3776413137,llm_reasoned,true
STL48250577,BTXN5237202154,llm_reasoned,true
STL46668911,BTXN3598721414,llm_reasoned,true
STL11431477,BTXN9121823188,llm_reasoned,true
STL75157153,BTXN4462297939,llm_reasoned,true
STL74817429,BTXN2125663333,llm_reasoned,true
STL25768533,BTXN8982239393,llm_reasoned,true
STL89108513,BTXN3270838001,llm_reasoned,true
STL43842501,BTXN4644080920,llm_reasoned,true
STL57321801,BTXN1830555701,llm_reasoned,true
STL64606840,BTXN5699233025,llm_reasoned,true
STL93215486,BTXN1691459718,llm_reasoned,true
STL67469283,BTXN3096427963,llm_reasoned,true
STL21056463,BTXN1124413253,llm_reasoned,true
STL90033700,BTXN4163907058,llm_reasoned,true
STL67825059,BTXN9955615759,llm_reasoned,true
STL56298388,BTXN6141911540,llm_reasoned,true
STL53932169,BTXN5889351240,llm_reasoned,true
STL34848676,BTXN5366149622,llm_reasoned,true
STL36684604,BTXN7078720988,llm_reasoned,true
STL46608405,BTXN2428438739,llm_reasoned,true
STL20734531,BTXN9876993483,llm_reasoned,true
STL26560105,BTXN3979572449,llm_reasoned,true
STL31689669,BTXN2475652519,llm_reasoned,true
STL54493493,BTXN3238948176,llm_reasoned,true
STL43055730,BTXN3395371140,llm_reasoned,true
STL90573304,BTXN1400491759,llm_reasoned,true
STL82219195,BTXN5293062004,llm_reasoned,true
STL56887820,BTXN3386032569,llm_reasoned,true
STL55055113,BTXN4761925336,llm_reasoned,true
STL92902014,BTXN4192423434,llm_reasoned,true
STL51321212,BTXN7341406033,llm_reasoned,true
STL35695519,BTXN8907926438,llm_reasoned,true
STL84172879,BTXN1313788388,llm_reasoned,true
STL69392487,BTXN8918307441,llm_reasoned,true
STL19572128,BTXN2674788759,llm_reasoned,true
STL12813830,BTXN3030531411,llm_reasoned,true
STL18790863,BTXN1090870317,llm_reasoned,true
STL10090331,BTXN7531445787,llm_reasoned,true
STL49936806,BTXN5722128421,llm_reasoned,true
STL63671813,BTXN2713073791,llm_reasoned,true
STL40634319,BTXN4965953033,llm_reasoned,true
STL34197005,BTXN3650841692,llm_reasoned,true
STL59594818,BTXN2767773656,llm_reasoned,true
STL93970022,BTXN2910748747,llm_reasoned,true
STL96041462,BTXN4667363718,llm_reasoned,true
STL52889263,BTXN7675318539,llm_reasoned,true
STL54449713,BTXN9701393371,llm_reasoned,true
STL65871754,BTXN7859382984,llm_reasoned,true
STL45311133,BTXN4794844127,llm_reasoned,true
STL23977621,BTXN7424487117,llm_reasoned,true
STL40747206,BTXN9728106700,llm_reasoned,true
STL25555001,BTXN5983006092,llm_reasoned,true
STL52614720,BTXN1196544779,llm_reasoned,true
STL46331611,BTXN8897657884,llm_reasoned,true
STL14162994,BTXN5340791929,llm_reasoned,true
STL29203775,BTXN1147864058,llm_reasoned,true
STL73326804,BTXN7754122222,llm_reasoned,true
STL90499630,BTXN2926311985,llm_reasoned,true
STL66883374,BTXN3990597707,llm_reasoned,true
STL94935364,BTXN3395489556,llm_reasoned,true
STL19520606,BTXN9842399805,llm_reasoned,true
STL58385331,BTXN3178638879,llm_reasoned,true
STL57696029,BTXN7230903850,llm_reasoned,true
STL81887831,BTXN7094605870,llm_reasoned,true
STL37800034,BTXN2179328440,llm_reasoned,true
STL60722054,BTXN6355819302,llm_reasoned,true
STL11280494,BTXN4137680824,llm_reasoned,true
STL24166144,BTXN1526241774,llm_reasoned,true
STL28306771,BTXN5867991987,llm_reasoned,true
STL51646904,BTXN7418562154,llm_reasoned,true
STL81569760,BTXN9257901913,llm_reasoned,true
STL76094650,BTXN5057466666,llm_reasoned,true
STL11252471,BTXN6411200009,llm_reasoned,true
STL34645084,BTXN3487999997,llm_reasoned,true
STL35980604,BTXN7117347720,llm_reasoned,true
STL31716547,BTXN8947884469,llm_reasoned,true
STL28277305,BTXN9870651299,llm_reasoned,true
STL16422475,BTXN7232838442,llm_reasoned,true
STL38905003,BTXN9361070143,llm_reasoned,true
STL91647477,BTXN5899546522,llm_reasoned,true
STL35169855,BTXN6540003171,llm_reasoned,true
STL68407118,BTXN7614514814,llm_reasoned,true
STL33361175,BTXN5693411726,llm_reasoned,true
STL46465282,BTXN2331324699,llm_reasoned,true
STL76173334,BTXN5342657412,llm_reasoned,true
STL73002839,BTXN5080006170,llm_reasoned,true
STL15719551,BTXN3305427295,llm_reasoned,true
STL73617767,BTXN8037560591,llm_reasoned,true
STL39799483,BTXN3480489826,llm_reasoned,true
STL81058927,BTXN6082658671,llm_reasoned,true
STL46186102,BTXN7018759301,llm_reasoned,true
STL38821898,BTXN6434430331,llm_reasoned,true
STL68952302,BTXN1721827873,llm_reasoned,true
STL63640812,BTXN6360831266,llm_reasoned,true
STL92518837,BTXN5775523824,llm_reasoned,true
STL49311987,BTXN6317820782,llm_reasoned,true
STL20160511,BTXN8440706744,llm_reasoned,true
STL42040670,BTXN3886667035,llm_reasoned,true
STL76537401,BTXN2082443565,llm_reasoned,true
STL43887849,BTXN1910410356,llm_reasoned,true
STL52877205,BTXN6914243427,llm_reasoned,true
STL33117146,BTXN4684247486,llm_reasoned,true
STL42879423,BTXN6236803179,llm_reasoned,true
STL39104712,BTXN1774057257,llm_reasoned,true
STL38737952,BTXN4895967387,llm_reasoned,true
STL21237842,BTXN9948166475,llm_reasoned,true
STL47576925,BTXN4649109824,llm_reasoned,true
STL31602011,BTXN1978617132,llm_reasoned,true
STL13563649,BTXN3603344259,llm_reasoned,true
STL46988977,BTXN9329769860,llm_reasoned,true
STL28910075,BTXN8069442827,llm_reasoned,true
STL41022382,BTXN8735386148,llm_reasoned,true
STL70047877,BTXN4719558078,llm_reasoned,true
STL62262983,BTXN2416904907,llm_reasoned,true
STL92594994,BTXN6919273473,llm_reasoned,true
STL22563758,BTXN3772963327,llm_reasoned,true
STL59918884,BTXN2446399510,llm_reasoned,true
STL42584132,BTXN8424727680,llm_reasoned,true
STL13171212,BTXN1550079742,llm_reasoned,true
STL26923690,BTXN8003950322,llm_reasoned,true
STL96253131,BTXN7072386491,llm_reasoned,true
STL83005924,BTXN8967117616,llm_reasoned,true
STL20856957,BTXN1077326106,llm_reasoned,true
STL11908672,BTXN2051498308,llm_reasoned,true
STL91417004,BTXN2702142974,llm_reasoned,true
STL11755133,BTXN8935006089,llm_reasoned,true
STL62615831,BTXN7691940818,llm_reasoned,true
STL61720348,BTXN4757891328,llm_reasoned,true
STL71112477,BTXN1013343912,llm_reasoned,true
STL81318173,BTXN3418948916,llm_reasoned,true
STL38543650,BTXN1951997128,llm_reasoned,true
STL31648495,BTXN1622028603,llm_reasoned,true
STL99094808,BTXN9188554798,llm_reasoned,true
STL15263403,BTXN1427606069,llm_reasoned,true
STL50598357,BTXN7714625070,llm_reasoned,true
STL14507093,BTXN7792993855,llm_reasoned,true
STL23765110,BTXN5173451810,llm_reasoned,true
STL94854101,BTXN2195947852,llm_reasoned,true
STL20668526,BTXN9001487150,llm_reasoned,true
STL40626642,BTXN4519577308,llm_reasoned,true
STL79067288,BTXN1954089244,llm_reasoned,true
STL68553693,BTXN2646992876,llm_reasoned,true
STL52428950,BTXN7361059140,llm_reasoned,true
STL14382356,BTXN1437544708,llm_reasoned,true
STL55194229,BTXN7570341286,llm_reasoned,true
STL40560609,BTXN8835273249,llm_reasoned,true
STL95349293,BTXN4436869419,llm_reasoned,true
STL70665647,BTXN2808971235,llm_reasoned,true
STL41957026,BTXN2296193419,llm_reasoned,true
STL85555337,BTXN4794413097,llm_reasoned,true
STL45069153,BTXN6969075039,llm_reasoned,true
STL49186577,BTXN2484140743,llm_reasoned,true
STL25372142,BTXN5927907229,llm_reasoned,true
STL60741052,BTXN7123626418,llm_reasoned,true
STL95714612,BTXN5164153877,llm_reasoned,true
STL65108345,BTXN8527082610,llm_reasoned,true
STL60874740,BTXN6339583169,llm_reasoned,true
STL78681119,BTXN6356515591,llm_reasoned,true
STL27324263,BTXN8195386804,llm_reasoned,true
STL31258229,BTXN9875557593,llm_reasoned,true
STL35890570,BTXN4810995643,llm_reasoned,true
STL36947169,BTXN8691614105,llm_reasoned,true
STL36185143,BTXN1775200141,llm_reasoned,true
STL31654325,BTXN3085340367,llm_reasoned,true
STL59159944,BTXN6518615301,llm_reasoned,true
STL68105476,BTXN9731467398,llm_reasoned,true
STL52844352,BTXN6140783250,llm_reasoned,true
STL58764129,BTXN1620402113,llm_reasoned,true
STL17981048,BTXN4295065687,llm_reasoned,true
STL95510143,BTXN3565259704,llm_reasoned,true
STL97901565,BTXN1503126812,llm_reasoned,true
STL76229947,BTXN9491924586,llm_reasoned,true
STL73058492,BTXN6994080709,llm_reasoned,true
STL68438454,BTXN5364729182,llm_reasoned,true
STL54994826,BTXN9868304865,llm_reasoned,true
STL91559741,BTXN9879932427,llm_reasoned,true
STL68879508,BTXN5948362675,llm_reasoned,true
STL50888611,BTXN9210421313,llm_reasoned,true
STL61517501,BTXN1107527531,llm_reasoned,true
STL61094713,BTXN1937271686,llm_reasoned,true
STL14168176,BTXN1943043793,llm_reasoned,true
STL22794212,BTXN7035417903,llm_reasoned,true
STL77691534,BTXN5782010478,llm_reasoned,true
STL94569859,BTXN5705117049,llm_reasoned,true
STL56169734,BTXN5561563719,llm_reasoned,true
STL83819509,BTXN8301824960,llm_reasoned,true
STL91700107,BTXN2414493506,llm_reasoned,true
STL86396588,BTXN8494240222,llm_reasoned,true
STL97432232,BTXN7686305985,llm_reasoned,true
STL51661505,BTXN7169378064,llm_reasoned,true
STL59888721,BTXN5580408548,llm_reasoned,true
STL46880844,BTXN6550818482,llm_reasoned,true
STL66672203,BTXN9906347314,llm_reasoned,true
STL83846845,BTXN5128174736,llm_reasoned,true
STL91930381,BTXN5696834018,llm_reasoned,true
STL15459004,BTXN2251273196,llm_reasoned,true
STL22188730,BTXN4323786216,llm_reasoned,true
STL31488992,BTXN7974513377,llm_reasoned,true
STL55976801,BTXN1703166164,llm_reasoned,true
STL20645780,BTXN5635620522,llm_reasoned,true
STL93732998,BTXN5261489099,llm_reasoned,true
STL88187911,BTXN8703336953,llm_reasoned,true
STL90183178,BTXN3421036681,llm_reasoned,true
STL10450384,BTXN7177044171,llm_reasoned,true
STL39111642,BTXN9616153498,llm_reasoned,true
STL66138326,BTXN1846543203,llm_reasoned,true
STL21785053,BTXN8628712893,llm_reasoned,true
STL87071907,BTXN4096091797,llm_reasoned,true
STL12482850,BTXN7145452819,llm_reasoned,true
STL47521998,BTXN4983792114,llm_reasoned,true
STL71384865,BTXN7206174486,llm_reasoned,true
STL97518125,BTXN2837151252,llm_reasoned,true
STL33108666,BTXN4992587486,llm_reasoned,true
STL84022776,BTXN7979049295,llm_reasoned,true
STL72192359,BTXN9745881238,llm_reasoned,true
STL40992782,BTXN7170439921,llm_reasoned,true
STL74764464,BTXN1183949013,llm_reasoned,true
STL72271729,BTXN3050729942,llm_reasoned,true
STL63460926,BTXN5047521618,llm_reasoned,true
STL19971024,BTXN1199755336,llm_reasoned,true
STL68053830,BTXN1403582735,llm_reasoned,true
STL13524484,BTXN7247417924,llm_reasoned,true
STL55827665,BTXN3492638904,llm_reasoned,true
STL80021797,BTXN8118481879,llm_reasoned,true
STL25232700,BTXN7957331735,llm_reasoned,true
STL11214840,BTXN2905685022,llm_reasoned,true
STL14807387,BTXN3225355511,llm_reasoned,true
STL71121822,BTXN1972153549,llm_reasoned,true
STL50648543,BTXN6998027918,llm_reasoned,true
STL18268662,BTXN4824183949,llm_reasoned,true
STL69517329,BTXN5027669256,llm_reasoned,true
STL18424463,BTXN6896586767,llm_reasoned,true
STL43572997,BTXN6478630035,llm_reasoned,true
STL96788820,BTXN9313155501,llm_reasoned,true
STL54422159,BTXN3275234812,llm_reasoned,true
STL14342081,BTXN4096743855,llm_reasoned,true
STL52004856,BTXN5221176036,llm_reasoned,true
STL50061405,BTXN5793796296,llm_reasoned,true
STL15431601,BTXN5817029129,llm_reasoned,true
STL33478988,BTXN1870262312,llm_reasoned,true
STL70591477,BTXN9722420985,llm_reasoned,true
STL91741763,BTXN7240595003,llm_reasoned,true
STL91442915,BTXN9598423898,llm_reasoned,true
STL84435263,BTXN1754195738,llm_reasoned,true
STL64274455,BTXN8089046146,llm_reasoned,true
STL98766745,BTXN2662312545,llm_reasoned,true
STL48699151,BTXN6069532787,llm_reasoned,true
STL40117254,BTXN1514853911,llm_reasoned,true
STL77118962,BTXN1797340683,llm_reasoned,true
STL49166758,BTXN9507402260,llm_reasoned,true
STL27889988,BTXN4531905278,llm_reasoned,true
STL44100881,BTXN3392082053,llm_reasoned,true
STL31759933,BTXN7414111176,llm_reasoned,true
STL42063108,BTXN1804628684,llm_reasoned,true
STL36033365,BTXN2663349795,llm_reasoned,true
STL93617503,BTXN1352443324,llm_reasoned,true
STL64347747,BTXN5583762753,llm_reasoned,true
STL68191570,BTXN6041118344,llm_reasoned,true
STL28528338,BTXN2941481415,llm_reasoned,true
STL97350727,BTXN5114129880,llm_reasoned,true
STL43915776,BTXN3667326537,llm_reasoned,true
STL70063491,BTXN2201495008,llm_reasoned,true
STL12318587,BTXN2751227675,llm_reasoned,true
STL93028281,BTXN7451908040,llm_reasoned,true
STL26849074,BTXN9399427907,llm_reasoned,true
STL85615542,BTXN9919328337,llm_reasoned,true
STL25781868,BTXN2357554878,llm_reasoned,true
STL18888339,BTXN4108867593,llm_reasoned,true
STL91456987,BTXN7403360396,llm_reasoned,true
STL31740393,BTXN7228467172,llm_reasoned,true
STL98393710,BTXN5882476873,llm_reasoned,true
STL64504899,BTXN8412566515,llm_reasoned,true
STL80026193,BTXN2865100470,llm_reasoned,true
STL13130553,BTXN7016552532,llm_reasoned,true
STL92588958,BTXN6599334164,llm_reasoned,true
STL16993431,BTXN9917049271,llm_reasoned,true
STL55462382,BTXN4357059954,llm_reasoned,true
STL94778817,BTXN2262336229,llm_reasoned,true
STL34471441,BTXN5533828962,llm_reasoned,true
STL57851403,BTXN7551240062,llm_reasoned,true
STL54062321,BTXN6913950851,llm_reasoned,true
STL80430984,BTXN6948326754,llm_reasoned,true
STL76495738,BTXN8309340545,llm_reasoned,true
STL12276349,BTXN7244151401,llm_reasoned,true
STL34517538,BTXN5706656785,llm_reasoned,true
STL36245873,BTXN7015360276,llm_reasoned,true
STL16770321,BTXN3751251659,llm_reasoned,true
STL76165757,BTXN3657107341,llm_reasoned,true
STL23051623,BTXN9117526155,llm_reasoned,true
STL84954671,BTXN2640530358,llm_reasoned,true
STL20327493,BTXN8215510418,llm_reasoned,true
STL78222499,BTXN7328277012,llm_reasoned,true
STL82318164,BTXN1273170424,llm_reasoned,true
STL79882458,BTXN4068381206,llm_reasoned,true
STL88743710,BTXN9950076698,llm_reasoned,true
STL98033535,BTXN2438766792,llm_reasoned,true
STL32086535,BTXN9002309924,llm_reasoned,true
STL53824703,BTXN6978711833,llm_reasoned,true
STL19377308,BTXN4581670017,llm_reasoned,true
STL60442967,BTXN4769194888,llm_reasoned,true
STL22230953,BTXN8067869997,llm_reasoned,true
STL64530213,BTXN3655540669,llm_reasoned,true
STL77365762,BTXN9412214649,llm_reasoned,true
STL29497594,BTXN3402196300,llm_reasoned,true
STL81569091,BTXN6278402259,llm_reasoned,true
STL85647408,BTXN7215805728,llm_reasoned,true
STL17619622,BTXN6782533106,llm_reasoned,true
STL96102513,BTXN9729646692,llm_reasoned,true
STL33891547,BTXN8404493426,llm_reasoned,true
STL11132241,BTXN1030997317,llm_reasoned,true
STL30152532,BTXN5273811235,llm_reasoned,true
STL76589537,BTXN8233824123,llm_reasoned,true
STL35288812,BTXN6514569386,llm_reasoned,true
STL47850340,BTXN8880162996,llm_reasoned,true
STL87786600,BTXN2444295335,llm_reasoned,true
STL60479270,BTXN5845409980,llm_reasoned,true
STL17347863,BTXN2000020774,llm_reasoned,true
STL31773482,BTXN6481881158,llm_reasoned,true
STL69828533,BTXN4143097177,llm_reasoned,true
STL11030344,BTXN8446301381,llm_reasoned,true
STL25495741,BTXN8007279725,llm_reasoned,true
STL68933117,BTXN9919386279,llm_reasoned,true
STL15474089,BTXN3293241214,llm_reasoned,true
STL75466889,BTXN6516345209,llm_reasoned,true
STL38000749,BTXN6175492968,llm_reasoned,true
STL57789869,BTXN7092649329,llm_reasoned,true
STL38385335,BTXN4031980587,llm_reasoned,true
STL67141081,BTXN2588094389,llm_reasoned,true
STL93835391,BTXN2063932262,llm_reasoned,true
STL22261443,BTXN7331428964,llm_reasoned,true
STL25119324,BTXN8334508438,llm_reasoned,true
STL23716693,BTXN3689157547,llm_reasoned,true
STL88868244,BTXN3127254262,llm_reasoned,true
STL13156920,BTXN4425861808,llm_reasoned,true
STL11283335,BTXN6822786638,llm_reasoned,true
STL14838693,BTXN7903958120,llm_reasoned,true
STL68342370,BTXN1851870326,llm_reasoned,true
STL82621970,BTXN4965485216,llm_reasoned,true
STL46484395,BTXN5735810707,llm_reasoned,true
STL28693863,BTXN4743409203,llm_reasoned,true
STL46886643,BTXN9925818085,llm_reasoned,true
STL75347728,BTXN6522023786,llm_reasoned,true
STL11605110,BTXN9707555314,llm_reasoned,true
STL21651637,BTXN8537887700,llm_reasoned,true
STL22097638,BTXN3881268993,llm_reasoned,true
STL69358545,BTXN6004729036,llm_reasoned,true
STL77600346,BTXN6191756866,llm_reasoned,true
STL35175572,BTXN2370732671,llm_reasoned,true
STL95967653,BTXN2898797827,llm_reasoned,true
STL58233570,BTXN9206856985,llm_reasoned,true
STL58755574,BTXN9131652502,llm_reasoned,true
STL85992943,BTXN1268073083,llm_reasoned,true
STL92786513,BTXN7774218115,llm_reasoned,true
STL19432076,BTXN1891909951,llm_reasoned,true
STL96977458,BTXN9124756770,llm_reasoned,true
STL37771742,BTXN1129343442,llm_reasoned,true
STL28963260,BTXN1410179023,llm_reasoned,true
STL83631622,BTXN7607475590,llm_reasoned,true
STL84642078,BTXN4775955984,llm_reasoned,true
STL20370759,BTXN9517358781,llm_reasoned,true
STL61670311,BTXN6796041759,llm_reasoned,true
STL12028751,BTXN6852832151,llm_reasoned,true
STL72179424,BTXN3582104191,llm_reasoned,true
STL32230669,BTXN5847449986,llm_reasoned,true
STL66088358,BTXN5923576224,llm_reasoned,true
STL28158524,BTXN4319172831,llm_reasoned,true
STL31590418,BTXN1559774523,llm_reasoned,true
STL18497843,BTXN9064629966,llm_reasoned,true
STL57142552,BTXN8274897671,llm_reasoned,true
STL35476105,BTXN8803687947,llm_reasoned,true
STL69506413,BTXN4783414705,llm_reasoned,true
STL29547415,BTXN5111877903,llm_reasoned,true
STL51081121,BTXN5504244939,llm_reasoned,true
STL51934006,BTXN2326878103,llm_reasoned,true
STL86514596,BTXN2183652756,llm_reasoned,true
STL18302008,BTXN1829080142,llm_reasoned,true
STL73862517,BTXN8865912576,llm_reasoned,true
STL28601209,BTXN9227462496,llm_reasoned,true
STL73833925,BTXN9027831306,llm_reasoned,true
STL36698765,BTXN2073340041,llm_reasoned,true
STL93750090,BTXN8835337134,llm_reasoned,true
STL13027878,BTXN2007995863,llm_reasoned,true
STL52497285,BTXN5322527660,llm_reasoned,true
STL78592132,BTXN3220788060,llm_reasoned,true
STL26343891,BTXN2183294846,llm_reasoned,true
STL43942549,BTXN8419604543,llm_reasoned,true
STL71169490,BTXN4253244253,llm_reasoned,true
STL73241140,BTXN7118435236,llm_reasoned,true
STL29459927,BTXN3072650661,llm_reasoned,true
STL27160231,BTXN2020267521,llm_reasoned,true
STL87961878,BTXN1201361667,llm_reasoned,true
STL75945287,BTXN4728066704,llm_reasoned,true
STL75558700,BTXN6572682879,llm_reasoned,true
STL32688740,BTXN3749252456,llm_reasoned,true
STL36362137,BTXN3828835817,llm_reasoned,true
STL77757703,BTXN3134508210,llm_reasoned,true
STL29663741,BTXN8754521823,llm_reasoned,true
STL66601919,BTXN5205946063,llm_reasoned,true
STL59905491,BTXN2729513745,llm_reasoned,true
STL38165279,BTXN5266023475,llm_reasoned,true
STL72645513,BTXN9126447372,llm_reasoned,true
STL46995986,BTXN9320985223,llm_reasoned,true
STL21446192,BTXN8506664760,llm_reasoned,true
STL46811576,BTXN5094490825,llm_reasoned,true
STL74122817,BTXN2821581835,llm_reasoned,true
STL17384587,BTXN3913562981,llm_reasoned,true
STL26142893,BTXN9790369919,llm_reasoned,true
STL13330289,BTXN9866192282,llm_reasoned,true
STL64700635,BTXN2428597420,llm_reasoned,true
STL99722619,BTXN4530499730,llm_reasoned,true
STL90201542,BTXN8815946677,llm_reasoned,true
STL52519774,BTXN4667174464,llm_reasoned,true
STL45446035,BTXN3658182576,llm_reasoned,true
STL22309313,BTXN5409689796,llm_reasoned,true
STL61675533,BTXN1526562378,llm_reasoned,true
STL86708409,BTXN6969491347,llm_reasoned,true
STL68486943,BTXN4431492528,llm_reasoned,true
STL51875269,BTXN3474772682,llm_reasoned,true
STL75905583,BTXN2900575334,llm_reasoned,true
STL43919062,BTXN2012267232,llm_reasoned,true
STL81533209,BTXN2805872332,llm_reasoned,true
STL30094967,BTXN2849746956,llm_reasoned,true
STL19433255,BTXN1473779636,llm_reasoned,true
STL93926409,BTXN6079932828,llm_reasoned,true
STL88577085,BTXN4552208359,llm_reasoned,true
STL33662050,BTXN2075382280,llm_reasoned,true
STL83681745,BTXN6206282439,llm_reasoned,true
STL54255493,BTXN8428117183,llm_reasoned,true
STL93272898,BTXN6874470603,llm_reasoned,true
STL53103092,BTXN3984241387,llm_reasoned,true
STL83117092,BTXN1756939877,llm_reasoned,true
STL46085783,BTXN9503451171,llm_reasoned,true
STL24453401,BTXN2909560725,llm_reasoned,true
STL76662121,BTXN5831852294,llm_reasoned,true
STL44892951,BTXN2566237053,llm_reasoned,true
STL27862553,BTXN8762999888,llm_reasoned,true
STL26462241,BTXN1476254313,llm_reasoned,true
STL52483991,BTXN2047223339,llm_reasoned,true
STL89936836,BTXN2969844842,llm_reasoned,true
STL93109503,BTXN6051341457,llm_reasoned,true
STL30185982,BTXN1054053426,llm_reasoned,true
STL20156121,BTXN5094870236,llm_reasoned,true
STL56110994,BTXN8598681388,llm_reasoned,true
STL20441722,BTXN7694492850,llm_reasoned,true
STL10874614,BTXN9987742677,llm_reasoned,true
STL23671825,BTXN2411404276,llm_reasoned,true
STL13471419,BTXN8194291603,llm_reasoned,true
STL79960993,BTXN3090168193,llm_reasoned,true
STL92212635,BTXN5586244176,llm_reasoned,true
STL55930192,BTXN7058202113,llm_reasoned,true
STL36697141,BTXN1224689628,llm_reasoned,true
STL74271703,BTXN5552219961,llm_reasoned,true
STL91796254,BTXN7998365236,llm_reasoned,true
STL90856302,BTXN1174972955,llm_reasoned,true
STL24558146,BTXN7721862659,llm_reasoned,true
STL17006048,BTXN4142578981,llm_reasoned,true
STL47890683,BTXN3421739187,llm_reasoned,true
STL78028096,BTXN7477478769,llm_reasoned,true
STL92643949,BTXN8708475972,llm_reasoned,true
STL21908083,BTXN9263581867,llm_reasoned,true
STL38002215,BTXN8413150072,llm_reasoned,true
STL51490896,BTXN5335094763,llm_reasoned,true
STL38474900,BTXN9768601555,llm_reasoned,true
STL46276819,BTXN6815760234,llm_reasoned,true
STL32614940,BTXN6962229280,llm_reasoned,true
STL60388931,BTXN5861182904,llm_reasoned,true
STL23210619,BTXN2362940150,llm_reasoned,true
STL28707701,BTXN9206652204,llm_reasoned,true
STL83613673,BTXN4583013366,llm_reasoned,true
STL35231339,BTXN6643723526,llm_reasoned,true
STL36857355,BTXN8001693811,llm_reasoned,true
STL18115447,BTXN6707275915,llm_reasoned,true
STL75131747,BTXN3671039848,llm_reasoned,true
STL64471123,BTXN4554005171,llm_reasoned,true
STL56571587,BTXN3798741710,llm_reasoned,true
STL48795379,BTXN1686002125,llm_reasoned,true
STL80053798,BTXN9564102661,llm_reasoned,true
STL55124830,BTXN9675904954,llm_reasoned,true
STL52578303,BTXN9105456108,llm_reasoned,true
STL91330778,BTXN6573201172,llm_reasoned,true
STL25578888,BTXN4979128971,llm_reasoned,true
STL94602466,BTXN6836564507,llm_reasoned,true
STL87686886,BTXN7772643171,llm_reasoned,true
STL79745243,BTXN5365804202,llm_reasoned,true
STL57271140,BTXN1261954959,llm_reasoned,true
STL39586040,BTXN3768709130,llm_reasoned,true
STL71433951,BTXN6116503204,llm_reasoned,true
STL85173901,BTXN1028701354,llm_reasoned,true
STL26376342,BTXN9837161774,llm_reasoned,true
STL48765785,BTXN4845908360,llm_reasoned,true
STL13633056,BTXN9984520460,llm_reasoned,true
STL12299586,BTXN6519037687,llm_reasoned,true
STL28633862,BTXN1721342833,llm_reasoned,true
STL66462162,BTXN2505473236,llm_reasoned,true
STL38143615,BTXN4023445846,llm_reasoned,true
STL58631006,BTXN5429118587,llm_reasoned,true
STL73276955,BTXN2079264778,llm_reasoned,true
STL29394179,BTXN8493206384,llm_reasoned,true
STL28521675,BTXN9844199907,llm_reasoned,true
STL25386579,BTXN2233696949,llm_reasoned,true
STL76528415,BTXN8055614319,llm_reasoned,true
STL95879311,BTXN7375242788,llm_reasoned,true
STL73257925,BTXN5041674054,llm_reasoned,true
STL35125332,BTXN4169656068,llm_reasoned,true
STL86956839,BTXN7333127341,llm_reasoned,true
STL36700558,BTXN5398630836,llm_reasoned,true
STL31492883,BTXN7706567268,llm_reasoned,true
STL97502872,BTXN1212365573,llm_reasoned,true
STL67360475,BTXN8112002516,llm_reasoned,true
STL66832862,BTXN7860095258,llm_reasoned,true
STL82772367,BTXN6809119747,llm_reasoned,true
STL13066443,BTXN4782999339,llm_reasoned,true
STL49040681,BTXN4904268170,llm_reasoned,true
STL41502274,BTXN9119429260,llm_reasoned,true
STL63860725,BTXN3953779435,llm_reasoned,true
STL26397066,BTXN8374152955,llm_reasoned,true
STL68437753,BTXN5904959073,llm_reasoned,true
STL34948359,BTXN5869507093,llm_reasoned,true
STL30978044,BTXN2757736111,llm_reasoned,true
STL12442178,BTXN8932616339,llm_reasoned,true
STL62326080,BTXN1046720722,llm_reasoned,true
STL62274120,BTXN9540752170,llm_reasoned,true
STL51552962,BTXN9203717758,llm_reasoned,true
STL64794796,BTXN9572540558,llm_reasoned,true
STL20306233,BTXN1662524719,llm_reasoned,true
STL62974395,BTXN8541593219,llm_reasoned,true
STL46374295,BTXN8976232759,llm_reasoned,true
STL43256772,BTXN2836052116,llm_reasoned,true
STL65035217,BTXN2084848406,llm_reasoned,true
STL32365310,BTXN9955334219,llm_reasoned,true
STL33820522,BTXN5899537253,llm_reasoned,true
STL45733729,BTXN7156673260,llm_reasoned,true
STL17218507,BTXN9371233681,llm_reasoned,true
STL24521015,BTXN1385607070,llm_reasoned,true
STL52063743,BTXN5644496644,llm_reasoned,true
STL88093609,BTXN5399801337,llm_reasoned,true
STL71038931,BTXN9487209808,llm_reasoned,true
STL88399776,BTXN8563456027,llm_reasoned,true
STL18338744,BTXN1606430907,llm_reasoned,true
STL65348591,BTXN4383631992,llm_reasoned,true
STL71174079,BTXN1975146463,llm_reasoned,true
STL63675938,BTXN1829392847,llm_reasoned,true
STL41651677,BTXN7777034687,llm_reasoned,true
STL59574763,BTXN1059504177,llm_reasoned,true
STL58894747,BTXN1308538067,llm_reasoned,true
STL17557221,BTXN5339994906,llm_reasoned,true
STL79634768,BTXN7707867082,llm_reasoned,true
STL36327355,BTXN7609178003,llm_reasoned,true
STL59859166,BTXN6127819018,llm_reasoned,true
STL15026138,BTXN2751677446,llm_reasoned,true
STL51850732,BTXN4483665853,llm_reasoned,true
STL58279365,BTXN1714396483,llm_reasoned,true
STL82352664,BTXN2478602830,llm_reasoned,true
STL91640944,BTXN2489706030,llm_reasoned,true
STL79569770,BTXN8066490262,llm_reasoned,true
STL58650776,BTXN9729892636,llm_reasoned,true
STL95895849,BTXN8003561425,llm_reasoned,true
STL26773479,BTXN5515862482,llm_reasoned,true
STL60351614,BTXN9259315515,llm_reasoned,true
STL42118880,BTXN9682029345,llm_reasoned,true
STL70070401,BTXN6069009371,llm_reasoned,true
STL29492936,BTXN3657382737,llm_reasoned,true
STL68684887,BTXN4019412177,llm_reasoned,true
STL28587479,BTXN4158320225,llm_reasoned,true
STL16403999,BTXN8440266551,llm_reasoned,true
STL29021231,BTXN9037109671,llm_reasoned,true
STL99780305,BTXN2933692925,llm_reasoned,true
STL49008616,BTXN1795385507,llm_reasoned,true
STL44598333,BTXN8483679585,llm_reasoned,true
STL27662561,BTXN8138060772,llm_reasoned,true
STL33407129,BTXN1115993340,llm_reasoned,true
STL36238410,BTXN5601308887,llm_reasoned,true
STL31477924,BTXN1934418337,llm_reasoned,true
STL97742426,BTXN9288826391,llm_reasoned,true
STL55812644,BTXN2887171898,llm_reasoned,true
STL27850117,BTXN4263087973,llm_reasoned,true
STL62547554,BTXN6636317915,llm_reasoned,true
STL39737951,BTXN8147603712,llm_reasoned,true
STL51384303,BTXN6959251594,llm_reasoned,true
STL89534103,BTXN9881791732,llm_reasoned,true
STL13695717,BTXN6943944201,llm_reasoned,true
STL73342928,BTXN7067081166,llm_reasoned,true
STL69027842,BTXN3130964494,llm_reasoned,true
STL75258733,BTXN4038742291,llm_reasoned,true
STL23718799,BTXN5274061729,llm_reasoned,true
STL36768569,BTXN8390078971,llm_reasoned,true
STL95225865,BTXN4958833853,llm_reasoned,true
STL33065935,BTXN6995761662,llm_reasoned,true
STL82357425,BTXN4999961674,llm_reasoned,true
STL12216805,BTXN9127154608,llm_reasoned,true
STL13085040,BTXN7967143730,llm_reasoned,true
STL66165333,BTXN5910794683,llm_reasoned,true
STL86987792,BTXN9049012072,llm_reasoned,true
STL41537171,BTXN7782295387,llm_reasoned,true
STL53666860,BTXN8335573288,llm_reasoned,true
STL81499334,BTXN6568174897,llm_reasoned,true
STL37341642,BTXN7753075536,llm_reasoned,true
STL57818844,BTXN3365629273,llm_reasoned,true
STL51877637,BTXN4072233211,llm_reasoned,true
STL79345995,BTXN3679139811,llm_reasoned,true
STL74200733,BTXN3333714386,llm_reasoned,true
STL88725243,BTXN8509968973,llm_reasoned,true
STL97312960,BTXN5815137711,llm_reasoned,true
STL78183324,BTXN7341287935,llm_reasoned,true
STL48561656,BTXN6633407890,llm_reasoned,true
STL89711636,BTXN8417295489,llm_reasoned,true
STL44367621,BTXN3725019970,llm_reasoned,true
STL99249401,BTXN4229810052,llm_reasoned,true
STL60598541,BTXN8743100265,llm_reasoned,true
STL24553443,BTXN3089858004,llm_reasoned,true
STL19502237,BTXN9346200266,llm_reasoned,true
STL83983011,BTXN8361362119,llm_reasoned,true
STL32996594,BTXN9559426798,llm_reasoned,true
STL90169259,BTXN3043109218,llm_reasoned,true
STL53170446,BTXN7422259010,llm_reasoned,true
STL44311757,BTXN3371022116,llm_reasoned,true
STL68938004,BTXN8585115498,llm_reasoned,true
STL64561970,BTXN3229744093,llm_reasoned,true
STL94889256,BTXN1312629623,llm_reasoned,true
STL66676387,BTXN5102847233,llm_reasoned,true
STL48272337,BTXN7829437656,llm_reasoned,true
STL51790494,BTXN6817783456,llm_reasoned,true
STL51949099,BTXN1289198179,llm_reasoned,true
STL39864339,BTXN8995234013,llm_reasoned,true
STL58917646,BTXN7263787174,llm_reasoned,true
STL58832330,BTXN7945366914,llm_reasoned,true
STL51464343,BTXN7477925854,llm_reasoned,true
STL58589189,BTXN3568128145,llm_reasoned,true
STL75189438,BTXN3823156701,llm_reasoned,true
STL39687893,BTXN2870501627,llm_reasoned,true
STL85818580,BTXN6488732871,llm_reasoned,true
STL11446238,BTXN6816460880,llm_reasoned,true
STL81028353,BTXN4086335148,llm_reasoned,true
STL64826861,BTXN3780963361,llm_reasoned,true
STL69497247,BTXN3835757057,llm_reasoned,true
STL83287419,BTXN6035482690,llm_reasoned,true
STL81127293,BTXN4627766464,llm_reasoned,true
STL28119954,BTXN9586558247,llm_reasoned,true
STL32590637,BTXN8206049834,llm_reasoned,true
STL31480666,BTXN2159627722,llm_reasoned,true
STL17698517,BTXN8404920199,llm_reasoned,true
STL49965575,BTXN2894923420,llm_reasoned,true
STL94788782,BTXN1928959255,llm_reasoned,true
STL41565579,BTXN1616618708,llm_reasoned,true
STL29196573,BTXN2150697523,llm_reasoned,true
STL95624108,BTXN2064536520,llm_reasoned,true
STL46762845,BTXN3496051506,llm_reasoned,true
STL41187635,BTXN8361250776,llm_reasoned,true
STL57795908,BTXN6917700491,llm_reasoned,true
STL94687154,BTXN7322802002,llm_reasoned,true
STL87715605,BTXN5554492534,llm_reasoned,true
STL21983617,BTXN3886794808,llm_reasoned,true
STL50157434,BTXN2613318874,llm_reasoned,true
STL33585198,BTXN3748193421,llm_reasoned,true
STL95974538,BTXN9044729694,llm_reasoned,true
STL23907699,BTXN3164374458,llm_reasoned,true
STL94673310,BTXN1714686964,llm_reasoned,true
STL18289151,BTXN5092208762,llm_reasoned,true
STL93269096,BTXN3236520365,llm_reasoned,true
STL16408622,BTXN5739091195,llm_reasoned,true
STL43635446,BTXN8876572482,llm_reasoned,true
STL66647323,BTXN3175786618,llm_reasoned,true
STL58928532,BTXN3939004031,llm_reasoned,true
STL27464361,BTXN4988688739,llm_reasoned,true
STL74510689,BTXN6587092351,llm_reasoned,true
STL13400196,BTXN8125421957,llm_reasoned,true
STL79671135,BTXN8362451302,llm_reasoned,true
STL35644351,BTXN2613887804,llm_reasoned,true
STL43726500,BTXN8177355166,llm_reasoned,true
STL61207564,BTXN1747895594,llm_reasoned,true
STL79220859,BTXN4613393791,llm_reasoned,true
STL80203823,BTXN6098441558,llm_reasoned,true
STL71048056,BTXN2354594774,llm_reasoned,true
STL11198019,BTXN7067630675,llm_reasoned,true
STL36849450,BTXN9638541639,llm_reasoned,true
STL46450619,BTXN6204841183,llm_reasoned,true
STL68455884,BTXN6857594325,llm_reasoned,true
STL98208022,BTXN7287678427,llm_reasoned,true
STL48843516,BTXN2748858498,llm_reasoned,true
STL47373806,BTXN9901950092,llm_reasoned,true
STL87315107,BTXN3485172357,llm_reasoned,true
STL98787915,BTXN1313904544,llm_reasoned,true
STL68248912,BTXN7107303271,llm_reasoned,true
STL62066045,BTXN9548532991,llm_reasoned,true
STL74555025,BTXN5663557457,llm_reasoned,true
STL39459808,BTXN9649664137,llm_reasoned,true
STL49327309,BTXN5775354694,llm_reasoned,true
STL34698623,BTXN9063484711,llm_reasoned,true
STL77878056,BTXN3628911331,llm_reasoned,true
STL56213660,BTXN6880532969,llm_reasoned,true
STL86464363,BTXN8986529553,llm_reasoned,true
STL78038494,BTXN5969690219,llm_reasoned,true
STL32932239,BTXN1224108868,llm_reasoned,true
STL92672769,BTXN8004113912,llm_reasoned,true
STL90617938,BTXN6157586861,llm_reasoned,true
STL80906079,BTXN5766611704,llm_reasoned,true
STL48635706,BTXN5157824739,llm_reasoned,true
STL44748681,BTXN6646397167,llm_reasoned,true
STL46525990,BTXN7175819429,llm_reasoned,true
STL27841208,BTXN3838312175,llm_reasoned,true
STL74855302,BTXN6068063979,llm_reasoned,true
STL63958587,BTXN6778343214,llm_reasoned,true
STL53482264,BTXN6859172480,llm_reasoned,true
STL65834646,BTXN5422689259,llm_reasoned,true
STL35206094,BTXN9433745733,llm_reasoned,true
STL14617935,BTXN4938866528,llm_reasoned,true
STL88524702,BTXN1489894050,llm_reasoned,true
STL23360483,BTXN8777630870,llm_reasoned,true
STL66236096,BTXN3334609632,llm_reasoned,true
STL73318176,BTXN1136981950,llm_reasoned,true
STL17870601,BTXN4864383437,llm_reasoned,true
STL11906079,BTXN7629574656,llm_reasoned,true
STL91298760,BTXN8584654173,llm_reasoned,true
STL96739198,BTXN6140359604,llm_reasoned,true
STL50579071,BTXN1031203158,llm_reasoned,true
STL19798274,BTXN2026000504,llm_reasoned,true
STL97908995,BTXN6427313637,llm_reasoned,true
STL69711873,BTXN7693339035,llm_reasoned,true
STL95622066,BTXN3794470624,llm_reasoned,true
STL39407665,BTXN2956721897,llm_reasoned,true
STL36546948,BTXN1358664525,llm_reasoned,true
STL12947360,BTXN2343721468,llm_reasoned,true
STL41717341,BTXN8611656503,llm_reasoned,true
STL57136186,BTXN2035642942,llm_reasoned,true
STL69121697,BTXN4588968657,llm_reasoned,true
STL95446286,BTXN7517874645,llm_reasoned,true
STL88846361,BTXN8369608844,llm_reasoned,true
STL91252528,BTXN8313633642,llm_reasoned,true
STL86269635,BTXN9242026164,llm_reasoned,true
STL80321404,BTXN3831805767,llm_reasoned,true
STL89618031,BTXN7703615023,llm_reasoned,true
STL37366112,BTXN1934443279,llm_reasoned,true
STL32229694,BTXN7963414094,llm_reasoned,true
STL10234154,BTXN7791797125,llm_reasoned,true
STL16739878,BTXN3984667128,llm_reasoned,true
STL10947084,BTXN1696252754,llm_reasoned,true
STL41005135,BTXN2054799243,llm_reasoned,true
STL41707572,BTXN1061506313,llm_reasoned,true
STL28411390,BTXN6951731471,llm_reasoned,true
STL11054666,BTXN7437867947,llm_reasoned,true
STL49901824,BTXN1124639679,llm_reasoned,true
STL37129669,BTXN2984076189,llm_reasoned,true
STL94255861,BTXN6870460786,llm_reasoned,true
STL19262806,BTXN1219371464,llm_reasoned,true
STL58272640,BTXN4045567586,llm_reasoned,true
STL35272382,BTXN2989505842,llm_reasoned,true
STL47508743,BTXN8952885259,llm_reasoned,true
STL87208872,BTXN1298192569,llm_reasoned,true
STL46282165,BTXN8237162052,llm_reasoned,true
STL98154565,BTXN2935570082,llm_reasoned,true
STL27729758,BTXN7276581538,llm_reasoned,true
STL15756715,BTXN9112060808,llm_reasoned,true
STL17523876,BTXN7444025793,llm_reasoned,true
STL75672571,BTXN2319953617,llm_reasoned,true
STL71097179,BTXN1234527688,llm_reasoned,true
STL17113674,BTXN1834717285,llm_reasoned,true
STL12152237,BTXN5161054913,llm_reasoned,true
STL47219365,BTXN5094179575,llm_reasoned,true
STL73619512,BTXN4057608184,llm_reasoned,true
STL69509726,BTXN1616450139,llm_reasoned,true
STL59776416,BTXN7806577146,llm_reasoned,true
STL81054303,BTXN6796511785,llm_reasoned,true
STL69545834,BTXN2861726621,llm_reasoned,true
STL65265829,BTXN1909240861,llm_reasoned,true
STL98251335,BTXN6249296016,llm_reasoned,true
STL94549834,BTXN4542697444,llm_reasoned,true
STL92833948,BTXN2755194185,llm_reasoned,true
STL90521874,BTXN1554043083,llm_reasoned,true
STL79875077,BTXN5931439460,llm_reasoned,true
STL39231308,BTXN5931598292,llm_reasoned,true
STL27038652,BTXN5199929230,llm_reasoned,true
STL89483629,BTXN6101265620,llm_reasoned,true
STL18147739,BTXN2800916282,llm_reasoned,true
STL63161481,BTXN2251806716,llm_reasoned,true
STL41481473,BTXN5860569504,llm_reasoned,true
STL88817978,BTXN3901540763,llm_reasoned,true
STL62805007,BTXN9647207780,llm_reasoned,true
STL32819710,BTXN4609825256,llm_reasoned,true
STL87172558,BTXN2164213595,llm_reasoned,true
STL75742909,BTXN5821901558,llm_reasoned,true
STL22143381,BTXN6876084541,llm_reasoned,true
STL95300632,BTXN8148813898,llm_reasoned,true
STL10706312,BTXN5086602638,llm_reasoned,true
STL75472957,BTXN8817311528,llm_reasoned,true
STL19890816,BTXN8334368351,llm_reasoned,true
STL25783147,BTXN9985808321,llm_reasoned,true
STL51549939,BTXN5378882599,llm_reasoned,true
STL73710256,BTXN5791589965,llm_reasoned,true
STL17026662,BTXN8646958756,llm_reasoned,true
STL52988028,BTXN7361639600,llm_reasoned,true
STL12975459,BTXN5482243186,llm_reasoned,true
STL84825680,BTXN8134102097,llm_reasoned,true
STL80740294,BTXN4602737793,llm_reasoned,true
STL62666290,BTXN6274512057,llm_reasoned,true
STL74259389,BTXN5487406104,llm_reasoned,true
STL52291774,BTXN2511307954,llm_reasoned,true
STL77920478,BTXN3007982766,llm_reasoned,true
STL24327745,BTXN9834257560,llm_reasoned,true
STL80548643,BTXN3584362473,llm_reasoned,true
STL79915456,BTXN9468815204,llm_reasoned,true
STL11875835,BTXN7928645941,llm_reasoned,true
STL38125661,BTXN4037213055,llm_reasoned,true
STL76679708,BTXN5216271278,llm_reasoned,true
STL72422632,,settlement_only_exception,false
STL13776217,,settlement_only_exception,false
STL30352309,,settlement_only_exception,false
STL76612404,,settlement_only_exception,false
STL83386229,,settlement_only_exception,false
STL78770890,,settlement_only_exception,false
STL90928637,,settlement_only_exception,false
STL67063383,,settlement_only_exception,false
STL57483971,,settlement_only_exception,false
STL63781951,,settlement_only_exception,false
STL58053907,,settlement_only_exception,false
STL96987889,,settlement_only_exception,false
STL21852990,,settlement_only_exception,false
STL11396484,,settlement_only_exception,false
STL99966671,,settlement_only_exception,false
STL34689178,,settlement_only_exception,false
STL69255753,,settlement_only_exception,false
STL62343037,,settlement_only_exception,false
STL35087598,,settlement_only_exception,false
STL61593446,,settlement_only_exception,false
STL96529292,,settlement_only_exception,false
STL89620625,,settlement_only_exception,false
STL54031900,,settlement_only_exception,false
STL19255404,,settlement_only_exception,false
STL41654599,,settlement_only_exception,false
STL76613442,,settlement_only_exception,false
STL52271335,,settlement_only_exception,false
STL84752894,,settlement_only_exception,false
STL94555700,,settlement_only_exception,false
STL30694974,,settlement_only_exception,false
STL23237796,,settlement_only_exception,false
STL55122223,,settlement_only_exception,false
STL71946384,,settlement_only_exception,false
STL44831935,,settlement_only_exception,false
STL12456582,,settlement_only_exception,false
STL45912652,,settlement_only_exception,false
STL15964812,,settlement_only_exception,false
STL88773001,,settlement_only_exception,false
STL52532496,,settlement_only_exception,false
STL31693637,,settlement_only_exception,false
STL75218395,,settlement_only_exception,false
STL16444869,,settlement_only_exception,false
STL74872417,,settlement_only_exception,false
STL26497914,,settlement_only_exception,false
STL57964912,,settlement_only_exception,false
STL18192347,,settlement_only_exception,false
STL78519371,,settlement_only_exception,false
STL38426218,,settlement_only_exception,false
STL41079328,,settlement_only_exception,false
STL15658535,,settlement_only_exception,false
STL22874870,,settlement_only_exception,false
STL82893836,,settlement_only_exception,false
STL14204678,,settlement_only_exception,false
STL57388903,,settlement_only_exception,false
STL48773873,,settlement_only_exception,false
STL85683505,,settlement_only_exception,false
STL12967862,,settlement_only_exception,false
STL13990903,,settlement_only_exception,false
STL90791519,,settlement_only_exception,false
STL72556083,,settlement_only_exception,false
STL28845952,,settlement_only_exception,false
STL54701544,,settlement_only_exception,false
STL90547120,,settlement_only_exception,false
STL64864225,,settlement_only_exception,false
STL75069335,,settlement_only_exception,false
STL66297945,,settlement_only_exception,false
STL53111517,,settlement_only_exception,false
STL19475530,,settlement_only_exception,false
STL89538277,,settlement_only_exception,false
STL11141630,,settlement_only_exception,false
STL44187325,,settlement_only_exception,false
STL21055718,,settlement_only_exception,false
STL82640595,,settlement_only_exception,false
STL40164323,,settlement_only_exception,false
STL93944156,,settlement_only_exception,false
STL85506423,,settlement_only_exception,false
STL82475086,,settlement_only_exception,false
STL27599240,,settlement_only_exception,false
STL18152372,,settlement_only_exception,false
STL12888254,,settlement_only_exception,false
STL29124952,,settlement_only_exception,false
STL55203242,,settlement_only_exception,false
STL86898920,,settlement_only_exception,false
STL39987921,,settlement_only_exception,false
STL83815119,,settlement_only_exception,false
STL11000092,,settlement_only_exception,false
STL59937325,,settlement_only_exception,false
STL33152233,,settlement_only_exception,false
STL49023919,,settlement_only_exception,false
STL55334606,,settlement_only_exception,false
STL28345172,,settlement_only_exception,false
STL86460966,,settlement_only_exception,false
STL57682731,,settlement_only_exception,false
STL43672985,,settlement_only_exception,false
STL53243358,,settlement_only_exception,false
STL91728985,,settlement_only_exception,false
STL67384087,,settlement_only_exception,false
STL80878068,,settlement_only_exception,false
STL11797966,,settlement_only_exception,false
STL35451118,,settlement_only_exception,false
STL71991269,,settlement_only_exception,false
STL36225390,,settlement_only_exception,false
STL70476898,,settlement_only_exception,false
STL52499474,,settlement_only_exception,false
STL75917967,,settlement_only_exception,false
STL51260486,,settlement_only_exception,false
STL76734201,,settlement_only_exception,false
STL10168916,,settlement_only_exception,false
STL38655587,,settlement_only_exception,false
STL53224679,,settlement_only_exception,false
STL48676092,,settlement_only_exception,false
STL88960190,,settlement_only_exception,false
STL12002856,,settlement_only_exception,false
STL65093914,,settlement_only_exception,false
STL24775883,,settlement_only_exception,false
STL39314398,,settlement_only_exception,false
STL61182388,,settlement_only_exception,false
STL29898608,,settlement_only_exception,false
STL58481448,,settlement_only_exception,false
STL41943532,,settlement_only_exception,false
STL13509921,,settlement_only_exception,false
STL77628298,,settlement_only_exception,false
STL80291589,,settlement_only_exception,false
STL11026602,,settlement_only_exception,false
STL59993801,,settlement_only_exception,false
STL93464414,,settlement_only_exception,false
STL91742451,,settlement_only_exception,false
STL31866406,,settlement_only_exception,false
STL72861868,,settlement_only_exception,false
STL75428279,,settlement_only_exception,false
STL79625715,,settlement_only_exception,false
STL75667708,,settlement_only_exception,false
STL24544037,,settlement_only_exception,false
STL55083761,,settlement_only_exception,false
STL38945604,,settlement_only_exception,false
STL34284173,,settlement_only_exception,false
STL52528715,,settlement_only_exception,false
STL70021607,,settlement_only_exception,false
STL67898521,,settlement_only_exception,false
STL57758271,,settlement_only_exception,false
STL19020877,,settlement_only_exception,false
STL66679949,,settlement_only_exception,false
STL70517417,,settlement_only_exception,false
STL70330000,,settlement_only_exception,false
STL39297966,,settlement_only_exception,false
STL30952318,,settlement_only_exception,false
STL56592939,,settlement_only_exception,false
STL49725601,,settlement_only_exception,false
STL78085083,,settlement_only_exception,false
STL13522989,,settlement_only_exception,false
STL25740123,,settlement_only_exception,false
STL40719931,,settlement_only_exception,false
STL97610254,,settlement_only_exception,false
STL74264910,,settlement_only_exception,false
STL31780784,,settlement_only_exception,false
STL83812434,,settlement_only_exception,false
STL75424864,,settlement_only_exception,false
STL48027698,,settlement_only_exception,false
STL93208104,,settlement_only_exception,false
STL78703697,,settlement_only_exception,false
STL14505250,,settlement_only_exception,false
STL83034212,,settlement_only_exception,false
STL60148340,,settlement_only_exception,false
STL27233998,,settlement_only_exception,false
STL17539693,,settlement_only_exception,false
STL66766278,,settlement_only_exception,false
STL74250319,,settlement_only_exception,false
STL18898648,,settlement_only_exception,false
STL64374092,,settlement_only_exception,false
STL45673002,,settlement_only_exception,false
STL92760675,,settlement_only_exception,false
STL77387218,,settlement_only_exception,false
STL54278019,,settlement_only_exception,false
STL69675372,,settlement_only_exception,false
STL22324722,,settlement_only_exception,false
STL21894653,,settlement_only_exception,false
STL84194922,,settlement_only_exception,false
STL50026257,,settlement_only_exception,false
STL75073114,,settlement_only_exception,false
STL77761435,,settlement_only_exception,false
STL50632221,,settlement_only_exception,false
STL81204021,,settlement_only_exception,false
STL28215805,,settlement_only_exception,false
STL73901043,,settlement_only_exception,false
STL25759090,,settlement_only_exception,false
STL11398424,,settlement_only_exception,false
STL56568616,,settlement_only_exception,false
STL60397533,,settlement_only_exception,false
STL42361425,,settlement_only_exception,false
STL68348726,,settlement_only_exception,false
STL32653379,,settlement_only_exception,false
STL42196046,,settlement_only_exception,false
STL62516816,,settlement_only_exception,false
STL91981695,,settlement_only_exception,false
STL35972388,,settlement_only_exception,false
STL96712221,,settlement_only_exception,false
STL34787118,,settlement_only_exception,false
STL60235093,,settlement_only_exception,false
STL74003383,,settlement_only_exception,false
STL35804743,,settlement_only_exception,false
STL70696332,,settlement_only_exception,false
STL78601835,,settlement_only_exception,false
STL19871911,,settlement_only_exception,false
STL60585787,,settlement_only_exception,false
STL73672596,,settlement_only_exception,false
STL70400681,,settlement_only_exception,false
STL31652673,,settlement_only_exception,false
STL97061369,,settlement_only_exception,false
STL79432876,,settlement_only_exception,false
STL43822042,,settlement_only_exception,false
STL97323328,,settlement_only_exception,false
STL87382334,,settlement_only_exception,false
STL43188846,,settlement_only_exception,false
STL86413184,,settlement_only_exception,false
STL23591480,,settlement_only_exception,false
STL54249071,,settlement_only_exception,false
STL26580604,,settlement_only_exception,false
STL55526489,,settlement_only_exception,false
STL64757806,,settlement_only_exception,false
STL56283187,,settlement_only_exception,false
STL63090887,,settlement_only_exception,false
STL11515129,,settlement_only_exception,false
STL13627594,,settlement_only_exception,false
STL16430027,,settlement_only_exception,false
STL17972544,,settlement_only_exception,false
STL61271005,,settlement_only_exception,false
STL52020240,,settlement_only_exception,false
STL44007656,,settlement_only_exception,false
STL83354817,,settlement_only_exception,false
STL66629918,,settlement_only_exception,false
STL99283886,,settlement_only_exception,false
STL45456758,,settlement_only_exception,false
STL30514164,,settlement_only_exception,false
STL13145430,,settlement_only_exception,false
STL78808502,,settlement_only_exception,false
STL61374135,,settlement_only_exception,false
STL41558317,,settlement_only_exception,false
STL60506565,,settlement_only_exception,false
STL26165559,,settlement_only_exception,false
STL25762422,,settlement_only_exception,false
STL38027525,,settlement_only_exception,false
STL40451559,,settlement_only_exception,false
STL33075049,,settlement_only_exception,false
STL91904044,,settlement_only_exception,false
STL83512844,,settlement_only_exception,false
STL23153974,,settlement_only_exception,false
STL14253367,,settlement_only_exception,false
STL85093803,,settlement_only_exception,false
STL84746474,,settlement_only_exception,false
STL31906696,,settlement_only_exception,false
STL85050422,,settlement_only_exception,false
STL51376621,,settlement_only_exception,false
STL43584015,,settlement_only_exception,false
STL10863799,,settlement_only_exception,false
STL48210346,,settlement_only_exception,false
STL40092362,,settlement_only_exception,false
STL15368465,,settlement_only_exception,false
STL56899287,,settlement_only_exception,false
STL35118527,,settlement_only_exception,false
STL26553229,,settlement_only_exception,false
STL83889672,,settlement_only_exception,false
STL84592001,,settlement_only_exception,false
STL97204218,,settlement_only_exception,false
STL99398378,,settlement_only_exception,false
STL95068426,,settlement_only_exception,false
STL51154570,,settlement_only_exception,false
STL86194735,,settlement_only_exception,false
STL40860914,,settlement_only_exception,false
STL90456945,,settlement_only_exception,false
STL23438219,,settlement_only_exception,false
STL92659217,,settlement_only_exception,false
STL89839498,,settlement_only_exception,false
STL52471395,,settlement_only_exception,false
STL25918272,,settlement_only_exception,false
STL42726304,,settlement_only_exception,false
STL87150078,,settlement_only_exception,false
STL47417210,,settlement_only_exception,false
STL15959299,,settlement_only_exception,false
STL84608123,,settlement_only_exception,false
STL10860877,,settlement_only_exception,false
STL45878126,,settlement_only_exception,false
STL98242071,,settlement_only_exception,false
STL68617885,,settlement_only_exception,false
STL24469806,,settlement_only_exception,false
STL32764383,,settlement_only_exception,false
STL18552894,,settlement_only_exception,false
STL66316325,,settlement_only_exception,false
STL12456946,,settlement_only_exception,false
STL96900286,,settlement_only_exception,false
STL34684260,,settlement_only_exception,false
STL91136639,,settlement_only_exception,false
STL91823338,,settlement_only_exception,false
STL32438040,,settlement_only_exception,false
STL23979501,,settlement_only_exception,false
STL69347950,,settlement_only_exception,false
STL43817910,,settlement_only_exception,false
STL11664152,,settlement_only_exception,false
STL11235589,,settlement_only_exception,false
STL29592726,,settlement_only_exception,false
STL27687148,,settlement_only_exception,false
STL44696142,,settlement_only_exception,false
STL19711202,,settlement_only_exception,false
STL11673691,,settlement_only_exception,false
STL51520539,,settlement_only_exception,false
STL61498959,,settlement_only_exception,false
STL60850234,,settlement_only_exception,false
STL62525046,,settlement_only_exception,false
STL64765007,,settlement_only_exception,false
STL75147302,,settlement_only_exception,false
STL47286705,,settlement_only_exception,false
STL54517960,,settlement_only_exception,false
STL92940081,,settlement_only_exception,false
STL45970000,,settlement_only_exception,false
STL68169687,,settlement_only_exception,false
STL68014342,,settlement_only_exception,false
STL50781927,,settlement_only_exception,false
STL64061453,,settlement_only_exception,false
STL77114051,,settlement_only_exception,false
STL49380296,,settlement_only_exception,false
STL58432469,,settlement_only_exception,false
STL21400802,,settlement_only_exception,false
STL14473782,,settlement_only_exception,false
STL52008993,,settlement_only_exception,false
STL20379820,,settlement_only_exception,false
STL18521806,,settlement_only_exception,false
STL73987716,,settlement_only_exception,false
STL39895961,,settlement_only_exception,false
STL19108209,,settlement_only_exception,false
STL60072772,,settlement_only_exception,false
STL58421567,,settlement_only_exception,false
STL42545914,,settlement_only_exception,false
STL70862510,,settlement_only_exception,false
STL32426569,,settlement_only_exception,false
STL51724336,,settlement_only_exception,false
STL66127131,,settlement_only_exception,false
STL64426605,,settlement_only_exception,false
STL36426542,,settlement_only_exception,false
STL98741292,,settlement_only_exception,false
STL20671079,,settlement_only_exception,false
STL93586666,,settlement_only_exception,false
STL25105237,,settlement_only_exception,false
STL11494105,,settlement_only_exception,false
STL95722547,,settlement_only_exception,false
STL58375213,,settlement_only_exception,false
STL29092024,,settlement_only_exception,false
STL58982141,,settlement_only_exception,false
STL21862890,,settlement_only_exception,false
STL94655387,,settlement_only_exception,false
STL58141478,,settlement_only_exception,false
STL36296317,,settlement_only_exception,false
STL65554659,,settlement_only_exception,false
STL28791400,,settlement_only_exception,false
STL86216070,,settlement_only_exception,false
STL21616191,,settlement_only_exception,false
STL21463761,,settlement_only_exception,false
STL28221649,,settlement_only_exception,false
STL57621822,,settlement_only_exception,false
STL44822075,,settlement_only_exception,false
STL63567820,,settlement_only_exception,false
STL33111549,,settlement_only_exception,false
STL52178693,,settlement_only_exception,false
STL29207764,,settlement_only_exception,false
STL90166199,,settlement_only_exception,false
STL94556169,,settlement_only_exception,false
STL81244037,,settlement_only_exception,false
STL36852294,,settlement_only_exception,false
STL96352145,,settlement_only_exception,false
STL92818550,,settlement_only_exception,false
STL95826786,,settlement_only_exception,false
STL32869433,,settlement_only_exception,false
STL45303311,,settlement_only_exception,false
STL69977974,,settlement_only_exception,false
STL34827279,,settlement_only_exception,false
STL45688526,,settlement_only_exception,false
STL78309936,,settlement_only_exception,false
STL86523196,,settlement_only_exception,false
STL47533085,,settlement_only_exception,false
STL51196780,,settlement_only_exception,false
STL30747337,,settlement_only_exception,false
STL63054344,,settlement_only_exception,false
STL68914237,,settlement_only_exception,false
STL84744466,,settlement_only_exception,false
STL40715957,,settlement_only_exception,false
STL34244736,,settlement_only_exception,false
STL51889341,,settlement_only_exception,false
STL25322803,,settlement_only_exception,false
STL79761220,,settlement_only_exception,false
STL46469057,,settlement_only_exception,false
STL64259913,,settlement_only_exception,false
STL35308976,,settlement_only_exception,false
STL29954284,,settlement_only_exception,false
STL42750136,,settlement_only_exception,false
STL77702758,,settlement_only_exception,false
STL15402205,,settlement_only_exception,false
STL28621952,,settlement_only_exception,false
STL33290783,,settlement_only_exception,false
STL95196174,,settlement_only_exception,false
STL45566367,,settlement_only_exception,false
STL29529809,,settlement_only_exception,false
STL13450103,,settlement_only_exception,false
STL12746818,,settlement_only_exception,false
STL85524536,,settlement_only_exception,false
STL54515414,,settlement_only_exception,false
STL64160389,,settlement_only_exception,false
STL53346548,,settlement_only_exception,false
STL98410519,,settlement_only_exception,false
STL73590189,,settlement_only_exception,false
STL93382701,,settlement_only_exception,false
STL89867547,,settlement_only_exception,false
STL97825871,,settlement_only_exception,false
STL62778504,,settlement_only_exception,false
STL31560417,,settlement_only_exception,false
STL73530346,,settlement_only_exception,false
STL84074237,,settlement_only_exception,false
STL77145516,,settlement_only_exception,false
STL22792573,,settlement_only_exception,false
STL76679409,,settlement_only_exception,false
STL23948545,,settlement_only_exception,false
STL33610977,,settlement_only_exception,false
STL20198784,,settlement_only_exception,false
STL26770827,,settlement_only_exception,false
STL45871828,,settlement_only_exception,false
STL26290355,,settlement_only_exception,false
STL51336046,,settlement_only_exception,false
STL50942877,,settlement_only_exception,false
STL97080245,,settlement_only_exception,false
STL54495175,,settlement_only_exception,false
STL63531262,,settlement_only_exception,false
STL65870599,,settlement_only_exception,false
STL52447716,,settlement_only_exception,false
STL30001479,,settlement_only_exception,false
STL61467457,,settlement_only_exception,false
STL88503334,,settlement_only_exception,false
STL26287660,,settlement_only_exception,false
STL63924675,,settlement_only_exception,false
STL99049395,,settlement_only_exception,false
STL23917519,,settlement_only_exception,false
STL22369480,,settlement_only_exception,false
STL55001469,,settlement_only_exception,false
STL85000314,,settlement_only_exception,false
STL81990718,,settlement_only_exception,false
STL55630337,,settlement_only_exception,false
STL23258016,,settlement_only_exception,false
STL79811906,,settlement_only_exception,false
STL19717253,,settlement_only_exception,false
STL73884832,,settlement_only_exception,false
STL50191710,,settlement_only_exception,false
STL43032988,,settlement_only_exception,false
STL39301128,,settlement_only_exception,false
STL96810234,,settlement_only_exception,false
STL30899429,,settlement_only_exception,false
STL71817956,,settlement_only_exception,false
STL40023267,,settlement_only_exception,false
STL10009388,,settlement_only_exception,false
STL74480967,,settlement_only_exception,false
STL84610594,,settlement_only_exception,false
STL68229972,,settlement_only_exception,false
STL93002593,,settlement_only_exception,false
STL76662099,,settlement_only_exception,false
STL66735659,,settlement_only_exception,false
STL80529094,,settlement_only_exception,false
STL23838118,,settlement_only_exception,false
STL48141365,,settlement_only_exception,false
STL56085784,,settlement_only_exception,false
STL14484757,,settlement_only_exception,false
STL45612474,,settlement_only_exception,false
STL95452044,,settlement_only_exception,false
STL47077679,,settlement_only_exception,false
STL42348666,,settlement_only_exception,false
STL82500313,,settlement_only_exception,false
STL70926492,,settlement_only_exception,false
STL12390993,,settlement_only_exception,false
STL45767359,,settlement_only_exception,false
STL27544119,,settlement_only_exception,false
STL81943213,,settlement_only_exception,false
STL31586275,,settlement_only_exception,false
STL56670900,,settlement_only_exception,false
STL35423931,,settlement_only_exception,false
STL23744237,,settlement_only_exception,false
STL90849579,,settlement_only_exception,false
STL98133528,,settlement_only_exception,false
STL14999505,,settlement_only_exception,false
STL77501735,,settlement_only_exception,false
STL18960467,,settlement_only_exception,false
STL63648131,,settlement_only_exception,false
STL96839687,,settlement_only_exception,false
STL75011973,,settlement_only_exception,false
STL24574295,,settlement_only_exception,false
STL36898659,,settlement_only_exception,false
STL31441218,,settlement_only_exception,false
STL84287547,,settlement_only_exception,false
STL88554020,,settlement_only_exception,false
STL17524179,,settlement_only_exception,false
STL11747174,,settlement_only_exception,false
STL41272998,,settlement_only_exception,false
STL66834128,,settlement_only_exception,false
STL81554552,,settlement_only_exception,false
STL16400189,,settlement_only_exception,false
STL83186915,,settlement_only_exception,false
STL99953759,,settlement_only_exception,false
STL75999953,,settlement_only_exception,false
STL23997380,,settlement_only_exception,false
STL42201257,,settlement_only_exception,false
STL19200451,,settlement_only_exception,false
STL28336012,,settlement_only_exception,false
STL66378948,,settlement_only_exception,false
STL65115425,,settlement_only_exception,false
STL28500190,,settlement_only_exception,false
STL57962545,,settlement_only_exception,false
STL49261655,,settlement_only_exception,false
STL50119013,,settlement_only_exception,false
STL23254288,,settlement_only_exception,false
STL21554106,,settlement_only_exception,false
STL58617627,,settlement_only_exception,false
STL64057586,,settlement_only_exception,false
STL73272089,,settlement_only_exception,false
STL20919738,,settlement_only_exception,false
STL35671754,,settlement_only_exception,false
STL89337209,,settlement_only_exception,false
STL30594746,,settlement_only_exception,false
STL69225428,,settlement_only_exception,false
STL91819107,,settlement_only_exception,false
STL25806679,,settlement_only_exception,false
STL17791056,,settlement_only_exception,false
STL30001486,,settlement_only_exception,false
STL25982192,,settlement_only_exception,false
STL55300381,,settlement_only_exception,false
STL98013809,,settlement_only_exception,false
STL44232054,,settlement_only_exception,false
STL41058595,,settlement_only_exception,false
STL63078571,,settlement_only_exception,false
STL47940206,,settlement_only_exception,false
STL96123585,,settlement_only_exception,false
STL85632649,,settlement_only_exception,false
STL11816532,,settlement_only_exception,false
STL18230333,,settlement_only_exception,false
STL74877052,,settlement_only_exception,false
STL49680924,,settlement_only_exception,false
STL52842504,,settlement_only_exception,false
STL24283617,,settlement_only_exception,false
STL10326771,,settlement_only_exception,false
STL65636483,,settlement_only_exception,false
STL63792708,,settlement_only_exception,false
STL50032605,,settlement_only_exception,false
STL51890982,,settlement_only_exception,false
STL24852092,,settlement_only_exception,false
STL22482732,,settlement_only_exception,false
STL21393670,,settlement_only_exception,false
STL43177766,,settlement_only_exception,false
STL62364165,,settlement_only_exception,false
STL45040122,,settlement_only_exception,false
STL92293692,,settlement_only_exception,false
STL79137159,,settlement_only_exception,false
STL38569522,,settlement_only_exception,false
STL22715558,,settlement_only_exception,false
STL88816393,,settlement_only_exception,false
STL15881443,,settlement_only_exception,false
STL22532628,,settlement_only_exception,false
STL35808359,,settlement_only_exception,false
STL33334063,,settlement_only_exception,false
STL83588980,,settlement_only_exception,false
STL64402432,,settlement_only_exception,false
STL63937325,,settlement_only_exception,false
STL72284538,,settlement_only_exception,false
STL94352542,,settlement_only_exception,false
STL19582771,,settlement_only_exception,false
STL66224477,,settlement_only_exception,false
STL36224350,,settlement_only_exception,false
STL79832877,,settlement_only_exception,false
STL10707905,,settlement_only_exception,false
STL22958759,,settlement_only_exception,false
STL61980994,,settlement_only_exception,false
STL69436540,,settlement_only_exception,false
STL14964338,,settlement_only_exception,false
STL60208296,,settlement_only_exception,false
STL42654123,,settlement_only_exception,false
STL24140690,,settlement_only_exception,false
STL23891461,,settlement_only_exception,false
STL92476890,,settlement_only_exception,false
STL28664230,,settlement_only_exception,false
STL91092477,,settlement_only_exception,false
STL55895833,,settlement_only_exception,false
STL83617037,,settlement_only_exception,false
STL96243545,,settlement_only_exception,false
STL21766311,,settlement_only_exception,false
STL43755862,,settlement_only_exception,false
STL98680278,,settlement_only_exception,false
STL60780303,,settlement_only_exception,false
STL21062367,,settlement_only_exception,false
STL13555113,,settlement_only_exception,false
STL17020462,,settlement_only_exception,false
STL24788485,,settlement_only_exception,false
STL39872119,,settlement_only_exception,false
STL56279527,,settlement_only_exception,false
STL42720739,,settlement_only_exception,false
STL36685669,,settlement_only_exception,false
STL22053023,,settlement_only_exception,false
STL78749961,,settlement_only_exception,false
STL33289462,,settlement_only_exception,false
STL54761285,,settlement_only_exception,false
STL87346737,,settlement_only_exception,false
STL94679851,,settlement_only_exception,false
STL31128945,,settlement_only_exception,false
STL65446489,,settlement_only_exception,false
STL12886385,,settlement_only_exception,false
STL33515798,,settlement_only_exception,false
STL99628312,,settlement_only_exception,false
STL71305539,,settlement_only_exception,false
STL34727978,,settlement_only_exception,false
STL26927930,,settlement_only_exception,false
STL16481532,,settlement_only_exception,false
STL73763377,,settlement_only_exception,false
STL88986568,,settlement_only_exception,false
STL42617458,,settlement_only_exception,false
STL71966874,,settlement_only_exception,false
STL80097494,,settlement_only_exception,false
STL21578418,,settlement_only_exception,false
STL60658005,,settlement_only_exception,false
STL73165597,,settlement_only_exception,false
STL77291728,,settlement_only_exception,false
STL78603933,,settlement_only_exception,false
STL69050846,,settlement_only_exception,false
STL48742817,,settlement_only_exception,false
STL73773621,,settlement_only_exception,false
STL33584373,,settlement_only_exception,false
STL54596500,,settlement_only_exception,false
STL58449370,,settlement_only_exception,false
STL89819263,,settlement_only_exception,false
STL24219003,,settlement_only_exception,false
STL53901051,,settlement_only_exception,false
STL99743552,,settlement_only_exception,false
STL76149732,,settlement_only_exception,false
STL93751173,,settlement_only_exception,false
STL23582961,,settlement_only_exception,false
STL50294432,,settlement_only_exception,false
STL79389829,,settlement_only_exception,false
STL46716608,,settlement_only_exception,false
STL15713836,,settlement_only_exception,false
STL82415473,,settlement_only_exception,false
STL14873097,,settlement_only_exception,false
STL42007549,,settlement_only_exception,false
STL21077745,,settlement_only_exception,false
STL49192870,,settlement_only_exception,false
STL91158781,,settlement_only_exception,false
STL69384256,,settlement_only_exception,false
STL16928569,,settlement_only_exception,false
STL62018516,,settlement_only_exception,false
STL80782607,,settlement_only_exception,false
STL46687079,,settlement_only_exception,false
STL76763043,,settlement_only_exception,false
STL14431183,,settlement_only_exception,false
STL14882905,,settlement_only_exception,false
STL63606649,,settlement_only_exception,false
STL61448510,,settlement_only_exception,false
STL88175885,,settlement_only_exception,false
STL39982753,,settlement_only_exception,false
STL14798315,,settlement_only_exception,false
STL29772512,,settlement_only_exception,false
STL12059611,,settlement_only_exception,false
STL27479054,,settlement_only_exception,false
STL43337384,,settlement_only_exception,false
STL96490527,,settlement_only_exception,false
STL70947938,,settlement_only_exception,false
STL66868257,,settlement_only_exception,false
STL97936214,,settlement_only_exception,false
STL66541416,,settlement_only_exception,false
STL95435408,,settlement_only_exception,false
STL98402970,,settlement_only_exception,false
STL11862210,,settlement_only_exception,false
STL75115794,,settlement_only_exception,false
STL88635595,,settlement_only_exception,false
STL20428461,,settlement_only_exception,false
STL91976371,,settlement_only_exception,false
STL13843111,,settlement_only_exception,false
STL86945236,,settlement_only_exception,false
STL58473278,,settlement_only_exception,false
STL13863230,,settlement_only_exception,false
STL97425490,,settlement_only_exception,false
STL88582576,,settlement_only_exception,false
STL25475664,,settlement_only_exception,false
STL35376183,,settlement_only_exception,false
STL74175891,,settlement_only_exception,false
STL35960401,,settlement_only_exception,false
STL14548936,,settlement_only_exception,false
STL48629450,,settlement_only_exception,false
STL11634011,,settlement_only_exception,false
STL35577249,,settlement_only_exception,false
STL14051814,,settlement_only_exception,false
STL75130918,,settlement_only_exception,false
STL85095516,,settlement_only_exception,false
STL60516076,,settlement_only_exception,false
STL16090253,,settlement_only_exception,false
STL51177727,,settlement_only_exception,false
STL37293580,,settlement_only_exception,false
STL58056763,,settlement_only_exception,false
STL97752090,,settlement_only_exception,false
STL96724029,,settlement_only_exception,false
STL59984618,,settlement_only_exception,false
STL81367503,,settlement_only_exception,false
STL59260732,,settlement_only_exception,false
STL26545000,,settlement_only_exception,false
STL80756306,,settlement_only_exception,false
STL97728343,,settlement_only_exception,false
STL42936171,,settlement_only_exception,false
STL95259065,,settlement_only_exception,false
STL83909838,,settlement_only_exception,false
STL29797369,,settlement_only_exception,false
STL64190094,,settlement_only_exception,false
STL73027359,,settlement_only_exception,false
STL79002791,,settlement_only_exception,false
STL75025252,,settlement_only_exception,false
STL10275342,,settlement_only_exception,false
STL43718835,,settlement_only_exception,false
STL21678047,,settlement_only_exception,false
STL13906571,,settlement_only_exception,false
STL72225458,,settlement_only_exception,false
STL55080439,,settlement_only_exception,false
STL77468813,,settlement_only_exception,false
STL48873150,,settlement_only_exception,false
STL31856624,,settlement_only_exception,false
STL57380161,,settlement_only_exception,false
STL56691860,,settlement_only_exception,false
STL60068443,,settlement_only_exception,false
STL86273917,,settlement_only_exception,false
STL67161502,,settlement_only_exception,false
STL21658751,,settlement_only_exception,false
STL14294881,,settlement_only_exception,false
STL97407775,,settlement_only_exception,false
STL37966275,,settlement_only_exception,false
STL54059593,,settlement_only_exception,false
STL70502782,,settlement_only_exception,false
STL49010115,,settlement_only_exception,false
STL15044848,,settlement_only_exception,false
STL86864986,,settlement_only_exception,false
STL21814896,,settlement_only_exception,false
STL10369240,,settlement_only_exception,false
STL97884709,,settlement_only_exception,false
STL46321376,,settlement_only_exception,false
STL61855634,,settlement_only_exception,false
STL52055939,,settlement_only_exception,false
STL27170426,,settlement_only_exception,false
STL99318193,,settlement_only_exception,false
STL58366780,,settlement_only_exception,false
STL11133661,,settlement_only_exception,false
STL38933690,,settlement_only_exception,false
STL77256486,,settlement_only_exception,false
STL66541152,,settlement_only_exception,false
STL85279293,,settlement_only_exception,false
STL99829309,,settlement_only_exception,false
STL31882985,,settlement_only_exception,false
STL62963056,,settlement_only_exception,false
STL68103065,,settlement_only_exception,false
STL66991970,,settlement_only_exception,false
STL83832748,,settlement_only_exception,false
STL93095842,,settlement_only_exception,false
STL45651383,,settlement_only_exception,false
STL84700111,,settlement_only_exception,false
STL13914205,,settlement_only_exception,false
STL77946711,,settlement_only_exception,false
STL80965245,,settlement_only_exception,false
STL76128827,,settlement_only_exception,false
STL26360005,,settlement_only_exception,false
STL41602084,,settlement_only_exception,false
STL83103396,,settlement_only_exception,false
STL90897289,,settlement_only_exception,false
STL75914907,,settlement_only_exception,false
STL83576196,,settlement_only_exception,false
STL13657993,,settlement_only_exception,false
STL98068105,,settlement_only_exception,false
STL46720845,,settlement_only_exception,false
STL35489225,,settlement_only_exception,false
STL95450377,,settlement_only_exception,false
STL74675725,,settlement_only_exception,false
STL26475826,,settlement_only_exception,false
STL67550857,,settlement_only_exception,false
STL33886625,,settlement_only_exception,false
STL71045633,,settlement_only_exception,false
STL77360665,,settlement_only_exception,false
STL67585806,,settlement_only_exception,false
STL76598671,,settlement_only_exception,false
STL16174382,,settlement_only_exception,false
STL63303711,,settlement_only_exception,false
STL63415922,,settlement_only_exception,false
STL28793884,,settlement_only_exception,false
STL56286613,,settlement_only_exception,false
STL25973659,,settlement_only_exception,false
STL75792455,,settlement_only_exception,false
STL86564131,,settlement_only_exception,false
STL63646299,,settlement_only_exception,false
STL50444045,,settlement_only_exception,false
STL34001126,,settlement_only_exception,false
STL44271206,,settlement_only_exception,false
STL77832815,,settlement_only_exception,false
STL53001719,,settlement_only_exception,false
STL74744125,,settlement_only_exception,false
STL44645737,,settlement_only_exception,false
STL91767275,,settlement_only_exception,false
STL12419478,,settlement_only_exception,false
STL11753418,,settlement_only_exception,false
STL14144375,,settlement_only_exception,false
STL87576571,,settlement_only_exception,false
STL30560577,,settlement_only_exception,false
STL76605783,,settlement_only_exception,false
STL20113072,,settlement_only_exception,false
STL74453962,,settlement_only_exception,false
STL82346493,,settlement_only_exception,false
STL62698373,,settlement_only_exception,false
STL81901967,,settlement_only_exception,false
STL37856880,,settlement_only_exception,false
STL83531401,,settlement_only_exception,false
STL94425913,,settlement_only_exception,false
STL84255041,,settlement_only_exception,false
STL51104252,,settlement_only_exception,false
STL52588867,,settlement_only_exception,false
STL93013789,,settlement_only_exception,false
STL53840606,,settlement_only_exception,false
STL10854364,,settlement_only_exception,false
STL89136528,,settlement_only_exception,false
STL12081420,,settlement_only_exception,false
STL64549156,,settlement_only_exception,false
STL84764600,,settlement_only_exception,false
STL23842094,,settlement_only_exception,false
STL56755430,,settlement_only_exception,false
STL66486006,,settlement_only_exception,false
STL85562701,,settlement_only_exception,false
STL87488688,,settlement_only_exception,false
STL31326892,,settlement_only_exception,false
STL75169509,,settlement_only_exception,false
STL27493820,,settlement_only_exception,false
STL12963186,,settlement_only_exception,false
STL69920296,,settlement_only_exception,false
STL96002091,,settlement_only_exception,false
STL14169834,,settlement_only_exception,false
STL47134654,,settlement_only_exception,false
STL16666225,,settlement_only_exception,false
STL98121354,,settlement_only_exception,false
STL48045115,,settlement_only_exception,false
STL74505463,,settlement_only_exception,false
STL18562123,,settlement_only_exception,false
STL96574438,,settlement_only_exception,false
STL59442219,,settlement_only_exception,false
STL76037398,,settlement_only_exception,false
STL67770240,,settlement_only_exception,false
STL94910225,,settlement_only_exception,false
STL45739052,,settlement_only_exception,false
STL28032509,,settlement_only_exception,false
STL14508105,,settlement_only_exception,false
STL77262037,,settlement_only_exception,false
STL93499701,,settlement_only_exception,false
STL33250689,,settlement_only_exception,false
STL75096846,,settlement_only_exception,false
STL43255264,,settlement_only_exception,false
STL39582078,,settlement_only_exception,false
STL69709477,,settlement_only_exception,false
STL81783102,,settlement_only_exception,false
STL83674892,,settlement_only_exception,false
STL45833197,,settlement_only_exception,false
STL61251714,,settlement_only_exception,false
STL27678691,,settlement_only_exception,false
STL71514890,,settlement_only_exception,false
STL50993781,,settlement_only_exception,false
STL47107099,,settlement_only_exception,false
STL77180608,,settlement_only_exception,false
STL30877206,,settlement_only_exception,false
STL84883523,,settlement_only_exception,false
STL43534809,,settlement_only_exception,false
STL10154044,,settlement_only_exception,false
STL19585637,,settlement_only_exception,false
STL29967552,,settlement_only_exception,false
STL33367307,,settlement_only_exception,false
STL39774186,,settlement_only_exception,false
STL82853764,,settlement_only_exception,false
STL11122908,,settlement_only_exception,false
STL22594216,,settlement_only_exception,false
STL89462301,,settlement_only_exception,false
STL95379554,,settlement_only_exception,false
STL46009614,,settlement_only_exception,false
STL12201968,,settlement_only_exception,false
STL93422451,,settlement_only_exception,false
STL31638464,,settlement_only_exception,false
STL75733077,,settlement_only_exception,false
STL20080999,,settlement_only_exception,false
STL81982433,,settlement_only_exception,false
STL65210033,,settlement_only_exception,false
STL81375079,,settlement_only_exception,false
STL55249039,,settlement_only_exception,false
STL46569088,,settlement_only_exception,false
STL68522192,,settlement_only_exception,false
STL34452705,,settlement_only_exception,false
STL90170142,,settlement_only_exception,false
STL95373917,,settlement_only_exception,false
STL57732038,,settlement_only_exception,false
STL57530179,,settlement_only_exception,false
STL96568954,,settlement_only_exception,false
STL61508090,,settlement_only_exception,false
STL28462715,,settlement_only_exception,false
STL71177915,,settlement_only_exception,false
STL52131215,,settlement_only_exception,false
STL94939976,,settlement_only_exception,false
STL11137482,,settlement_only_exception,false
STL24680743,,settlement_only_exception,false
STL85040061,,settlement_only_exception,false
STL36481245,,settlement_only_exception,false
STL72475962,,settlement_only_exception,false
STL20538773,,settlement_only_exception,false
STL89807860,,settlement_only_exception,false
STL16628788,,settlement_only_exception,false
STL98972058,,settlement_only_exception,false
STL58258932,,settlement_only_exception,false
STL81149536,,settlement_only_exception,false
STL38779982,,settlement_only_exception,false
STL64354093,,settlement_only_exception,false
STL78541047,,settlement_only_exception,false
STL11952669,,settlement_only_exception,false
STL19071640,,settlement_only_exception,false
STL71627169,,settlement_only_exception,false
STL31548293,,settlement_only_exception,false
STL56755957,,settlement_only_exception,false
STL45791492,,settlement_only_exception,false
STL77090332,,settlement_only_exception,false
STL41518117,,settlement_only_exception,false
STL69270597,,settlement_only_exception,false
STL56398251,,settlement_only_exception,false
STL83836972,,settlement_only_exception,false
STL27101228,,settlement_only_exception,false
STL62870172,,settlement_only_exception,false
STL87207743,,settlement_only_exception,false
STL87034329,,settlement_only_exception,false
STL45748660,,settlement_only_exception,false
STL94806283,,settlement_only_exception,false
STL69535863,,settlement_only_exception,false
STL28657358,,settlement_only_exception,false
STL49880850,,settlement_only_exception,false
STL76151542,,settlement_only_exception,false
STL76883655,,settlement_only_exception,false
STL30848297,,settlement_only_exception,false
STL31695596,,settlement_only_exception,false
STL84749069,,settlement_only_exception,false
STL18691886,,settlement_only_exception,false
STL18950831,,settlement_only_exception,false
STL70406049,,settlement_only_exception,false
STL94583139,,settlement_only_exception,false
STL43040444,,settlement_only_exception,false
STL97276121,,settlement_only_exception,false
STL62713421,,settlement_only_exception,false
STL26210104,,settlement_only_exception,false
STL75040530,,settlement_only_exception,false
STL25802192,,settlement_only_exception,false
STL24903605,,settlement_only_exception,false
STL36129742,,settlement_only_exception,false
STL74213944,,settlement_only_exception,false
STL18146268,,settlement_only_exception,false
STL88632205,,settlement_only_exception,false
STL66207943,,settlement_only_exception,false
STL68263144,,settlement_only_exception,false
STL93137249,,settlement_only_exception,false
STL62921716,,settlement_only_exception,false
STL54340910,,settlement_only_exception,false
STL99352836,,settlement_only_exception,false
STL55190004,,settlement_only_exception,false
STL61170471,,settlement_only_exception,false
STL10858488,,settlement_only_exception,false
STL15797441,,settlement_only_exception,false
STL78835430,,settlement_only_exception,false
STL36581485,,settlement_only_exception,false
STL46820221,,settlement_only_exception,false
STL89897419,,settlement_only_exception,false
STL29837619,,settlement_only_exception,false
STL26961954,,settlement_only_exception,false
STL98912060,,settlement_only_exception,false
STL54888034,,settlement_only_exception,false
STL78033109,,settlement_only_exception,false
STL55018672,,settlement_only_exception,false
STL35033425,,settlement_only_exception,false
STL36504066,,settlement_only_exception,false
STL75760062,,settlement_only_exception,false
STL70606134,,settlement_only_exception,false
STL90267489,,settlement_only_exception,false
STL10244022,,settlement_only_exception,false
STL78527949,,settlement_only_exception,false
STL62643186,,settlement_only_exception,false
STL87584345,,settlement_only_exception,false
STL43234694,,settlement_only_exception,false
STL61600829,,settlement_only_exception,false
STL41012700,,settlement_only_exception,false
STL73713320,,settlement_only_exception,false
STL56548465,,settlement_only_exception,false
STL48267622,,settlement_only_exception,false
STL67074201,,settlement_only_exception,false
STL30094749,,settlement_only_exception,false
STL96138580,,settlement_only_exception,false
STL28061173,,settlement_only_exception,false
STL59319417,,settlement_only_exception,false
STL99673502,,settlement_only_exception,false
STL78852994,,settlement_only_exception,false
STL51575089,,settlement_only_exception,false
STL89829058,,settlement_only_exception,false
STL77424354,,settlement_only_exception,false
STL19101244,,settlement_only_exception,false
STL21858406,,settlement_only_exception,false
,BTXN6601898913,bank_only_exception,false
,BTXN1863113671,bank_only_exception,false
,BTXN4399139788,bank_only_exception,false
,BTXN9061467941,bank_only_exception,false
,BTXN4436557071,bank_only_exception,false
,BTXN4296581565,bank_only_exception,false
