settlement_id,reference_id,amount,date,status
STL97080257,RZP1145804835,13776.57,2026-07-01,settled
STL91114757,RZP8428017178,56272.54,2026-07-11,settled
STL39843354,RZP3307329307,50732.76,2026-07-03,settled
STL18283177,RZP7471862847,33106.25,2026-07-01,settled
STL29544638,RZP2350417425,24241.99,2026-07-13,settled
STL48208680,RZP2129491690,31956.83,2026-07-04,settled
STL72639578,RZP6611046762,6095.06,2026-07-15,settled
STL57216333,RZP2880993200,67337.43,2026-07-15,settled
STL36245873,RZP6988322197,63682.90,2026-07-12,settled
STL98023025,RZP8724482271,55283.72,2026-07-09,settled
STL17972544,RZP9239946758,59269.64,2026-07-07,pending
STL89404142,RZP6817921678,62390.94,2026-07-08,settled
STL56900948,RZP9037591675,10724.97,2026-07-08,settled
STL92046710,RZP4434669423,38117.28,2026-07-15,settled
STL95545512,RZP9880035879,59311.52,2026-07-04,settled
STL55987219,RZP3890561281,13010.01,2026-07-15,settled
STL63609010,RZP4751060216,59225.77,2026-07-07,settled
STL80332126,RZP7250289619,22551.67,2026-07-10,settled
STL68061607,RZP7532442605,1877.88,2026-07-05,settled
STL55911599,RZP8658452494,34391.50,2026-07-14,settled
STL69168024,RZP8672055970,1298.94,2026-07-12,settled
STL57868637,RZP5501335775,7444.21,2026-07-05,settled
STL74954396,RZP2082610955,45308.25,2026-07-01,settled
STL17172677,RZP6956450116,61214.12,2026-07-15,settled
STL49192870,RZP4529010746,67555.00,2026-07-05,pending
STL20229583,RZP9612003275,62852.08,2026-07-07,settled
STL54313350,RZP1439470206,59867.89,2026-07-10,settled
STL10243970,RZP3086859502,9529.00,2026-07-04,settled
STL73272089,RZP2947752636,63090.94,2026-07-14,reversed
STL85663810,RZP1139014305,20553.02,2026-07-10,settled
STL73519947,RZP3971203213,23312.35,2026-07-10,settled
STL29210003,RZP1534029676,16466.31,2026-07-02,settled
STL22087318,RZP9710376747,19399.60,2026-07-08,settled
STL58155323,RZP1160675121,22320.21,2026-07-07,settled
STL58607028,RZP2881937953,9904.14,2026-07-04,settled
STL55183971,RZP1832516419,12518.00,2026-07-14,settled
STL71738199,RZP4052666261,30913.47,2026-07-02,settled
STL25810542,RZP4382751858,37587.54,2026-07-03,settled
STL80965245,RZP1394857626,54945.45,2026-07-13,reversed
STL57437651,RZP9496050936,31505.97,2026-07-02,settled
STL21087928,RZP8267378816,27867.35,2026-07-13,settled
STL74944298,RZP3038247464,6027.40,2026-07-07,settled
STL43026667,RZP9845703273,26885.45,2026-07-01,settled
STL85210959,RZP2326246617,30969.74,2026-07-03,settled
STL73241333,RZP4551266859,36111.04,2026-07-11,settled
STL20869023,RZP9918744233,50246.12,2026-07-08,settled
STL62835646,RZP3317683108,51232.46,2026-07-10,settled
STL91177526,RZP7586993884,34333.38,2026-07-13,settled
STL35505429,RZP7564269975,11240.51,2026-07-12,settled
STL27580033,RZP7976167764,70683.45,2026-07-12,settled
STL97322640,RZP1896511281,58516.10,2026-07-09,settled
STL68046813,RZP7070997574,31203.93,2026-07-05,settled
STL33008094,RZP9426460165,48105.75,2026-07-05,settled
STL57665466,RZP1001237473,10172.72,2026-07-04,settled
STL91456987,RZP5943011485,23986.96,2026-07-11,settled
STL99517091,RZP7830245654,20588.26,2026-07-13,settled
STL38225447,RZP5389271768,5981.41,2026-07-11,settled
STL44421014,RZP4169790997,16776.05,2026-07-02,settled
STL14535123,RZP1297394609,914.94,2026-07-06,settled
STL26020678,RZP6572703364,51103.57,2026-07-10,settled
STL54605939,RZP8403360017,7065.02,2026-07-04,settled
STL17158121,RZP6733365481,11054.79,2026-07-02,settled
STL52388162,RZP1696794102,57933.00,2026-07-09,settled
STL64490879,RZP9123511358,3668.10,2026-07-13,settled
STL77778568,RZP8340087066,53161.04,2026-07-15,settled
STL79220859,RZP8242423165,9811.43,2026-07-01,settled
STL53508227,RZP4224262568,33222.80,2026-07-13,settled
STL49696365,RZP3636167678,48191.01,2026-07-14,settled
STL69711873,RZP1987685194,54212.81,2026-07-02,settled
STL76173334,RZP3409442265,16382.45,2026-07-14,settled
STL49707978,RZP9881351890,13075.30,2026-07-08,settled
STL92695724,RZP4605761370,74890.94,2026-07-08,settled
STL87822315,RZP5217523996,45496.77,2026-07-04,settled
STL68817904,RZP5176259794,9050.07,2026-07-09,settled
STL99131477,RZP3982450134,54430.51,2026-07-12,settled
STL55888749,RZP3752718584,42693.61,2026-07-15,settled
STL17131893,RZP4236956651,41063.44,2026-07-06,settled
STL78061839,RZP1056581789,30584.21,2026-07-03,settled
STL12299586,RZP4384262215,22732.87,2026-07-03,settled
STL38633736,RZP9663744205,3958.62,2026-07-15,settled
STL78092243,RZP9331836042,51438.85,2026-07-10,settled
STL83448910,RZP5644329006,21512.65,2026-07-14,settled
STL90472677,RZP1962899942,45923.10,2026-07-09,settled
STL88184991,RZP6388374068,53586.02,2026-07-02,settled
STL58917187,RZP3127431011,67139.00,2026-07-03,settled
STL60099438,RZP3530511116,29478.88,2026-07-02,settled
STL31612402,RZP9034796944,28446.15,2026-07-04,settled
STL45021207,RZP7191696152,68840.74,2026-07-08,settled
STL92039293,RZP5386542532,53804.51,2026-07-04,settled
STL13631729,RZP1431261655,18366.70,2026-07-05,settled
STL69762583,RZP7330734943,2125.35,2026-07-03,settled
STL61600829,RZP4801089674,17952.85,2026-07-03,reversed
STL65289687,RZP1780778941,12061.78,2026-07-10,settled
STL76679409,RZP6671453942,23432.06,2026-07-07,pending
STL93297363,RZP7228098909,65866.94,2026-07-11,settled
STL74683506,RZP3655316364,32747.17,2026-07-12,settled
STL72454752,RZP4308670736,26224.29,2026-07-10,settled
STL25050502,RZP5901185070,33157.85,2026-07-09,settled
STL32020097,RZP3539201723,1607.04,2026-07-13,settled
STL22802899,RZP6629026320,11210.96,2026-07-11,settled
STL88572932,RZP6558376206,46439.09,2026-07-13,settled
STL79190320,RZP3186739367,20989.92,2026-07-10,settled
STL34244736,RZP5550969498,73475.64,2026-07-01,reversed
STL78294681,RZP4500105668,32823.57,2026-07-05,settled
STL31125070,RZP1595351227,34944.07,2026-07-14,settled
STL26165559,RZP2969408572,58062.78,2026-07-03,pending
STL55018869,RZP8467154448,10079.18,2026-07-03,settled
STL52441605,RZP3012534777,65168.24,2026-07-03,settled
STL52052448,RZP8073589247,61012.34,2026-07-12,settled
STL88445646,RZP9013930707,41321.77,2026-07-05,settled
STL82640595,RZP8169015771,45622.27,2026-07-09,pending
STL32984583,RZP5025422406,71587.40,2026-07-06,settled
STL29092024,RZP3405920871,6904.28,2026-07-05,reversed
STL51735721,RZP4707372201,9325.56,2026-07-07,settled
STL84762633,RZP9826016716,55749.38,2026-07-14,settled
STL58050555,RZP6732546435,48767.16,2026-07-02,settled
STL91742451,RZP9900251734,60792.48,2026-07-15,reversed
STL10244022,RZP3666701116,21333.72,2026-07-15,pending
STL36867482,RZP2916728422,74729.20,2026-07-05,settled
STL20399639,RZP7533932947,47192.76,2026-07-05,settled
STL33773164,RZP8452729098,22940.39,2026-07-12,settled
STL79955038,RZP1054508854,61527.30,2026-07-04,settled
STL80145361,RZP9862636308,46721.72,2026-07-10,settled
STL93587401,RZP9758687253,55253.94,2026-07-10,settled
STL85694013,RZP6578549798,63774.34,2026-07-09,settled
STL42007549,RZP8542500309,17828.86,2026-07-05,pending
STL15636488,RZP7442497323,60359.55,2026-07-04,settled
STL27301044,RZP4262492117,26015.41,2026-07-12,settled
STL79158928,RZP9808521207,832.70,2026-07-07,settled
STL63183031,RZP2407863065,7295.36,2026-07-04,settled
STL11260296,RZP7259936730,64992.37,2026-07-07,settled
STL10545084,RZP3017002887,9965.50,2026-07-12,settled
STL65766169,RZP5956268238,69982.65,2026-07-05,settled
STL60340113,RZP8412545268,45826.80,2026-07-10,settled
STL34984979,RZP7636326022,10645.71,2026-07-09,settled
STL90490408,RZP7346140217,67343.12,2026-07-11,settled
STL12203339,RZP9789500415,2085.37,2026-07-05,settled
STL71740239,RZP9142473153,27438.99,2026-07-08,settled
STL70247013,RZP5882136683,17938.30,2026-07-12,settled
STL31326892,RZP3935555796,49426.74,2026-07-06,pending
STL22702081,RZP9343431931,3310.84,2026-07-03,settled
STL53853417,RZP3441446119,58917.58,2026-07-05,settled
STL57623448,RZP6090076463,50677.66,2026-07-02,settled
STL51476044,RZP6253822091,20642.08,2026-07-12,settled
STL78607270,RZP8530183382,2641.68,2026-07-05,settled
STL42982298,RZP6933688248,73639.67,2026-07-11,settled
STL85887403,RZP8348759733,15626.64,2026-07-02,settled
STL64354093,RZP5544425118,36658.02,2026-07-10,pending
STL10655788,RZP8650926113,24678.37,2026-07-11,settled
STL98305426,RZP1049833464,48805.00,2026-07-03,settled
STL74492536,RZP3461382210,58218.75,2026-07-01,settled
STL89708841,RZP7114060331,26448.94,2026-07-06,settled
STL81025622,RZP9101876274,51792.49,2026-07-10,settled
STL61892410,RZP7657483240,16603.93,2026-07-04,settled
STL61623796,RZP7587494767,40169.35,2026-07-14,settled
STL57469942,RZP2536778950,51313.97,2026-07-11,settled
STL76465010,RZP4235480178,53857.04,2026-07-15,settled
STL13885234,RZP4747699292,33554.05,2026-07-12,settled
STL29610873,RZP6035496838,41700.92,2026-07-11,settled
STL33368852,RZP2983614385,40204.73,2026-07-15,settled
STL12059919,RZP8924383984,7928.52,2026-07-15,settled
STL81031418,RZP1936523147,5071.42,2026-07-11,settled
STL35144941,RZP2024862905,23975.88,2026-07-02,settled
STL51809384,RZP4635760449,68677.84,2026-07-07,settled
STL47329499,RZP9357475916,55574.54,2026-07-06,settled
STL81647438,RZP9549047243,8980.40,2026-07-11,settled
STL81993070,RZP9929329605,69108.90,2026-07-13,settled
STL70344041,RZP9198063642,23290.20,2026-07-01,settled
STL15738577,RZP8067214672,34082.27,2026-07-09,settled
STL88207466,RZP7392812637,44169.92,2026-07-02,settled
STL62516816,RZP5562699171,21986.47,2026-07-02,pending
STL35972388,RZP3998244245,59663.33,2026-07-05,pending
STL29858736,RZP1885973318,53901.49,2026-07-03,settled
STL27914094,RZP9349365063,69207.50,2026-07-11,settled
STL86086168,RZP7425904890,38553.25,2026-07-01,settled
STL27263070,RZP7251031733,71602.39,2026-07-08,settled
STL38473591,RZP2062090190,58306.81,2026-07-14,settled
STL31602011,RZP7870055122,27037.06,2026-07-10,settled
STL49080194,RZP8770862758,60722.57,2026-07-14,settled
STL21942232,RZP5072098082,69271.87,2026-07-11,settled
STL14169834,RZP1079279059,20659.83,2026-07-08,reversed
STL43540489,RZP6104873480,66221.07,2026-07-07,settled
STL55594483,RZP5671713293,18863.06,2026-07-12,settled
STL20318892,RZP3968050530,31908.58,2026-07-02,settled
STL73190952,RZP3685515992,72849.98,2026-07-14,settled
STL85370985,RZP7126644332,2253.11,2026-07-02,settled
STL72533168,RZP4486324021,52454.42,2026-07-13,settled
STL33137974,RZP5355048664,62512.44,2026-07-12,settled
STL40626070,RZP3856132881,11795.04,2026-07-13,settled
STL85632649,RZP4182973701,55910.98,2026-07-06,reversed
STL11781382,RZP9880633279,16818.12,2026-07-02,settled
STL84646408,RZP8110847979,61901.26,2026-07-01,settled
STL61122255,RZP1738668338,32786.11,2026-07-07,settled
STL32949623,RZP8110260862,19741.51,2026-07-03,settled
STL73909465,RZP8374206139,47203.97,2026-07-12,settled
STL64922351,RZP7984434647,15763.28,2026-07-15,settled
STL33882178,RZP9056076201,18986.32,2026-07-04,settled
STL94732636,RZP6277827439,36362.89,2026-07-07,settled
STL79425550,RZP6631565147,31871.33,2026-07-13,settled
STL77383803,RZP9996919595,14976.78,2026-07-12,settled
STL42750136,RZP8121185511,19229.62,2026-07-04,reversed
STL18169131,RZP8825173287,42625.53,2026-07-12,settled
STL58375213,RZP8938456265,73139.89,2026-07-06,reversed
STL38064890,RZP7202829235,20282.23,2026-07-01,settled
STL90213329,RZP2303848283,58839.87,2026-07-12,settled
STL10575014,RZP2673039147,32974.11,2026-07-05,settled
STL23107454,RZP6132431860,23545.09,2026-07-14,settled
STL24161873,RZP5069495876,42102.55,2026-07-09,settled
STL60565655,RZP7418981351,36266.64,2026-07-13,settled
STL57136186,RZP9020062913,47075.97,2026-07-04,settled
STL83681745,RZP2962968238,17550.65,2026-07-10,settled
STL42800911,RZP8639170637,8845.09,2026-07-03,settled
STL62778504,RZP2305567169,16747.26,2026-07-09,reversed
STL78081576,RZP1144213090,17552.29,2026-07-13,settled
STL93878124,RZP7886337533,71401.54,2026-07-07,settled
STL69849800,RZP1440654676,24930.03,2026-07-05,settled
STL24622057,RZP1034475778,7477.13,2026-07-14,settled
STL93215486,RZP7675390339,55874.36,2026-07-04,settled
STL30001486,RZP7053718697,31939.65,2026-07-02,pending
STL50625464,RZP4445256330,24636.77,2026-07-08,settled
STL58757651,RZP1285873517,25531.12,2026-07-01,settled
STL91002225,RZP5812948894,37067.96,2026-07-07,settled
STL87407425,RZP2677561737,22604.22,2026-07-07,settled
STL88920017,RZP3369710124,56277.97,2026-07-06,settled
STL55080439,RZP8209971634,29151.82,2026-07-04,reversed
STL53078648,RZP4186812559,54804.52,2026-07-13,settled
STL10655679,RZP5101650214,13658.71,2026-07-14,settled
STL98337685,RZP5100236063,24895.85,2026-07-06,settled
STL96002341,RZP3805749062,69885.45,2026-07-11,settled
STL63860348,RZP6037776655,70722.53,2026-07-08,settled
STL97503142,RZP8266647006,57263.31,2026-07-14,settled
STL95043049,RZP1530390644,54965.94,2026-07-03,settled
STL16099655,RZP4320616088,20604.58,2026-07-02,settled
STL27918554,RZP1285602192,18820.81,2026-07-02,settled
STL63396769,RZP7397434674,26917.63,2026-07-05,settled
STL45527500,RZP9259606584,62692.76,2026-07-04,settled
STL63687401,RZP6791496701,63469.85,2026-07-03,settled
STL81982433,RZP6773189899,22291.27,2026-07-03,reversed
STL60388931,RZP8860684710,63496.49,2026-07-12,settled
STL29070121,RZP2894156520,62020.74,2026-07-10,settled
STL51637850,RZP1894175359,13968.74,2026-07-04,settled
STL57483971,RZP7181883825,37852.75,2026-07-13,reversed
STL46660566,RZP2169092754,45541.73,2026-07-12,settled
STL31381637,RZP3379244771,28655.09,2026-07-12,settled
STL30889845,RZP2154459322,43833.95,2026-07-13,settled
STL69849811,RZP5002733154,43180.76,2026-07-02,settled
STL88449352,RZP2113367267,52483.77,2026-07-10,settled
STL79769395,RZP1264553898,63593.77,2026-07-06,settled
STL68942178,RZP1256143439,59550.83,2026-07-10,settled
STL62615831,RZP8889379243,15516.33,2026-07-04,settled
STL78231207,RZP3891875646,48952.20,2026-07-13,settled
STL28291935,RZP2558629876,45131.74,2026-07-01,settled
STL94401551,RZP8840542452,52950.66,2026-07-01,settled
STL82845036,RZP6559804314,45181.78,2026-07-08,settled
STL55453854,RZP3604827192,51832.89,2026-07-01,settled
STL50067637,RZP6481660359,62797.71,2026-07-07,settled
STL31693637,RZP5072532698,35607.62,2026-07-04,pending
STL38356343,RZP3779323071,27496.73,2026-07-15,settled
STL63271125,RZP2910754509,33235.40,2026-07-01,settled
STL73616007,RZP7761638457,46649.01,2026-07-12,settled
STL52980983,RZP7430757004,7846.31,2026-07-12,settled
STL79287238,RZP6950837445,43896.04,2026-07-14,settled
STL93787014,RZP1476910050,67679.83,2026-07-03,settled
STL53482264,RZP9336531604,7550.83,2026-07-06,settled
STL97330798,RZP8789514745,4421.62,2026-07-11,settled
STL23765110,RZP9380449344,63367.23,2026-07-07,settled
STL78665394,RZP5593301898,24920.64,2026-07-06,settled
STL41264011,RZP9901992480,44256.81,2026-07-11,settled
STL73759274,RZP8311292136,54436.16,2026-07-02,settled
STL60432382,RZP4283496403,9807.66,2026-07-11,settled
STL41065481,RZP5739791403,1223.21,2026-07-06,settled
STL68325416,RZP8859777395,55138.10,2026-07-07,settled
STL84226773,RZP8189674581,5502.62,2026-07-07,settled
STL78393468,RZP5481836099,1717.74,2026-07-09,settled
STL58340052,RZP6066119815,25513.11,2026-07-12,settled
STL11490904,RZP8689212949,61061.47,2026-07-04,settled
STL82698101,RZP4211641400,9996.85,2026-07-11,settled
STL56856297,RZP4081467801,45575.69,2026-07-10,settled
STL50762836,RZP3288395785,16704.10,2026-07-11,settled
STL10860877,RZP4509422588,31177.10,2026-07-14,reversed
STL35087598,RZP8640855468,36095.86,2026-07-10,reversed
STL48347907,RZP6416785515,48260.04,2026-07-06,settled
STL27089076,RZP9702567924,45343.15,2026-07-14,settled
STL66201803,RZP4759545448,35804.72,2026-07-04,settled
STL94206105,RZP1567704691,57873.76,2026-07-05,settled
STL16524247,RZP8720248706,19852.24,2026-07-14,settled
STL52972160,RZP4263011082,73391.76,2026-07-03,settled
STL35118527,RZP3427664069,38327.07,2026-07-04,reversed
STL59619278,RZP6693043471,69597.27,2026-07-07,settled
STL40094589,RZP3019952485,56302.31,2026-07-01,settled
STL90241782,RZP7533091849,30573.00,2026-07-03,settled
STL35032163,RZP7305528678,45183.51,2026-07-01,settled
STL78998246,RZP5926364167,2284.74,2026-07-04,settled
STL84502609,RZP2866917749,49864.59,2026-07-01,settled
STL23920137,RZP4119911995,73626.90,2026-07-14,settled
STL14113875,RZP8054648702,52390.54,2026-07-10,settled
STL24735742,RZP3004122832,74561.15,2026-07-11,settled
STL54254027,RZP8607985648,35138.42,2026-07-09,settled
STL13841213,RZP6212012255,27855.32,2026-07-09,settled
STL43390704,RZP3476546913,61176.24,2026-07-10,settled
STL20811695,RZP9212185911,42759.29,2026-07-01,settled
STL88961430,RZP3456727401,3696.90,2026-07-04,settled
STL27547766,RZP8240566719,12460.87,2026-07-15,settled
STL43169938,RZP3117856053,12536.35,2026-07-07,settled
STL42314255,RZP4072187789,22761.04,2026-07-03,settled
STL95756894,RZP2651164873,66539.45,2026-07-01,settled
STL44367621,RZP9879101363,33361.22,2026-07-01,settled
STL90005562,RZP6621847095,34365.56,2026-07-05,settled
STL21403835,RZP4400156805,40906.58,2026-07-14,settled
STL18022882,RZP3147136659,51602.88,2026-07-06,settled
STL41528755,RZP7641375099,15908.07,2026-07-07,settled
STL10608036,RZP5487388603,34614.06,2026-07-13,settled
STL43096758,RZP3767745994,71874.17,2026-07-07,settled
STL59152909,RZP7856858990,46889.03,2026-07-08,settled
STL12056964,RZP1935799788,64840.32,2026-07-06,settled
STL29459927,RZP3185477114,66931.35,2026-07-02,settled
STL96419192,RZP6738840177,36200.05,2026-07-09,settled
STL41910902,RZP6961916011,12247.95,2026-07-09,settled
STL80264613,RZP4738083832,50283.11,2026-07-07,settled
STL79345995,RZP5948165769,3453.74,2026-07-11,settled
STL93096530,RZP4825606167,8307.37,2026-07-03,settled
STL59475037,RZP5577420484,48436.44,2026-07-06,settled
STL53452484,RZP4264923689,25839.07,2026-07-09,settled
STL94025036,RZP5699124491,71953.02,2026-07-04,settled
STL83074216,RZP4585531525,56835.37,2026-07-05,settled
STL96955800,RZP1597025938,35254.08,2026-07-05,settled
STL62308070,RZP1093548474,8290.20,2026-07-13,settled
STL57723980,RZP7703727299,8114.62,2026-07-03,settled
STL91930786,RZP9862583795,47272.51,2026-07-08,settled
STL41211039,RZP1278014046,68209.75,2026-07-10,settled
STL45739052,RZP9791664399,74742.14,2026-07-02,pending
STL51875269,RZP5195341847,41013.12,2026-07-06,settled
STL86937135,RZP1794764136,37080.35,2026-07-01,settled
STL70254091,RZP4090596936,72734.35,2026-07-10,settled
STL30011366,RZP4959218902,47250.19,2026-07-09,settled
STL26229908,RZP5153464258,59164.55,2026-07-11,settled
STL88663706,RZP1793833723,61615.99,2026-07-13,settled
STL17453784,RZP4707754422,60216.07,2026-07-05,settled
STL80610004,RZP6043349038,4403.73,2026-07-12,settled
STL82614526,RZP2740411609,68006.44,2026-07-03,settled
STL89897419,RZP4401789737,36482.32,2026-07-01,pending
STL39566459,RZP3334942645,37372.23,2026-07-12,settled
STL30899429,RZP5321319225,71691.59,2026-07-14,pending
STL90038028,RZP8396192882,32793.64,2026-07-08,settled
STL69371178,RZP3266905854,8743.28,2026-07-15,settled
STL78424117,RZP1036608063,29169.73,2026-07-07,settled
STL73165597,RZP8999474026,8290.34,2026-07-12,pending
STL70518349,RZP5621536018,26977.51,2026-07-10,settled
STL92916171,RZP7723110101,12678.69,2026-07-13,settled
STL35476105,RZP7181372753,50847.56,2026-07-14,settled
STL65087630,RZP7180795339,16367.81,2026-07-06,settled
STL75848757,RZP2390578302,28080.06,2026-07-11,settled
STL68822422,RZP7828174742,43269.56,2026-07-09,settled
STL57194179,RZP8303498821,6027.64,2026-07-02,settled
STL56401620,RZP6677277274,1312.07,2026-07-09,settled
STL10267329,RZP7944662433,61554.69,2026-07-08,settled
STL47382608,RZP9471138744,14792.57,2026-07-06,settled
STL13524484,RZP3938159927,507.48,2026-07-15,settled
STL73588103,RZP5504481906,73769.95,2026-07-13,settled
STL57846632,RZP4575143282,42992.57,2026-07-08,settled
STL41651677,RZP5466764633,34608.45,2026-07-11,settled
STL75760062,RZP4848545089,52457.00,2026-07-10,reversed
STL54115287,RZP2156130988,62782.67,2026-07-05,settled
STL56682659,RZP6131857246,41859.45,2026-07-10,settled
STL30611126,RZP4740935247,35413.97,2026-07-14,settled
STL40672305,RZP9152644892,16618.33,2026-07-07,settled
STL90233330,RZP1885113834,8016.81,2026-07-01,settled
STL78086079,RZP3826879632,74760.68,2026-07-05,settled
STL32044652,RZP7481239891,47140.08,2026-07-01,settled
STL36175038,RZP9914042820,72027.31,2026-07-08,settled
STL28482754,RZP6413428504,21273.39,2026-07-08,settled
STL29108179,RZP2915479210,63547.70,2026-07-09,settled
STL26056315,RZP5597809923,64326.08,2026-07-05,settled
STL48250577,RZP4899249426,50207.50,2026-07-13,settled
STL24926380,RZP4330087905,68519.27,2026-07-12,settled
STL36862689,RZP5473896017,60445.37,2026-07-12,settled
STL86923540,RZP6169618627,63894.79,2026-07-10,settled
STL56657336,RZP1477329638,41509.63,2026-07-05,settled
STL40780751,RZP6198900694,40392.71,2026-07-03,settled
STL56279527,RZP9861286395,70587.44,2026-07-14,pending
STL93438630,RZP6840872609,15343.43,2026-07-05,settled
STL17624430,RZP2142446935,38155.84,2026-07-07,settled
STL37966275,RZP8362766329,62411.26,2026-07-05,pending
STL87213048,RZP8778067010,29396.35,2026-07-11,settled
STL87656343,RZP5434046660,13591.25,2026-07-02,settled
STL42677897,RZP4204948650,29239.15,2026-07-01,settled
STL19728002,RZP9129374842,16638.66,2026-07-08,settled
STL97131924,RZP7548696054,10768.09,2026-07-06,settled
STL49065941,RZP4330728529,11481.98,2026-07-05,settled
STL22475714,RZP6706554814,67142.31,2026-07-10,settled
STL77114266,RZP2896412521,2535.08,2026-07-04,settled
STL45899536,RZP2475860255,23854.41,2026-07-11,settled
STL27920690,RZP7717450830,27532.67,2026-07-15,settled
STL78618095,RZP3206652215,55114.39,2026-07-13,settled
STL44471921,RZP3021187213,4160.66,2026-07-02,settled
STL71334602,RZP6056680794,48042.11,2026-07-07,settled
STL71171357,RZP7030255424,7825.35,2026-07-15,settled
STL73702238,RZP8191527889,48033.74,2026-07-14,settled
STL34788160,RZP4191358179,1411.68,2026-07-01,settled
STL56398251,RZP3123784208,41637.77,2026-07-08,pending
STL63801036,RZP6005862628,56429.22,2026-07-07,settled
STL67325158,RZP3503447154,69398.42,2026-07-05,settled
STL57304458,RZP6523364360,64818.11,2026-07-03,settled
STL70238919,RZP3591527330,58322.93,2026-07-04,settled
STL57419763,RZP2895576580,66569.80,2026-07-14,settled
STL82592239,RZP1569708375,3713.13,2026-07-01,settled
STL38794654,RZP6221841473,56241.25,2026-07-03,settled
STL64974875,RZP6174309086,40388.28,2026-07-14,settled
STL57621822,RZP8342969717,17171.89,2026-07-12,pending
STL86502138,RZP8382101512,69221.82,2026-07-14,settled
STL45810056,RZP9292791081,60266.52,2026-07-14,settled
STL69610531,RZP1916493683,7977.31,2026-07-02,settled
STL93710220,RZP4819930945,30409.22,2026-07-05,settled
STL64142556,RZP1378134712,46278.74,2026-07-11,settled
STL69468763,RZP5558900548,11743.95,2026-07-11,settled
STL58141478,RZP6248135501,24537.55,2026-07-10,pending
STL83001397,RZP8482628550,57485.97,2026-07-07,settled
STL62305779,RZP1545564579,36550.85,2026-07-10,settled
STL41372427,RZP6015790296,57051.28,2026-07-08,settled
STL24851771,RZP8417335599,45519.15,2026-07-02,settled
STL13846977,RZP7728506417,50755.25,2026-07-13,settled
STL73921605,RZP2769753981,7372.52,2026-07-07,settled
STL69523345,RZP6484751136,40408.98,2026-07-03,settled
STL65139902,RZP6686457539,16331.44,2026-07-11,settled
STL76662806,RZP3441816160,66302.84,2026-07-01,settled
STL80394257,RZP1067320913,67732.50,2026-07-06,settled
STL84252722,RZP6947530309,44893.69,2026-07-08,settled
STL31172421,RZP4783282817,66005.63,2026-07-06,settled
STL76566782,RZP7158568902,11550.90,2026-07-08,settled
STL84275638,RZP1600566083,21134.09,2026-07-02,settled
STL98928380,RZP1549857034,23534.56,2026-07-06,settled
STL52801648,RZP2315068507,66192.54,2026-07-08,settled
STL27379520,RZP9226229353,38182.51,2026-07-12,settled
STL30877206,RZP2583465201,69459.63,2026-07-09,reversed
STL72010916,RZP3592541687,55492.93,2026-07-04,settled
STL61857193,RZP3561463935,36352.17,2026-07-05,settled
STL17113674,RZP9213240373,8517.60,2026-07-07,settled
STL45679752,RZP5025386975,25243.78,2026-07-01,settled
STL54059593,RZP1689480735,35301.16,2026-07-11,reversed
STL72320907,RZP8082349121,66850.10,2026-07-06,settled
STL52832536,RZP5431005078,2271.55,2026-07-12,settled
STL81035228,RZP5178229051,61466.31,2026-07-13,settled
STL68130665,RZP7440774698,43036.76,2026-07-11,settled
STL57253373,RZP6679981310,56494.79,2026-07-06,settled
STL85434930,RZP9812970890,45252.73,2026-07-05,settled
STL77238242,RZP9695032653,71758.46,2026-07-13,settled
STL20130392,RZP3553008988,17569.44,2026-07-07,settled
STL62022595,RZP4750051721,26509.04,2026-07-11,settled
STL94655706,RZP2143351305,43780.50,2026-07-11,settled
STL71440563,RZP3652461624,62664.80,2026-07-14,settled
STL80203823,RZP2959702178,67728.11,2026-07-12,settled
STL62666290,RZP3786572222,58295.37,2026-07-06,settled
STL53368257,RZP1560556551,25906.25,2026-07-09,settled
STL11031743,RZP8160279830,3883.59,2026-07-07,settled
STL37435603,RZP5872391496,30394.81,2026-07-02,settled
STL37582393,RZP2353784115,65712.77,2026-07-11,settled
STL76113110,RZP5190128258,18461.68,2026-07-02,settled
STL52871839,RZP7839849039,52006.43,2026-07-02,settled
STL45904728,RZP9417345785,28134.01,2026-07-06,settled
STL90617938,RZP1882835630,9432.46,2026-07-15,settled
STL43772223,RZP2907135532,22893.43,2026-07-08,settled
STL19502237,RZP2854739500,70525.26,2026-07-09,settled
STL21680625,RZP6402580787,68354.93,2026-07-15,settled
STL55124830,RZP2358097066,15487.07,2026-07-08,settled
STL62719526,RZP4871676777,50616.63,2026-07-07,settled
STL70131526,RZP7505510510,33852.33,2026-07-14,settled
STL22957438,RZP1192969175,63976.32,2026-07-03,settled
STL58422433,RZP8867719506,56333.29,2026-07-14,settled
STL93835391,RZP5899811854,34478.72,2026-07-06,settled
STL91001528,RZP1035178153,34612.48,2026-07-05,settled
STL49026419,RZP1052464667,5242.03,2026-07-02,settled
STL70107253,RZP8644078570,6300.28,2026-07-04,settled
STL51843281,RZP6107053685,9971.58,2026-07-10,settled
STL21659353,RZP6357760105,19138.39,2026-07-02,settled
STL31750910,RZP1691660882,35476.19,2026-07-13,settled
STL89699989,RZP3370788647,12161.68,2026-07-07,settled
STL72505408,RZP8207037887,2727.41,2026-07-08,settled
STL91465153,RZP5318446519,15322.88,2026-07-11,settled
STL65833185,RZP6276339732,25750.41,2026-07-08,settled
STL35524719,RZP7600216881,14372.12,2026-07-15,settled
STL17291181,RZP5639013227,47424.72,2026-07-02,settled
STL98771638,RZP3074059483,55057.44,2026-07-01,settled
STL11850861,RZP1554769721,51417.61,2026-07-11,settled
STL49071526,RZP7108874722,33116.31,2026-07-15,settled
STL14346370,RZP1032545020,52739.47,2026-07-14,settled
STL93926409,RZP9879624871,73166.43,2026-07-04,settled
STL63458116,RZP7901043576,2997.85,2026-07-05,settled
STL70775314,RZP2376032241,52477.63,2026-07-07,settled
STL21139313,RZP8542589747,28158.47,2026-07-15,settled
STL71261998,RZP3550501495,63947.45,2026-07-13,settled
STL17270733,RZP8125276666,26895.17,2026-07-07,settled
STL83143789,RZP1048614272,45895.28,2026-07-01,settled
STL23838118,RZP2856540026,1793.73,2026-07-01,pending
STL38610443,RZP9851300294,66817.43,2026-07-12,settled
STL47634250,RZP4452419330,71099.39,2026-07-13,settled
STL94085288,RZP6553442049,43798.09,2026-07-07,settled
STL59790543,RZP7107794839,7356.05,2026-07-01,settled
STL13309323,RZP3232620908,18916.85,2026-07-02,settled
STL96481420,RZP3197757742,54405.49,2026-07-02,settled
STL35360345,RZP9400258852,42234.97,2026-07-04,settled
STL27995190,RZP9059453365,70593.71,2026-07-04,settled
STL85247653,RZP2604030777,51900.60,2026-07-07,settled
STL44308591,RZP1463598972,56479.78,2026-07-02,settled
STL68203606,RZP4637731587,42950.14,2026-07-04,settled
STL72278465,RZP4561474064,2469.99,2026-07-02,settled
STL83108701,RZP3088037226,34541.71,2026-07-14,settled
STL49011107,RZP1336150210,29054.51,2026-07-05,settled
STL89643430,RZP8533161531,44119.05,2026-07-09,settled
STL30858851,RZP2003352579,70794.82,2026-07-03,settled
STL26070289,RZP6497978653,3265.80,2026-07-01,settled
STL61192463,RZP8240793721,45689.16,2026-07-05,settled
STL58884010,RZP8330391516,68391.04,2026-07-05,settled
STL31695596,RZP2529740587,26913.19,2026-07-12,pending
STL66111752,RZP3248744353,27855.67,2026-07-09,settled
STL65256328,RZP4444516981,62703.59,2026-07-09,settled
STL84250565,RZP6546701239,54723.88,2026-07-01,settled
STL77428627,RZP9962581582,8084.27,2026-07-15,settled
STL58196637,RZP6066196226,17917.38,2026-07-11,settled
STL66882385,RZP6256052258,45821.62,2026-07-05,settled
STL10870778,RZP7115071593,60808.69,2026-07-04,settled
STL83951333,RZP8946657104,66434.82,2026-07-05,settled
STL14657496,RZP3918166452,48578.93,2026-07-07,settled
STL34854986,RZP2690268406,69343.15,2026-07-11,settled
STL23669886,RZP8584203800,40509.74,2026-07-11,settled
STL48825980,RZP1593158202,21978.84,2026-07-02,settled
STL80906079,RZP2991967919,68255.74,2026-07-07,settled
STL28198434,RZP7754847890,71453.60,2026-07-09,settled
STL10372592,RZP2749963741,18990.69,2026-07-12,settled
STL82548572,RZP8138636081,37023.65,2026-07-05,settled
STL23794158,RZP7959376045,11700.32,2026-07-14,settled
STL12081420,RZP4541276342,4866.16,2026-07-05,reversed
STL89035184,RZP1812627108,53951.85,2026-07-02,settled
STL12301266,RZP2158092807,36286.10,2026-07-08,settled
STL19020877,RZP3721247708,43336.57,2026-07-04,reversed
STL71207649,RZP5449634185,57033.93,2026-07-15,settled
STL43923508,RZP8061482723,60744.31,2026-07-10,settled
STL16206022,RZP1919139222,14273.97,2026-07-14,settled
STL29505421,RZP4471642620,39443.38,2026-07-01,settled
STL44649409,RZP4662016740,62083.33,2026-07-02,settled
STL46820221,RZP9873005464,58263.67,2026-07-03,reversed
STL87330256,RZP7938821352,44532.22,2026-07-07,settled
STL46009614,RZP9149735056,3991.03,2026-07-09,reversed
STL28012011,RZP9516893896,21699.84,2026-07-11,settled
STL40694296,RZP5325893810,55318.67,2026-07-15,settled
STL94100723,RZP8354027982,54756.65,2026-07-03,settled
STL77556899,RZP6341647646,53980.00,2026-07-01,settled
STL51621195,RZP1783483046,5970.27,2026-07-11,settled
STL51396067,RZP5203621868,7552.50,2026-07-10,settled
STL39045233,RZP7905524242,11040.10,2026-07-09,settled
STL64331127,RZP9111377542,59378.08,2026-07-11,settled
STL17620167,RZP8092994480,14532.83,2026-07-09,settled
STL22151134,RZP6922377726,37324.99,2026-07-11,settled
STL15623943,RZP8345945238,23890.27,2026-07-06,settled
STL56576842,RZP2448523257,64780.36,2026-07-15,settled
STL12107242,RZP1134481372,11646.47,2026-07-14,settled
STL15971136,RZP8649534322,74603.96,2026-07-04,settled
STL20182302,RZP9927934381,53995.53,2026-07-13,settled
STL12684730,RZP8097945598,6204.73,2026-07-12,settled
STL92331842,RZP2654593890,63453.21,2026-07-12,settled
STL30979544,RZP3687977202,51963.20,2026-07-15,settled
STL14273819,RZP4946432805,45761.92,2026-07-09,settled
STL89034501,RZP1110724913,1607.09,2026-07-13,settled
STL88458327,RZP7248258423,50625.71,2026-07-11,settled
STL35428946,RZP1417124022,54525.31,2026-07-09,settled
STL58344436,RZP3021137559,65854.84,2026-07-05,settled
STL96002091,RZP4536297014,26764.55,2026-07-08,reversed
STL67327614,RZP1863456977,61999.62,2026-07-09,settled
STL15336155,RZP7088139551,13182.95,2026-07-12,settled
STL24443322,RZP4132662340,42399.05,2026-07-12,settled
STL77946711,RZP5041572598,19865.39,2026-07-11,reversed
STL56989012,RZP1743058988,28429.27,2026-07-13,settled
STL16174008,RZP8399580743,70641.31,2026-07-10,settled
STL20307567,RZP2013809459,2848.71,2026-07-09,settled
STL78749961,RZP4056562304,29069.76,2026-07-07,pending
STL15092026,RZP2572897848,47234.09,2026-07-04,settled
STL12819142,RZP3597252689,47455.47,2026-07-13,settled
STL95316737,RZP3648879593,20099.01,2026-07-03,settled
STL50958085,RZP6945414650,8016.40,2026-07-05,settled
STL11445979,RZP7727246830,53446.65,2026-07-02,settled
STL21230005,RZP8381858171,10082.80,2026-07-15,settled
STL13558457,RZP9938997287,4734.40,2026-07-08,settled
STL83832748,RZP7655562089,61540.14,2026-07-15,pending
STL79562789,RZP7159386618,18351.53,2026-07-10,settled
STL25361778,RZP4790247182,52698.94,2026-07-02,settled
STL91601759,RZP9757975369,60413.17,2026-07-01,settled
STL31209637,RZP9890303224,70204.67,2026-07-10,settled
STL38569522,RZP1790130825,64697.13,2026-07-02,reversed
STL73373143,RZP9662401134,18087.96,2026-07-13,settled
STL59490380,RZP7414480314,74433.03,2026-07-09,settled
STL42844845,RZP7243759249,33419.71,2026-07-10,settled
STL16985910,RZP3659104032,45406.51,2026-07-03,settled
STL40700698,RZP4038107020,64454.35,2026-07-11,settled
STL23438219,RZP9530749774,74696.47,2026-07-08,reversed
STL76037398,RZP4249238710,18590.52,2026-07-05,reversed
STL48773873,RZP7015969961,19882.55,2026-07-15,reversed
STL60800226,RZP9941007690,59372.77,2026-07-03,settled
STL88635595,RZP5063833122,8189.05,2026-07-03,pending
STL93568503,RZP7279140605,4538.20,2026-07-09,settled
STL64633018,RZP1460227315,44622.10,2026-07-02,settled
STL28577030,RZP1654291617,70244.60,2026-07-14,settled
STL30767532,RZP7873709012,26697.64,2026-07-10,settled
STL92941828,RZP5481721096,13188.81,2026-07-05,settled
STL32590637,RZP3084524408,56843.01,2026-07-13,settled
STL93787448,RZP8191928635,2702.56,2026-07-10,settled
STL30717827,RZP6818736165,16181.26,2026-07-10,settled
STL11218037,RZP7365598878,4082.57,2026-07-11,settled
STL84074237,RZP9231170516,38880.32,2026-07-03,pending
STL89140910,RZP4369220138,3651.12,2026-07-10,settled
STL24480892,RZP6788700049,7915.70,2026-07-15,settled
STL94009791,RZP6364508651,21008.98,2026-07-09,settled
STL88664139,RZP2001478427,11282.51,2026-07-03,settled
STL26812821,RZP4722765728,38426.99,2026-07-08,settled
STL67203444,RZP5559187505,54053.65,2026-07-02,settled
STL53187985,RZP6237171500,42375.66,2026-07-04,settled
STL83244637,RZP8456864082,34219.92,2026-07-12,settled
STL74872417,RZP5195750330,35375.78,2026-07-12,reversed
STL79650275,RZP6880804196,2411.62,2026-07-11,settled
STL83624500,RZP9226032256,64885.97,2026-07-08,settled
STL42883478,RZP7843568215,72744.66,2026-07-11,settled
STL99681400,RZP4250698831,56334.27,2026-07-03,settled
STL82675371,RZP6650272287,46722.97,2026-07-06,settled
STL59967612,RZP1850071074,69375.08,2026-07-12,settled
STL28148921,RZP4183436604,20455.21,2026-07-07,settled
STL91499215,RZP3934928543,43717.28,2026-07-13,settled
STL29511823,RZP1793881710,4602.26,2026-07-06,settled
STL32417070,RZP1553753599,29074.51,2026-07-10,settled
STL61332565,RZP2821400851,46464.58,2026-07-15,settled
STL18302008,RZP6271757469,891.44,2026-07-10,settled
STL90643207,RZP9020002737,13207.23,2026-07-14,settled
STL76386094,RZP8144923174,61689.09,2026-07-14,settled
STL57143574,RZP4586469023,2923.42,2026-07-11,settled
STL47640380,RZP4406121844,58866.40,2026-07-05,settled
STL25978233,RZP5868420839,54507.49,2026-07-04,settled
STL76189777,RZP2064372762,51906.62,2026-07-01,settled
STL19313663,RZP6563712729,54471.18,2026-07-11,settled
STL66679949,RZP2370514272,11905.25,2026-07-10,pending
STL80756306,RZP8476266324,56205.93,2026-07-13,reversed
STL21053419,RZP6206697226,4316.59,2026-07-12,settled
STL26693355,RZP4410261901,53146.29,2026-07-05,settled
STL88508415,RZP4999190263,13900.96,2026-07-06,settled
STL52447716,RZP8974470929,27100.12,2026-07-08,reversed
STL48095332,RZP2650763263,22990.65,2026-07-06,settled
STL90541748,RZP8500915689,28964.48,2026-07-07,settled
STL71238643,RZP5181192633,51049.93,2026-07-03,settled
STL45988140,RZP9834209483,8985.74,2026-07-10,settled
STL91951313,RZP3097847160,50606.72,2026-07-14,settled
STL57124706,RZP3989469497,22065.39,2026-07-05,settled
STL33882168,RZP7345562100,17794.64,2026-07-06,settled
STL58272640,RZP8836280094,30607.70,2026-07-15,settled
STL63793392,RZP4221584347,63561.07,2026-07-04,settled
STL42040670,RZP2029640252,45011.94,2026-07-03,settled
STL58464382,RZP5178502853,48114.87,2026-07-01,settled
STL19015235,RZP6310010573,40355.86,2026-07-13,settled
STL31258229,RZP4233603310,31755.30,2026-07-06,settled
STL59491122,RZP5613613759,34899.82,2026-07-01,settled
STL28135309,RZP4194101132,27528.72,2026-07-10,settled
STL37023185,RZP3025030698,64554.84,2026-07-10,settled
STL57666937,RZP1050893026,53431.06,2026-07-07,settled
STL31017555,RZP3250586080,1396.35,2026-07-03,settled
STL33290727,RZP2238124744,44204.37,2026-07-15,settled
STL16788532,RZP2952996248,49876.27,2026-07-11,settled
STL58473278,RZP6312878497,1522.94,2026-07-05,reversed
STL89483803,RZP5791851910,7032.19,2026-07-02,settled
STL91736458,RZP3036687814,73934.00,2026-07-12,settled
STL39111642,RZP5639307097,31384.58,2026-07-05,settled
STL90448089,RZP1146208285,46645.09,2026-07-01,settled
STL86491124,RZP3526147677,56075.02,2026-07-03,settled
STL49342650,RZP3681869740,65192.97,2026-07-03,settled
STL71112477,RZP5944962594,4357.71,2026-07-01,settled
STL88429608,RZP5870220303,71127.39,2026-07-14,settled
STL82790574,RZP9533035636,64826.37,2026-07-02,settled
STL90273248,RZP4007236112,25152.48,2026-07-04,settled
STL37686424,RZP5659467369,33159.93,2026-07-13,settled
STL94992096,RZP8373547961,8528.55,2026-07-07,settled
STL77674129,RZP7495114421,1706.99,2026-07-07,settled
STL42315990,RZP7320856459,23040.59,2026-07-13,settled
STL67687772,RZP9585423887,20792.76,2026-07-02,settled
STL99286120,RZP5304124922,59173.07,2026-07-09,settled
STL52849209,RZP7672305678,66667.56,2026-07-01,settled
STL27273309,RZP2767365766,23312.86,2026-07-13,settled
STL49831072,RZP2150158379,71230.37,2026-07-09,settled
STL17346401,RZP5035326973,23793.23,2026-07-05,settled
STL98251335,RZP8878206466,8654.35,2026-07-07,settled
STL25641562,RZP1541589900,722.20,2026-07-10,settled
STL55126318,RZP3198578822,65265.99,2026-07-12,settled
STL63487395,RZP3926692450,63635.84,2026-07-10,settled
STL68014342,RZP8864129350,67843.03,2026-07-10,pending
STL51292413,RZP4789040823,21883.82,2026-07-04,settled
STL68818404,RZP2256429596,21166.21,2026-07-08,settled
STL78945564,RZP4881785530,13523.66,2026-07-06,settled
STL61926405,RZP7214267356,43071.08,2026-07-02,settled
STL87938424,RZP2015659684,60560.77,2026-07-06,settled
STL30005727,RZP8325785916,42287.56,2026-07-02,settled
STL60950398,RZP7655418921,18851.80,2026-07-13,settled
STL39872900,RZP7077473249,4680.38,2026-07-15,settled
STL59794029,RZP5400183752,52462.70,2026-07-10,settled
STL18925280,RZP5256493527,30482.59,2026-07-01,settled
STL61363891,RZP3457284764,47726.41,2026-07-15,settled
STL17898708,RZP7515495410,20555.77,2026-07-08,settled
STL11910266,RZP7550842481,13566.36,2026-07-15,settled
STL88547547,RZP2162514050,74695.61,2026-07-04,settled
STL46874819,RZP2743640975,55677.67,2026-07-03,settled
STL98125984,RZP5516421173,49951.86,2026-07-09,settled
STL40251937,RZP6005817882,65623.91,2026-07-13,settled
STL89293564,RZP7685653955,49324.37,2026-07-14,settled
STL53840606,RZP8328706970,18351.04,2026-07-11,reversed
STL82774096,RZP6363288948,67935.51,2026-07-15,settled
STL65256621,RZP9969743629,31044.85,2026-07-11,settled
STL80753585,RZP4424713310,27082.68,2026-07-03,settled
STL35451118,RZP5788327025,28038.38,2026-07-15,pending
STL79607791,RZP6108647286,13660.06,2026-07-05,settled
STL25699176,RZP5287286126,3345.22,2026-07-11,settled
STL48785588,RZP1866813449,60912.54,2026-07-12,settled
STL29850853,RZP5779272394,51590.92,2026-07-12,settled
STL43814834,RZP7867090481,73741.14,2026-07-02,settled
STL26223234,RZP6306726442,74816.48,2026-07-04,settled
STL61094305,RZP5692400242,48324.81,2026-07-14,settled
STL62308735,RZP5025190774,33396.24,2026-07-14,settled
STL42336213,RZP9656805484,51624.91,2026-07-13,settled
STL27236529,RZP2786752528,14330.14,2026-07-04,settled
STL62774253,RZP6704320865,25263.78,2026-07-13,settled
STL59507565,RZP3637582799,55657.87,2026-07-12,settled
STL10010461,RZP6609588606,14136.37,2026-07-09,settled
STL48838001,RZP6250416551,46743.94,2026-07-03,settled
STL69908086,RZP3227343782,2021.46,2026-07-09,settled
STL35788686,RZP1882287377,61782.60,2026-07-09,settled
STL81802559,RZP3113106808,24387.96,2026-07-03,settled
STL25399080,RZP3672473772,26486.17,2026-07-14,settled
STL53356706,RZP2236730914,55018.59,2026-07-07,settled
STL84287547,RZP7478145973,2159.97,2026-07-09,reversed
STL37184089,RZP7288299446,36009.08,2026-07-09,settled
STL22181265,RZP6185945187,52624.21,2026-07-09,settled
STL93451534,RZP8735149039,45037.28,2026-07-09,settled
STL69512466,RZP6277997060,27051.74,2026-07-03,settled
STL63781951,RZP5373461832,56322.05,2026-07-10,pending
STL64863915,RZP1270439110,45147.91,2026-07-03,settled
STL77454225,RZP2178758213,47064.17,2026-07-10,settled
STL65115425,RZP5716607284,37053.22,2026-07-06,pending
STL26274328,RZP1066244679,38416.01,2026-07-04,settled
STL78899184,RZP3177529650,69088.46,2026-07-11,settled
STL78010697,RZP1212943085,9026.27,2026-07-01,settled
STL23958876,RZP2339224496,72942.12,2026-07-01,settled
STL52686567,RZP9167003106,69567.32,2026-07-10,settled
STL49788339,RZP8018252523,52354.29,2026-07-07,settled
STL19121727,RZP6239629045,64467.82,2026-07-04,settled
STL51569610,RZP3732376123,33647.60,2026-07-10,settled
STL82596795,RZP8905031350,32812.22,2026-07-02,settled
STL79443222,RZP6455290963,14753.00,2026-07-13,settled
STL50967020,RZP8565406848,64660.51,2026-07-10,settled
STL71966874,RZP7337889916,41917.51,2026-07-05,reversed
STL35418652,RZP9942155842,36826.51,2026-07-09,settled
STL45394511,RZP2777772747,46861.24,2026-07-14,settled
STL75347728,RZP5748263923,29173.66,2026-07-10,settled
STL99279031,RZP7944713401,68508.19,2026-07-07,settled
STL56886056,RZP2927682540,39335.32,2026-07-11,settled
STL33740148,RZP2972218606,51433.50,2026-07-08,settled
STL21686682,RZP7383049918,63471.91,2026-07-13,settled
STL40513661,RZP8542000114,37580.28,2026-07-15,settled
STL79894489,RZP9187119152,50341.01,2026-07-01,settled
STL12132081,RZP1376390042,10565.99,2026-07-04,settled
STL48657405,RZP5064440261,55705.28,2026-07-10,settled
STL57303591,RZP4026611609,29813.78,2026-07-08,settled
STL34015248,RZP4466010948,22754.15,2026-07-10,settled
STL65564671,RZP9107574572,58682.57,2026-07-06,settled
STL90753445,RZP2884939143,65414.63,2026-07-02,settled
STL94447782,RZP8540115274,65653.56,2026-07-05,settled
STL71934487,RZP2752306681,17240.20,2026-07-14,settled
STL35269861,RZP6724505953,2235.15,2026-07-12,settled
STL78989031,RZP4159008162,37834.73,2026-07-10,settled
STL76659916,RZP4351461655,40510.81,2026-07-15,settled
STL93774633,RZP3832146632,25302.46,2026-07-01,settled
STL16472606,RZP5403038027,74550.70,2026-07-09,settled
STL69480516,RZP3897956226,8241.23,2026-07-10,settled
STL40015561,RZP1711214547,21944.32,2026-07-08,settled
STL23591154,RZP3439970171,27101.59,2026-07-13,settled
STL47276794,RZP5780132606,41158.00,2026-07-08,settled
STL16299062,RZP8909063683,4854.18,2026-07-04,settled
STL21361254,RZP4379095790,18773.86,2026-07-12,settled
STL17539693,RZP3699144338,31509.82,2026-07-04,reversed
STL83071525,RZP4953305212,52671.98,2026-07-08,settled
STL63773579,RZP2201746280,61880.66,2026-07-08,settled
STL36301942,RZP2249451787,33468.09,2026-07-04,settled
STL51520539,RZP6159806043,20751.52,2026-07-05,pending
STL14330737,RZP3996707622,50637.45,2026-07-05,settled
STL59252313,RZP2736057295,57151.41,2026-07-06,settled
STL56651206,RZP6051716670,71745.51,2026-07-11,settled
STL22245773,RZP5451159796,34682.65,2026-07-13,settled
STL58992670,RZP3300397566,63610.34,2026-07-07,settled
STL11137482,RZP3878641750,16733.54,2026-07-01,reversed
STL70406049,RZP2148739258,57862.10,2026-07-02,reversed
STL27120235,RZP5253259971,43913.16,2026-07-10,settled
STL60730347,RZP2002553400,19325.48,2026-07-06,settled
STL96046825,RZP4272659618,48282.27,2026-07-03,settled
STL88769634,RZP1401876836,58531.39,2026-07-11,settled
STL11770277,RZP5875237216,28624.24,2026-07-07,settled
STL94843358,RZP3693254688,5528.67,2026-07-14,settled
STL58911837,RZP2794837746,7849.72,2026-07-04,settled
STL87594146,RZP3592596823,59321.25,2026-07-11,settled
STL57123808,RZP3719679239,40030.06,2026-07-04,settled
STL41795341,RZP5836301842,8283.05,2026-07-15,settled
STL85095516,RZP5978040285,26779.22,2026-07-09,pending
STL21062296,RZP9059914313,7453.83,2026-07-06,settled
STL24894384,RZP7975160454,50964.30,2026-07-15,settled
STL52611328,RZP8225823737,30470.40,2026-07-06,settled
STL41001495,RZP1393033488,21243.26,2026-07-09,settled
STL97901565,RZP8755295002,30186.20,2026-07-11,settled
STL84160740,RZP1684149575,74508.21,2026-07-14,settled
STL48027698,RZP3628713898,62285.09,2026-07-01,reversed
STL17832182,RZP7124274722,45535.92,2026-07-09,settled
STL70716627,RZP6585784329,21144.75,2026-07-02,settled
STL22976798,RZP9886835080,59779.40,2026-07-14,settled
STL67707810,RZP9480404121,25669.45,2026-07-06,settled
STL24751071,RZP9708487782,46283.54,2026-07-03,settled
STL49311987,RZP2328687286,5876.69,2026-07-06,settled
STL84883001,RZP1226358600,68322.15,2026-07-08,settled
STL10854364,RZP8386719231,52854.28,2026-07-03,pending
STL44483834,RZP5443000266,63184.08,2026-07-12,settled
STL48972279,RZP2579162223,13790.35,2026-07-04,settled
STL45237821,RZP5533639309,9790.55,2026-07-15,settled
STL26042897,RZP8541030049,59043.33,2026-07-12,settled
STL64115926,RZP9341227108,44709.01,2026-07-02,settled
STL78521780,RZP9354269398,60521.99,2026-07-01,settled
STL88349860,RZP6225515040,40576.36,2026-07-14,settled
STL97903429,RZP9212959154,57629.73,2026-07-09,settled
STL80325062,RZP4627032705,18627.08,2026-07-10,settled
STL96726933,RZP8181890625,69258.43,2026-07-04,settled
STL30592253,RZP1480678369,35593.93,2026-07-10,settled
STL53713685,RZP1518084694,40343.87,2026-07-08,settled
STL74505463,RZP6345619747,74726.45,2026-07-04,pending
STL68743530,RZP2617999521,12587.42,2026-07-14,settled
STL48986265,RZP5559260840,35929.98,2026-07-07,settled
STL59260732,RZP9797899021,34655.51,2026-07-06,reversed
STL85215789,RZP3086876135,22113.42,2026-07-11,settled
STL62901528,RZP3210955524,67209.97,2026-07-09,settled
STL77988449,RZP1070988942,50238.05,2026-07-11,settled
STL56328316,RZP7073872915,16559.89,2026-07-09,settled
STL37435471,RZP6945778554,49832.88,2026-07-05,settled
STL28059037,RZP5945191176,1164.05,2026-07-09,settled
STL25673796,RZP3667904464,35298.12,2026-07-08,settled
STL63731567,RZP4188342134,59846.29,2026-07-07,settled
STL91448493,RZP4321320804,50477.72,2026-07-01,settled
STL44520764,RZP1548867546,35999.97,2026-07-11,settled
STL87150078,RZP1582662083,59539.18,2026-07-12,reversed
STL34197005,RZP6105048072,48541.27,2026-07-02,settled
STL20176835,RZP6541221810,59881.11,2026-07-12,settled
STL81874437,RZP6147970594,70674.65,2026-07-08,settled
STL11977091,RZP7653080344,58936.17,2026-07-08,settled
STL99543733,RZP9045252906,13637.78,2026-07-13,settled
STL51584044,RZP5049072489,73972.39,2026-07-04,settled
STL69467403,RZP1998173670,20045.63,2026-07-10,settled
STL47733231,RZP5021153897,33621.04,2026-07-04,settled
STL38000749,RZP2610079935,16005.37,2026-07-15,settled
STL27450511,RZP9359520282,57067.06,2026-07-06,settled
STL10326771,RZP6077887611,46107.23,2026-07-11,reversed
STL66947676,RZP5736621817,7458.96,2026-07-06,settled
STL75115794,RZP5202486548,48246.60,2026-07-08,pending
STL95012849,RZP1706906069,45221.34,2026-07-01,settled
STL23555369,RZP1716275768,31687.61,2026-07-13,settled
STL43919062,RZP6668364016,22238.64,2026-07-10,settled
STL88699165,RZP1912079195,14665.70,2026-07-11,settled
STL19853872,RZP8979734990,9904.87,2026-07-01,settled
STL20077771,RZP3569521270,43968.16,2026-07-12,settled
STL21901519,RZP5547477409,50706.02,2026-07-15,settled
STL95450791,RZP2656410692,18454.91,2026-07-08,settled
STL92414513,RZP6999146585,37911.46,2026-07-11,settled
STL73716559,RZP7468164619,48419.43,2026-07-06,settled
STL65880092,RZP7835778046,22112.73,2026-07-15,settled
STL32230669,RZP2755551484,46642.20,2026-07-01,settled
STL70452086,RZP6244141623,67672.02,2026-07-15,settled
STL85049736,RZP8590051005,31699.21,2026-07-13,settled
STL29050217,RZP2565800378,55753.24,2026-07-06,settled
STL31058693,RZP5172847747,51563.00,2026-07-12,settled
STL91228073,RZP7403192791,22445.02,2026-07-07,settled
STL85426728,RZP6328113458,61310.36,2026-07-11,settled
STL22997893,RZP1040830454,20323.02,2026-07-01,settled
STL25699326,RZP4534054763,32891.47,2026-07-08,settled
STL85031958,RZP2261792922,35573.18,2026-07-12,settled
STL21237842,RZP8816311148,2387.00,2026-07-14,settled
STL91136639,RZP3775359363,58532.59,2026-07-04,pending
STL11132241,RZP8032869390,15009.34,2026-07-02,settled
STL88502113,RZP4089283317,73410.48,2026-07-02,settled
STL11198544,RZP8706848089,44059.92,2026-07-07,settled
STL43435196,RZP8453582359,4438.41,2026-07-12,settled
STL66638517,RZP6849798054,71351.13,2026-07-15,settled
STL76529367,RZP9718730673,48598.44,2026-07-12,settled
STL90227105,RZP8382485264,42946.65,2026-07-15,settled
STL11747962,RZP5314193103,32252.85,2026-07-08,settled
STL71862967,RZP6783367332,55818.92,2026-07-14,settled
STL66230544,RZP9803992741,21887.49,2026-07-10,settled
STL19596940,RZP5204778700,17798.68,2026-07-06,settled
STL87081624,RZP3409107975,49429.42,2026-07-02,settled
STL33206579,RZP4153648273,54406.75,2026-07-13,settled
STL67557861,RZP3318745459,51906.25,2026-07-04,settled
STL59710339,RZP1222303373,18462.10,2026-07-04,settled
STL82595570,RZP9803023919,19664.48,2026-07-15,settled
STL73330181,RZP3644590514,74452.03,2026-07-12,settled
STL19890816,RZP3597260926,60354.63,2026-07-09,settled
STL28771119,RZP6635724009,20228.58,2026-07-13,settled
STL20623370,RZP2718971996,11729.08,2026-07-12,settled
STL89472028,RZP1888734391,768.24,2026-07-10,settled
STL15026138,RZP8674577583,3874.01,2026-07-12,settled
STL88093609,RZP4513592220,1677.38,2026-07-15,settled
STL72861868,RZP1123427402,43365.83,2026-07-12,reversed
STL79257499,RZP5055990915,37868.88,2026-07-10,settled
STL95084307,RZP7057021720,64583.85,2026-07-15,settled
STL67136170,RZP1189941491,74349.88,2026-07-12,settled
STL18078731,RZP7334229268,43097.95,2026-07-11,settled
STL49348536,RZP5930425078,11712.11,2026-07-04,settled
STL15548532,RZP3352406322,55626.01,2026-07-11,settled
STL52125035,RZP1190758672,59193.25,2026-07-05,settled
STL41776042,RZP6092933720,45540.71,2026-07-10,settled
STL56835358,RZP1908620908,52795.05,2026-07-13,settled
STL22097638,RZP1179097435,24171.53,2026-07-11,settled
STL87984620,RZP6709234482,40896.41,2026-07-04,settled
STL38814847,RZP9261233432,12610.63,2026-07-13,settled
STL26955438,RZP3415279486,41453.30,2026-07-12,settled
STL26222974,RZP7335574202,34463.10,2026-07-12,settled
STL38722147,RZP7588339123,65727.45,2026-07-06,settled
STL29121601,RZP8528799072,48504.09,2026-07-04,settled
STL63662562,RZP6219829416,56486.43,2026-07-12,settled
STL61508090,RZP6747559037,53952.42,2026-07-01,reversed
STL53390242,RZP3859542876,26826.02,2026-07-02,settled
STL48983521,RZP3455229186,21155.06,2026-07-15,settled
STL40650223,RZP1973156457,53841.75,2026-07-04,settled
STL16397579,RZP8440807542,15650.36,2026-07-02,settled
STL63341963,RZP2533775744,63681.80,2026-07-09,settled
STL61012903,RZP1953975192,8585.27,2026-07-01,settled
STL83266696,RZP7037250227,74456.06,2026-07-08,settled
STL41502246,RZP4944183853,8158.64,2026-07-06,settled
STL27466246,RZP7110305796,18827.13,2026-07-03,settled
STL16721330,RZP6984281072,68555.85,2026-07-15,settled
STL49023919,RZP3110721735,35882.78,2026-07-04,pending
STL67377856,RZP6394175396,62525.10,2026-07-01,settled
STL66701227,RZP2952887577,36717.38,2026-07-11,settled
STL74300930,RZP5634396131,69338.72,2026-07-11,settled
STL39249178,RZP5710265086,29177.08,2026-07-03,settled
STL96939740,RZP2943226840,2872.29,2026-07-09,settled
STL34661719,RZP2760938563,18530.92,2026-07-06,settled
STL12886385,RZP9759256192,37706.82,2026-07-05,reversed
STL72556083,RZP1136222604,64647.85,2026-07-07,reversed
STL17007896,RZP9496770580,63068.28,2026-07-03,settled
STL27659164,RZP9422285317,22014.15,2026-07-03,settled
STL69758324,RZP9584811571,34864.34,2026-07-15,settled
STL61542860,RZP2437157203,44639.27,2026-07-05,settled
STL99780305,RZP1726472332,29879.47,2026-07-02,settled
STL68655485,RZP5488170576,64717.09,2026-07-01,settled
STL77939403,RZP4538579627,47471.05,2026-07-11,settled
STL28307667,RZP4013231659,38961.67,2026-07-09,settled
STL29589610,RZP1764066701,15497.36,2026-07-15,settled
STL82468344,RZP8655864027,32775.73,2026-07-04,settled
STL65802437,RZP6673637591,42613.31,2026-07-14,settled
STL33152233,RZP7910433041,13914.76,2026-07-13,pending
STL26022893,RZP7174228135,17147.54,2026-07-09,settled
STL27102306,RZP4638587707,21163.02,2026-07-09,settled
STL21598781,RZP2988592958,9161.50,2026-07-02,settled
STL30694974,RZP7608193114,41665.09,2026-07-06,reversed
STL17521339,RZP5431277186,6476.62,2026-07-13,settled
STL88742725,RZP2242507300,9939.70,2026-07-04,settled
STL27998275,RZP3681174428,68221.56,2026-07-12,settled
STL53067903,RZP1625457321,33184.01,2026-07-06,settled
STL40787425,RZP3624656441,14555.84,2026-07-14,settled
STL22402810,RZP8477847680,67229.78,2026-07-15,settled
STL25552030,RZP5514851131,74170.70,2026-07-04,settled
STL78305711,RZP2312338644,50759.69,2026-07-01,settled
STL30594746,RZP3625026334,4866.56,2026-07-15,reversed
STL91303161,RZP7475750719,54940.34,2026-07-10,settled
STL65302565,RZP6581602725,28022.63,2026-07-01,settled
STL92874168,RZP9631360576,1501.82,2026-07-13,settled
STL41860721,RZP8593733652,24322.62,2026-07-07,settled
STL25281129,RZP2746489625,6932.62,2026-07-15,settled
STL34452705,RZP1959222939,70606.92,2026-07-13,reversed
STL33424272,RZP3677612467,15757.47,2026-07-14,settled
STL21597835,RZP7305453159,58269.99,2026-07-01,settled
STL78521168,RZP8471840923,38703.57,2026-07-15,settled
STL33708155,RZP7354917980,53520.81,2026-07-10,settled
STL53258988,RZP7371573279,32950.30,2026-07-12,settled
STL69733842,RZP4807894097,43660.20,2026-07-10,settled
STL47633060,RZP1953688743,32000.44,2026-07-14,settled
STL21490777,RZP9074999565,41906.43,2026-07-09,settled
STL74685696,RZP2226088190,52051.31,2026-07-01,settled
STL95615203,RZP2308423044,69434.50,2026-07-08,settled
STL19791079,RZP6220579399,51518.70,2026-07-05,settled
STL45571248,RZP3673821219,68974.20,2026-07-11,settled
STL35839651,RZP2509908694,46764.29,2026-07-10,settled
STL94322033,RZP7961674558,50993.45,2026-07-12,settled
STL60585787,RZP9259299197,4414.10,2026-07-08,reversed
STL42118880,RZP1020631509,60930.04,2026-07-01,settled
STL43383774,RZP2248985201,2894.18,2026-07-15,settled
STL30685022,RZP9547622613,33951.06,2026-07-01,settled
STL32004738,RZP1058734940,36169.99,2026-07-09,settled
STL39297966,RZP4524979890,51097.06,2026-07-03,reversed
STL58934975,RZP9516621717,34682.16,2026-07-02,settled
STL19052721,RZP9490058905,64027.26,2026-07-06,settled
STL79301505,RZP5324761675,29622.83,2026-07-07,settled
STL24362810,RZP1685064152,58699.04,2026-07-13,settled
STL16674610,RZP2454685747,63449.57,2026-07-10,settled
STL45566367,RZP4814458794,30827.64,2026-07-15,reversed
STL93013579,RZP2495966316,11377.45,2026-07-01,settled
STL81252044,RZP5929788567,51186.50,2026-07-14,settled
STL58918923,RZP1351793856,74236.91,2026-07-03,settled
STL99686372,RZP9842186844,3019.87,2026-07-14,settled
STL46716608,RZP9274629280,19864.24,2026-07-11,pending
STL21649801,RZP8979273911,53383.08,2026-07-05,settled
STL18019970,RZP2465435460,32599.56,2026-07-11,settled
STL75184646,RZP2827367326,52304.24,2026-07-10,settled
STL40116895,RZP5344481171,55289.43,2026-07-07,settled
STL48182026,RZP5864990574,1234.40,2026-07-14,settled
STL49150077,RZP1088567319,41366.51,2026-07-07,settled
STL11747174,RZP4688082625,45341.76,2026-07-01,pending
STL86766291,RZP3019175561,31660.73,2026-07-12,settled
STL31759933,RZP5980972370,52380.94,2026-07-02,settled
STL64609285,RZP7575433134,6095.82,2026-07-05,settled
STL93861148,RZP9496893093,22082.42,2026-07-02,settled
STL71469649,RZP1992102810,68316.58,2026-07-04,settled
STL46259294,RZP5311497955,47569.72,2026-07-06,settled
STL78194047,RZP4333330668,46265.97,2026-07-13,settled
STL92670664,RZP9312125622,41709.73,2026-07-03,settled
STL20712150,RZP7905926102,57845.38,2026-07-10,settled
STL87034329,RZP1983615428,44661.37,2026-07-15,pending
STL50574135,RZP4080693021,42782.69,2026-07-06,settled
STL22568973,RZP3659387720,10517.92,2026-07-05,settled
STL76612404,RZP7039458689,70722.01,2026-07-13,pending
STL12746818,RZP4699855817,44177.75,2026-07-03,reversed
STL34674994,RZP6122145332,3794.54,2026-07-05,settled
STL24048653,RZP2131326701,23682.88,2026-07-09,settled
STL95452044,RZP6108002260,7029.83,2026-07-03,pending
STL12785169,RZP4435623168,48076.97,2026-07-10,settled
STL88961202,RZP8030314152,25709.15,2026-07-04,settled
STL87751638,RZP7816728481,52334.38,2026-07-05,settled
STL69891593,RZP5735714978,26123.04,2026-07-07,settled
STL10352830,RZP2471960675,33828.22,2026-07-13,settled
STL99692417,RZP8517718126,41385.60,2026-07-10,settled
STL58832330,RZP9912995732,69564.45,2026-07-05,settled
STL45880608,RZP1678178119,2772.66,2026-07-11,settled
STL43358157,RZP1596412178,45342.23,2026-07-14,settled
STL84165377,RZP5106442139,9731.66,2026-07-14,settled
STL38834736,RZP7117532733,48116.50,2026-07-10,settled
STL16665531,RZP3694445661,18039.72,2026-07-06,settled
STL64250582,RZP9081840882,64064.58,2026-07-15,settled
STL14216175,RZP9894847574,47517.17,2026-07-04,settled
STL45984317,RZP4820016297,40962.05,2026-07-06,settled
STL67517981,RZP8027054018,72819.57,2026-07-07,settled
STL25475664,RZP8064065868,59884.59,2026-07-14,pending
STL98106372,RZP5459313793,60044.03,2026-07-15,settled
STL65197277,RZP4122782825,57524.91,2026-07-15,settled
STL54494335,RZP1280714963,2099.22,2026-07-15,settled
STL25331943,RZP7123651519,55360.41,2026-07-10,settled
STL74847454,RZP5882228340,45773.68,2026-07-12,settled
STL95408582,RZP7979204873,44786.86,2026-07-02,settled
STL12390993,RZP9257740324,47626.82,2026-07-12,pending
STL19483290,RZP7289480403,924.03,2026-07-05,settled
STL56396295,RZP9929126136,56143.26,2026-07-12,settled
STL85764804,RZP7991986741,35064.50,2026-07-10,settled
STL96799802,RZP1224416555,57810.06,2026-07-06,settled
STL46879169,RZP1479641898,18305.55,2026-07-06,settled
STL53067834,RZP2342094845,43528.21,2026-07-05,settled
STL96381641,RZP5162070860,12104.24,2026-07-04,settled
STL40647266,RZP6345912504,59896.60,2026-07-03,settled
STL91553176,RZP7684097480,38560.53,2026-07-03,settled
STL20156121,RZP8489977737,3233.13,2026-07-04,settled
STL46784982,RZP2599347213,54329.76,2026-07-03,settled
STL95042804,RZP6210267808,16374.05,2026-07-14,settled
STL93512668,RZP7141264617,42511.68,2026-07-01,settled
STL55971125,RZP2566722083,28850.82,2026-07-05,settled
STL62342586,RZP4251624056,49735.66,2026-07-08,settled
STL49449705,RZP6196769550,3503.45,2026-07-05,settled
STL10299883,RZP6540785880,36492.79,2026-07-05,settled
STL19971024,RZP3980912266,12154.96,2026-07-02,settled
STL43234694,RZP7360725797,48264.69,2026-07-07,pending
STL43859311,RZP9072992279,21230.12,2026-07-14,settled
STL60629134,RZP2870417878,72863.65,2026-07-04,settled
STL74258784,RZP6959351917,31654.33,2026-07-11,settled
STL56223778,RZP3842794212,29445.94,2026-07-07,settled
STL91399222,RZP7358196492,49392.99,2026-07-03,settled
STL52055939,RZP3821177538,42876.48,2026-07-04,pending
STL63254814,RZP4853636272,5238.47,2026-07-11,settled
STL63053546,RZP5667106418,31380.97,2026-07-09,settled
STL92035598,RZP7747581391,19947.33,2026-07-05,settled
STL43073993,RZP2062070526,37496.13,2026-07-14,settled
STL16118607,RZP4210653582,44432.20,2026-07-08,settled
STL99466466,RZP5850511723,43820.02,2026-07-10,settled
STL72213255,RZP8003744133,7424.59,2026-07-09,settled
STL31266976,RZP8776908812,62091.08,2026-07-10,settled
STL39656729,RZP4562500653,5127.98,2026-07-11,settled
STL85156388,RZP7833563240,5317.00,2026-07-03,settled
STL98773885,RZP6910772784,74359.43,2026-07-11,settled
STL50806582,RZP9525283313,6690.35,2026-07-12,settled
STL54955754,RZP9367760189,49870.99,2026-07-03,settled
STL56600900,RZP4459716271,59818.93,2026-07-10,settled
STL97080212,RZP4603819309,55677.13,2026-07-03,settled
STL96001439,RZP2515215551,1127.34,2026-07-11,settled
STL80073291,RZP5261135749,12590.76,2026-07-06,settled
STL29175605,RZP9551366213,23092.88,2026-07-08,settled
STL28854695,RZP6141328624,29708.90,2026-07-12,settled
STL70322866,RZP7162339674,39750.71,2026-07-12,settled
STL69538978,RZP8290447398,44778.17,2026-07-12,settled
STL71516755,RZP2298235387,31116.03,2026-07-04,settled
STL70696332,RZP5929159851,46282.80,2026-07-08,reversed
STL10128848,RZP5546169804,23543.14,2026-07-05,settled
STL74707838,RZP4397349956,18396.87,2026-07-08,settled
STL80021797,RZP7491345527,45895.47,2026-07-15,settled
STL68336875,RZP6351388960,39253.94,2026-07-01,settled
STL14191620,RZP7574819669,12568.66,2026-07-15,settled
STL52185830,RZP4458777526,8374.40,2026-07-06,settled
STL26138727,RZP9135370659,23156.50,2026-07-03,settled
STL64024116,RZP9579021901,34723.38,2026-07-07,settled
STL83549599,RZP5292557368,33468.94,2026-07-01,settled
STL92732173,RZP8923011407,64320.15,2026-07-06,settled
STL58003784,RZP5026632063,72378.33,2026-07-08,settled
STL25793277,RZP8777595717,74297.67,2026-07-02,settled
STL19683845,RZP5788132323,44657.51,2026-07-02,settled
STL31480666,RZP8586920446,36125.18,2026-07-11,settled
STL76460815,RZP2687430058,16881.68,2026-07-14,settled
STL50169346,RZP8115186493,17344.09,2026-07-07,settled
STL48605268,RZP6385791669,19521.84,2026-07-01,settled
STL96246474,RZP9288998884,73218.12,2026-07-13,settled
STL57795908,RZP6502466761,50149.15,2026-07-12,settled
STL31441218,RZP6090745294,27501.90,2026-07-05,pending
STL25193029,RZP6128876188,47295.52,2026-07-02,settled
STL47608285,RZP9432070587,31914.72,2026-07-11,settled
STL40035242,RZP3403413753,4184.37,2026-07-08,settled
STL43822042,RZP2368515619,6743.34,2026-07-15,reversed
STL31168173,RZP7646835735,8606.40,2026-07-14,settled
STL17524179,RZP6027855004,18778.19,2026-07-10,reversed
STL59182925,RZP2929639043,60931.63,2026-07-15,settled
STL39895961,RZP5516262193,71071.72,2026-07-13,pending
STL51152696,RZP2818723094,63577.69,2026-07-10,settled
STL23434328,RZP5261711194,59781.31,2026-07-15,settled
STL21766447,RZP7140242630,24479.42,2026-07-10,settled
STL83611807,RZP3101012094,24748.80,2026-07-14,settled
STL41546825,RZP5076766763,52723.92,2026-07-08,settled
STL42189958,RZP2850751197,35947.87,2026-07-05,settled
STL95967653,RZP8421915915,48598.27,2026-07-13,settled
STL82238741,RZP6805759868,56633.90,2026-07-14,settled
STL11753418,RZP8333120471,74044.50,2026-07-03,pending
STL21463761,RZP4020380113,47517.97,2026-07-01,reversed
STL52363709,RZP9263416545,10102.76,2026-07-04,settled
STL57321801,RZP4371726453,66639.48,2026-07-15,settled
STL70665647,RZP5318082411,61774.02,2026-07-13,settled
STL55111251,RZP5308772998,49907.77,2026-07-09,settled
STL60028002,RZP2642431326,74489.97,2026-07-12,settled
STL50183834,RZP4118694155,59979.36,2026-07-03,settled
STL44603606,RZP1169889594,22252.37,2026-07-02,settled
STL65359240,RZP6844017733,46693.88,2026-07-13,settled
STL61028711,RZP6934826422,74497.94,2026-07-13,settled
STL47854255,RZP5338578292,9991.10,2026-07-11,settled
STL89965549,RZP1839522247,21642.52,2026-07-11,settled
STL98470372,RZP9650936041,8810.43,2026-07-03,settled
STL34848676,RZP1208847956,47814.74,2026-07-09,settled
STL22772495,RZP5797835845,55880.72,2026-07-09,settled
STL11898961,RZP6128695961,17447.50,2026-07-03,settled
STL30352309,RZP5493835495,46446.93,2026-07-06,pending
STL78601597,RZP4965615534,38549.14,2026-07-13,settled
STL93617503,RZP5215310310,55357.45,2026-07-10,settled
STL22794212,RZP8557912645,21163.40,2026-07-14,settled
STL42376774,RZP2733941624,5191.10,2026-07-15,settled
STL45126937,RZP1013771751,2131.32,2026-07-01,settled
STL83617037,RZP4109094640,22946.57,2026-07-06,reversed
STL98722836,RZP8182521593,12008.99,2026-07-15,settled
STL17560687,RZP4686932034,28553.41,2026-07-07,settled
STL76738469,RZP2268528881,12281.21,2026-07-15,settled
STL57758271,RZP7149540553,24412.15,2026-07-13,reversed
STL22563758,RZP9205080512,3101.69,2026-07-08,settled
STL91274963,RZP9200233904,50720.83,2026-07-11,settled
STL30053210,RZP4723546916,44985.29,2026-07-11,settled
STL22691278,RZP4168798960,7684.28,2026-07-01,settled
STL49126722,RZP7330373419,31799.68,2026-07-12,settled
STL75845066,RZP9212338132,31835.53,2026-07-13,settled
STL42654123,RZP4587659751,52073.26,2026-07-06,reversed
STL23259460,RZP9845473273,36462.73,2026-07-10,settled
STL63161481,RZP7210845725,48850.53,2026-07-05,settled
STL46173157,RZP2075321966,7303.85,2026-07-11,settled
STL67190488,RZP3508098662,35161.36,2026-07-10,settled
STL18411037,RZP1705253342,18775.84,2026-07-14,settled
STL13188608,RZP5454423190,48426.97,2026-07-15,settled
STL20485555,RZP6800590025,68249.71,2026-07-15,settled
STL69228261,RZP4161042861,42339.96,2026-07-04,settled
STL53100975,RZP9556021185,32249.56,2026-07-05,settled
STL61378431,RZP1975659193,1050.87,2026-07-15,settled
STL47238134,RZP3978236623,10503.65,2026-07-08,settled
STL80885469,RZP9064215671,7195.68,2026-07-14,settled
STL79336194,RZP9935023473,55838.57,2026-07-13,settled
STL93511037,RZP8859661121,26814.06,2026-07-05,settled
STL80983534,RZP8016945819,50894.20,2026-07-08,settled
STL91365059,RZP9739525340,28308.25,2026-07-02,settled
STL95722547,RZP2151531827,19893.73,2026-07-09,reversed
STL14963880,RZP3713284816,60956.58,2026-07-02,settled
STL79786819,RZP4217320974,55206.35,2026-07-10,settled
STL95777817,RZP3544189136,74138.53,2026-07-01,settled
STL73654820,RZP9699023942,39599.56,2026-07-14,settled
STL22413308,RZP8906828807,32767.75,2026-07-07,settled
STL77522712,RZP7722588138,54359.77,2026-07-02,settled
STL97616925,RZP6329433466,36902.63,2026-07-12,settled
STL14505250,RZP2288615608,22083.02,2026-07-15,pending
STL46374295,RZP9936245290,22807.59,2026-07-13,settled
STL46024950,RZP8238377072,13127.88,2026-07-05,settled
STL59550123,RZP4608473610,38461.66,2026-07-01,settled
STL64061453,RZP7796147241,62362.37,2026-07-09,reversed
STL71286924,RZP5719328110,69089.89,2026-07-13,settled
STL84940593,RZP3194842724,51977.54,2026-07-03,settled
STL35063557,RZP9629259723,69927.70,2026-07-07,settled
STL49104072,RZP5612511036,64201.80,2026-07-14,settled
STL55001469,RZP1768553889,73695.23,2026-07-14,reversed
STL71008953,RZP5864913957,66147.87,2026-07-13,settled
STL64935222,RZP3512880587,17950.50,2026-07-11,settled
STL47775818,RZP3508628357,56068.46,2026-07-15,settled
STL23466125,RZP2381232714,74359.18,2026-07-14,settled
STL31855262,RZP4656813109,42883.17,2026-07-09,settled
STL41788729,RZP4655627485,44519.50,2026-07-12,settled
STL39924542,RZP1723271214,55207.86,2026-07-07,settled
STL47895107,RZP1705029361,65392.61,2026-07-09,settled
STL52869025,RZP4277758858,63598.55,2026-07-11,settled
STL94556169,RZP9722428898,34749.77,2026-07-11,reversed
STL43647879,RZP9681644296,28643.79,2026-07-12,settled
STL32043679,RZP7322664459,16190.98,2026-07-06,settled
STL75997038,RZP1921128736,23408.92,2026-07-09,settled
STL90179314,RZP8070399922,43309.49,2026-07-08,settled
STL91836571,RZP3784730778,22711.23,2026-07-10,settled
STL35448269,RZP6622163115,74648.42,2026-07-04,settled
STL96589185,RZP3887067102,68766.13,2026-07-04,settled
STL91269754,RZP3896960280,24220.65,2026-07-13,settled
STL29778338,RZP4496307098,24071.27,2026-07-04,settled
STL40438208,RZP5312321117,70120.64,2026-07-11,settled
STL83117092,RZP9814100857,20867.92,2026-07-06,settled
STL87315107,RZP5826234030,4370.20,2026-07-15,settled
STL15268263,RZP4769980437,65894.61,2026-07-04,settled
STL46465282,RZP3147100342,7216.29,2026-07-10,settled
STL20327493,RZP6578347436,49443.50,2026-07-14,settled
STL93981258,RZP9851591952,28883.41,2026-07-05,settled
STL32878882,RZP1942215115,60479.98,2026-07-12,settled
STL62869451,RZP7086651813,7094.77,2026-07-13,settled
STL65258766,RZP7185179917,54321.19,2026-07-11,settled
STL22289142,RZP1560353165,22295.05,2026-07-04,settled
STL92523968,RZP8257484586,26690.25,2026-07-01,settled
STL47637172,RZP2388864124,11659.87,2026-07-01,settled
STL62021209,RZP5263701409,15786.44,2026-07-01,settled
STL60432035,RZP5885763595,37655.12,2026-07-04,settled
STL29107575,RZP5425699662,5333.97,2026-07-04,settled
STL85688787,RZP1806582912,19985.55,2026-07-06,settled
STL80421237,RZP8822970144,48176.68,2026-07-09,settled
STL72495414,RZP3663112088,52500.41,2026-07-07,settled
STL21177910,RZP1536411156,32487.05,2026-07-04,settled
STL11194267,RZP3910678913,20546.73,2026-07-07,settled
STL33108666,RZP4591723710,44492.71,2026-07-02,settled
STL98436473,RZP3549776132,34174.40,2026-07-04,settled
STL55058925,RZP1193440190,3586.63,2026-07-14,settled
STL61720348,RZP6927755019,73569.79,2026-07-06,settled
STL37468029,RZP5090692550,35119.95,2026-07-03,settled
STL45251517,RZP1328002524,46258.30,2026-07-03,settled
STL90115522,RZP4620173869,11671.21,2026-07-13,settled
STL65335804,RZP6924078888,52604.40,2026-07-11,settled
STL31179349,RZP9943371755,37137.15,2026-07-06,settled
STL87424000,RZP5380159400,9532.19,2026-07-14,settled
STL40360075,RZP7358161633,61155.85,2026-07-12,settled
STL88503334,RZP7169110303,34642.94,2026-07-08,pending
STL18208127,RZP5262252525,15573.76,2026-07-14,settled
STL61561575,RZP8587094479,48760.55,2026-07-03,settled
STL29954284,RZP5850953835,45527.85,2026-07-02,pending
STL25758887,RZP7715782053,59212.86,2026-07-11,settled
STL66921978,RZP5288799631,1251.03,2026-07-02,settled
STL50026257,RZP8196321601,31545.57,2026-07-12,pending
STL62864878,RZP9606492890,21069.91,2026-07-05,settled
STL80326426,RZP7932066984,48593.04,2026-07-09,settled
STL26923690,RZP1137747202,17524.20,2026-07-14,settled
STL31608946,RZP9440692809,47791.16,2026-07-08,settled
STL42877047,RZP5441387428,4856.48,2026-07-13,settled
STL51044970,RZP4932832458,17828.85,2026-07-09,settled
STL99431177,RZP7277823614,68900.09,2026-07-05,settled
STL82597478,RZP2681498779,35901.91,2026-07-13,settled
STL40426413,RZP2865975855,22474.53,2026-07-04,settled
STL21170209,RZP1475154741,66654.21,2026-07-11,settled
STL48473857,RZP4943401571,24614.71,2026-07-01,settled
STL93641697,RZP6422668648,69520.98,2026-07-05,settled
STL86483924,RZP5667181604,66181.52,2026-07-04,settled
STL69945655,RZP5136395494,61713.80,2026-07-11,settled
STL94081951,RZP9113165802,26543.77,2026-07-08,settled
STL86589871,RZP5452096335,60140.86,2026-07-13,settled
STL20954788,RZP9606223896,61518.38,2026-07-01,settled
STL84078153,RZP4955764901,24991.07,2026-07-07,settled
STL50372913,RZP4059299016,15679.57,2026-07-07,settled
STL43188846,RZP3413960811,56418.13,2026-07-12,pending
STL62525046,RZP9430066046,62954.49,2026-07-05,pending
STL21568926,RZP1240915238,29909.65,2026-07-10,settled
STL48495745,RZP9548551869,60762.74,2026-07-10,settled
STL13305715,RZP1371223702,11990.21,2026-07-03,settled
STL99399657,RZP9407693902,56519.83,2026-07-08,settled
STL22594216,RZP7562652504,3759.85,2026-07-07,pending
STL64794796,RZP4573254442,35077.18,2026-07-08,settled
STL77323835,RZP5009619919,64405.70,2026-07-03,settled
STL31481689,RZP7377986420,39002.45,2026-07-13,settled
STL24496185,RZP1479759410,65023.05,2026-07-04,settled
STL81195335,RZP6210307156,31482.34,2026-07-09,settled
STL98988209,RZP1335745390,25823.53,2026-07-08,settled
STL73175517,RZP9110769188,31941.14,2026-07-08,settled
STL35633381,RZP6676278071,26360.61,2026-07-12,settled
STL51395738,RZP6510697299,35235.66,2026-07-11,settled
STL15632177,RZP5515248140,5926.89,2026-07-07,settled
STL73073750,RZP8472615208,74315.09,2026-07-08,settled
STL33478988,RZP8846239223,46978.56,2026-07-15,settled
STL56896070,RZP5979458346,40959.47,2026-07-07,settled
STL51660060,RZP5009417978,44640.50,2026-07-07,settled
STL66825742,RZP8990154528,58488.10,2026-07-13,settled
STL36452300,RZP6627671162,24319.05,2026-07-09,settled
STL55414869,RZP6857897124,68886.29,2026-07-07,settled
STL34868850,RZP7360228056,16993.04,2026-07-05,settled
STL64708663,RZP1443926824,60261.34,2026-07-15,settled
STL60893769,RZP2415982761,45569.61,2026-07-01,settled
STL37566472,RZP9770191959,8353.13,2026-07-11,settled
STL25997841,RZP6378549045,23569.58,2026-07-12,settled
STL28405182,RZP1439921366,23844.69,2026-07-15,settled
STL36205020,RZP8979221696,42722.15,2026-07-15,settled
STL29124952,RZP5352293684,16492.31,2026-07-13,pending
STL72592632,RZP5707588546,56982.79,2026-07-13,settled
STL73002839,RZP9382361767,70498.78,2026-07-12,settled
STL38470244,RZP5418232833,63895.99,2026-07-03,settled
STL20664018,RZP6328685524,11579.71,2026-07-03,settled
STL64957378,RZP7167116799,65390.15,2026-07-03,settled
STL54449713,RZP4398818875,898.27,2026-07-07,settled
STL92715650,RZP8518239142,37421.60,2026-07-05,settled
STL57629193,RZP7706692408,30150.49,2026-07-14,settled
STL33909156,RZP2006550165,71224.33,2026-07-11,settled
STL14436293,RZP4578950639,9878.86,2026-07-05,settled
STL70214805,RZP4419354759,37823.25,2026-07-07,settled
STL37775381,RZP8012696455,12865.63,2026-07-03,settled
STL89135942,RZP3703359413,3821.60,2026-07-01,settled
STL87576571,RZP6079669748,16784.49,2026-07-09,pending
STL20162254,RZP1750287548,38435.48,2026-07-05,settled
STL60874740,RZP3339797652,53688.04,2026-07-13,settled
STL39844366,RZP3641978933,40793.43,2026-07-12,settled
STL49209244,RZP3868048462,14023.39,2026-07-07,settled
STL48726989,RZP8699841653,21994.93,2026-07-13,settled
STL92902014,RZP9420439970,22937.60,2026-07-14,settled
STL58752121,RZP5565157714,7010.74,2026-07-13,settled
STL85424941,RZP5083225181,74894.19,2026-07-11,settled
STL70629628,RZP3515395117,52517.13,2026-07-08,settled
STL39919845,RZP9381295712,7225.59,2026-07-13,settled
STL86043888,RZP4878660073,49796.10,2026-07-15,settled
STL18126895,RZP8239941612,41062.71,2026-07-11,settled
STL42412874,RZP1543000117,68146.09,2026-07-09,settled
STL12648580,RZP8636532034,12336.88,2026-07-11,settled
STL56883986,RZP9095263528,39137.49,2026-07-09,settled
STL24469806,RZP3201454274,5709.85,2026-07-15,reversed
STL67103476,RZP4482725370,59348.11,2026-07-13,settled
STL46735784,RZP1461809817,67333.91,2026-07-03,settled
STL83734495,RZP5708206011,18925.65,2026-07-08,settled
STL74426922,RZP2926870597,66461.52,2026-07-06,settled
STL84829595,RZP9758245850,39071.13,2026-07-14,settled
STL56664121,RZP2736603852,48044.10,2026-07-05,settled
STL34661393,RZP4586925258,71128.99,2026-07-07,settled
STL68455884,RZP9942254329,73108.61,2026-07-06,settled
STL87969595,RZP4956260090,8170.23,2026-07-11,settled
STL24157892,RZP2875843398,37608.88,2026-07-06,settled
STL71726937,RZP7252503368,25766.84,2026-07-15,settled
STL43539742,RZP3307434175,7781.54,2026-07-05,settled
STL15672381,RZP9015008408,26542.35,2026-07-04,settled
STL61709537,RZP7550486544,11384.49,2026-07-01,settled
STL11626011,RZP6479346740,16907.70,2026-07-01,settled
STL75096846,RZP9162735058,18055.91,2026-07-05,reversed
STL71026547,RZP2936540028,13826.45,2026-07-10,settled
STL72409658,RZP6600100279,16158.61,2026-07-13,settled
STL30906603,RZP8016131033,64053.25,2026-07-11,settled
STL64274455,RZP5049873134,45476.17,2026-07-01,settled
STL58935206,RZP1218404763,4184.88,2026-07-13,settled
STL86541906,RZP8575707116,27762.33,2026-07-07,settled
STL54454486,RZP1479011764,50336.59,2026-07-11,settled
STL98819325,RZP4916613219,60481.20,2026-07-15,settled
STL80382000,RZP4220213945,59394.34,2026-07-09,settled
STL64490712,RZP6728620623,53393.75,2026-07-02,settled
STL20533057,RZP8053429914,3284.18,2026-07-13,settled
STL97432232,RZP7960047252,23105.56,2026-07-11,settled
STL58038653,RZP6487757017,24842.29,2026-07-03,settled
STL26782946,RZP8354173416,54222.22,2026-07-14,settled
STL32364326,RZP6737936549,37956.25,2026-07-13,settled
STL43662096,RZP9777873312,1558.73,2026-07-03,settled
STL39957848,RZP1765758284,71933.01,2026-07-03,settled
STL30633166,RZP4321925889,3146.36,2026-07-06,settled
STL44645737,RZP5786325738,38315.40,2026-07-10,reversed
STL85279427,RZP2620997593,39069.25,2026-07-15,settled
STL69332348,RZP3751506408,70615.69,2026-07-06,settled
STL32093112,RZP8035033345,60919.96,2026-07-12,settled
STL47602980,RZP4006762608,13974.33,2026-07-11,settled
STL65636483,RZP5619821811,21139.60,2026-07-10,pending
STL89989525,RZP7772224977,11985.03,2026-07-15,settled
STL31112142,RZP8607904155,59945.40,2026-07-04,settled
STL46552866,RZP6694907334,46187.87,2026-07-09,settled
STL54196006,RZP1387615589,45186.69,2026-07-13,settled
STL22961673,RZP6569704411,45358.18,2026-07-13,settled
STL88488055,RZP5434873419,19799.08,2026-07-10,settled
STL56358761,RZP8975841464,52594.79,2026-07-04,settled
STL66884597,RZP8768187845,26138.21,2026-07-03,settled
STL92910238,RZP1294050451,10678.49,2026-07-02,settled
STL10779279,RZP2845335547,26462.83,2026-07-14,settled
STL45437132,RZP8410083072,25333.16,2026-07-13,settled
STL95446286,RZP5846341995,10229.67,2026-07-15,settled
STL63606649,RZP1794919270,71547.20,2026-07-02,reversed
STL13090599,RZP1354923180,36946.77,2026-07-11,settled
STL14049656,RZP8591162558,11256.28,2026-07-14,settled
STL72788025,RZP7523237718,67908.64,2026-07-12,settled
STL58617627,RZP4980013968,4355.61,2026-07-04,pending
STL39557337,RZP6331468442,20929.22,2026-07-07,settled
STL71821502,RZP7065553223,24500.23,2026-07-09,settled
STL93724365,RZP5926890511,51228.77,2026-07-09,settled
STL18609309,RZP6918486692,25949.47,2026-07-15,settled
STL64060403,RZP5393402303,59027.77,2026-07-10,settled
STL47279762,RZP6609316450,48505.40,2026-07-06,settled
STL15704406,RZP6382335303,56162.77,2026-07-13,settled
STL14237322,RZP8907752604,11509.29,2026-07-11,settled
STL75052916,RZP2658483646,32731.41,2026-07-03,settled
STL80445740,RZP1519113933,30827.59,2026-07-07,settled
STL26441717,RZP8161287700,56677.78,2026-07-08,settled
STL93109503,RZP5336399799,45646.64,2026-07-04,settled
STL15943124,RZP1348166328,13717.74,2026-07-13,settled
STL79118568,RZP6185250236,29247.83,2026-07-13,settled
STL74778652,RZP1821328222,61139.70,2026-07-15,settled
STL18245547,RZP1064193896,21177.51,2026-07-06,settled
STL43799089,RZP6911706728,27464.91,2026-07-03,settled
STL38754377,RZP9894264595,18231.35,2026-07-11,settled
STL44349681,RZP2463049293,8444.22,2026-07-10,settled
STL70709172,RZP9668957195,50380.10,2026-07-08,settled
STL31812203,RZP3207242242,13025.04,2026-07-13,settled
STL45396856,RZP1185010792,4076.25,2026-07-05,settled
STL72296016,RZP2977377566,7455.89,2026-07-13,settled
STL74597041,RZP7405136969,32421.06,2026-07-04,settled
STL92825222,RZP4266807729,63007.77,2026-07-11,settled
STL20165975,RZP6367479673,56959.43,2026-07-14,settled
STL28411390,RZP7400154822,69805.70,2026-07-11,settled
STL66157785,RZP5902079140,38801.70,2026-07-04,settled
STL28447541,RZP5819900353,17691.49,2026-07-03,settled
STL76690193,RZP2679684601,3009.21,2026-07-06,settled
STL35195869,RZP1891107818,8464.40,2026-07-08,settled
STL37129669,RZP7704546565,72558.55,2026-07-06,settled
STL19941358,RZP6930993187,32204.81,2026-07-15,settled
STL34184736,RZP5384859239,63619.73,2026-07-08,settled
STL42726304,RZP1315309469,39507.92,2026-07-04,pending
STL68229972,RZP2087578575,46959.54,2026-07-06,reversed
STL84839893,RZP4000157095,37119.93,2026-07-14,settled
STL82391660,RZP7899839564,17922.91,2026-07-07,settled
STL81035534,RZP1629425932,54122.06,2026-07-03,settled
STL27038652,RZP1261655763,28978.68,2026-07-11,settled
STL23948545,RZP6730803897,47062.83,2026-07-14,pending
STL29302769,RZP5339143600,49126.35,2026-07-07,settled
STL39669864,RZP2366484208,16988.61,2026-07-01,settled
STL53170446,RZP8175748139,18855.75,2026-07-03,settled
STL69384256,RZP7535556489,2643.60,2026-07-14,reversed
STL94679851,RZP3280065339,28214.44,2026-07-10,reversed
STL27032764,RZP3874905728,74313.84,2026-07-11,settled
STL41562316,RZP3518693203,17016.21,2026-07-10,settled
STL74082804,RZP5667503195,50359.56,2026-07-03,settled
STL16628788,RZP7745168440,71355.84,2026-07-02,pending
STL60132551,RZP4281104738,39757.20,2026-07-03,settled
STL48432692,RZP9081716335,60668.30,2026-07-01,settled
STL12328195,RZP5810820556,12853.87,2026-07-09,settled
STL71428633,RZP3787141666,53967.42,2026-07-12,settled
STL74180488,RZP6562144159,46289.60,2026-07-04,settled
STL94019376,RZP6585609060,5041.34,2026-07-10,settled
STL44742654,RZP1081053147,17279.63,2026-07-07,settled
STL44321106,RZP9165984639,51032.56,2026-07-15,settled
STL36852708,RZP2493630644,9550.73,2026-07-12,settled
STL70933337,RZP3392652436,64636.70,2026-07-11,settled
STL89240761,RZP8132898308,43000.80,2026-07-11,settled
STL17981048,RZP7678332951,70702.44,2026-07-13,settled
STL61673108,RZP8127827623,19415.96,2026-07-10,settled
STL21066004,RZP9375444669,15174.66,2026-07-09,settled
STL61455426,RZP6671453143,56632.39,2026-07-07,settled
STL33624348,RZP6980060638,2742.72,2026-07-08,settled
STL77114051,RZP8773122726,72027.05,2026-07-10,reversed
STL36121230,RZP9833968573,56927.04,2026-07-03,settled
STL90273307,RZP7317429073,27353.57,2026-07-05,settled
STL75863181,RZP3756668945,1434.91,2026-07-09,settled
STL36516237,RZP7127465254,53269.46,2026-07-04,settled
STL95994293,RZP6267323906,69643.14,2026-07-11,settled
STL36480822,RZP6545746648,16550.92,2026-07-02,settled
STL66943473,RZP4185950418,13077.31,2026-07-12,settled
STL73562378,RZP9082996054,69174.99,2026-07-14,settled
STL46663469,RZP9161013180,30366.06,2026-07-07,settled
STL77714375,RZP9351054360,53284.17,2026-07-11,settled
STL33694289,RZP1875755962,58912.42,2026-07-06,settled
STL73326804,RZP5910353437,4076.63,2026-07-11,settled
STL41504183,RZP6565159191,57928.76,2026-07-06,settled
STL14949636,RZP3304513663,55708.34,2026-07-04,settled
STL12138839,RZP4993235854,68557.80,2026-07-09,settled
STL66812031,RZP9373934414,52104.16,2026-07-14,settled
STL12735359,RZP3799264931,56690.37,2026-07-04,settled
STL19585637,RZP2766211213,47597.20,2026-07-10,reversed
STL44254754,RZP5213093250,3259.24,2026-07-14,settled
STL50700101,RZP5866136982,55156.98,2026-07-15,settled
STL18781915,RZP7386322327,45664.28,2026-07-03,settled
STL92798083,RZP9930278372,16906.34,2026-07-11,settled
STL59081701,RZP9159416252,49080.86,2026-07-03,settled
STL27299087,RZP8269331531,3614.05,2026-07-13,settled
STL93588541,RZP8329813150,70036.01,2026-07-13,settled
STL20645780,RZP3642891311,71393.84,2026-07-05,settled
STL81281123,RZP3523981175,31599.94,2026-07-09,settled
STL35930646,RZP2061157364,7756.98,2026-07-14,settled
STL70808034,RZP6008744392,53670.43,2026-07-12,settled
STL21773957,RZP9050970105,41107.21,2026-07-08,settled
STL55018672,RZP7830662206,65600.51,2026-07-15,reversed
STL44045374,RZP5546196649,37617.30,2026-07-10,settled
STL46664946,RZP5733942414,3341.51,2026-07-13,settled
STL46879231,RZP2176686702,41510.67,2026-07-08,settled
STL22230953,RZP6734987399,54171.00,2026-07-08,settled
STL90157144,RZP5207001065,2989.19,2026-07-06,settled
STL53465341,RZP3882767769,70292.34,2026-07-06,settled
STL33608983,RZP6870746828,5614.97,2026-07-04,settled
STL66367745,RZP9423323856,61064.92,2026-07-01,settled
STL29406200,RZP3485424146,10296.22,2026-07-01,settled
STL92931982,RZP1431642828,48511.81,2026-07-14,settled
STL96057708,RZP3485839568,57007.85,2026-07-11,settled
STL21446192,RZP2101978751,56976.79,2026-07-04,settled
STL89775979,RZP7137305144,42607.05,2026-07-11,settled
STL19747282,RZP1236071705,17646.29,2026-07-01,settled
STL30372558,RZP1494651996,30137.55,2026-07-11,settled
STL65158849,RZP4193329835,33745.49,2026-07-01,settled
STL13289151,RZP3508173661,51538.23,2026-07-06,settled
STL10858488,RZP5422195671,50735.45,2026-07-13,reversed
STL53171175,RZP7449792262,73708.73,2026-07-10,settled
STL92263217,RZP4329354243,62182.66,2026-07-13,settled
STL21647488,RZP1379791622,68360.72,2026-07-04,settled
STL21311304,RZP4951738371,71195.66,2026-07-13,settled
STL10409707,RZP3682864412,42440.56,2026-07-08,settled
STL41943272,RZP9318010743,10977.93,2026-07-12,settled
STL94854101,RZP9806568830,25388.53,2026-07-02,settled
STL91737913,RZP8761956684,63464.06,2026-07-13,settled
STL48877018,RZP4396825966,12936.67,2026-07-05,settled
STL57021454,RZP4164784001,34259.46,2026-07-04,settled
STL87031592,RZP6159675706,60396.88,2026-07-01,settled
STL34118408,RZP2294608642,64143.55,2026-07-03,settled
STL77281090,RZP3561392114,23205.21,2026-07-11,settled
STL59989693,RZP4057314236,32277.03,2026-07-01,settled
STL97794477,RZP1359553016,60809.33,2026-07-03,settled
STL66910568,RZP7301035934,12729.83,2026-07-04,settled
STL90319262,RZP3551817814,23137.85,2026-07-12,settled
STL56754707,RZP2967947250,45339.82,2026-07-08,settled
STL17619622,RZP5014149408,26327.25,2026-07-13,settled
STL82354182,RZP8337214125,68291.65,2026-07-05,settled
STL87172558,RZP7605779277,12153.58,2026-07-13,settled
STL44058594,RZP3183382165,47788.16,2026-07-13,settled
STL69029762,RZP9054434899,49304.32,2026-07-15,settled
STL64041291,RZP5519152680,18818.38,2026-07-14,settled
STL76130294,RZP3011450211,61529.91,2026-07-04,settled
STL34426963,RZP9603940861,24957.85,2026-07-10,settled
STL46644052,RZP7152564962,27879.64,2026-07-08,settled
STL29203775,RZP3211564985,32996.17,2026-07-03,settled
STL15873297,RZP5451240117,54968.02,2026-07-13,settled
STL18169239,RZP8479397526,56839.29,2026-07-06,settled
STL12293149,RZP7618126351,13526.79,2026-07-10,settled
STL63078571,RZP5246595030,36504.80,2026-07-05,pending
STL66848954,RZP9501609965,51601.57,2026-07-09,settled
STL21524133,RZP5768518699,58929.11,2026-07-14,settled
STL68828339,RZP7757306859,66817.84,2026-07-14,settled
STL94074257,RZP4184193673,27585.24,2026-07-01,settled
STL58587342,RZP4549293390,16290.30,2026-07-11,settled
STL42361425,RZP1142082618,31789.92,2026-07-02,reversed
STL26930815,RZP1862725668,53431.79,2026-07-12,settled
STL53099315,RZP5116474616,62461.43,2026-07-08,settled
STL81252175,RZP3255052081,60119.37,2026-07-06,settled
STL61061730,RZP1489764109,62884.48,2026-07-03,settled
STL28990527,RZP8427973098,60828.47,2026-07-05,settled
STL46545801,RZP4617070731,58207.38,2026-07-08,settled
STL17204820,RZP7781319113,19068.99,2026-07-03,settled
STL33748640,RZP7320734760,39141.76,2026-07-02,settled
STL91819107,RZP9957826768,46450.05,2026-07-09,reversed
STL28168908,RZP1534464557,14573.75,2026-07-09,settled
STL21894985,RZP7126765607,30541.52,2026-07-01,settled
STL33834602,RZP5537545737,20925.22,2026-07-01,settled
STL49842729,RZP2276132196,55800.07,2026-07-11,settled
STL44985312,RZP9147617853,66568.45,2026-07-04,settled
STL29795314,RZP8443722173,1556.91,2026-07-15,settled
STL93769469,RZP9170352964,68007.20,2026-07-05,settled
STL21893154,RZP5726142801,3896.49,2026-07-10,settled
STL16766972,RZP6283941050,29558.59,2026-07-09,settled
STL10762994,RZP9244554156,9048.47,2026-07-09,settled
STL41823071,RZP3192968846,51750.81,2026-07-11,settled
STL92784261,RZP9033983510,61494.35,2026-07-13,settled
STL10497585,RZP8717110306,14863.43,2026-07-11,settled
STL40728728,RZP8990100704,52205.31,2026-07-08,settled
STL38241705,RZP9611033518,31461.04,2026-07-08,settled
STL20628467,RZP3105036849,66037.53,2026-07-01,settled
STL86556525,RZP7075215899,14050.75,2026-07-15,settled
STL72157262,RZP7491925510,52374.13,2026-07-08,settled
STL36898659,RZP7102884174,54171.41,2026-07-02,pending
STL73483243,RZP2635881694,11365.36,2026-07-12,settled
STL55678510,RZP9988027682,72840.35,2026-07-06,settled
STL19611642,RZP3088618501,40666.76,2026-07-10,settled
STL31128945,RZP2690272481,60631.89,2026-07-10,pending
STL37668324,RZP7849812526,64618.76,2026-07-03,settled
STL23382960,RZP4123560792,41979.59,2026-07-06,settled
STL33181077,RZP3454041932,50010.60,2026-07-03,settled
STL43022604,RZP2463309671,47058.52,2026-07-01,settled
STL64689989,RZP9508058222,62187.01,2026-07-15,settled
STL76895856,RZP1630802706,26744.72,2026-07-12,settled
STL71532017,RZP9376277483,24883.05,2026-07-01,settled
STL60046723,RZP2048938561,22180.23,2026-07-13,settled
STL19660505,RZP8781158965,63164.74,2026-07-05,settled
STL52071895,RZP4520399955,36899.80,2026-07-08,settled
STL12081516,RZP5425191313,32137.74,2026-07-02,settled
STL87860620,RZP3817018257,36990.21,2026-07-05,settled
STL29204323,RZP7225490343,58418.77,2026-07-13,settled
STL76817911,RZP4677632443,49622.84,2026-07-03,settled
STL62364165,RZP4816526222,46547.84,2026-07-07,reversed
STL62018516,RZP3712437039,32641.35,2026-07-01,pending
STL66166893,RZP3726735744,36081.88,2026-07-12,settled
STL72464258,RZP8102515984,52111.26,2026-07-01,settled
STL35045268,RZP2119819986,51492.96,2026-07-15,settled
STL29220123,RZP5340871252,68515.04,2026-07-08,settled
STL56336804,RZP7179426894,39975.68,2026-07-07,settled
STL43322272,RZP1605064858,4270.09,2026-07-07,settled
STL63303711,RZP9047342783,53802.23,2026-07-06,pending
STL15561083,RZP7584042978,36260.78,2026-07-08,settled
STL14542798,RZP5127566492,25845.11,2026-07-06,settled
STL62093145,RZP9100917981,13392.92,2026-07-07,settled
STL92212635,RZP6281774586,4895.25,2026-07-14,settled
STL15817913,RZP9917597402,25362.50,2026-07-06,settled
STL46702178,RZP9737440352,24350.38,2026-07-09,settled
STL61189221,RZP5244939356,24359.98,2026-07-07,settled
STL66926814,RZP2636257705,37076.33,2026-07-12,settled
STL80947290,RZP9700705913,40773.18,2026-07-06,settled
STL43040444,RZP5743799001,27572.23,2026-07-03,pending
STL68585780,RZP7326600971,65884.93,2026-07-11,settled
STL47216895,RZP8602605839,19671.58,2026-07-13,settled
STL78028096,RZP2070345892,10470.45,2026-07-02,settled
STL16408622,RZP7055196992,11361.10,2026-07-15,settled
STL24357909,RZP6674404144,37446.44,2026-07-10,settled
STL38145336,RZP8200973170,60098.66,2026-07-03,settled
STL75945287,RZP6302711221,69110.63,2026-07-11,settled
STL96788820,RZP2080206889,50184.76,2026-07-12,settled
STL42965597,RZP1112748733,45141.27,2026-07-01,settled
STL62805007,RZP2966857817,27702.63,2026-07-05,settled
STL70947938,RZP7358326787,23659.83,2026-07-11,pending
STL74161561,RZP8531315998,16643.04,2026-07-07,settled
STL93757881,RZP7435474631,14777.40,2026-07-03,settled
STL64490175,RZP7959153537,34975.43,2026-07-10,settled
STL66264614,RZP2825977185,72735.21,2026-07-09,settled
STL61259494,RZP2601143749,11432.91,2026-07-12,settled
STL36546948,RZP4354544809,38304.60,2026-07-11,settled
STL93788326,RZP4827276168,29151.95,2026-07-15,settled
STL81386830,RZP8125692492,54379.37,2026-07-04,settled
STL33361175,RZP3042764459,51676.02,2026-07-01,settled
STL19130222,RZP9105079674,27794.73,2026-07-11,settled
STL16366784,RZP7075449899,62369.82,2026-07-10,settled
STL96046600,RZP6984296009,52386.04,2026-07-08,settled
STL22523363,RZP4933155517,49725.28,2026-07-02,settled
STL15474089,RZP1214953326,49131.38,2026-07-06,settled
STL23422888,RZP6184633422,23921.91,2026-07-07,settled
STL23907699,RZP5115081991,69110.91,2026-07-11,settled
STL83765077,RZP9655933303,52919.83,2026-07-15,settled
STL42000992,RZP3442667754,57658.74,2026-07-09,settled
STL75999953,RZP1950114238,23544.35,2026-07-11,reversed
STL51203973,RZP9682678771,786.62,2026-07-13,settled
STL70192727,RZP9720321529,30583.50,2026-07-04,settled
STL14159979,RZP1078969430,4132.69,2026-07-05,settled
STL51949099,RZP8159336308,45163.17,2026-07-10,settled
STL68940169,RZP5318924429,73200.87,2026-07-11,settled
STL64374092,RZP8100796726,59080.56,2026-07-13,pending
STL25333206,RZP6846505601,1332.73,2026-07-09,settled
STL41481473,RZP6290002938,37205.24,2026-07-14,settled
STL75497987,RZP1448397977,28231.01,2026-07-01,settled
STL41558317,RZP5842776346,29656.65,2026-07-15,reversed
STL58003671,RZP1965827580,49217.69,2026-07-04,settled
STL76481885,RZP6932342612,74136.84,2026-07-13,settled
STL72330652,RZP3194150990,24290.53,2026-07-05,settled
STL69535863,RZP1088889747,64631.65,2026-07-14,pending
STL59011649,RZP5715301959,67837.97,2026-07-03,settled
STL44667265,RZP2243364266,9974.58,2026-07-12,settled
STL81371946,RZP9878167585,6128.67,2026-07-02,settled
STL35644351,RZP8075472664,44144.72,2026-07-14,settled
STL65775814,RZP6157623598,37991.66,2026-07-06,settled
STL14614633,RZP5627341088,45106.29,2026-07-12,settled
STL27587923,RZP8110370091,49412.89,2026-07-12,settled
STL22873617,RZP7614788357,49714.54,2026-07-05,settled
STL52178693,RZP1801466267,71543.06,2026-07-04,pending
STL97312960,RZP3792844045,5767.76,2026-07-02,settled
STL37942849,RZP6758628955,26165.96,2026-07-10,settled
STL49708789,RZP6337238225,50605.38,2026-07-10,settled
STL20441722,RZP6115077813,70625.72,2026-07-08,settled
STL52588867,RZP4243091176,74866.21,2026-07-15,reversed
STL57604491,RZP5326129844,60354.17,2026-07-07,settled
STL47966456,RZP9383349325,43073.74,2026-07-06,settled
STL47521998,RZP9830029779,32213.53,2026-07-15,settled
STL17652879,RZP8682089735,1275.45,2026-07-08,settled
STL78301185,RZP9749017610,61138.76,2026-07-09,settled
STL48149420,RZP8042151493,21065.44,2026-07-06,settled
STL52499474,RZP8701056513,46950.62,2026-07-10,pending
STL71668143,RZP3038251093,59627.28,2026-07-15,settled
STL18690503,RZP3028741147,62181.43,2026-07-06,settled
STL27455344,RZP5010545458,52308.57,2026-07-14,settled
STL79721709,RZP5583346716,49604.56,2026-07-15,settled
STL71151032,RZP8022662403,55409.42,2026-07-05,settled
STL67188096,RZP7236367959,42538.88,2026-07-10,settled
STL99620191,RZP3217665352,70570.61,2026-07-07,settled
STL87483835,RZP9129441366,30089.60,2026-07-11,settled
STL50488852,RZP5140278209,3294.44,2026-07-11,settled
STL62042756,RZP8984017028,5754.87,2026-07-01,settled
STL41227216,RZP7831113321,2867.81,2026-07-02,settled
STL20230849,RZP9296766443,23557.19,2026-07-09,settled
STL97702135,RZP5245734387,7540.30,2026-07-04,settled
STL71817956,RZP2321196337,53522.98,2026-07-06,reversed
STL98551427,RZP6582539557,49233.39,2026-07-05,settled
STL80138498,RZP8578226896,45670.67,2026-07-13,settled
STL88887402,RZP5005196189,45070.69,2026-07-06,settled
STL47571801,RZP1571577634,42390.70,2026-07-06,settled
STL11523124,RZP2975725720,56229.82,2026-07-10,settled
STL11765684,RZP4535357972,38501.33,2026-07-15,settled
STL48903840,RZP6846152492,47900.41,2026-07-06,settled
STL53824703,RZP7075214754,71721.80,2026-07-01,settled
STL40960031,RZP9083623565,55060.77,2026-07-14,settled
STL38193492,RZP7558280812,11463.61,2026-07-03,settled
STL56957925,RZP4008825340,39587.34,2026-07-05,settled
STL18642360,RZP8386534826,20572.71,2026-07-02,settled
STL14698329,RZP3469954227,49121.72,2026-07-02,settled
STL79760901,RZP8351491401,7430.48,2026-07-15,settled
STL67614634,RZP5443309007,46558.30,2026-07-10,settled
STL46484395,RZP6633521272,4724.72,2026-07-03,settled
STL13450103,RZP1844711055,10631.93,2026-07-08,pending
STL89118626,RZP3517436631,16848.73,2026-07-13,settled
STL52104425,RZP9206391529,29621.20,2026-07-09,settled
STL48070748,RZP6728850543,47944.09,2026-07-08,settled
STL99345471,RZP3051815663,69149.41,2026-07-06,settled
STL82933308,RZP7774406867,12863.05,2026-07-15,settled
STL78606375,RZP1341278254,66228.32,2026-07-12,settled
STL21412218,RZP2706060995,22410.91,2026-07-13,settled
STL56316611,RZP3818278815,27633.60,2026-07-07,settled
STL54039823,RZP3034960905,71004.26,2026-07-03,settled
STL85773927,RZP5382727060,58954.74,2026-07-05,settled
STL80026193,RZP7016663227,36321.59,2026-07-12,settled
STL27217582,RZP1664540814,58122.53,2026-07-07,settled
STL69624828,RZP7690765393,33860.05,2026-07-05,settled
STL61030579,RZP5328166990,56152.55,2026-07-03,settled
STL26560105,RZP2982148105,38081.44,2026-07-09,settled
STL88992670,RZP7595053479,25257.52,2026-07-09,settled
STL43032985,RZP4686463846,24513.90,2026-07-06,settled
STL88637846,RZP9260858638,64890.77,2026-07-02,settled
STL73217654,RZP7491377296,63774.64,2026-07-13,settled
STL72390872,RZP5722757262,51314.76,2026-07-14,settled
STL68052224,RZP2922290034,42145.57,2026-07-15,settled
STL82978165,RZP8086795136,66648.33,2026-07-13,settled
STL13481673,RZP3553049385,57218.54,2026-07-03,settled
STL70942299,RZP1124015059,34787.37,2026-07-12,settled
STL12179995,RZP9776913529,29322.66,2026-07-06,settled
STL80910084,RZP4998184156,38916.92,2026-07-07,settled
STL80205294,RZP6813847021,37881.68,2026-07-06,settled
STL13640697,RZP1046253593,53517.25,2026-07-06,settled
STL78816864,RZP8715768100,39389.29,2026-07-13,settled
STL54188355,RZP8249091771,15715.71,2026-07-02,settled
STL78541047,RZP2146418439,14188.69,2026-07-01,reversed
STL48217181,RZP7376621564,31284.35,2026-07-05,settled
STL91442915,RZP2779039008,20834.57,2026-07-15,settled
STL90521874,RZP2196824435,69148.70,2026-07-03,settled
STL42545914,RZP4017937857,30435.41,2026-07-01,reversed
STL73267640,RZP4102477341,8476.49,2026-07-05,settled
STL86864710,RZP4604897459,3101.91,2026-07-15,settled
STL32778889,RZP3101463976,2787.53,2026-07-14,settled
STL80841442,RZP1173266884,18536.46,2026-07-15,settled
STL71435513,RZP4227403747,4567.80,2026-07-11,settled
STL36082385,RZP4936276994,16065.82,2026-07-13,settled
STL68137092,RZP2394798223,57213.11,2026-07-04,settled
STL95108432,RZP7626116110,28926.47,2026-07-14,settled
STL36136297,RZP2634106492,4573.04,2026-07-06,settled
STL63549773,RZP1737530290,44804.73,2026-07-02,settled
STL71928541,RZP9614798245,3984.88,2026-07-01,settled
STL63734014,RZP2471643057,54479.58,2026-07-05,settled
STL79792383,RZP2898329787,56321.10,2026-07-05,settled
STL55170101,RZP8239429931,58163.39,2026-07-13,settled
STL73773621,RZP2873017629,30620.10,2026-07-07,pending
STL37391589,RZP4240148226,74603.34,2026-07-06,settled
STL60586755,RZP9998633094,41019.61,2026-07-15,settled
STL90573304,RZP3531409727,45583.55,2026-07-04,settled
STL91559741,RZP7783054289,73446.46,2026-07-05,settled
STL79955614,RZP4890291521,17131.75,2026-07-14,settled
STL38381593,RZP4757460050,68382.55,2026-07-05,settled
STL35645197,RZP2614565561,16793.12,2026-07-09,settled
STL31882985,RZP1154130491,39216.76,2026-07-10,pending
STL67213476,RZP5140460939,5031.49,2026-07-08,settled
STL61569499,RZP7465793109,46409.77,2026-07-07,settled
STL99491869,RZP7401499984,45436.30,2026-07-09,settled
STL83631622,RZP5262848825,21615.73,2026-07-14,settled
STL55090315,RZP6421324567,6349.94,2026-07-03,settled
STL52407825,RZP4505991035,42260.09,2026-07-11,settled
STL76369319,RZP2190701597,57792.62,2026-07-10,settled
STL32494944,RZP8053457714,56783.55,2026-07-02,settled
STL41012700,RZP9425902531,18033.11,2026-07-01,pending
STL86739153,RZP5161446262,56743.90,2026-07-07,settled
STL20305086,RZP4765216416,12415.75,2026-07-13,settled
STL68191570,RZP6038721995,36980.21,2026-07-13,settled
STL38429808,RZP3183906124,44150.24,2026-07-15,settled
STL48375209,RZP2122139820,2915.31,2026-07-01,settled
STL22669057,RZP6918085781,18123.22,2026-07-12,settled
STL84758190,RZP9311993348,42798.55,2026-07-15,settled
STL18545499,RZP7911193831,41622.19,2026-07-02,settled
STL64712498,RZP6053220027,62173.57,2026-07-04,settled
STL52539606,RZP7615303505,21592.58,2026-07-03,settled
STL31361738,RZP4313946500,6977.00,2026-07-15,settled
STL60788484,RZP4486203607,23416.16,2026-07-05,settled
STL55209042,RZP3787281376,4643.03,2026-07-03,settled
STL17575790,RZP5484962610,33202.73,2026-07-09,settled
STL18160765,RZP3545830617,65198.23,2026-07-02,settled
STL28683876,RZP6589819614,13072.95,2026-07-09,settled
STL56568616,RZP6633249344,9201.82,2026-07-03,reversed
STL76627415,RZP9644330231,10722.28,2026-07-01,settled
STL53006386,RZP3440584995,61767.15,2026-07-09,settled
STL70517417,RZP3500740489,30701.20,2026-07-04,reversed
STL21202670,RZP8311430395,46513.96,2026-07-03,settled
STL61124122,RZP5836956044,47011.65,2026-07-10,settled
STL76795767,RZP1751917162,45907.14,2026-07-07,settled
STL28572252,RZP6302109556,25520.64,2026-07-15,settled
STL12788232,RZP4485474748,11330.56,2026-07-05,settled
STL13430833,RZP6652572123,55632.58,2026-07-14,settled
STL94711056,RZP3434033418,57507.65,2026-07-10,settled
STL77990241,RZP8573525301,52238.06,2026-07-03,settled
STL60148340,RZP1582735248,54551.97,2026-07-08,reversed
STL89759588,RZP3864288372,69752.29,2026-07-15,settled
STL74187895,RZP7195265200,42480.12,2026-07-12,settled
STL75848897,RZP7430586575,48286.17,2026-07-01,settled
STL96385345,RZP6059464745,46174.61,2026-07-13,settled
STL66302151,RZP4130741146,27775.20,2026-07-15,settled
STL66991970,RZP2476571289,27670.24,2026-07-12,reversed
STL18175520,RZP6466180718,54612.51,2026-07-08,settled
STL26104259,RZP7565905805,65367.69,2026-07-02,settled
STL33886625,RZP2469632708,71951.79,2026-07-06,pending
STL92894680,RZP5775717296,48886.48,2026-07-08,settled
STL44541636,RZP1766966380,58546.13,2026-07-06,settled
STL29592726,RZP8332223698,56775.85,2026-07-03,reversed
STL41899620,RZP5786763432,14082.95,2026-07-02,settled
STL49261655,RZP9047761745,53118.65,2026-07-07,reversed
STL66233517,RZP9874802759,38695.86,2026-07-12,settled
STL35260584,RZP8942530256,3611.62,2026-07-11,settled
STL75163811,RZP5941543250,15521.50,2026-07-02,settled
STL55630337,RZP7981468468,47788.25,2026-07-08,pending
STL76445238,RZP2688269899,5457.71,2026-07-13,settled
STL59937325,RZP2370433524,18547.50,2026-07-15,pending
STL27969238,RZP6866146362,17136.35,2026-07-13,settled
STL75286368,RZP1993540220,2608.86,2026-07-09,settled
STL17267644,RZP7490269556,30142.02,2026-07-13,settled
STL52773072,RZP6724944411,543.69,2026-07-13,settled
STL41983879,RZP9020706213,49052.06,2026-07-01,settled
STL13177067,RZP6222793304,23431.42,2026-07-09,settled
STL51638598,RZP2431779064,43914.09,2026-07-03,settled
STL68096981,RZP7654315818,17466.58,2026-07-08,settled
STL17708195,RZP6631930858,45211.47,2026-07-08,settled
STL19711202,RZP1004965375,69629.75,2026-07-03,pending
STL32858779,RZP7674997006,13237.20,2026-07-10,settled
STL52933672,RZP2453552459,68862.22,2026-07-11,settled
STL68438483,RZP5888015939,14503.81,2026-07-04,settled
STL11021256,RZP1655916212,53183.82,2026-07-10,settled
STL88786439,RZP8039917766,44974.33,2026-07-10,settled
STL28444834,RZP9509420556,24917.66,2026-07-12,settled
STL40317689,RZP6268529625,29211.04,2026-07-06,settled
STL31469242,RZP6075188222,32321.83,2026-07-11,settled
STL11283335,RZP2845300914,44832.84,2026-07-02,settled
STL45264562,RZP2096214881,28343.50,2026-07-06,settled
STL28904718,RZP5128485075,64909.57,2026-07-06,settled
STL19090527,RZP8912139378,13133.70,2026-07-12,settled
STL71481011,RZP1507542563,60171.78,2026-07-13,settled
STL16090253,RZP8891973098,9582.72,2026-07-04,reversed
STL44730338,RZP6550577435,61867.56,2026-07-08,settled
STL35669800,RZP8312316146,26163.21,2026-07-07,settled
STL91790125,RZP7332377394,61946.77,2026-07-05,settled
STL69874812,RZP1695764621,42996.34,2026-07-11,settled
STL56085784,RZP4268551524,640.43,2026-07-07,pending
STL95489496,RZP2482914022,59343.33,2026-07-03,settled
STL96590284,RZP4592047209,9909.01,2026-07-10,settled
STL95231261,RZP6258932697,24682.51,2026-07-11,settled
STL25939547,RZP6159743592,48092.32,2026-07-10,settled
STL53752119,RZP5116560057,10269.03,2026-07-15,settled
STL82926289,RZP1182814889,68268.71,2026-07-11,settled
STL54522084,RZP9899689747,51610.24,2026-07-01,settled
STL76253213,RZP5006152534,4007.41,2026-07-09,settled
STL35460131,RZP9979129046,22492.67,2026-07-10,settled
STL11906079,RZP1042489454,26675.61,2026-07-06,settled
STL65609016,RZP8831137131,61716.82,2026-07-10,settled
STL84274712,RZP4717617442,41034.16,2026-07-15,settled
STL99029797,RZP5318934866,47734.32,2026-07-11,settled
STL87645282,RZP7637581319,18895.07,2026-07-04,settled
STL85524536,RZP4236659316,29441.73,2026-07-04,pending
STL11214840,RZP2650402202,66921.89,2026-07-12,settled
STL22532628,RZP5955728859,44406.67,2026-07-06,pending
STL13533390,RZP9077968691,60986.01,2026-07-05,settled
STL35167733,RZP4907502088,68314.27,2026-07-14,settled
STL70473000,RZP8189540372,20078.80,2026-07-12,settled
STL62543522,RZP6398034977,52208.56,2026-07-10,settled
STL82145078,RZP7921338606,57416.85,2026-07-12,settled
STL82475086,RZP5397186975,10527.12,2026-07-10,pending
STL56762474,RZP8215378931,15586.96,2026-07-10,settled
STL33820522,RZP5002301661,26347.06,2026-07-06,settled
STL91330778,RZP2387455306,66100.15,2026-07-04,settled
STL18338744,RZP4299542463,1223.81,2026-07-09,settled
STL93685072,RZP7148093021,6161.84,2026-07-11,settled
STL11289419,RZP4374873230,55468.09,2026-07-05,settled
STL52128097,RZP9394125004,1579.77,2026-07-01,settled
STL84011044,RZP9374790162,45062.00,2026-07-10,settled
STL26644381,RZP6144170398,11220.01,2026-07-09,settled
STL46364093,RZP8931209686,21852.53,2026-07-10,settled
STL16200213,RZP8277194571,24187.39,2026-07-07,settled
STL16369710,RZP9202431746,37967.53,2026-07-14,settled
STL23815199,RZP9772988674,59908.55,2026-07-09,settled
STL61839427,RZP1492264809,68298.04,2026-07-09,settled
STL63924675,RZP6358655777,33757.26,2026-07-06,pending
STL98099795,RZP1515297776,64304.84,2026-07-03,settled
STL34382144,RZP5718426237,72640.09,2026-07-02,settled
STL65807870,RZP1790110281,65253.47,2026-07-03,settled
STL49166758,RZP4772755917,11323.45,2026-07-12,settled
STL78922513,RZP1363080786,73459.82,2026-07-02,settled
STL44371181,RZP7550815591,65144.60,2026-07-07,settled
STL18521806,RZP6066356802,73882.18,2026-07-08,reversed
STL66755697,RZP7017930628,66038.19,2026-07-07,settled
STL39898005,RZP5653683670,28004.81,2026-07-15,settled
STL52882358,RZP5979055601,52243.28,2026-07-13,settled
STL82621876,RZP4268086727,3790.71,2026-07-12,settled
STL28621952,RZP8401761042,68225.48,2026-07-14,reversed
STL92435286,RZP8288083077,73697.76,2026-07-09,settled
STL48629450,RZP3543431831,27927.55,2026-07-05,pending
STL79915456,RZP9687433827,21318.55,2026-07-10,settled
STL73125832,RZP7107226324,24843.56,2026-07-06,settled
STL30629122,RZP2785346696,28152.66,2026-07-09,settled
STL91125155,RZP1363626724,48347.10,2026-07-07,settled
STL63108415,RZP6192036449,5059.41,2026-07-05,settled
STL87006454,RZP9171812634,66096.14,2026-07-02,settled
STL45487678,RZP1036026545,9686.69,2026-07-09,settled
STL83613673,RZP2813224877,8711.53,2026-07-09,settled
STL64740331,RZP1657953872,40853.09,2026-07-15,settled
STL46062717,RZP1892734101,29855.72,2026-07-03,settled
STL43817770,RZP5206415161,10577.64,2026-07-03,settled
STL17722334,RZP9134633903,69041.76,2026-07-07,settled
STL43950587,RZP2475762828,21097.77,2026-07-07,settled
STL28345172,RZP2099567756,71755.69,2026-07-02,pending
STL62974395,RZP1651480059,29892.74,2026-07-08,settled
STL33440896,RZP2281316778,7737.03,2026-07-05,settled
STL27464361,RZP5709247564,14052.93,2026-07-14,settled
STL97085746,RZP8522001533,45584.78,2026-07-07,settled
STL77702758,RZP4978562838,48646.60,2026-07-11,pending
STL97752090,RZP2610950442,39621.66,2026-07-12,pending
STL66346728,RZP8418332121,8244.20,2026-07-09,settled
STL86269635,RZP5225503606,31258.24,2026-07-07,settled
STL75961801,RZP1017955333,64693.31,2026-07-12,settled
STL35784496,RZP4768167269,16576.55,2026-07-10,settled
STL87826631,RZP5662818967,4915.41,2026-07-08,settled
STL21858588,RZP3067696769,58536.43,2026-07-15,settled
STL96799931,RZP8418176416,64733.57,2026-07-11,settled
STL48166551,RZP4170352066,51308.62,2026-07-05,settled
STL58879023,RZP5235178331,71895.88,2026-07-14,settled
STL68617885,RZP3633230933,21104.26,2026-07-14,reversed
STL69637432,RZP3320107489,25148.20,2026-07-01,settled
STL14897064,RZP8019235213,48099.27,2026-07-10,settled
STL80053798,RZP9098797511,67602.87,2026-07-01,settled
STL16403999,RZP7147168901,30283.44,2026-07-06,settled
STL78298237,RZP8323766857,14963.50,2026-07-08,settled
STL13130553,RZP8047312662,19195.01,2026-07-02,settled
STL73435441,RZP6202194187,36590.10,2026-07-05,settled
STL58773102,RZP7162629786,61296.81,2026-07-07,settled
STL51552467,RZP6124223609,52197.16,2026-07-05,settled
STL19583675,RZP6009730605,11201.01,2026-07-03,settled
STL33439445,RZP7947345952,61832.18,2026-07-07,settled
STL60780303,RZP1127923696,33936.33,2026-07-10,pending
STL12878065,RZP7346211863,58724.87,2026-07-15,settled
STL95885858,RZP9429780011,19575.54,2026-07-05,settled
STL46035621,RZP8527201319,43975.95,2026-07-03,settled
STL85877745,RZP9376541581,29361.49,2026-07-02,settled
STL50157434,RZP6288923407,11038.94,2026-07-01,settled
STL75687367,RZP3761607938,16267.66,2026-07-10,settled
STL78822152,RZP5406031199,10039.59,2026-07-04,settled
STL40715957,RZP5613241515,26995.52,2026-07-01,reversed
STL24044274,RZP1260450840,58340.35,2026-07-15,settled
STL64177174,RZP6769647208,12992.11,2026-07-10,settled
STL78188722,RZP4900941556,43165.15,2026-07-15,settled
STL95624108,RZP1921560299,42866.93,2026-07-08,settled
STL54314842,RZP6202757478,66530.47,2026-07-14,settled
STL14454330,RZP1310054084,67957.82,2026-07-01,settled
STL58357238,RZP9520587727,43678.11,2026-07-13,settled
STL66323020,RZP2208480950,39921.00,2026-07-05,settled
STL70344473,RZP7084145353,41152.94,2026-07-02,settled
STL99735813,RZP4851888832,8582.82,2026-07-02,settled
STL90102255,RZP2265143025,33511.96,2026-07-12,settled
STL34926126,RZP1100955869,2816.76,2026-07-02,settled
STL72729472,RZP5558182058,30242.81,2026-07-14,settled
STL24983497,RZP3418687219,9878.66,2026-07-04,settled
STL52528715,RZP6107616329,12868.47,2026-07-05,reversed
STL38694966,RZP9833091601,28465.52,2026-07-05,settled
STL68486943,RZP7312103425,14934.88,2026-07-10,settled
STL72931661,RZP8068363430,58801.01,2026-07-14,settled
STL46730893,RZP9948318521,52024.33,2026-07-03,settled
STL12235835,RZP4088047273,38870.15,2026-07-06,settled
STL45285145,RZP5824908575,60384.70,2026-07-13,settled
STL33652565,RZP9500729584,26744.65,2026-07-15,settled
STL15303441,RZP6625408114,7947.86,2026-07-10,settled
STL56893195,RZP1154642818,17598.20,2026-07-08,settled
STL40286199,RZP1491921670,60185.91,2026-07-14,settled
STL91386119,RZP1865292436,37814.09,2026-07-13,settled
STL15917502,RZP7643177611,53926.10,2026-07-08,settled
STL49088770,RZP9842184922,60697.30,2026-07-09,settled
STL94147728,RZP9917093084,33007.43,2026-07-05,settled
STL59139993,RZP7220129939,23390.60,2026-07-08,settled
STL70652921,RZP8730816130,21144.23,2026-07-14,settled
STL30637712,RZP1382878819,69439.35,2026-07-06,settled
STL63538936,RZP9803267103,73427.21,2026-07-12,settled
STL75604774,RZP9135754389,66734.76,2026-07-04,settled
STL11634011,RZP7216724294,64818.57,2026-07-05,pending
STL77189032,RZP6511766895,9904.91,2026-07-05,settled
STL97134867,RZP1855014533,51446.40,2026-07-02,settled
STL90928637,RZP3132186481,612.69,2026-07-01,pending
STL88986568,RZP9818023032,45796.14,2026-07-03,pending
STL65776637,RZP3218489528,558.93,2026-07-09,settled
STL45599579,RZP3515554824,70407.02,2026-07-01,settled
STL32551039,RZP5050981036,32484.80,2026-07-08,settled
STL52271335,RZP7832810839,47459.64,2026-07-03,reversed
STL83704929,RZP9312124849,33072.36,2026-07-06,settled
STL57045642,RZP8237241107,69978.44,2026-07-15,settled
STL26390366,RZP9238933863,28614.94,2026-07-04,settled
STL72220513,RZP7109428566,46178.50,2026-07-01,settled
STL16662550,RZP8023187701,51065.84,2026-07-02,settled
STL63741103,RZP7534797217,73355.51,2026-07-03,settled
STL45101571,RZP3755121691,74704.87,2026-07-15,settled
STL92427773,RZP1939777262,39720.41,2026-07-01,settled
STL20605783,RZP7556078550,61233.47,2026-07-05,settled
STL99160100,RZP7765294022,53439.02,2026-07-12,settled
STL50415166,RZP1657675888,52291.81,2026-07-11,settled
STL65834646,RZP3372953074,4662.03,2026-07-11,settled
STL65653116,RZP5777658056,62573.68,2026-07-10,settled
STL93506946,RZP3383204632,27975.04,2026-07-09,settled
STL55334606,RZP2622898401,5883.00,2026-07-06,pending
STL14376263,RZP2300058491,36614.97,2026-07-07,settled
STL19505341,RZP9978754431,72228.45,2026-07-15,settled
STL47627490,RZP5381866906,61395.25,2026-07-05,settled
STL90847706,RZP9264001435,41204.22,2026-07-04,settled
STL65792417,RZP2433875095,8148.43,2026-07-14,settled
STL82677003,RZP8663887985,55275.45,2026-07-09,settled
STL63415093,RZP3702613926,12803.68,2026-07-15,settled
STL44780900,RZP4789795295,24216.39,2026-07-11,settled
STL43177766,RZP9024067524,45710.80,2026-07-09,reversed
STL68859940,RZP9955811913,43060.83,2026-07-14,settled
STL35094684,RZP7919113337,7011.99,2026-07-07,settled
STL87200361,RZP3541541034,18654.04,2026-07-15,settled
STL51795025,RZP4346480556,27446.92,2026-07-13,settled
STL70903621,RZP2623186271,740.85,2026-07-15,settled
STL43147569,RZP5767649713,27586.42,2026-07-06,settled
STL79707613,RZP7532243279,63167.83,2026-07-10,settled
STL56182401,RZP9120243954,5220.60,2026-07-09,settled
STL72685550,RZP5094088928,26467.23,2026-07-09,settled
STL74175891,RZP8826043444,8952.99,2026-07-09,reversed
STL85482164,RZP4039019230,60530.32,2026-07-15,settled
STL70580360,RZP1874198709,74467.42,2026-07-04,settled
STL66444667,RZP8671568466,2366.87,2026-07-10,settled
STL19781591,RZP1936157736,47649.79,2026-07-14,settled
STL40884026,RZP9913353664,7314.13,2026-07-11,settled
STL58746187,RZP9159800657,36265.93,2026-07-06,settled
STL74393080,RZP2855453390,70353.56,2026-07-10,settled
STL16718289,RZP9231135808,57514.14,2026-07-07,settled
STL37687771,RZP4860111577,26462.95,2026-07-04,settled
STL92458705,RZP3429889433,35699.64,2026-07-11,settled
STL30214797,RZP8590961600,19275.78,2026-07-05,settled
STL54668206,RZP2854186059,45360.32,2026-07-15,settled
STL87918067,RZP1445951258,60587.83,2026-07-01,settled
STL65175143,RZP4931992938,12837.86,2026-07-01,settled
STL41518117,RZP3208028140,27491.17,2026-07-11,pending
STL77572962,RZP4178505223,30635.09,2026-07-03,settled
STL56000229,RZP8785532495,56416.04,2026-07-04,settled
STL74668939,RZP2703897082,59529.17,2026-07-02,settled
STL68750274,RZP7376992353,5583.67,2026-07-09,settled
STL12185246,RZP1207916194,7918.32,2026-07-13,settled
STL11309231,RZP7663269168,65134.58,2026-07-03,settled
STL90855661,RZP1716198209,18993.68,2026-07-03,settled
STL92755499,RZP7389162989,19654.76,2026-07-13,settled
STL66676387,RZP5694282695,31661.45,2026-07-07,settled
STL29068207,RZP3106823591,50194.13,2026-07-06,settled
STL37318624,RZP3500134621,47369.12,2026-07-11,settled
STL12342376,RZP7342531833,73398.37,2026-07-08,settled
STL89721183,RZP3184914084,2089.10,2026-07-09,settled
STL26549740,RZP2050974589,21051.52,2026-07-06,settled
STL43131736,RZP8227284120,68124.81,2026-07-09,settled
STL81959943,RZP3577363576,19219.01,2026-07-03,settled
STL27015981,RZP7594697802,69579.94,2026-07-14,settled
STL89210454,RZP8993998614,64993.13,2026-07-04,settled
STL98683176,RZP3762744182,40805.82,2026-07-05,settled
STL76095236,RZP2100923966,55582.11,2026-07-02,settled
STL69401199,RZP5816198518,10433.76,2026-07-08,settled
STL58185789,RZP3660296720,8638.98,2026-07-02,settled
STL76149732,RZP2222537117,27594.45,2026-07-02,pending
STL96568954,RZP1488238546,9474.39,2026-07-12,pending
STL46385762,RZP1182758417,16250.57,2026-07-14,settled
STL69828533,RZP7358307937,56046.95,2026-07-09,settled
STL50928246,RZP1336923353,68447.67,2026-07-14,settled
STL59859166,RZP1317408830,1162.39,2026-07-04,settled
STL74342479,RZP8933817352,37491.62,2026-07-01,settled
STL12862761,RZP9703237864,49016.55,2026-07-05,settled
STL95349293,RZP1563186592,23006.74,2026-07-01,settled
STL83542887,RZP4877520294,46355.86,2026-07-05,settled
STL31865257,RZP7116517046,69488.25,2026-07-09,settled
STL59961172,RZP5220094152,10238.29,2026-07-14,settled
STL21135331,RZP4890705286,35877.95,2026-07-09,settled
STL29492936,RZP4550049870,53403.65,2026-07-08,settled
STL53571402,RZP1321967414,13387.31,2026-07-03,settled
STL23917519,RZP3561783571,63937.54,2026-07-07,pending
STL70863732,RZP7488857684,12995.27,2026-07-11,settled
STL52970439,RZP7147449836,27656.33,2026-07-15,settled
STL83245363,RZP6002381219,55861.45,2026-07-01,settled
STL81624855,RZP5163411930,1980.47,2026-07-15,settled
STL18162164,RZP7785578957,3625.69,2026-07-12,settled
STL25806679,RZP7279473754,74785.45,2026-07-10,pending
STL80938021,RZP2228744350,15488.86,2026-07-03,settled
STL88897503,RZP8822244240,700.62,2026-07-05,settled
STL93938382,RZP9673525330,60000.69,2026-07-12,settled
STL15640988,RZP6335565073,24209.26,2026-07-14,settled
STL66378948,RZP1431315877,44994.29,2026-07-05,reversed
STL84757265,RZP1439080604,7003.64,2026-07-07,settled
STL81887831,RZP7617854641,45902.32,2026-07-13,settled
STL54734679,RZP9703054272,19316.14,2026-07-04,settled
STL92852868,RZP5519178084,63819.73,2026-07-07,settled
STL51326387,RZP5535530476,55501.57,2026-07-10,settled
STL28336012,RZP7001223387,72421.13,2026-07-04,pending
STL54495175,RZP2531270347,43633.13,2026-07-13,reversed
STL27841755,RZP7871377065,73615.48,2026-07-12,settled
STL28627052,RZP6919093334,71837.46,2026-07-06,settled
STL10787815,RZP8052014296,25383.59,2026-07-09,settled
STL87218976,RZP9165341108,2735.96,2026-07-14,settled
STL69568885,RZP2681114650,56601.36,2026-07-06,settled
STL49008616,RZP4530783448,25493.91,2026-07-07,settled
STL73453077,RZP2345140115,11992.18,2026-07-14,settled
STL19094010,RZP3049163708,70081.30,2026-07-14,settled
STL77401071,RZP5713210519,30842.85,2026-07-12,settled
STL83354817,RZP1259116298,9845.09,2026-07-01,pending
STL10212821,RZP9977754141,63133.90,2026-07-04,settled
STL22613361,RZP2743938438,27567.30,2026-07-01,settled
STL18115992,RZP3522707023,1527.61,2026-07-04,settled
STL68273344,RZP7828914779,55991.79,2026-07-12,settled
STL77083557,RZP2933731041,55387.53,2026-07-09,settled
STL61894582,RZP6875597607,66766.75,2026-07-12,settled
STL83734832,RZP1606467916,33770.46,2026-07-01,settled
STL35112788,RZP3892006052,20263.81,2026-07-03,settled
STL51575089,RZP2145161471,4779.33,2026-07-08,pending
STL30579604,RZP9745223103,58558.44,2026-07-12,settled
STL66086286,RZP3319984815,24355.18,2026-07-05,settled
STL22550720,RZP1898010833,25890.66,2026-07-04,settled
STL94765913,RZP7909651512,65995.78,2026-07-15,settled
STL31796353,RZP4716564100,3127.92,2026-07-04,settled
STL48340773,RZP9909087713,38777.55,2026-07-03,settled
STL96465850,RZP3268469919,9956.25,2026-07-14,settled
STL78222499,RZP7606951842,36178.64,2026-07-02,settled
STL62354090,RZP5289973042,5093.99,2026-07-07,settled
STL65753298,RZP3749145286,48223.79,2026-07-14,settled
STL14723415,RZP5763568393,71303.82,2026-07-13,settled
STL54875913,RZP3206291184,23996.43,2026-07-14,settled
STL67239263,RZP3901232981,8391.56,2026-07-01,settled
STL51063557,RZP8401674542,43377.32,2026-07-06,settled
STL72506415,RZP7457617384,9366.34,2026-07-11,settled
STL77300297,RZP9111653512,67453.02,2026-07-14,settled
STL11054666,RZP3355038067,71174.49,2026-07-02,settled
STL94939976,RZP4672488682,73775.05,2026-07-01,reversed
STL34714210,RZP2363635846,42021.85,2026-07-12,settled
STL88503971,RZP5724120707,17243.93,2026-07-04,settled
STL50413766,RZP2746244541,64917.56,2026-07-11,settled
STL30440544,RZP6684212456,46875.27,2026-07-08,settled
STL30744991,RZP4395560956,52631.02,2026-07-09,settled
STL79295869,RZP1028758113,18032.20,2026-07-13,settled
STL14804924,RZP3780006745,21625.66,2026-07-08,settled
STL27463800,RZP1366637148,32674.80,2026-07-12,settled
STL76943149,RZP3188323708,70418.61,2026-07-12,settled
STL31079846,RZP4275930923,47100.87,2026-07-05,settled
STL56213660,RZP6311441482,23275.47,2026-07-04,settled
STL44537180,RZP4710726706,45778.03,2026-07-04,settled
STL63737727,RZP1006313891,38725.43,2026-07-13,settled
STL36426542,RZP1099412993,53185.42,2026-07-12,reversed
STL10600033,RZP1218552248,5441.73,2026-07-03,settled
STL90856302,RZP7197278901,15072.68,2026-07-11,settled
STL18925521,RZP3738458510,9088.24,2026-07-15,settled
STL11071642,RZP7490622765,69863.01,2026-07-09,settled
STL61112422,RZP6235005958,25107.82,2026-07-02,settled
STL28943936,RZP9871451516,20887.25,2026-07-03,settled
STL69349051,RZP8103123072,65316.92,2026-07-11,settled
STL49276900,RZP3574704544,37425.84,2026-07-15,settled
STL84752894,RZP7797695398,11107.34,2026-07-13,reversed
STL86392065,RZP5565792940,1993.91,2026-07-11,settled
STL24895355,RZP8428794253,25734.04,2026-07-04,settled
STL85839021,RZP1093202500,3822.32,2026-07-01,settled
STL56420767,RZP9571153645,36135.77,2026-07-14,settled
STL77360665,RZP6130573484,12036.12,2026-07-10,pending
STL35272382,RZP6875043228,19994.87,2026-07-15,settled
STL89493849,RZP7411008763,60634.91,2026-07-03,settled
STL56095437,RZP3153356179,71850.32,2026-07-08,settled
STL71471521,RZP7752026077,58595.83,2026-07-15,settled
STL66462162,RZP2680370707,67076.24,2026-07-10,settled
STL47074477,RZP7812534964,1749.80,2026-07-11,settled
STL47406640,RZP1171393180,38773.74,2026-07-15,settled
STL10414016,RZP9483870638,65544.27,2026-07-13,settled
STL42720739,RZP4612371061,48175.19,2026-07-13,reversed
STL50444045,RZP6406811696,1767.61,2026-07-13,reversed
STL97953190,RZP9699132534,49722.37,2026-07-08,settled
STL36113612,RZP5470865599,8959.19,2026-07-05,settled
STL47647905,RZP8827337972,68449.13,2026-07-06,settled
STL14807617,RZP5494319197,48483.51,2026-07-04,settled
STL18888339,RZP4129113903,5458.16,2026-07-01,settled
STL95178684,RZP4411040931,73475.03,2026-07-01,settled
STL69555782,RZP9629869335,39611.35,2026-07-14,settled
STL39522955,RZP5484337988,40348.17,2026-07-15,settled
STL61386814,RZP1373491750,47965.27,2026-07-01,settled
STL85485236,RZP2150869943,38240.29,2026-07-01,settled
STL60188348,RZP9792224000,31134.19,2026-07-04,settled
STL86830303,RZP1370204375,21347.08,2026-07-12,settled
STL14847527,RZP2669781844,13412.74,2026-07-11,settled
STL10762007,RZP9199639927,10118.73,2026-07-03,settled
STL91410291,RZP5383941015,38313.17,2026-07-07,settled
STL45638114,RZP8411584152,2535.44,2026-07-04,settled
STL31878126,RZP7759644247,8656.32,2026-07-02,settled
STL81564006,RZP5197130637,22377.97,2026-07-03,settled
STL53725247,RZP7461228022,48754.13,2026-07-12,settled
STL18765932,RZP9288433707,55228.69,2026-07-04,settled
STL83930599,RZP9367306390,74541.62,2026-07-15,settled
STL66506211,RZP7745423798,9434.30,2026-07-05,settled
STL85048942,RZP2565708245,33479.92,2026-07-03,settled
STL37876214,RZP7054856909,12447.83,2026-07-09,settled
STL96900286,RZP6277051715,17048.06,2026-07-06,reversed
STL39987921,RZP5916927957,28552.51,2026-07-01,reversed
STL13932056,RZP9012461371,58865.40,2026-07-06,settled
STL14279669,RZP2557660598,73499.60,2026-07-02,settled
STL27198225,RZP7438596807,4055.40,2026-07-13,settled
STL93045054,RZP7153186561,69775.21,2026-07-10,settled
STL54696776,RZP5321195124,62367.53,2026-07-03,settled
STL71731196,RZP5718653551,15124.24,2026-07-08,settled
STL81400569,RZP8639466425,62383.76,2026-07-14,settled
STL68191380,RZP8236934858,16877.48,2026-07-15,settled
STL13400196,RZP2790658090,14626.94,2026-07-08,settled
STL27685156,RZP1009143857,66558.58,2026-07-06,settled
STL88120126,RZP6577178140,64956.59,2026-07-01,settled
STL28401994,RZP2666810156,9511.50,2026-07-07,settled
STL65180948,RZP5322359258,1840.91,2026-07-07,settled
STL90457402,RZP3579188798,11528.85,2026-07-08,settled
STL45217996,RZP8126618474,39139.95,2026-07-12,settled
STL23671825,RZP8094662806,10172.12,2026-07-12,settled
STL61659693,RZP5039073827,61022.77,2026-07-13,settled
STL26497914,RZP7577910168,20989.12,2026-07-08,reversed
STL17700309,RZP8759852036,32723.53,2026-07-12,settled
STL21116532,RZP4063645073,53070.15,2026-07-03,settled
STL65173346,RZP7458527770,17543.58,2026-07-01,settled
STL76627264,RZP7288979783,23309.69,2026-07-09,settled
STL70895240,RZP1553238473,29095.46,2026-07-07,settled
STL56311955,RZP8621582368,17431.13,2026-07-13,settled
STL13258266,RZP4858824552,28768.58,2026-07-15,settled
STL82622819,RZP4355785660,69052.36,2026-07-06,settled
STL78140959,RZP1590838716,6248.80,2026-07-14,settled
STL41016159,RZP8294082359,30618.85,2026-07-13,settled
STL16993664,RZP1025953043,65305.07,2026-07-02,settled
STL68263144,RZP1901049425,41891.75,2026-07-12,pending
STL87000815,RZP3488791944,66940.79,2026-07-10,settled
STL55289621,RZP9990927430,63264.56,2026-07-06,settled
STL65738013,RZP3744121107,46385.38,2026-07-13,settled
STL34341710,RZP4766071386,13204.53,2026-07-03,settled
STL13690263,RZP2498421499,73307.71,2026-07-11,settled
STL92511786,RZP3751756165,26034.06,2026-07-10,settled
STL86699698,RZP1567942708,46498.17,2026-07-06,settled
STL76720006,RZP8278415650,7084.64,2026-07-04,settled
STL38892988,RZP4780149583,22432.75,2026-07-05,settled
STL25061300,RZP7524309731,49581.27,2026-07-12,settled
STL15940582,RZP7190683193,35724.73,2026-07-07,settled
STL15628343,RZP6681383069,24234.08,2026-07-03,settled
STL17907470,RZP5507305695,27165.32,2026-07-10,settled
STL81204021,RZP8037970962,1362.12,2026-07-01,pending
STL72400868,RZP2811346167,12683.94,2026-07-11,settled
STL18526538,RZP7515717157,44428.58,2026-07-06,settled
STL72315851,RZP7790607784,32244.11,2026-07-12,settled
STL85842079,RZP6248368542,69731.72,2026-07-14,settled
STL25842797,RZP8442785768,68241.86,2026-07-06,settled
STL60025881,RZP6113321176,58224.24,2026-07-03,settled
STL93208104,RZP4653323958,29728.42,2026-07-01,reversed
STL22369480,RZP5688358996,12737.12,2026-07-06,reversed
STL33289462,RZP5400997398,32357.34,2026-07-07,reversed
STL44007656,RZP7458977903,42800.95,2026-07-05,pending
STL42111722,RZP6611268864,48577.00,2026-07-01,settled
STL26809078,RZP9667651430,36421.91,2026-07-07,settled
STL13239995,RZP9695949463,16792.69,2026-07-09,settled
STL64069715,RZP7991402837,28450.34,2026-07-02,settled
STL15402205,RZP4515809350,67942.99,2026-07-02,pending
STL78125368,RZP9406724626,22152.33,2026-07-07,settled
STL77090332,RZP2217522507,27024.35,2026-07-09,reversed
STL77615827,RZP3944516695,48955.53,2026-07-03,settled
STL32819710,RZP1103230975,56579.38,2026-07-14,settled
STL52103461,RZP9472515108,31738.24,2026-07-15,settled
STL99799364,RZP6284745480,37791.15,2026-07-04,settled
STL17064574,RZP1418282558,63083.98,2026-07-15,settled
STL71762034,RZP2696227959,1491.19,2026-07-11,settled
STL70025831,RZP8671933075,46550.49,2026-07-07,settled
STL98440875,RZP6585931285,70586.79,2026-07-13,settled
STL15797441,RZP1682163360,23784.82,2026-07-14,pending
STL22459131,RZP3649349199,71457.66,2026-07-07,settled
STL90940943,RZP6461266090,1002.70,2026-07-12,settled
STL99530801,RZP3670792703,21543.06,2026-07-12,settled
STL43999060,RZP9771121724,70337.86,2026-07-09,settled
STL90292116,RZP4133766146,49842.36,2026-07-09,settled
STL24811571,RZP9048202788,4816.96,2026-07-11,settled
STL19729173,RZP8374788515,18407.60,2026-07-03,settled
STL51553395,RZP2754016563,60909.08,2026-07-14,settled
STL31554308,RZP6688737441,52583.28,2026-07-11,settled
STL29254771,RZP4186424477,63272.73,2026-07-01,settled
STL33954309,RZP3797825794,6105.03,2026-07-07,settled
STL68569514,RZP7081908543,67280.92,2026-07-15,settled
STL65478943,RZP8506700404,15986.52,2026-07-14,settled
STL58962238,RZP2569063096,70810.12,2026-07-10,settled
STL84104909,RZP6933852220,31534.18,2026-07-13,settled
STL58141541,RZP9856363546,58934.63,2026-07-04,settled
STL44288292,RZP6389000456,43330.87,2026-07-06,settled
STL69862044,RZP6772649622,73031.68,2026-07-04,settled
STL64577819,RZP7656643998,14917.90,2026-07-13,settled
STL48998599,RZP3655924687,66645.31,2026-07-13,settled
STL72311256,RZP2723623221,35305.86,2026-07-15,settled
STL59039768,RZP7875317351,18276.43,2026-07-04,settled
STL40601377,RZP8433519273,38665.63,2026-07-04,settled
STL88868244,RZP8813799997,66461.02,2026-07-07,settled
STL50961563,RZP6526848362,71469.92,2026-07-09,settled
STL22053023,RZP4735398110,9967.23,2026-07-08,pending
STL52471395,RZP1702012623,5104.23,2026-07-09,reversed
STL73394367,RZP8350343413,72005.35,2026-07-14,settled
STL45047173,RZP5220287391,60308.53,2026-07-08,settled
STL18270439,RZP8230710707,21467.96,2026-07-03,settled
STL35101260,RZP5590719084,56068.57,2026-07-15,settled
STL93156209,RZP3705119955,20456.68,2026-07-02,settled
STL66629918,RZP6473728341,27549.95,2026-07-02,pending
STL38215122,RZP5086197187,786.16,2026-07-13,settled
STL38374120,RZP3510628962,62801.95,2026-07-02,settled
STL28664230,RZP9542902311,6164.37,2026-07-01,reversed
STL31831387,RZP7640122370,8056.43,2026-07-08,settled
STL53443711,RZP8288721755,14638.30,2026-07-03,settled
STL93010605,RZP2268547765,28208.46,2026-07-14,settled
STL13103714,RZP4611870964,33191.73,2026-07-03,settled
STL56416071,RZP2284827547,12017.27,2026-07-01,settled
STL31228624,RZP4778863280,65060.12,2026-07-10,settled
STL34471441,RZP2801188455,36389.42,2026-07-05,settled
STL67961650,RZP9558091177,37049.96,2026-07-06,settled
STL17898324,RZP3056698664,61820.97,2026-07-03,settled
STL90509888,RZP8347378404,65625.35,2026-07-15,settled
STL81127300,RZP6334162880,65416.10,2026-07-03,settled
STL48261364,RZP2478538226,62905.21,2026-07-05,settled
STL96246367,RZP6520997534,35392.08,2026-07-03,settled
STL27089237,RZP9533921028,15922.89,2026-07-13,settled
STL98573727,RZP2907050257,17221.41,2026-07-07,settled
STL24479917,RZP9656360037,14580.38,2026-07-06,settled
STL49141287,RZP2081687203,34916.41,2026-07-01,settled
STL59757038,RZP5067288681,27356.70,2026-07-04,settled
STL10368153,RZP9317197943,41220.35,2026-07-05,settled
STL89807860,RZP6869415539,68763.57,2026-07-09,pending
STL77934857,RZP9825578288,24889.35,2026-07-05,settled
STL51915131,RZP8249171610,64215.42,2026-07-04,settled
STL69436540,RZP1565951621,35318.30,2026-07-12,pending
STL14728989,RZP1407374517,44963.62,2026-07-14,settled
STL64402432,RZP2981343415,18683.11,2026-07-13,reversed
STL87218436,RZP1153768720,39926.84,2026-07-06,settled
STL69392487,RZP7637186170,34040.38,2026-07-02,settled
STL58169932,RZP4895449784,64831.90,2026-07-10,settled
STL28459003,RZP8892047261,8296.73,2026-07-14,settled
STL37928831,RZP5193399954,38403.61,2026-07-12,settled
STL69305486,RZP9198762527,36383.05,2026-07-04,settled
STL19255404,RZP9932230331,56073.70,2026-07-12,pending
STL71674283,RZP5741866457,19552.04,2026-07-05,settled
STL92199711,RZP1453124376,65837.06,2026-07-12,settled
STL25659979,RZP8833399096,68249.38,2026-07-05,settled
STL31700441,RZP8256226076,2661.05,2026-07-11,settled
STL30651179,RZP2086114162,10654.01,2026-07-15,settled
STL68484362,RZP9984650935,53601.37,2026-07-07,settled
STL34072553,RZP9270323795,67498.72,2026-07-10,settled
STL31073546,RZP4814031358,47377.68,2026-07-06,settled
STL16057616,RZP8717900667,37997.02,2026-07-03,settled
STL82265081,RZP9027036016,9028.11,2026-07-03,settled
STL48699151,RZP2971332997,7002.98,2026-07-14,settled
STL45579830,RZP5986013420,72973.58,2026-07-05,settled
STL64402540,RZP5722064241,5230.62,2026-07-15,settled
STL49936806,RZP6348836628,24881.40,2026-07-01,settled
STL89517758,RZP1833199729,49067.09,2026-07-13,settled
STL16436552,RZP1936788955,31498.67,2026-07-10,settled
STL83674892,RZP3900351756,31154.45,2026-07-07,reversed
STL47532643,RZP1784851029,14021.57,2026-07-02,settled
STL12342022,RZP3789989848,73559.29,2026-07-07,settled
STL96553522,RZP9710414928,65943.53,2026-07-06,settled
STL84216409,RZP8649965624,54348.48,2026-07-12,settled
STL47843293,RZP1283681483,66384.76,2026-07-13,settled
STL66144019,RZP6988219883,74021.49,2026-07-09,settled
STL27778019,RZP5278201677,5957.92,2026-07-04,settled
STL89705240,RZP3262198598,50247.51,2026-07-14,settled
STL11516293,RZP2778293161,25367.52,2026-07-09,settled
STL62007481,RZP4131867260,43455.14,2026-07-07,settled
STL66688023,RZP3963727447,74250.04,2026-07-03,settled
STL91981695,RZP5827065385,24853.43,2026-07-07,reversed
STL35169855,RZP3407476094,35934.56,2026-07-05,settled
STL36327355,RZP1139676258,7931.09,2026-07-15,settled
STL40747206,RZP5289621615,70915.61,2026-07-10,settled
STL22547977,RZP8217660494,42157.08,2026-07-13,settled
STL10021177,RZP2532021093,22853.21,2026-07-11,settled
STL55659001,RZP4721043139,65038.76,2026-07-04,settled
STL24184917,RZP5372809924,38807.53,2026-07-06,settled
STL56524207,RZP9213620437,1135.77,2026-07-05,settled
STL87516824,RZP6975710980,905.22,2026-07-14,settled
STL54336694,RZP7462352443,53344.10,2026-07-10,settled
STL69527479,RZP8908902046,26761.28,2026-07-03,settled
STL92972295,RZP8753964973,26131.91,2026-07-01,settled
STL59116717,RZP4746733942,4572.43,2026-07-07,settled
STL64779503,RZP2215241617,36831.09,2026-07-14,settled
STL49474697,RZP8285555858,12217.67,2026-07-12,settled
STL25322803,RZP7442329298,36285.09,2026-07-10,reversed
STL12482850,RZP7247558610,6026.22,2026-07-15,settled
STL49174282,RZP5635499954,28695.74,2026-07-01,settled
STL63240727,RZP7278829740,26102.50,2026-07-07,settled
STL41952672,RZP2493388247,47279.56,2026-07-06,settled
STL97661571,RZP1612813917,2112.55,2026-07-07,settled
STL57141123,RZP2020491916,25276.19,2026-07-05,settled
STL65667895,RZP7712527946,24368.69,2026-07-12,settled
STL99537557,RZP4351119302,26024.39,2026-07-04,settled
STL67722252,RZP4704785815,23520.38,2026-07-12,settled
STL69444048,RZP1816045580,42572.90,2026-07-09,settled
STL42968377,RZP4100296751,60901.50,2026-07-01,settled
STL90054740,RZP8204498457,67331.54,2026-07-10,settled
STL72733114,RZP6252548866,15740.86,2026-07-05,settled
STL29871717,RZP2305836698,65735.04,2026-07-07,settled
STL78067673,RZP4385765083,23901.47,2026-07-08,settled
STL52532496,RZP6663250213,45354.69,2026-07-02,pending
STL52017078,RZP9307157672,65668.99,2026-07-10,settled
STL16675165,RZP8185934283,66179.48,2026-07-03,settled
STL32029318,RZP7882146900,49778.95,2026-07-15,settled
STL68205561,RZP9368586475,34466.51,2026-07-09,settled
STL37771742,RZP2802079175,70949.31,2026-07-13,settled
STL58798639,RZP8275716596,4560.78,2026-07-01,settled
STL15323895,RZP7284403924,46391.69,2026-07-15,settled
STL31146021,RZP2852504099,8745.87,2026-07-15,settled
STL24848878,RZP4649297119,7725.00,2026-07-04,settled
STL22143381,RZP8793636880,26204.16,2026-07-11,settled
STL63597632,RZP5388382689,60786.99,2026-07-08,settled
STL54218086,RZP5903431309,59511.91,2026-07-02,settled
STL56548465,RZP9937008288,61582.58,2026-07-10,pending
STL57949350,RZP3023823583,2935.00,2026-07-05,settled
STL76734201,RZP8489026462,11305.32,2026-07-02,reversed
STL36790099,RZP1609085335,8740.23,2026-07-05,settled
STL33984074,RZP7986589610,19836.86,2026-07-10,settled
STL13989431,RZP3408615540,24127.61,2026-07-14,settled
STL69276156,RZP9003594205,60999.52,2026-07-07,settled
STL67461593,RZP7039012908,1526.41,2026-07-11,settled
STL34359060,RZP6047405755,39162.81,2026-07-08,settled
STL86842305,RZP6125551262,39197.12,2026-07-07,settled
STL89204954,RZP8674417535,46906.53,2026-07-06,settled
STL89462301,RZP5972189439,34266.25,2026-07-07,reversed
STL23360483,RZP9123077976,34241.61,2026-07-14,settled
STL63794151,RZP5646920276,17965.54,2026-07-10,settled
STL75667708,RZP8478898762,74519.74,2026-07-05,pending
STL82608930,RZP3961722111,20545.96,2026-07-03,settled
STL47813626,RZP7698884618,60472.35,2026-07-15,settled
STL73047881,RZP6527386286,73162.83,2026-07-10,settled
STL86013187,RZP7354344304,956.68,2026-07-09,settled
STL11677049,RZP3078739213,62195.18,2026-07-08,settled
STL87576121,RZP1811839103,53331.59,2026-07-13,settled
STL14497675,RZP6364252503,57956.29,2026-07-08,settled
STL57464677,RZP7488222699,38763.16,2026-07-07,settled
STL20198784,RZP9472341529,23971.06,2026-07-10,pending
STL10450384,RZP7595977354,69095.67,2026-07-05,settled
STL35848410,RZP7842267325,6345.05,2026-07-06,settled
STL97647044,RZP5550967178,30089.77,2026-07-03,settled
STL65210033,RZP5124561502,9266.43,2026-07-05,reversed
STL84590103,RZP2439200321,71957.46,2026-07-07,settled
STL57518285,RZP6529037732,64038.38,2026-07-12,settled
STL38826107,RZP4304101042,67115.32,2026-07-07,settled
STL32420703,RZP1271319459,71926.52,2026-07-02,settled
STL74476041,RZP1483076047,63832.51,2026-07-04,settled
STL86726438,RZP5572830027,53623.69,2026-07-01,settled
STL58721761,RZP3113056524,58934.25,2026-07-01,settled
STL53539466,RZP9544733282,3296.10,2026-07-03,settled
STL58359530,RZP5708580756,55972.19,2026-07-05,settled
STL37243875,RZP3078919449,69016.57,2026-07-09,settled
STL89336448,RZP6051515351,51094.98,2026-07-11,settled
STL23979501,RZP5701015628,24179.24,2026-07-03,pending
STL57789869,RZP6293357444,72858.03,2026-07-13,settled
STL22009789,RZP8261722027,51786.29,2026-07-03,settled
STL11685851,RZP9445628409,39859.93,2026-07-06,settled
STL48326670,RZP4260093383,74314.25,2026-07-08,settled
STL67039307,RZP9357636067,74374.50,2026-07-12,settled
STL48210346,RZP1300926891,43995.91,2026-07-09,pending
STL88745075,RZP6773560949,12329.50,2026-07-14,settled
STL55447330,RZP7907449371,66186.39,2026-07-02,settled
STL82318164,RZP3085975141,20393.29,2026-07-15,settled
STL56646402,RZP4385937995,17097.14,2026-07-09,settled
STL79850716,RZP8931240755,30408.89,2026-07-08,settled
STL60463330,RZP2364751383,35345.71,2026-07-09,settled
STL85342038,RZP2043998107,20694.68,2026-07-01,settled
STL21249805,RZP5714658227,10474.29,2026-07-08,settled
STL25017061,RZP8581737261,65402.07,2026-07-13,settled
STL83098304,RZP3795858782,29403.36,2026-07-03,settled
STL51577026,RZP9316431723,23051.44,2026-07-14,settled
STL97238171,RZP1336517434,4170.33,2026-07-08,settled
STL22628853,RZP7764419459,70962.69,2026-07-04,settled
STL38150448,RZP1692327087,44884.17,2026-07-15,settled
STL88252116,RZP9190122806,30642.62,2026-07-12,settled
STL92293692,RZP3116317039,16716.07,2026-07-02,pending
STL70297305,RZP2139737922,40040.34,2026-07-01,settled
STL13145430,RZP6330750581,25877.12,2026-07-07,pending
STL30716609,RZP2962867987,54337.67,2026-07-05,settled
STL78006116,RZP7752591527,35955.37,2026-07-14,settled
STL23912190,RZP8739143112,74919.98,2026-07-01,settled
STL57013073,RZP1658693191,38402.00,2026-07-10,settled
STL23014526,RZP7961593935,14043.11,2026-07-04,settled
STL63152169,RZP2110517587,57849.68,2026-07-02,settled
STL27434323,RZP4883466415,30955.62,2026-07-10,settled
STL24150817,RZP8212634244,24612.62,2026-07-04,settled
STL64022294,RZP8381865861,19168.29,2026-07-15,settled
STL53171352,RZP6322209707,31259.03,2026-07-01,settled
STL63766628,RZP6199197408,52703.09,2026-07-06,settled
STL13875107,RZP1125576453,55949.17,2026-07-11,settled
STL35403430,RZP8393316209,65983.01,2026-07-05,settled
STL64523392,RZP2466042991,41419.29,2026-07-14,settled
STL59316885,RZP4549359628,42434.74,2026-07-15,settled
STL85613946,RZP6813716777,58229.56,2026-07-11,settled
STL72902517,RZP4007429005,62110.24,2026-07-07,settled
STL88979095,RZP2064746525,5269.93,2026-07-01,settled
STL36898480,RZP9330755851,64131.20,2026-07-01,settled
STL16659969,RZP9736274495,49550.60,2026-07-06,settled
STL23556182,RZP3840104345,58093.59,2026-07-02,settled
STL54696127,RZP6085842700,35390.32,2026-07-08,settled
STL49965575,RZP3345141583,48051.30,2026-07-04,settled
STL48795379,RZP1810473300,23092.24,2026-07-14,settled
STL52276352,RZP4467165272,73588.59,2026-07-11,settled
STL95540711,RZP2620559122,8177.69,2026-07-02,settled
STL53592298,RZP6669008912,62395.94,2026-07-03,settled
STL77353558,RZP9801724134,30239.75,2026-07-02,settled
STL56442431,RZP5952163720,12766.95,2026-07-06,settled
STL26462241,RZP8011110643,69962.15,2026-07-07,settled
STL98208022,RZP5991370793,41474.57,2026-07-14,settled
STL54515414,RZP4179530030,10842.62,2026-07-10,pending
STL53152357,RZP9175223055,21749.23,2026-07-04,settled
STL50756345,RZP3394225315,50254.09,2026-07-05,settled
STL93269096,RZP6288864767,44806.35,2026-07-13,settled
STL37913590,RZP4842298310,7411.90,2026-07-08,settled
STL59303460,RZP7358555069,22063.95,2026-07-02,settled
STL30664729,RZP5112020972,18728.55,2026-07-02,settled
STL24166144,RZP8236627786,66655.68,2026-07-04,settled
STL95146978,RZP2434596622,8475.32,2026-07-04,settled
STL33883732,RZP1195683634,61949.39,2026-07-12,settled
STL16104857,RZP9586678451,63261.68,2026-07-04,settled
STL42195700,RZP1472200200,28070.41,2026-07-09,settled
STL24212949,RZP4756206293,20650.92,2026-07-04,settled
STL17098488,RZP1129540050,34604.81,2026-07-11,settled
STL27480057,RZP6350945065,1072.84,2026-07-09,settled
STL33373943,RZP1797114326,63765.96,2026-07-07,settled
STL66780441,RZP7788875273,9260.64,2026-07-07,settled
STL41523901,RZP9950008638,62503.23,2026-07-04,settled
STL93113415,RZP2220372854,48276.67,2026-07-02,settled
STL83245898,RZP3035761595,40243.35,2026-07-03,settled
STL62687851,RZP1661767672,50467.24,2026-07-04,settled
STL40637785,RZP4546318329,23856.76,2026-07-08,settled
STL12216805,RZP2607326112,60019.08,2026-07-07,settled
STL78723270,RZP3370122112,10931.00,2026-07-04,settled
STL76181786,RZP8726701998,44636.31,2026-07-07,settled
STL62088975,RZP9773795424,15904.67,2026-07-15,settled
STL56446975,RZP1102985676,18669.27,2026-07-11,settled
STL15443504,RZP1889948390,41323.56,2026-07-01,settled
STL19959009,RZP5438474114,1995.81,2026-07-05,settled
STL22362611,RZP5945528575,18987.47,2026-07-05,settled
STL75040700,RZP8277440848,58692.07,2026-07-01,settled
STL15959299,RZP9201084101,7909.54,2026-07-07,reversed
STL12138110,RZP1936330742,27201.22,2026-07-04,settled
STL47400755,RZP2746924840,15025.95,2026-07-01,settled
STL44822075,RZP2368508299,61468.28,2026-07-12,pending
STL42086881,RZP4282716970,56531.28,2026-07-05,settled
STL13714198,RZP6816218289,35258.17,2026-07-07,settled
STL30513739,RZP7980611182,63204.37,2026-07-09,settled
STL14389636,RZP6225147843,15001.94,2026-07-04,settled
STL15831819,RZP5710360983,63638.33,2026-07-10,settled
STL77291728,RZP4960390519,20104.97,2026-07-09,pending
STL90712387,RZP8539999969,74421.71,2026-07-05,settled
STL17212503,RZP9719968606,20650.29,2026-07-11,settled
STL30700047,RZP2225576343,14108.84,2026-07-13,settled
STL34357127,RZP9698124329,13470.92,2026-07-14,settled
STL13909854,RZP4981177467,12829.56,2026-07-04,settled
STL96216581,RZP1054686685,37466.95,2026-07-08,settled
STL69497897,RZP3863111823,15259.04,2026-07-01,settled
STL12940347,RZP8919209399,60012.09,2026-07-11,settled
STL29960753,RZP9799058406,34858.35,2026-07-10,settled
STL89443352,RZP7856161487,9066.36,2026-07-05,settled
STL79714496,RZP1793438791,50547.06,2026-07-04,settled
STL50810571,RZP6981473909,71825.75,2026-07-10,settled
STL24039920,RZP5519448845,27769.04,2026-07-13,settled
STL76659467,RZP2408775627,21102.02,2026-07-08,settled
STL22009003,RZP4983096410,45282.66,2026-07-15,settled
STL58573820,RZP7523591587,12776.92,2026-07-14,settled
STL61746772,RZP3678295186,38388.53,2026-07-14,settled
STL26530521,RZP5230025371,16233.67,2026-07-01,settled
STL93879044,RZP6674305390,41284.28,2026-07-07,settled
STL97566891,RZP8620115398,64328.90,2026-07-12,settled
STL59621760,RZP5120528117,57318.23,2026-07-14,settled
STL89960703,RZP5175255343,25100.14,2026-07-02,settled
STL59772648,RZP7873001834,7066.48,2026-07-05,settled
STL81006112,RZP5144099828,65292.18,2026-07-15,settled
STL18727939,RZP5185555500,68795.22,2026-07-07,settled
STL24903605,RZP1396774042,64647.00,2026-07-13,reversed
STL56286613,RZP6688823845,35679.71,2026-07-09,reversed
STL52004856,RZP1585655784,21514.90,2026-07-10,settled
STL79067288,RZP9441395237,43826.73,2026-07-05,settled
STL31066031,RZP3455450949,50213.75,2026-07-04,settled
STL15721942,RZP9736322281,48956.46,2026-07-11,settled
STL46969062,RZP9328604121,44268.15,2026-07-09,settled
STL70681739,RZP3298062484,33981.77,2026-07-11,settled
STL45125720,RZP7914398496,56821.10,2026-07-13,settled
STL32003977,RZP4674510667,60525.45,2026-07-02,settled
STL87504301,RZP7480638276,68428.82,2026-07-03,settled
STL34622346,RZP7166242227,56945.67,2026-07-12,settled
STL19520213,RZP4989317367,64088.79,2026-07-05,settled
STL51937863,RZP3896792711,48984.65,2026-07-06,settled
STL67385552,RZP8249315123,65074.73,2026-07-15,settled
STL61820639,RZP9243445818,64225.73,2026-07-08,settled
STL78541804,RZP2848792488,1285.81,2026-07-05,settled
STL66079149,RZP1648843140,54930.63,2026-07-13,settled
STL67498960,RZP8596003713,13032.26,2026-07-05,settled
STL25191106,RZP3579466477,26554.86,2026-07-02,settled
STL10113880,RZP6050489648,32107.59,2026-07-12,settled
STL89918506,RZP1290207141,74051.39,2026-07-15,settled
STL80664628,RZP6087599588,32463.54,2026-07-05,settled
STL17097304,RZP6669715485,22938.83,2026-07-06,settled
STL69896880,RZP5197585518,31213.84,2026-07-05,settled
STL26770827,RZP1730700853,60150.57,2026-07-13,reversed
STL60516076,RZP5483924280,43347.42,2026-07-13,reversed
STL64422974,RZP5181783658,61320.08,2026-07-03,settled
STL47417210,RZP3608027348,36829.80,2026-07-13,reversed
STL17945140,RZP8492919885,25850.69,2026-07-08,settled
STL60790227,RZP8180889345,25074.99,2026-07-11,settled
STL51336046,RZP4149143970,50300.33,2026-07-02,pending
STL87858940,RZP6728394616,52503.66,2026-07-05,settled
STL31583382,RZP4943293018,74814.98,2026-07-06,settled
STL68602595,RZP8404623394,8898.73,2026-07-01,settled
STL66468502,RZP4957040268,18574.48,2026-07-06,settled
STL82928246,RZP8472365606,35499.02,2026-07-06,settled
STL48553072,RZP1289405849,72764.13,2026-07-09,settled
STL59006878,RZP5108948850,38081.02,2026-07-03,settled
STL54688897,RZP8919660330,62895.60,2026-07-13,settled
STL63640812,RZP7709019037,42295.38,2026-07-03,settled
STL55152111,RZP5403382034,3931.65,2026-07-04,settled
STL40485747,RZP2143407986,49136.35,2026-07-01,settled
STL33292561,RZP2745484166,18530.83,2026-07-10,settled
STL53679044,RZP5877651085,12029.24,2026-07-10,settled
STL89293994,RZP8280011617,62582.79,2026-07-12,settled
STL22986419,RZP9922880637,48964.26,2026-07-07,settled
STL46499616,RZP8785619579,30983.77,2026-07-10,settled
STL10162044,RZP3208772899,10878.97,2026-07-02,settled
STL73695344,RZP7499239366,35539.81,2026-07-07,settled
STL98133528,RZP9078420002,71811.15,2026-07-02,pending
STL54888034,RZP2329211631,26707.10,2026-07-05,reversed
STL28215805,RZP2499944394,59831.15,2026-07-07,reversed
STL25740123,RZP5696345247,62088.47,2026-07-06,pending
STL80847877,RZP4755245285,16869.60,2026-07-01,settled
STL96138580,RZP7860445279,62033.77,2026-07-15,reversed
STL42779491,RZP9621245992,32160.93,2026-07-09,settled
STL98766745,RZP6985124062,40205.30,2026-07-04,settled
STL34493048,RZP7787425569,2097.15,2026-07-04,settled
STL77761435,RZP3381893802,32855.60,2026-07-12,reversed
STL83559482,RZP4548649570,61786.38,2026-07-09,settled
STL92659217,RZP6221018324,44909.17,2026-07-10,pending
STL34938316,RZP7983221482,74172.37,2026-07-15,settled
STL79188082,RZP3578049499,55443.84,2026-07-04,settled
STL28987473,RZP6299205568,4389.03,2026-07-02,settled
STL75090023,RZP6767488473,40370.75,2026-07-05,settled
STL23210619,RZP5630791358,49173.29,2026-07-15,settled
STL11479031,RZP1636370429,21614.96,2026-07-02,settled
STL65459928,RZP4463769174,14444.94,2026-07-15,settled
STL29369643,RZP3011708504,56886.73,2026-07-04,settled
STL45348485,RZP5957822370,2577.59,2026-07-05,settled
STL47929390,RZP1244313440,4720.77,2026-07-08,settled
STL87208872,RZP7947923274,10572.34,2026-07-13,settled
STL67323280,RZP1154941132,29420.69,2026-07-02,settled
STL74030858,RZP6771941776,35455.25,2026-07-01,settled
STL60960349,RZP9872691513,44509.54,2026-07-04,settled
STL19071640,RZP9850139588,33385.63,2026-07-01,pending
STL20668526,RZP6217144368,55892.08,2026-07-04,settled
STL65426567,RZP1819412471,33357.37,2026-07-07,settled
STL94257504,RZP6026571706,38189.89,2026-07-15,settled
STL84413472,RZP6947815096,31773.72,2026-07-07,settled
STL68543087,RZP6191270918,28134.06,2026-07-12,settled
STL75762459,RZP9156326647,31101.37,2026-07-04,settled
STL15352233,RZP8168036130,33702.21,2026-07-15,settled
STL25578888,RZP8135351243,16868.40,2026-07-01,settled
STL80238316,RZP7065369178,12100.96,2026-07-01,settled
STL28378033,RZP9204079853,46040.50,2026-07-07,settled
STL96877059,RZP3693040708,40283.21,2026-07-15,settled
STL55827665,RZP1367282287,12873.19,2026-07-15,settled
STL57216709,RZP1698899029,30050.37,2026-07-12,settled
STL54770958,RZP4060031897,3461.55,2026-07-15,settled
STL35695519,RZP4653316493,41523.76,2026-07-06,settled
STL63958587,RZP8158651296,28773.40,2026-07-01,settled
STL37868462,RZP7225841764,23895.48,2026-07-02,settled
STL62400142,RZP4989225070,70202.86,2026-07-05,settled
STL90374368,RZP2160163053,67231.03,2026-07-08,settled
STL20620936,RZP8348547534,74376.95,2026-07-03,settled
STL67858050,RZP7074260504,52078.72,2026-07-14,settled
STL94555700,RZP3152810258,8175.65,2026-07-01,pending
STL67355386,RZP5005835472,10950.11,2026-07-11,settled
STL93960365,RZP9229262742,8771.78,2026-07-12,settled
STL52548353,RZP3697656248,47295.66,2026-07-07,settled
STL66962588,RZP6516346512,11300.51,2026-07-15,settled
STL99618476,RZP8286145992,43275.58,2026-07-06,settled
STL53396713,RZP6146712641,6938.04,2026-07-03,settled
STL11270443,RZP6693657922,52933.33,2026-07-03,settled
STL82621970,RZP1662976364,22843.07,2026-07-03,settled
STL76526254,RZP2660370935,57754.46,2026-07-06,settled
STL61414988,RZP5172437265,6700.57,2026-07-09,settled
STL89538277,RZP1682098632,68706.25,2026-07-02,pending
STL65035217,RZP5099357796,71928.25,2026-07-10,settled
STL49428563,RZP6602480261,61161.81,2026-07-02,settled
STL98292310,RZP5847023874,694.72,2026-07-13,settled
STL12923920,RZP3113940020,44997.14,2026-07-04,settled
STL91181404,RZP5256678151,33707.00,2026-07-14,settled
STL69578294,RZP7037832206,66329.82,2026-07-08,settled
STL15024377,RZP7088037660,41262.05,2026-07-06,settled
STL91849287,RZP2779621437,42013.24,2026-07-11,settled
STL91458948,RZP5499652270,50078.16,2026-07-09,settled
STL21814896,RZP7443992985,9210.64,2026-07-09,pending
STL43609390,RZP4470587327,44643.54,2026-07-11,settled
STL59458666,RZP3286167917,34859.72,2026-07-06,settled
STL48158816,RZP4557971799,29067.29,2026-07-11,settled
STL65554659,RZP1068001054,47876.18,2026-07-12,pending
STL74744125,RZP5053542659,34679.19,2026-07-03,reversed
STL83063903,RZP6582702511,8433.90,2026-07-04,settled
STL17523876,RZP6489898478,34008.63,2026-07-06,settled
STL81870081,RZP6945082073,36343.57,2026-07-13,settled
STL37753358,RZP1857561275,55289.47,2026-07-14,settled
STL68933117,RZP6165341482,74124.87,2026-07-13,settled
STL23349287,RZP5637176934,48689.80,2026-07-08,settled
STL24001392,RZP7163874305,6637.97,2026-07-01,settled
STL60598541,RZP4557972786,7554.71,2026-07-11,settled
STL26927930,RZP4460498651,34328.18,2026-07-05,pending
STL30982952,RZP8015638525,61885.67,2026-07-12,settled
STL77404022,RZP5993075788,60640.28,2026-07-11,settled
STL37442718,RZP6824305952,48925.88,2026-07-09,settled
STL59221290,RZP1553223640,63079.36,2026-07-10,settled
STL59848952,RZP3555599455,12859.84,2026-07-13,settled
STL33799645,RZP2448679689,6054.62,2026-07-11,settled
STL75814814,RZP9460756905,33240.92,2026-07-05,settled
STL98068105,RZP4424069766,34456.49,2026-07-04,reversed
STL70710395,RZP1068527684,61024.73,2026-07-04,settled
STL20639799,RZP7613747328,9056.94,2026-07-06,settled
STL65782199,RZP3409618453,16569.29,2026-07-15,settled
STL74243595,RZP3093825472,5369.71,2026-07-02,settled
STL14508105,RZP2058311080,34363.43,2026-07-14,pending
STL11101134,RZP5176136758,21517.53,2026-07-03,settled
STL28910075,RZP6770829381,23720.22,2026-07-05,settled
STL43697896,RZP7033153366,57193.08,2026-07-08,settled
STL89620625,RZP8246744776,4355.03,2026-07-13,reversed
STL48240309,RZP3883811315,45544.38,2026-07-15,settled
STL30094967,RZP3711370909,15564.27,2026-07-04,settled
STL41491678,RZP8383635018,72493.84,2026-07-06,settled
STL40693565,RZP7632960466,2542.27,2026-07-03,settled
STL65530095,RZP1024448465,49709.40,2026-07-05,settled
STL18790367,RZP1779601691,42243.47,2026-07-09,settled
STL65888275,RZP3010457133,52096.37,2026-07-06,settled
STL84420003,RZP3458675898,61610.95,2026-07-11,settled
STL79218238,RZP3570886403,53873.55,2026-07-01,settled
STL33392072,RZP1855226225,21665.52,2026-07-04,settled
STL17438728,RZP3024066204,7472.95,2026-07-03,settled
STL25434718,RZP8525128669,7084.86,2026-07-05,settled
STL77641423,RZP1562992174,26822.30,2026-07-02,settled
STL29930950,RZP9374232317,58026.68,2026-07-11,settled
STL44160502,RZP5867805724,10977.05,2026-07-03,settled
STL38183701,RZP8226842982,22553.34,2026-07-14,settled
STL49967346,RZP5918809898,45781.60,2026-07-04,settled
STL67918629,RZP3961219520,73896.71,2026-07-12,settled
STL63635419,RZP1665906427,55392.97,2026-07-02,settled
STL70835762,RZP5580012388,31854.85,2026-07-12,settled
STL86024718,RZP3483321097,44593.92,2026-07-05,settled
STL95657126,RZP3247857318,6683.51,2026-07-12,settled
STL35351691,RZP1662210977,43259.89,2026-07-15,settled
STL90108427,RZP8222288012,13801.68,2026-07-10,settled
STL90787050,RZP6491417851,28516.42,2026-07-13,settled
STL19792433,RZP5013062529,60984.06,2026-07-15,settled
STL17347863,RZP8900217024,54717.32,2026-07-06,settled
STL48765785,RZP6614128067,25732.59,2026-07-10,settled
STL75917967,RZP9350151293,70713.96,2026-07-11,reversed
STL38829496,RZP4897826540,2999.42,2026-07-11,settled
STL75431766,RZP4159917292,69275.26,2026-07-13,settled
STL47663633,RZP6606958660,41599.55,2026-07-03,settled
STL29585415,RZP6887132821,31337.80,2026-07-10,settled
STL82884346,RZP5474951950,70036.14,2026-07-09,settled
STL43316392,RZP9850050482,66415.49,2026-07-09,settled
STL57271140,RZP2138833561,37957.88,2026-07-01,settled
STL26821412,RZP9667198721,38339.70,2026-07-07,settled
STL73590189,RZP4218948630,41292.05,2026-07-09,pending
STL89019640,RZP9093857039,25990.20,2026-07-07,settled
STL32935793,RZP5079161918,28711.56,2026-07-07,settled
STL64644729,RZP9007187284,51368.15,2026-07-08,settled
STL24506505,RZP9873517745,13904.65,2026-07-05,settled
STL14137416,RZP6209182860,49175.58,2026-07-01,settled
STL50023634,RZP7274135004,52424.49,2026-07-06,settled
STL12203625,RZP8058382074,37726.47,2026-07-14,settled
STL36082023,RZP1691293717,16948.70,2026-07-14,settled
STL93732998,RZP6629841248,34182.91,2026-07-12,settled
STL27101228,RZP6098932850,9074.69,2026-07-12,reversed
STL25543611,RZP3225749926,37648.90,2026-07-08,settled
STL67422715,RZP4690515516,40649.34,2026-07-14,settled
STL77138149,RZP3649598315,25098.10,2026-07-14,settled
STL94325542,RZP8398113084,65297.25,2026-07-06,settled
STL70389982,RZP4222562820,16560.00,2026-07-13,settled
STL74453962,RZP2412111965,59620.10,2026-07-04,pending
STL75147302,RZP1216088136,73886.46,2026-07-09,reversed
STL23842094,RZP8556124088,35695.83,2026-07-10,pending
STL90651558,RZP5766030986,71385.35,2026-07-08,settled
STL51829207,RZP9689404464,14281.86,2026-07-09,settled
STL92477940,RZP2750015570,16291.08,2026-07-11,settled
STL97069298,RZP9605919334,26978.90,2026-07-11,settled
STL42274031,RZP8577963750,13938.35,2026-07-01,settled
STL77424354,RZP5917922109,38689.55,2026-07-09,reversed
STL20230008,RZP6408092298,19991.87,2026-07-14,settled
STL58389938,RZP3910585814,53073.22,2026-07-03,settled
STL39417095,RZP6438456687,47378.92,2026-07-12,settled
STL74512027,RZP6067527304,11730.69,2026-07-05,settled
STL21768147,RZP8974161733,66890.51,2026-07-04,settled
STL27812687,RZP8587894248,73640.23,2026-07-02,settled
STL78997675,RZP9064406333,46704.23,2026-07-08,settled
STL76605783,RZP1677853449,40842.48,2026-07-06,pending
STL69121697,RZP6347291265,9861.63,2026-07-07,settled
STL31068735,RZP5684288373,12265.91,2026-07-08,settled
STL84131006,RZP7642577159,22116.17,2026-07-12,settled
STL44271206,RZP4535263603,36896.89,2026-07-03,pending
STL26476859,RZP5188484316,25728.06,2026-07-10,settled
STL56910960,RZP4644958316,659.78,2026-07-03,settled
STL72187706,RZP8866479551,28796.27,2026-07-10,settled
STL31307131,RZP4012010269,47395.67,2026-07-14,settled
STL32777840,RZP8086049236,51098.24,2026-07-06,settled
STL53601088,RZP8413635836,15212.05,2026-07-07,settled
STL63728348,RZP9715484048,13756.77,2026-07-12,settled
STL53605688,RZP7103557930,41484.21,2026-07-13,settled
STL71585593,RZP7713758036,57862.56,2026-07-13,settled
STL43557176,RZP9057068336,60426.33,2026-07-03,settled
STL13626070,RZP8331135013,63340.06,2026-07-09,settled
STL35803940,RZP8701291551,31381.81,2026-07-11,settled
STL96278155,RZP4133391767,18060.58,2026-07-02,settled
STL34132776,RZP1290200059,4815.38,2026-07-04,settled
STL41323789,RZP8311872268,72450.28,2026-07-13,settled
STL82537891,RZP8555581375,39552.22,2026-07-01,settled
STL57996213,RZP1400319024,50336.45,2026-07-05,settled
STL78428857,RZP8944237914,44536.78,2026-07-02,settled
STL57502301,RZP3109692490,38308.39,2026-07-06,settled
STL88543135,RZP3277178882,59896.06,2026-07-06,settled
STL40117254,RZP7707213660,20921.18,2026-07-07,settled
STL98704837,RZP9414629942,42405.29,2026-07-04,settled
STL87658711,RZP4496539342,42778.17,2026-07-15,settled
STL22762103,RZP9581301791,51993.09,2026-07-05,settled
STL76498932,RZP9119564548,14236.66,2026-07-07,settled
STL56094205,RZP6171742010,46447.33,2026-07-10,settled
STL50803418,RZP4300061959,32845.85,2026-07-08,settled
STL43370067,RZP3133389082,27408.82,2026-07-06,settled
STL89398174,RZP1746087503,18123.06,2026-07-06,settled
STL43388761,RZP1889620495,23908.78,2026-07-07,settled
STL81131069,RZP9065491032,40380.98,2026-07-03,settled
STL56753777,RZP8337324204,40384.31,2026-07-02,settled
STL89736214,RZP4677628841,49896.90,2026-07-07,settled
STL58075380,RZP2518944242,45911.78,2026-07-03,settled
STL98044704,RZP6943710665,32939.30,2026-07-06,settled
STL29282611,RZP8230001165,22417.90,2026-07-07,settled
STL68145643,RZP8820673474,40619.52,2026-07-13,settled
STL25421665,RZP6565303870,52638.58,2026-07-05,settled
STL25475748,RZP1896934780,33892.24,2026-07-09,settled
STL87614950,RZP8218535338,57673.07,2026-07-15,settled
STL98786831,RZP4049910890,45409.38,2026-07-09,settled
STL51471936,RZP7427044790,15257.55,2026-07-08,settled
STL93624519,RZP7403453166,21755.91,2026-07-12,settled
STL41889524,RZP4714465905,55809.75,2026-07-09,settled
STL15747790,RZP3007047054,60977.65,2026-07-11,settled
STL57662793,RZP5196703393,55546.68,2026-07-11,settled
STL81363893,RZP4805118243,34151.94,2026-07-11,settled
STL95917512,RZP9577023015,4251.61,2026-07-08,settled
STL74480967,RZP4871085503,17796.43,2026-07-12,reversed
STL26614750,RZP1848314813,17875.01,2026-07-13,settled
STL62364230,RZP1361779117,42991.68,2026-07-07,settled
STL90406698,RZP8995384394,70609.15,2026-07-01,settled
STL97407775,RZP1377647432,45403.87,2026-07-10,reversed
STL33798898,RZP5716066308,57872.09,2026-07-03,settled
STL17218507,RZP3613888640,41933.27,2026-07-10,settled
STL42728022,RZP5945423597,35504.74,2026-07-08,settled
STL11205484,RZP6362096925,31136.33,2026-07-09,settled
STL50244106,RZP1455932803,59045.78,2026-07-02,settled
STL13259693,RZP3829748490,52339.10,2026-07-06,settled
STL66505154,RZP8897903471,27817.99,2026-07-13,settled
STL66761343,RZP4953200174,71980.66,2026-07-11,settled
STL75546384,RZP6654385989,42991.34,2026-07-06,settled
STL57344278,RZP8915594306,56296.55,2026-07-08,settled
STL60493774,RZP4241487104,35036.77,2026-07-03,settled
STL19101470,RZP5725182037,72398.53,2026-07-11,settled
STL22048830,RZP4452101408,44676.56,2026-07-01,settled
STL75959809,RZP1511985236,17330.11,2026-07-01,settled
STL34119687,RZP4266374636,6231.76,2026-07-08,settled
STL84705402,RZP3206955437,28601.27,2026-07-07,settled
STL64142310,RZP9166381136,27264.19,2026-07-04,settled
STL16422475,RZP1356559062,39647.62,2026-07-04,settled
STL98715506,RZP6547509626,68612.71,2026-07-07,settled
STL17504615,RZP1338882832,72906.63,2026-07-15,settled
STL85180751,RZP7847944031,68758.90,2026-07-09,settled
STL69709477,RZP5271538858,30037.88,2026-07-10,pending
STL92535681,RZP4598610448,33573.37,2026-07-13,settled
STL47818391,RZP7531704552,58307.41,2026-07-07,settled
STL90822842,RZP2729608727,44814.96,2026-07-12,settled
STL45970000,RZP1224901650,5328.26,2026-07-15,pending
STL43522920,RZP7423157355,13201.06,2026-07-02,settled
STL86956839,RZP7593588964,43807.02,2026-07-02,settled
STL34922740,RZP1842274225,26799.98,2026-07-14,settled
STL83836972,RZP4586622670,39375.55,2026-07-02,pending
STL34670174,RZP9953944341,5103.67,2026-07-01,settled
STL97694058,RZP6509411197,60613.97,2026-07-15,settled
STL20300489,RZP6326370998,20988.96,2026-07-06,settled
STL43723221,RZP2935275241,45277.23,2026-07-02,settled
STL52519774,RZP5924498758,37470.65,2026-07-02,settled
STL77274136,RZP3653241196,53979.00,2026-07-08,settled
STL77691534,RZP6469102307,59404.40,2026-07-15,settled
STL27171287,RZP6973554506,46840.83,2026-07-11,settled
STL85579195,RZP8303853049,71093.13,2026-07-10,settled
STL79672860,RZP3140479361,26293.11,2026-07-14,settled
STL28461075,RZP8823646146,27818.16,2026-07-13,settled
STL23258016,RZP1930543635,58583.40,2026-07-13,pending
STL28254014,RZP8589504374,45235.70,2026-07-04,settled
STL11818145,RZP2918494404,8906.70,2026-07-15,settled
STL66175091,RZP4831262521,24982.34,2026-07-13,settled
STL72868537,RZP7968536176,26180.19,2026-07-10,settled
STL39085873,RZP6066133966,46053.50,2026-07-04,settled
STL38426218,RZP1095452011,12161.17,2026-07-13,reversed
STL35960560,RZP4957366035,16038.75,2026-07-14,settled
STL15014140,RZP1604085098,10608.42,2026-07-03,settled
STL86273917,RZP6036047917,52456.80,2026-07-11,reversed
STL83207375,RZP2728395890,35769.69,2026-07-12,settled
STL84335596,RZP1890000799,60554.21,2026-07-12,settled
STL13529954,RZP1876886485,56758.12,2026-07-10,settled
STL49380296,RZP9319298419,46668.71,2026-07-15,reversed
STL53440052,RZP7743417981,40154.92,2026-07-10,settled
STL28791420,RZP5817727629,65328.53,2026-07-11,settled
STL24076655,RZP6233206426,16940.19,2026-07-02,settled
STL47998956,RZP9643324502,70295.82,2026-07-10,settled
STL71725422,RZP8107055784,65992.79,2026-07-13,settled
STL69398880,RZP4929633791,29080.43,2026-07-06,settled
STL65280738,RZP3726981610,21189.85,2026-07-11,settled
STL16614286,RZP4256406153,69285.95,2026-07-02,settled
STL15294153,RZP6566372886,35088.66,2026-07-02,settled
STL98562865,RZP4291888618,2470.50,2026-07-10,settled
STL38517975,RZP3984852250,6098.26,2026-07-08,settled
STL85351333,RZP3278488482,71914.96,2026-07-05,settled
STL46546762,RZP8631522247,5028.70,2026-07-15,settled
STL37448673,RZP1869274621,11796.06,2026-07-09,settled
STL75535518,RZP8912678338,23830.40,2026-07-01,settled
STL15030656,RZP9292058364,38921.27,2026-07-14,settled
STL38917860,RZP1776530267,45869.64,2026-07-06,settled
STL99659144,RZP9040054693,58014.58,2026-07-08,settled
STL84592001,RZP5171364102,21895.46,2026-07-14,reversed
STL13419583,RZP2587100158,1815.56,2026-07-06,settled
STL23718431,RZP2193448329,16540.88,2026-07-13,settled
STL86326531,RZP8691230554,3854.95,2026-07-06,settled
STL49880850,RZP9011643187,31696.97,2026-07-01,pending
STL27809465,RZP4946081594,74440.22,2026-07-14,settled
STL70770718,RZP7278741979,28836.80,2026-07-14,settled
STL53935671,RZP8671467087,64846.15,2026-07-02,settled
STL44906728,RZP9408947410,61051.14,2026-07-09,settled
STL11042561,RZP5459202046,33283.96,2026-07-03,settled
STL98350253,RZP9846793958,28366.69,2026-07-04,settled
STL41708297,RZP7648345452,70680.20,2026-07-15,settled
STL95714612,RZP8665681853,69008.92,2026-07-06,settled
STL81202202,RZP7127731419,68711.97,2026-07-01,settled
STL62350620,RZP6364268457,44277.83,2026-07-11,settled
STL21783647,RZP5946548987,67339.56,2026-07-11,settled
STL14183111,RZP3069832083,59341.47,2026-07-01,settled
STL73207479,RZP9999156586,4877.05,2026-07-06,settled
STL10404729,RZP8760642358,54384.37,2026-07-07,settled
STL91483852,RZP4148407142,63645.83,2026-07-09,settled
STL23241515,RZP7267416495,62978.95,2026-07-05,settled
STL95756179,RZP9955497193,27209.78,2026-07-05,settled
STL69019781,RZP3315496427,44310.65,2026-07-07,settled
STL11638822,RZP5278786677,33800.87,2026-07-05,settled
STL96839687,RZP9249186180,58585.86,2026-07-15,pending
STL99069920,RZP3890172883,8385.52,2026-07-02,settled
STL72001364,RZP5477291329,34245.75,2026-07-04,settled
STL44996204,RZP5542371107,40106.34,2026-07-04,settled
STL32884017,RZP9949503556,60886.14,2026-07-06,settled
STL44892951,RZP6491255084,61992.93,2026-07-10,settled
STL82209870,RZP6605439330,35603.68,2026-07-06,settled
STL90490920,RZP8596610995,68457.58,2026-07-08,settled
STL96567693,RZP2605298518,69132.40,2026-07-06,settled
STL32621484,RZP8756270694,67235.63,2026-07-13,settled
STL95701525,RZP9191036931,64833.31,2026-07-11,settled
STL14882771,RZP6958303331,48368.29,2026-07-04,settled
STL72313982,RZP1842886615,73709.24,2026-07-01,settled
STL68480515,RZP3687002888,34856.99,2026-07-15,settled
STL70902028,RZP8854624761,23793.50,2026-07-11,settled
STL50323229,RZP9440606328,56003.90,2026-07-15,settled
STL82538784,RZP8959606420,20582.13,2026-07-11,settled
STL44940823,RZP7704185905,69266.37,2026-07-10,settled
STL17603365,RZP4567589221,21225.69,2026-07-08,settled
STL68096255,RZP2423384138,67768.98,2026-07-01,settled
STL64864225,RZP4783482234,52699.82,2026-07-11,pending
STL98410519,RZP2613413720,62827.03,2026-07-01,pending
STL10645951,RZP1316598641,19396.87,2026-07-15,settled
STL88198006,RZP7980756126,1725.96,2026-07-12,settled
STL30921653,RZP2622284281,35568.15,2026-07-07,settled
STL70274292,RZP3020657308,73054.21,2026-07-07,settled
STL70655392,RZP3391927547,29265.35,2026-07-08,settled
STL91700107,RZP5582425501,4331.12,2026-07-07,settled
STL47850340,RZP7081867549,63636.32,2026-07-12,settled
STL56298388,RZP8660751294,13508.09,2026-07-11,settled
STL47077700,RZP4628304977,61148.38,2026-07-15,settled
STL99461443,RZP7640467636,49973.28,2026-07-02,settled
STL88725243,RZP9096783199,19979.55,2026-07-08,settled
STL48164274,RZP5120584320,9761.62,2026-07-01,settled
STL79738269,RZP1397731536,28598.15,2026-07-01,settled
STL12446459,RZP6052593258,60591.84,2026-07-09,settled
STL51818682,RZP4516911409,69294.03,2026-07-08,settled
STL47533085,RZP4395704840,55587.30,2026-07-10,pending
STL84642078,RZP5336031786,39454.86,2026-07-01,settled
STL69417259,RZP9028825158,37494.02,2026-07-12,settled
STL69545834,RZP9184731961,21526.85,2026-07-09,settled
STL72336371,RZP3957572769,12276.99,2026-07-07,settled
STL54492673,RZP4049368780,6638.89,2026-07-06,settled
STL73508357,RZP7165955648,61222.03,2026-07-03,settled
STL24867878,RZP5120590842,43305.82,2026-07-11,settled
STL69014228,RZP2898173685,11739.71,2026-07-04,settled
STL75169509,RZP9448099168,3942.41,2026-07-09,reversed
STL95556335,RZP6239329048,55617.44,2026-07-01,settled
STL74227310,RZP6389864974,17527.48,2026-07-06,settled
STL12621771,RZP4623652310,40834.40,2026-07-06,settled
STL56125422,RZP6213476583,30324.86,2026-07-01,settled
STL59285876,RZP7201050925,6545.92,2026-07-05,settled
STL10016176,RZP1871940551,64938.74,2026-07-15,settled
STL72872428,RZP6235163181,14185.19,2026-07-12,settled
STL38002215,RZP7689120549,71698.98,2026-07-11,settled
STL65573433,RZP8189624683,53823.15,2026-07-13,settled
STL72422632,RZP3972099997,25323.17,2026-07-03,pending
STL87816352,RZP1061607195,6914.10,2026-07-04,settled
STL97299591,RZP8095293870,17587.23,2026-07-12,settled
STL85846504,RZP1014369973,53541.53,2026-07-04,settled
STL59594818,RZP7279889765,74524.21,2026-07-08,settled
STL78062142,RZP1834702352,9780.87,2026-07-09,settled
STL76055891,RZP4996381818,54822.42,2026-07-09,settled
STL39719626,RZP4354611086,68011.41,2026-07-09,settled
STL40272606,RZP8489005480,15630.00,2026-07-14,settled
STL30407950,RZP1681825187,51189.57,2026-07-11,settled
STL94602466,RZP9705742431,32958.99,2026-07-06,settled
STL52063743,RZP5161308534,51848.41,2026-07-10,settled
STL72173598,RZP8003696033,57495.05,2026-07-15,settled
STL64652792,RZP6906189747,27826.15,2026-07-09,settled
STL24544037,RZP6916732832,34005.24,2026-07-04,pending
STL58385331,RZP3957942528,32184.25,2026-07-02,settled
STL50880270,RZP3113681000,5352.25,2026-07-09,settled
STL14380619,RZP8543849802,15398.86,2026-07-06,settled
STL29772964,RZP4250494539,52060.26,2026-07-06,settled
STL17116333,RZP4085641527,51670.44,2026-07-11,settled
STL54780993,RZP2634911308,1014.59,2026-07-09,settled
STL87397631,RZP4894108708,36354.96,2026-07-10,settled
STL44580161,RZP9552623807,4320.85,2026-07-10,settled
STL14431183,RZP3780286305,40213.87,2026-07-15,reversed
STL58545863,RZP6565525658,43045.66,2026-07-01,settled
STL54714291,RZP2590300323,8142.95,2026-07-13,settled
STL49040681,RZP9958599912,7764.11,2026-07-14,settled
STL17219914,RZP7551113988,71178.14,2026-07-15,settled
STL20776988,RZP5912460173,51713.36,2026-07-11,settled
STL86151367,RZP6170325007,67670.72,2026-07-04,settled
STL97314329,RZP3825767452,22131.51,2026-07-06,settled
STL11322863,RZP8244425568,15764.51,2026-07-15,settled
STL30342394,RZP5281741827,72846.46,2026-07-13,settled
STL95138411,RZP4738696633,37793.50,2026-07-06,settled
STL65265829,RZP6229779421,62969.02,2026-07-05,settled
STL82500313,RZP9508954216,65636.79,2026-07-06,reversed
STL95895849,RZP7047578794,11157.22,2026-07-15,settled
STL94082879,RZP3290018435,15058.92,2026-07-13,settled
STL91298760,RZP3486441885,49108.49,2026-07-15,settled
STL38320339,RZP3640004732,38616.15,2026-07-14,settled
STL89136528,RZP6536183790,17857.81,2026-07-02,reversed
STL97103763,RZP1232293617,55869.68,2026-07-03,settled
STL36457848,RZP4497639750,22753.67,2026-07-13,settled
STL11908672,RZP7551924297,15965.48,2026-07-14,settled
STL33143904,RZP8929501319,46669.33,2026-07-10,settled
STL28328973,RZP2344275311,4964.97,2026-07-08,settled
STL17384587,RZP9880097470,66218.28,2026-07-07,settled
STL52251486,RZP2562838716,13818.38,2026-07-01,settled
STL91426000,RZP1535257094,49824.54,2026-07-08,settled
STL59735290,RZP5513216538,15468.77,2026-07-08,settled
STL94579246,RZP9308376961,49788.17,2026-07-05,settled
STL13393520,RZP5341842641,19943.60,2026-07-03,settled
STL83626933,RZP6692705133,46151.97,2026-07-05,settled
STL31168076,RZP6534111666,60621.37,2026-07-05,settled
STL22079538,RZP9231343450,16756.39,2026-07-14,settled
STL18497843,RZP3057190990,38688.75,2026-07-10,settled
STL76919318,RZP1278627610,38391.73,2026-07-13,settled
STL64289660,RZP4854990179,6230.73,2026-07-11,settled
STL73999739,RZP6258396060,15468.84,2026-07-14,settled
STL14810369,RZP3414532686,72488.85,2026-07-12,settled
STL18595771,RZP9841554539,70443.15,2026-07-05,settled
STL44656091,RZP2697220620,43072.90,2026-07-05,settled
STL35216784,RZP1308169535,15925.24,2026-07-06,settled
STL94408232,RZP5903791119,62469.42,2026-07-07,settled
STL31492883,RZP4991398470,13409.72,2026-07-04,settled
STL25424203,RZP9551744392,26430.40,2026-07-13,settled
STL94935364,RZP3829808789,47629.63,2026-07-02,settled
STL18048100,RZP3656689261,5893.78,2026-07-02,settled
STL72131205,RZP3964650442,49383.80,2026-07-11,settled
STL78676872,RZP1528033292,31266.44,2026-07-13,settled
STL97500673,RZP2650206183,68631.65,2026-07-03,settled
STL57113566,RZP6069848439,52851.06,2026-07-05,settled
STL81735856,RZP3962493773,58737.88,2026-07-12,settled
STL55987725,RZP9067148137,16208.34,2026-07-09,settled
STL70219988,RZP7212391110,38032.42,2026-07-07,settled
STL88791839,RZP5948608725,58270.01,2026-07-04,settled
STL13077109,RZP1129589853,18318.74,2026-07-04,settled
STL88130892,RZP7688846683,36102.04,2026-07-13,settled
STL24259681,RZP5488598449,7593.87,2026-07-10,settled
STL42930552,RZP5408179151,17222.91,2026-07-12,settled
STL32906007,RZP3701152041,27119.95,2026-07-03,settled
STL67384087,RZP2731632580,69622.59,2026-07-11,reversed
STL37111003,RZP9243991391,25671.93,2026-07-10,settled
STL62563413,RZP8700734258,42488.26,2026-07-13,settled
STL55841918,RZP7994186236,8274.37,2026-07-08,settled
STL85093803,RZP8623264855,25792.08,2026-07-08,pending
STL30225407,RZP7951111261,66475.03,2026-07-04,settled
STL74864003,RZP5029359711,45732.67,2026-07-02,settled
STL36131938,RZP6625159548,9056.72,2026-07-01,settled
STL39382831,RZP6942290086,34787.23,2026-07-04,settled
STL69915762,RZP1413426122,6126.01,2026-07-04,settled
STL96931059,RZP1702364767,43327.55,2026-07-02,settled
STL90557330,RZP2468989438,33126.93,2026-07-05,settled
STL78791077,RZP2768921252,20385.58,2026-07-05,settled
STL84958851,RZP4527419370,34206.88,2026-07-04,settled
STL52497285,RZP2684370417,51608.59,2026-07-02,settled
STL28440709,RZP4832959264,7828.86,2026-07-01,settled
STL43032988,RZP3642149595,20882.31,2026-07-02,reversed
STL80733475,RZP9666224381,17825.87,2026-07-10,settled
STL81841998,RZP2959373785,66741.78,2026-07-05,settled
STL85517285,RZP7328924812,59852.96,2026-07-05,settled
STL78332780,RZP6235282166,27765.74,2026-07-06,settled
STL73318176,RZP5428986126,14214.14,2026-07-06,settled
STL52037932,RZP9561681114,73029.80,2026-07-03,settled
STL69647037,RZP8864247524,22473.15,2026-07-02,settled
STL81385612,RZP6091979345,38596.22,2026-07-02,settled
STL81367503,RZP9092369324,70459.05,2026-07-09,reversed
STL18230333,RZP2896056559,44454.07,2026-07-03,pending
STL90616304,RZP2951038709,30457.28,2026-07-09,settled
STL51064636,RZP6631131983,39722.35,2026-07-11,settled
STL16993431,RZP1505356215,65379.96,2026-07-01,settled
STL63090887,RZP3036670640,14410.57,2026-07-06,pending
STL28468168,RZP1309913564,61025.11,2026-07-06,settled
STL77529353,RZP3428990394,32813.25,2026-07-13,settled
STL28576512,RZP4027409334,42276.49,2026-07-13,settled
STL10056964,RZP1463686680,16394.11,2026-07-12,settled
STL81432879,RZP7798395357,7848.53,2026-07-10,settled
STL35123134,RZP9127434590,3604.20,2026-07-14,settled
STL54225468,RZP5345102095,60855.68,2026-07-01,settled
STL77350472,RZP2496871541,51547.63,2026-07-05,settled
STL91884091,RZP2248665943,12350.57,2026-07-15,settled
STL71392941,RZP2231802740,6360.89,2026-07-11,settled
STL23387199,RZP2214679501,63332.78,2026-07-15,settled
STL86043270,RZP9746166702,60053.57,2026-07-02,settled
STL38478539,RZP1416412083,34878.69,2026-07-02,settled
STL23394719,RZP3238603951,43527.42,2026-07-15,settled
STL55925432,RZP4153868951,5221.02,2026-07-07,settled
STL94889256,RZP3029032714,35427.10,2026-07-10,settled
STL89839498,RZP3111975107,2721.98,2026-07-01,reversed
STL71343831,RZP2961846071,29352.46,2026-07-06,settled
STL76356530,RZP4352046595,60013.40,2026-07-12,settled
STL27978165,RZP8733575600,68941.85,2026-07-10,settled
STL10580409,RZP4142948375,31935.74,2026-07-03,settled
STL74324848,RZP3607924302,45312.22,2026-07-01,settled
STL98890689,RZP2862111153,73420.48,2026-07-13,settled
STL95450377,RZP9601778466,31099.39,2026-07-15,reversed
STL70801438,RZP4730625955,26952.51,2026-07-08,settled
STL96493578,RZP1568633319,44562.04,2026-07-09,settled
STL17791056,RZP6307866939,37079.33,2026-07-14,pending
STL58279365,RZP6418381704,21477.75,2026-07-10,settled
STL17993466,RZP4079223686,68949.17,2026-07-14,settled
STL49931273,RZP2235507242,54730.50,2026-07-01,settled
STL52512601,RZP2346455325,62696.37,2026-07-05,settled
STL36159865,RZP2609899609,59873.69,2026-07-11,settled
STL68438454,RZP1186191881,32860.44,2026-07-10,settled
STL29529809,RZP4239052204,38485.08,2026-07-05,pending
STL74670302,RZP2269969503,57021.86,2026-07-15,settled
STL23441911,RZP4289696531,63069.89,2026-07-11,settled
STL73637312,RZP4146933104,71970.54,2026-07-13,settled
STL85635834,RZP1777589555,24785.88,2026-07-13,settled
STL80739279,RZP4597184348,47722.19,2026-07-09,settled
STL13039386,RZP1543587330,41530.94,2026-07-14,settled
STL63719991,RZP4211566169,28417.23,2026-07-15,settled
STL50250703,RZP2671005087,71031.70,2026-07-15,settled
STL89741086,RZP5534675267,36670.36,2026-07-01,settled
STL95851936,RZP1139082827,45377.96,2026-07-15,settled
STL68073398,RZP9758393482,28891.75,2026-07-06,settled
STL23591480,RZP7300476227,2436.67,2026-07-07,reversed
STL21658635,RZP9665070494,21361.49,2026-07-06,settled
STL94337897,RZP5299561996,54757.48,2026-07-01,settled
STL19182316,RZP1078044326,47876.19,2026-07-13,settled
STL84150276,RZP3719032171,60332.57,2026-07-07,settled
STL10571999,RZP2280082896,51342.00,2026-07-10,settled
STL84026745,RZP8760139014,7617.77,2026-07-06,settled
STL68410653,RZP2200317451,736.04,2026-07-11,settled
STL90866578,RZP8752601806,68407.44,2026-07-03,settled
STL86493620,RZP3536794972,51245.57,2026-07-05,settled
STL38821898,RZP9786042004,31987.53,2026-07-13,settled
STL90818451,RZP5903423844,64278.35,2026-07-04,settled
STL68348726,RZP8723249623,58458.99,2026-07-13,reversed
STL56995391,RZP9384504944,68183.47,2026-07-14,settled
STL49062809,RZP3686267961,20643.96,2026-07-14,settled
STL22730042,RZP4888501524,11752.38,2026-07-03,settled
STL88789267,RZP1063851638,12247.22,2026-07-09,settled
STL38480568,RZP9416438681,5394.44,2026-07-11,settled
STL52258423,RZP3039713271,28274.99,2026-07-11,settled
STL71514890,RZP1272297060,33216.20,2026-07-06,pending
STL14350940,RZP6283302534,24495.29,2026-07-06,settled
STL70709307,RZP5537548734,33109.67,2026-07-08,settled
STL28435232,RZP7289563278,6391.32,2026-07-15,settled
STL14881035,RZP6873314716,48856.25,2026-07-11,settled
STL99276880,RZP6657470517,30844.02,2026-07-14,settled
STL83782999,RZP8648220906,42640.96,2026-07-13,settled
STL36700558,RZP6665556854,53683.13,2026-07-13,settled
STL86887967,RZP2118594780,47382.85,2026-07-10,settled
STL83659258,RZP4890628295,1915.79,2026-07-04,settled
STL73901043,RZP4664435238,24898.31,2026-07-14,pending
STL75226818,RZP3409724895,27494.47,2026-07-13,settled
STL67400859,RZP7769729882,13706.32,2026-07-07,settled
STL62343037,RZP1121077945,58167.73,2026-07-12,reversed
STL89337209,RZP7998261293,52667.36,2026-07-10,reversed
STL90191410,RZP9752092528,29132.29,2026-07-07,settled
STL73379945,RZP7065030776,10297.13,2026-07-05,settled
STL55300381,RZP1055421279,24861.91,2026-07-01,reversed
STL81666002,RZP1330916371,58076.31,2026-07-05,settled
STL31638464,RZP9143497260,16432.48,2026-07-09,reversed
STL16327772,RZP7532284065,56499.63,2026-07-04,settled
STL95570209,RZP9245155783,50365.71,2026-07-15,settled
STL10234154,RZP2612250349,2652.13,2026-07-03,settled
STL27889988,RZP6552925097,33431.39,2026-07-05,settled
STL21816633,RZP3420598903,10867.29,2026-07-10,settled
STL48709538,RZP3630098083,32792.74,2026-07-08,settled
STL83441529,RZP3588264313,47586.60,2026-07-06,settled
STL98402970,RZP9959411550,22508.54,2026-07-14,pending
STL48974523,RZP1488494024,42110.52,2026-07-07,settled
STL58276118,RZP1447798353,31459.89,2026-07-09,settled
STL32396248,RZP4050795223,52558.90,2026-07-01,settled
STL58488507,RZP4167591308,8339.41,2026-07-09,settled
STL99273783,RZP4097780045,74042.16,2026-07-02,settled
STL33173799,RZP7532567194,44303.14,2026-07-04,settled
STL54663117,RZP7919799704,23954.13,2026-07-04,settled
STL69350751,RZP5321283640,31703.51,2026-07-01,settled
STL47082549,RZP1387520990,18290.48,2026-07-14,settled
STL83903008,RZP5325658909,25035.15,2026-07-06,settled
STL52483991,RZP4593134989,65324.75,2026-07-07,settled
STL83636703,RZP9123931646,2819.03,2026-07-11,settled
STL92191342,RZP5942058154,35875.84,2026-07-06,settled
STL25762422,RZP6690734970,23215.99,2026-07-02,pending
STL67141081,RZP5405687106,5043.23,2026-07-12,settled
STL57696029,RZP5387260845,48930.21,2026-07-08,settled
STL44715866,RZP9132676586,46535.28,2026-07-06,settled
STL94126261,RZP3119241634,60683.22,2026-07-05,settled
STL91839877,RZP3303717655,58264.37,2026-07-10,settled
STL72817003,RZP7701661016,21480.19,2026-07-09,settled
STL32614940,RZP2536152870,44437.42,2026-07-01,settled
STL11385716,RZP2419888806,20686.68,2026-07-01,settled
STL81468290,RZP7158204800,14002.87,2026-07-10,settled
STL11280494,RZP9884267716,57174.67,2026-07-04,settled
STL67825059,RZP1234251705,26313.29,2026-07-11,settled
STL71169490,RZP4178026901,22588.23,2026-07-14,settled
STL92409660,RZP3792676715,11043.06,2026-07-09,settled
STL68497067,RZP6575034635,73285.28,2026-07-04,settled
STL53535905,RZP9773327464,26790.67,2026-07-08,settled
STL88447306,RZP7756143270,50923.88,2026-07-15,settled
STL71787122,RZP1864938887,57279.30,2026-07-03,settled
STL20200074,RZP9410288290,30050.76,2026-07-12,settled
STL52680043,RZP3616477635,35053.07,2026-07-10,settled
STL56685693,RZP4200292024,53114.16,2026-07-01,settled
STL87602153,RZP7327796724,62325.27,2026-07-11,settled
STL85226816,RZP1961163542,7373.89,2026-07-10,settled
STL62724203,RZP6124128956,13385.48,2026-07-11,settled
STL73027359,RZP1133388542,41893.30,2026-07-02,reversed
STL81058927,RZP7661419207,45738.93,2026-07-01,settled
STL59642867,RZP8721282352,54953.58,2026-07-01,settled
STL69835743,RZP7493984119,21998.57,2026-07-07,settled
STL27866349,RZP7285758328,25666.20,2026-07-11,settled
STL28277305,RZP9124910329,24451.96,2026-07-08,settled
STL43792654,RZP5257122396,16673.77,2026-07-15,settled
STL28897834,RZP6396956326,20732.40,2026-07-15,settled
STL37729321,RZP5525545507,25678.34,2026-07-02,settled
STL63565027,RZP6990043955,25529.92,2026-07-07,settled
STL24554533,RZP4283148422,16278.00,2026-07-03,settled
STL87203186,RZP6467052616,60183.99,2026-07-03,settled
STL63888440,RZP3686777209,37258.87,2026-07-03,settled
STL27988956,RZP5762166969,63864.50,2026-07-03,settled
STL85302350,RZP6276939452,21477.17,2026-07-13,settled
STL62581326,RZP9194526349,68792.07,2026-07-15,settled
STL41622989,RZP5346612707,36574.13,2026-07-11,settled
STL38280261,RZP8249713190,19436.06,2026-07-01,settled
STL37217253,RZP3772123043,50597.29,2026-07-14,settled
STL68166960,RZP9908142289,51751.35,2026-07-15,settled
STL19533977,RZP4570796724,63194.98,2026-07-09,settled
STL89964091,RZP2791260069,33784.38,2026-07-05,settled
STL24247171,RZP7764869630,6388.10,2026-07-14,settled
STL63871859,RZP8194669427,37703.77,2026-07-13,settled
STL95068426,RZP5257318909,22920.09,2026-07-13,pending
STL74675725,RZP6264305979,52825.05,2026-07-11,pending
STL41959646,RZP6512507057,23329.91,2026-07-08,settled
STL35833126,RZP5549966649,16220.06,2026-07-11,settled
STL28845952,RZP1189776488,70320.95,2026-07-14,pending
STL14548768,RZP5047747012,5468.35,2026-07-02,settled
STL20734963,RZP6036952268,23275.78,2026-07-04,settled
STL28547302,RZP8511238909,32367.13,2026-07-06,settled
STL78497755,RZP9179645299,48289.26,2026-07-01,settled
STL32388767,RZP8191890793,52840.01,2026-07-07,settled
STL87207455,RZP1449401808,8494.78,2026-07-09,settled
STL92562620,RZP3355803910,41385.05,2026-07-02,settled
STL15319529,RZP2998755610,44953.67,2026-07-06,settled
STL27662561,RZP9468359626,44524.49,2026-07-14,settled
STL60446599,RZP3713445257,65092.24,2026-07-15,settled
STL69727893,RZP7252704323,56240.03,2026-07-02,settled
STL16074522,RZP8136424561,13876.64,2026-07-03,settled
STL62077771,RZP9775257305,18343.78,2026-07-15,settled
STL74413340,RZP6712777378,52168.50,2026-07-14,settled
STL58891623,RZP5001926460,3000.06,2026-07-14,settled
STL25790828,RZP6525764808,40154.55,2026-07-13,settled
STL42580323,RZP6173363340,27210.10,2026-07-14,settled
STL17348413,RZP9760630662,4504.66,2026-07-04,settled
STL62847572,RZP6319807982,43719.09,2026-07-12,settled
STL14242158,RZP2223635199,10459.18,2026-07-07,settled
STL66868257,RZP1653421153,21833.54,2026-07-06,pending
STL98301036,RZP3804234284,2401.13,2026-07-05,settled
STL24259267,RZP2812832527,41225.13,2026-07-03,settled
STL25785548,RZP8146970650,50935.26,2026-07-08,settled
STL76613442,RZP8351903045,62096.19,2026-07-05,reversed
STL68616351,RZP5664293812,47823.29,2026-07-11,settled
STL33258318,RZP5999076257,30804.32,2026-07-12,settled
STL33619033,RZP5711433088,25476.72,2026-07-05,settled
STL51258084,RZP4359506482,38313.28,2026-07-05,settled
STL72274526,RZP6772816128,7584.15,2026-07-15,settled
STL93559171,RZP4344391456,50578.93,2026-07-06,settled
STL13660053,RZP6167628255,29598.94,2026-07-15,settled
STL96591665,RZP8849654068,34241.12,2026-07-12,settled
STL11658569,RZP3623860158,28226.59,2026-07-13,settled
STL50987442,RZP9196963901,22652.81,2026-07-10,settled
STL39208016,RZP2827176273,45514.04,2026-07-04,settled
STL63303079,RZP6381045602,2815.61,2026-07-10,settled
STL81216853,RZP9578425587,541.89,2026-07-10,settled
STL32639809,RZP9084031052,38272.42,2026-07-06,settled
STL15406109,RZP3075764056,14898.71,2026-07-04,settled
STL96971093,RZP4486777085,60063.10,2026-07-09,settled
STL19963167,RZP3236110195,2749.90,2026-07-05,settled
STL50176313,RZP1528353758,21613.83,2026-07-01,settled
STL73815683,RZP8364646322,650.67,2026-07-11,settled
STL24131536,RZP8025431800,44911.56,2026-07-11,settled
STL85341065,RZP6844582171,16774.17,2026-07-13,settled
STL38539411,RZP2411844389,24137.72,2026-07-10,settled
STL18731930,RZP8173251674,64247.47,2026-07-09,settled
STL56004651,RZP9295007661,35822.61,2026-07-11,settled
STL94810860,RZP2151810804,8951.52,2026-07-03,settled
STL71115136,RZP6928272956,16025.94,2026-07-01,settled
STL13914205,RZP6378909184,32014.26,2026-07-04,reversed
STL63871990,RZP6414384955,48694.34,2026-07-14,settled
STL35061879,RZP8082981855,67368.55,2026-07-11,settled
STL74709513,RZP4757341777,52474.39,2026-07-07,settled
STL89534103,RZP1267834505,57474.51,2026-07-07,settled
STL40872577,RZP8387395021,22491.83,2026-07-04,settled
STL88632205,RZP8271682870,6240.78,2026-07-01,reversed
STL32520743,RZP3074165225,36102.23,2026-07-03,settled
STL42397905,RZP5091816537,36792.89,2026-07-15,settled
STL45112407,RZP6977205339,62699.92,2026-07-02,settled
STL85151359,RZP1478805564,43847.59,2026-07-15,settled
STL69393218,RZP9352187634,39460.09,2026-07-05,settled
STL69202385,RZP4300165020,21722.35,2026-07-07,settled
STL48851473,RZP7383188973,42234.82,2026-07-11,settled
STL87126909,RZP6972082551,11794.76,2026-07-06,settled
STL47324494,RZP5307483486,42512.49,2026-07-01,settled
STL29909634,RZP2116723521,36576.11,2026-07-05,settled
STL37293580,RZP7445028711,55827.97,2026-07-04,pending
STL53103092,RZP7337742464,3091.70,2026-07-14,settled
STL90033700,RZP2732219919,51693.26,2026-07-03,settled
STL14639771,RZP7797640398,25580.20,2026-07-04,settled
STL50343535,RZP7775259340,44684.17,2026-07-03,settled
STL60538990,RZP5492818960,45715.71,2026-07-02,settled
STL33215400,RZP2904383663,21026.65,2026-07-04,settled
STL37159852,RZP4903144440,55632.82,2026-07-01,settled
STL84667493,RZP6179168879,73165.55,2026-07-08,settled
STL55564126,RZP5563483717,13891.58,2026-07-06,settled
STL59776416,RZP7041157743,32533.72,2026-07-08,settled
STL50259503,RZP8163317351,53360.77,2026-07-09,settled
STL66648087,RZP3913277923,4770.16,2026-07-09,settled
STL72572467,RZP1352892706,60487.73,2026-07-02,settled
STL17365282,RZP7310084111,48879.74,2026-07-04,settled
STL96674066,RZP5128358636,7743.83,2026-07-06,settled
STL63573878,RZP1167936422,21177.78,2026-07-02,settled
STL79084983,RZP1682536038,32171.01,2026-07-07,settled
STL72238964,RZP2595947889,38502.79,2026-07-02,settled
STL22482732,RZP7156318437,73013.44,2026-07-09,reversed
STL62137114,RZP1961384790,21871.33,2026-07-12,settled
STL73987716,RZP4519233016,52947.19,2026-07-03,reversed
STL66883374,RZP2577896844,32998.75,2026-07-10,settled
STL25457816,RZP9350223102,72570.11,2026-07-05,settled
STL32365310,RZP4464003823,59234.57,2026-07-15,settled
STL92296657,RZP5883953964,46549.10,2026-07-13,settled
STL34166763,RZP7907524350,45160.05,2026-07-08,settled
STL33862501,RZP5458346881,22435.00,2026-07-12,settled
STL41067928,RZP5165158981,28793.23,2026-07-13,settled
STL95750491,RZP9529088019,74532.69,2026-07-04,settled
STL73862517,RZP5379632222,21741.99,2026-07-12,settled
STL20109292,RZP2281425718,21641.77,2026-07-02,settled
STL70870360,RZP6772939193,29516.66,2026-07-02,settled
STL85173901,RZP7134929705,50373.50,2026-07-10,settled
STL74153249,RZP2782960617,16169.40,2026-07-02,settled
STL96909618,RZP5986163178,11351.56,2026-07-04,settled
STL63543254,RZP2596877240,52587.89,2026-07-10,settled
STL60506565,RZP5119962023,46882.68,2026-07-05,reversed
STL82808093,RZP6974315572,27617.04,2026-07-05,settled
STL82357425,RZP6963598177,46785.57,2026-07-14,settled
STL35578230,RZP6717441860,44391.51,2026-07-05,settled
STL39629111,RZP8532571985,63327.89,2026-07-01,settled
STL81127307,RZP8571863474,17826.39,2026-07-13,settled
STL57962545,RZP5162364201,72214.96,2026-07-15,pending
STL79067817,RZP5753214787,25677.56,2026-07-02,settled
STL87292569,RZP6298063721,48476.94,2026-07-13,settled
STL92542998,RZP6131503960,58533.91,2026-07-01,settled
STL23254288,RZP1250988948,64452.09,2026-07-08,pending
STL77823771,RZP6441299586,54879.15,2026-07-07,settled
STL81922965,RZP6538681143,34330.37,2026-07-13,settled
STL39906700,RZP6700521446,29397.53,2026-07-02,settled
STL38933457,RZP3382638218,14264.47,2026-07-09,settled
STL37876228,RZP5591208936,4885.75,2026-07-11,settled
STL33584373,RZP5883573932,36681.26,2026-07-13,pending
STL56719222,RZP3283999453,23384.29,2026-07-11,settled
STL51592392,RZP5614558653,14622.33,2026-07-10,settled
STL55399360,RZP9193079039,19393.38,2026-07-02,settled
STL23068017,RZP8209074298,72151.32,2026-07-11,settled
STL88982256,RZP8104749727,64287.93,2026-07-01,settled
STL81841063,RZP5304632736,4058.40,2026-07-02,settled
STL11292395,RZP3159415283,63607.13,2026-07-05,settled
STL16116455,RZP2443380696,69491.27,2026-07-08,settled
STL71121822,RZP2422586286,62248.41,2026-07-12,settled
STL59499531,RZP7146452895,65002.00,2026-07-15,settled
STL24645711,RZP7295896324,48365.09,2026-07-15,settled
STL63671462,RZP5706531945,10073.43,2026-07-13,settled
STL87262864,RZP5293511572,33117.48,2026-07-03,settled
STL85040061,RZP4806010109,8870.65,2026-07-15,reversed
STL47282809,RZP2029131648,65455.02,2026-07-01,settled
STL40138350,RZP7298942042,27429.65,2026-07-13,settled
STL95946269,RZP8465694993,23744.80,2026-07-02,settled
STL19047209,RZP7841921133,9271.10,2026-07-09,settled
STL84765139,RZP8885327450,28823.55,2026-07-01,settled
STL34152430,RZP7403547936,22759.28,2026-07-04,settled
STL15508152,RZP4810468370,10221.16,2026-07-12,settled
STL17507424,RZP7240227219,48501.59,2026-07-13,settled
STL76939763,RZP9683379909,68710.27,2026-07-06,settled
STL32476811,RZP8411166424,12839.01,2026-07-15,settled
STL36238410,RZP3029025522,54856.38,2026-07-07,settled
STL85087085,RZP4577122992,43532.52,2026-07-06,settled
STL66728023,RZP5669676964,3892.82,2026-07-09,settled
STL58189716,RZP2198746799,4610.15,2026-07-15,settled
STL21197996,RZP2464864695,53992.27,2026-07-01,settled
STL53800558,RZP6930468316,42470.42,2026-07-02,settled
STL76515425,RZP8790767708,49783.81,2026-07-02,settled
STL80542603,RZP8742715063,10448.21,2026-07-14,settled
STL61083366,RZP9596180159,71258.37,2026-07-11,settled
STL47490735,RZP1515182601,60417.74,2026-07-05,settled
STL64549156,RZP1409614818,14586.78,2026-07-07,reversed
STL88738651,RZP4347848051,23013.50,2026-07-05,settled
STL88716610,RZP5354098761,59034.29,2026-07-09,settled
STL84604719,RZP8998147048,19976.14,2026-07-02,settled
STL42358124,RZP9566600330,20655.68,2026-07-07,settled
STL37600808,RZP7434542918,28198.28,2026-07-10,settled
STL21627025,RZP1897791315,35488.58,2026-07-02,settled
STL65594083,RZP2726537711,68798.48,2026-07-07,settled
STL61378678,RZP7132627692,33177.98,2026-07-07,settled
STL48161067,RZP1786072383,23270.05,2026-07-02,settled
STL16430027,RZP9656023168,36841.77,2026-07-08,pending
STL42925713,RZP2587252085,51029.16,2026-07-04,settled
STL38800037,RZP9090243820,32483.94,2026-07-11,settled
STL31477924,RZP5579975781,51932.16,2026-07-04,settled
STL99329766,RZP9480639850,26273.39,2026-07-01,settled
STL12957532,RZP7304486773,31670.84,2026-07-13,settled
STL96155337,RZP5425044246,66730.27,2026-07-09,settled
STL96454161,RZP5150003697,51076.95,2026-07-13,settled
STL63826716,RZP2015242176,30777.85,2026-07-08,settled
STL44646722,RZP2344416323,68071.31,2026-07-07,settled
STL85773305,RZP4217795669,33154.99,2026-07-11,settled
STL35376183,RZP5252130235,38097.60,2026-07-10,pending
STL15897385,RZP9873472374,61223.82,2026-07-11,settled
STL24987846,RZP7985797527,73506.03,2026-07-04,settled
STL29772512,RZP8062003429,63629.77,2026-07-03,reversed
STL88365465,RZP5306194532,38335.65,2026-07-04,settled
STL38356720,RZP7202821975,68656.09,2026-07-10,settled
STL20259709,RZP5214228515,35936.62,2026-07-09,settled
STL91333763,RZP7735322123,40536.94,2026-07-03,settled
STL68918771,RZP1348163805,51752.75,2026-07-08,settled
STL46107816,RZP2943508587,58441.04,2026-07-04,settled
STL57971323,RZP7763892579,25436.86,2026-07-02,settled
STL19999329,RZP6412392303,50471.67,2026-07-03,settled
STL41340071,RZP5925261147,19056.28,2026-07-14,settled
STL79414571,RZP4005546440,56975.73,2026-07-12,settled
STL63058791,RZP4272906474,36328.73,2026-07-04,settled
STL39831718,RZP3246147132,54413.03,2026-07-11,settled
STL48061092,RZP3876943964,23748.62,2026-07-14,settled
STL30848297,RZP3198031606,23359.56,2026-07-11,pending
STL45621515,RZP5741311316,68759.46,2026-07-11,settled
STL61195094,RZP3745178651,8181.64,2026-07-07,settled
STL24850652,RZP7821920734,73427.77,2026-07-13,settled
STL42585870,RZP2884979115,52557.29,2026-07-07,settled
STL45771969,RZP8751240060,58648.11,2026-07-13,settled
STL68699523,RZP3058163609,40174.70,2026-07-12,settled
STL25258230,RZP3705607064,6253.82,2026-07-04,settled
STL95352109,RZP9176990411,46885.37,2026-07-13,settled
STL78703697,RZP1352291952,67565.50,2026-07-02,pending
STL80532309,RZP4272162158,51185.47,2026-07-10,settled
STL17190740,RZP3187141812,63218.04,2026-07-03,settled
STL68437753,RZP8618815208,71362.37,2026-07-11,settled
STL61207564,RZP6938284920,65946.77,2026-07-13,settled
STL13843111,RZP5712785456,6935.03,2026-07-10,pending
STL20268083,RZP8609673166,12139.63,2026-07-06,settled
STL68053830,RZP1464929622,39765.39,2026-07-12,settled
STL52728587,RZP8893435687,15064.33,2026-07-07,settled
STL11306363,RZP9422091274,12379.45,2026-07-10,settled
STL40232102,RZP9974037082,66670.36,2026-07-02,settled
STL76993580,RZP4790955889,9112.47,2026-07-10,settled
STL21766311,RZP6613224221,37164.92,2026-07-01,pending
STL35278389,RZP2637750783,71177.60,2026-07-02,settled
STL47269488,RZP8944975231,40700.72,2026-07-13,settled
STL43524010,RZP1753779193,67946.04,2026-07-07,settled
STL37906082,RZP4067844091,47063.76,2026-07-01,settled
STL15706527,RZP1333870589,58214.58,2026-07-13,settled
STL64119168,RZP1697125957,53716.50,2026-07-08,settled
STL21651637,RZP8448077194,5436.81,2026-07-03,settled
STL55710795,RZP8267469658,51854.08,2026-07-12,settled
STL40164241,RZP8652911712,20472.25,2026-07-09,settled
STL14204678,RZP4094140755,15250.15,2026-07-02,pending
STL23271722,RZP2641354324,6447.89,2026-07-13,settled
STL56030008,RZP2255176241,17735.54,2026-07-09,settled
STL16833849,RZP6882350999,3862.61,2026-07-04,settled
STL20295008,RZP7301679332,55612.68,2026-07-14,settled
STL50826532,RZP8954948887,61856.56,2026-07-06,settled
STL63418652,RZP4541779641,71454.42,2026-07-09,settled
STL82053491,RZP9868131970,39002.88,2026-07-10,settled
STL69675299,RZP9874322759,8938.89,2026-07-10,settled
STL73228801,RZP5440488015,65050.12,2026-07-14,settled
STL31906696,RZP2112719052,7880.35,2026-07-04,reversed
STL38047152,RZP2972379077,17343.98,2026-07-14,settled
STL41094836,RZP9236429015,74166.02,2026-07-13,settled
STL94244568,RZP5213224075,5830.80,2026-07-15,settled
STL93761486,RZP6292173348,14554.93,2026-07-04,settled
STL97703852,RZP1761391752,62575.88,2026-07-12,settled
STL10933716,RZP8557470772,65338.42,2026-07-02,settled
STL98016489,RZP6582150441,4005.22,2026-07-09,settled
STL24363661,RZP9257471205,9951.85,2026-07-02,settled
STL31479842,RZP1400649355,4886.07,2026-07-13,settled
STL95300632,RZP6329002674,71494.13,2026-07-05,settled
STL27506836,RZP3425401732,9276.46,2026-07-12,settled
STL45900041,RZP6111637968,58410.77,2026-07-01,settled
STL81626676,RZP4153247557,49564.90,2026-07-06,settled
STL92820409,RZP8524800074,2718.54,2026-07-08,settled
STL53571790,RZP4101308249,30921.54,2026-07-10,settled
STL15617872,RZP3098584086,32885.08,2026-07-07,settled
STL10302186,RZP4468639908,64577.53,2026-07-01,settled
STL74383467,RZP8499225600,66239.18,2026-07-12,settled
STL49327309,RZP1824682016,57240.88,2026-07-14,settled
STL74940557,RZP5990258975,24528.66,2026-07-10,settled
STL28784915,RZP2979245480,55091.53,2026-07-06,settled
STL28693730,RZP5887450229,66151.98,2026-07-12,settled
STL35543591,RZP9007189787,39892.99,2026-07-10,settled
STL90438613,RZP8966326011,23655.16,2026-07-12,settled
STL47492059,RZP1487341576,60352.84,2026-07-04,settled
STL79297448,RZP2213756353,15293.69,2026-07-15,settled
STL76283981,RZP2073061710,22077.89,2026-07-15,settled
STL45460709,RZP3732549508,58451.18,2026-07-07,settled
STL96584886,RZP5069469871,58175.76,2026-07-04,settled
STL35488922,RZP9570887320,14918.14,2026-07-01,settled
STL81140123,RZP8029435188,7107.30,2026-07-12,settled
STL34168722,RZP3779577854,35344.52,2026-07-08,settled
STL65304231,RZP9852198539,71330.84,2026-07-02,settled
STL93512388,RZP4284566868,66220.36,2026-07-10,settled
STL48204878,RZP2689235931,19839.28,2026-07-11,settled
STL57964912,RZP8942818450,22062.37,2026-07-10,reversed
STL41524851,RZP8438406597,37140.45,2026-07-03,settled
STL56389904,RZP7033404500,11504.87,2026-07-09,settled
STL63449779,RZP1893380803,10320.21,2026-07-02,settled
STL64703681,RZP5808216311,7138.38,2026-07-07,settled
STL89646815,RZP9134363120,55641.18,2026-07-08,settled
STL72917984,RZP6039787621,1829.35,2026-07-02,settled
STL79211878,RZP2124566911,21427.32,2026-07-04,settled
STL45365030,RZP8658681132,63616.28,2026-07-15,settled
STL54062321,RZP1619482856,35593.79,2026-07-13,settled
STL23281710,RZP2791778069,29122.24,2026-07-03,settled
STL64700635,RZP6456522105,9770.15,2026-07-02,settled
STL67621412,RZP8799197622,46906.87,2026-07-10,settled
STL63567820,RZP5885551506,35930.14,2026-07-05,reversed
STL98256603,RZP2112658672,51656.05,2026-07-12,settled
STL41497452,RZP5171336708,35762.43,2026-07-06,settled
STL59200732,RZP9943277531,66614.80,2026-07-06,settled
STL28213263,RZP9259253154,59702.58,2026-07-12,settled
STL27434327,RZP7063493550,56465.29,2026-07-11,settled
STL20273481,RZP8762027809,19603.64,2026-07-14,settled
STL42726903,RZP5840337184,32654.13,2026-07-05,settled
STL57698045,RZP4197133819,1868.73,2026-07-11,settled
STL34901990,RZP7621147142,34328.88,2026-07-13,settled
STL51710127,RZP5079447483,32969.08,2026-07-08,settled
STL54735696,RZP6055302292,21666.75,2026-07-15,settled
STL69215408,RZP3289762685,37432.91,2026-07-12,settled
STL57568885,RZP4740051031,55466.88,2026-07-02,settled
STL22324722,RZP8280864576,62318.15,2026-07-04,reversed
STL57835086,RZP8983711587,8647.90,2026-07-02,settled
STL17075125,RZP2420421174,25431.86,2026-07-03,settled
STL85322051,RZP8385965837,50185.79,2026-07-06,settled
STL10943881,RZP1302142263,50535.62,2026-07-11,settled
STL97239134,RZP4519284149,926.48,2026-07-02,settled
STL71275566,RZP4983661172,21478.45,2026-07-11,settled
STL14023864,RZP6074996463,65991.27,2026-07-02,settled
STL15549711,RZP5130558073,3635.80,2026-07-14,settled
STL98970427,RZP6540575491,1235.79,2026-07-10,settled
STL21020180,RZP9529604340,20459.53,2026-07-05,settled
STL63675874,RZP9059457411,38155.22,2026-07-02,settled
STL52268686,RZP8910272165,46952.73,2026-07-09,settled
STL94130079,RZP4285061579,37642.96,2026-07-12,settled
STL17596334,RZP5326418506,56968.16,2026-07-02,settled
STL55721618,RZP3126059149,37431.85,2026-07-05,settled
STL92786513,RZP9293635302,34712.02,2026-07-15,settled
STL98904512,RZP3763415887,20338.49,2026-07-10,settled
STL29695117,RZP5433903275,74567.53,2026-07-13,settled
STL38534846,RZP5794255332,12957.91,2026-07-13,settled
STL77643771,RZP7399533235,24384.32,2026-07-07,settled
STL10874614,RZP7473633597,65212.47,2026-07-09,settled
STL59482210,RZP3006112966,49964.04,2026-07-14,settled
STL50888611,RZP3817429192,70858.72,2026-07-06,settled
STL92051962,RZP9261223092,68784.73,2026-07-07,settled
STL68342370,RZP1668409905,31311.70,2026-07-09,settled
STL20236711,RZP4652885723,7529.91,2026-07-14,settled
STL61595935,RZP8936326783,5520.74,2026-07-09,settled
STL47302753,RZP2401733322,45807.27,2026-07-04,settled
STL28829391,RZP9804617558,24829.08,2026-07-02,settled
STL77678822,RZP5512031445,12241.01,2026-07-10,settled
STL50303435,RZP8258568023,19454.11,2026-07-02,settled
STL33593960,RZP5022964382,68535.61,2026-07-03,settled
STL34678492,RZP2537965898,58910.34,2026-07-06,settled
STL13899798,RZP9861078025,47412.14,2026-07-12,settled
STL76302450,RZP8277585555,13776.11,2026-07-06,settled
STL77472385,RZP8296086549,73438.06,2026-07-09,settled
STL84067785,RZP2819016550,26918.45,2026-07-01,settled
STL58397003,RZP7038149647,54736.96,2026-07-03,settled
STL43256772,RZP1723166747,53105.85,2026-07-10,settled
STL34910031,RZP3335077543,22773.83,2026-07-12,settled
STL61501475,RZP3352529803,61428.32,2026-07-04,settled
STL66824661,RZP1170157299,67523.51,2026-07-04,settled
STL47235091,RZP4929363854,39716.57,2026-07-15,settled
STL40059423,RZP3204693461,39707.88,2026-07-04,settled
STL36849450,RZP7415928160,63892.59,2026-07-02,settled
STL88114875,RZP5481578278,56786.07,2026-07-12,settled
STL85562701,RZP8552659149,32871.64,2026-07-03,reversed
STL29961112,RZP9851189429,16605.30,2026-07-02,settled
STL95196174,RZP8080577753,22446.97,2026-07-04,reversed
STL52403334,RZP6253925483,27604.64,2026-07-10,settled
STL17696093,RZP1414683719,2191.12,2026-07-10,settled
STL91897634,RZP9692569954,10965.32,2026-07-08,settled
STL90739206,RZP5260523439,12600.56,2026-07-11,settled
STL31773482,RZP2065473255,61029.64,2026-07-04,settled
STL76566352,RZP4807263862,61490.91,2026-07-05,settled
STL63481086,RZP6861171028,44646.17,2026-07-15,settled
STL64178854,RZP1561049427,33070.15,2026-07-01,settled
STL32307160,RZP6810169601,34380.65,2026-07-07,settled
STL95073357,RZP2671021843,51661.95,2026-07-03,settled
STL11548620,RZP2384717361,7447.45,2026-07-01,settled
STL96119272,RZP8894783888,10662.91,2026-07-07,settled
STL27850117,RZP2494905482,34547.23,2026-07-02,settled
STL29358634,RZP2419629493,42954.37,2026-07-15,settled
STL20370759,RZP9835863895,30977.66,2026-07-06,settled
STL96050043,RZP8365533286,20502.74,2026-07-14,settled
STL89421300,RZP6056571297,29028.46,2026-07-09,settled
STL28551745,RZP7417567959,36356.00,2026-07-07,settled
STL99628312,RZP5192796628,5292.39,2026-07-01,pending
STL20379820,RZP8504719888,23353.75,2026-07-08,pending
STL41717008,RZP1394103590,44650.98,2026-07-14,settled
STL86301385,RZP2163335100,56047.67,2026-07-04,settled
STL31598016,RZP1021719094,7127.48,2026-07-09,settled
STL28814949,RZP4700855390,19024.90,2026-07-04,settled
STL38989993,RZP6025543990,26043.14,2026-07-08,settled
STL11228131,RZP8891417109,64546.25,2026-07-03,settled
STL70195738,RZP8213945340,7113.91,2026-07-12,settled
STL49017499,RZP4065041081,69834.74,2026-07-09,settled
STL44640057,RZP3613963144,32173.78,2026-07-04,settled
STL53555463,RZP3863432302,73008.92,2026-07-04,settled
STL32492069,RZP2791991802,23765.82,2026-07-12,settled
STL22261443,RZP9858153252,66924.15,2026-07-03,settled
STL76902714,RZP2099911058,24829.33,2026-07-08,settled
STL33589060,RZP7486045851,8811.72,2026-07-01,settled
STL20992519,RZP7570119545,55188.66,2026-07-12,settled
STL26250534,RZP1452705803,5253.59,2026-07-02,settled
STL29042093,RZP4736031885,42690.92,2026-07-07,settled
STL72102504,RZP4820301341,7929.88,2026-07-02,settled
STL81539870,RZP6584331165,3595.65,2026-07-02,settled
STL69675372,RZP5761331429,27979.42,2026-07-06,pending
STL85615542,RZP4132099194,44895.71,2026-07-04,settled
STL66060603,RZP9650030224,4662.84,2026-07-07,settled
STL41617065,RZP3215000271,69146.00,2026-07-04,settled
STL76662099,RZP8256164299,60214.28,2026-07-15,reversed
STL96607967,RZP3710674962,24983.64,2026-07-08,settled
STL80157128,RZP6919372698,10349.88,2026-07-01,settled
STL78749912,RZP1698871873,45435.31,2026-07-08,settled
STL85204135,RZP4497016550,21428.05,2026-07-14,settled
STL95826786,RZP7887461579,1169.55,2026-07-02,pending
STL80973199,RZP5302547542,48422.43,2026-07-08,settled
STL74009417,RZP8038103904,65395.97,2026-07-07,settled
STL58764129,RZP5454837978,58969.44,2026-07-02,settled
STL32028979,RZP5691880466,71503.57,2026-07-01,settled
STL88775927,RZP6316106876,21932.83,2026-07-06,settled
STL92939671,RZP8125442390,41637.50,2026-07-15,settled
STL50005833,RZP1175828567,27996.53,2026-07-01,settled
STL97087978,RZP4274560148,38550.39,2026-07-03,settled
STL79889442,RZP1470600932,15558.85,2026-07-10,settled
STL45341684,RZP2391874847,52928.35,2026-07-09,settled
STL60598851,RZP2300656317,19324.79,2026-07-03,settled
STL18552894,RZP7563300571,56428.10,2026-07-02,pending
STL90778931,RZP7124963070,33427.52,2026-07-15,settled
STL39962391,RZP8083175325,13478.10,2026-07-09,settled
STL87034049,RZP7704266577,53861.79,2026-07-15,settled
STL21378739,RZP4307777078,53963.12,2026-07-09,settled
STL39596454,RZP8052650756,47209.84,2026-07-01,settled
STL97082275,RZP6637880115,67683.16,2026-07-02,settled
STL78718631,RZP5617540127,64727.91,2026-07-13,settled
STL37233614,RZP2981555412,7056.50,2026-07-03,settled
STL61775493,RZP4417940561,39156.02,2026-07-08,settled
STL14028892,RZP5251493847,27529.88,2026-07-02,settled
STL18984340,RZP7092946234,2998.50,2026-07-07,settled
STL92150325,RZP1109458663,70928.09,2026-07-07,settled
STL14431462,RZP4582916793,30018.02,2026-07-03,settled
STL55249039,RZP2938057935,20133.56,2026-07-09,pending
STL13698549,RZP8583450980,8481.94,2026-07-08,settled
STL23878135,RZP5335980953,3013.09,2026-07-06,settled
STL68119636,RZP9207624837,30868.64,2026-07-08,settled
STL13509921,RZP4384410932,53220.08,2026-07-14,reversed
STL56571558,RZP7743008379,3420.98,2026-07-09,settled
STL91274601,RZP8844221158,12602.46,2026-07-02,settled
STL75130918,RZP3259916516,32388.11,2026-07-09,reversed
STL15460215,RZP5533984464,1618.50,2026-07-11,settled
STL72403072,RZP3863763028,39789.93,2026-07-06,settled
STL11294218,RZP4411938731,36253.97,2026-07-08,settled
STL34879792,RZP4424204354,51868.11,2026-07-12,settled
STL98684481,RZP6240655957,71817.24,2026-07-06,settled
STL76620601,RZP9810015807,35439.15,2026-07-14,settled
STL12364615,RZP8112497128,15213.57,2026-07-06,settled
STL20821097,RZP8936520194,33211.19,2026-07-14,settled
STL14638071,RZP2409646794,59702.86,2026-07-09,settled
STL65435742,RZP7033387883,22261.60,2026-07-05,settled
STL34645084,RZP7168712791,27780.10,2026-07-05,settled
STL43800065,RZP1141461348,52242.86,2026-07-04,settled
STL70407340,RZP7648059419,67342.00,2026-07-12,settled
STL84295529,RZP6969135358,7969.37,2026-07-06,settled
STL98828706,RZP1383092417,3565.12,2026-07-07,settled
STL30728758,RZP8017523794,35908.72,2026-07-08,settled
STL53961638,RZP9018163876,9051.74,2026-07-04,settled
STL80548643,RZP1780539380,46778.07,2026-07-02,settled
STL66630973,RZP8034572680,54940.74,2026-07-11,settled
STL31560417,RZP6436452579,56211.58,2026-07-11,reversed
STL82275843,RZP2410559481,45457.57,2026-07-15,settled
STL11396484,RZP8525227629,52174.09,2026-07-04,pending
STL91195046,RZP1269880804,69628.35,2026-07-09,settled
STL42662689,RZP5101913760,36421.56,2026-07-09,settled
STL62622836,RZP2651733614,3469.37,2026-07-13,settled
STL98864225,RZP3708864438,42458.40,2026-07-07,settled
STL94352991,RZP2273250728,39454.96,2026-07-01,settled
STL23997380,RZP6473779154,15764.07,2026-07-03,reversed
STL25061532,RZP7531037527,71146.78,2026-07-13,settled
STL10955005,RZP3264596088,38553.44,2026-07-08,settled
STL95808694,RZP2095507694,7457.42,2026-07-01,settled
STL95379554,RZP4156827830,35038.44,2026-07-10,reversed
STL27186945,RZP3787042789,54236.80,2026-07-08,settled
STL71293693,RZP7499935462,42066.23,2026-07-04,settled
STL42257565,RZP8873563115,19213.33,2026-07-08,settled
STL74189781,RZP2679784362,74224.84,2026-07-03,settled
STL38460526,RZP4323766654,66271.89,2026-07-12,settled
STL83531401,RZP1891787542,4315.66,2026-07-04,reversed
STL79203470,RZP2832906827,70257.57,2026-07-10,settled
STL86099387,RZP6734684958,73349.54,2026-07-14,settled
STL16227011,RZP4382093131,43063.17,2026-07-11,settled
STL53785440,RZP4977693535,60799.16,2026-07-10,settled
STL23334442,RZP2251164560,31817.68,2026-07-14,settled
STL87213046,RZP7218027957,72255.11,2026-07-02,settled
STL61055832,RZP6913007233,62471.07,2026-07-04,settled
STL87681888,RZP5556620439,74493.97,2026-07-06,settled
STL27818576,RZP3552121368,37829.77,2026-07-03,settled
STL94627132,RZP4900179544,16594.95,2026-07-03,settled
STL92934499,RZP4193972112,43917.06,2026-07-08,settled
STL88387626,RZP3861765594,29339.28,2026-07-03,settled
STL66643487,RZP9036743258,53355.08,2026-07-04,settled
STL39195825,RZP5147931679,57620.83,2026-07-13,settled
STL91647477,RZP1977144735,31246.59,2026-07-13,settled
STL37442758,RZP2267081065,51689.20,2026-07-06,settled
STL75040530,RZP5980224985,23170.90,2026-07-14,pending
STL63386615,RZP3412557285,48104.48,2026-07-06,settled
STL24941675,RZP8843307609,49598.09,2026-07-14,settled
STL59159944,RZP3393004845,29124.15,2026-07-02,settled
STL48267622,RZP4418139846,22158.77,2026-07-14,reversed
STL58056785,RZP5439391709,19649.42,2026-07-05,settled
STL81686996,RZP5261608307,68752.94,2026-07-07,settled
STL47203031,RZP3851894234,7389.39,2026-07-04,settled
STL33065461,RZP8068502818,53266.86,2026-07-08,settled
STL41973667,RZP9575798563,10448.44,2026-07-11,settled
STL88292881,RZP7231299921,39495.19,2026-07-07,settled
STL83229298,RZP3191123153,42360.77,2026-07-15,settled
STL49004860,RZP3610634187,14803.63,2026-07-13,settled
STL71485328,RZP9009262915,33833.43,2026-07-11,settled
STL87259150,RZP8162102928,3636.54,2026-07-02,settled
STL46442330,RZP4088146908,34836.18,2026-07-11,settled
STL56754892,RZP2229511931,19088.02,2026-07-03,settled
STL75344357,RZP4819768686,53039.89,2026-07-05,settled
STL80430984,RZP9768148395,31239.72,2026-07-05,settled
STL73860394,RZP6191191903,64756.03,2026-07-15,settled
STL56571722,RZP4668194317,30825.47,2026-07-03,settled
STL76491700,RZP3862552884,9361.27,2026-07-08,settled
STL66318770,RZP3344629691,16113.48,2026-07-14,settled
STL82606687,RZP4871835158,34875.57,2026-07-03,settled
STL51333111,RZP1058951224,48802.26,2026-07-12,settled
STL84239289,RZP8126127696,29479.84,2026-07-06,settled
STL53694582,RZP1532465136,26746.63,2026-07-05,settled
STL13344072,RZP5740482074,1276.43,2026-07-05,settled
STL27224779,RZP5613503623,35204.57,2026-07-09,settled
STL13611753,RZP6813590023,43089.72,2026-07-10,settled
STL39050282,RZP3831962147,6271.97,2026-07-03,settled
STL45005058,RZP2008110018,41983.87,2026-07-01,settled
STL92545856,RZP9942933571,7561.79,2026-07-07,settled
STL60043482,RZP3019524592,15548.64,2026-07-06,settled
STL91252528,RZP2418604627,774.82,2026-07-03,settled
STL81755558,RZP5192846042,10771.16,2026-07-07,settled
STL75666498,RZP2342726255,30752.98,2026-07-09,settled
STL53196359,RZP7638253076,23819.71,2026-07-11,settled
STL19725451,RZP1929276849,14674.50,2026-07-09,settled
STL71691827,RZP2709737140,30099.42,2026-07-01,settled
STL80291589,RZP8561666201,12244.48,2026-07-04,pending
STL96434410,RZP8266159318,65459.58,2026-07-15,settled
STL71277569,RZP2075551393,38264.33,2026-07-06,settled
STL62294176,RZP1315708805,20463.92,2026-07-07,settled
STL80197320,RZP4404552730,66847.76,2026-07-07,settled
STL62527026,RZP8327438673,11393.03,2026-07-06,settled
STL38125661,RZP1152529779,39226.96,2026-07-03,settled
STL43635446,RZP8291441013,63900.24,2026-07-07,settled
STL58631006,RZP7217809281,18220.56,2026-07-14,settled
STL34799632,RZP5762199316,71296.31,2026-07-04,settled
STL41187635,RZP7056539436,7529.12,2026-07-09,settled
STL94633007,RZP8738330068,27276.96,2026-07-10,settled
STL36185143,RZP4607601939,47937.25,2026-07-03,settled
STL94806283,RZP2657268071,51608.80,2026-07-02,reversed
STL20879954,RZP7599414750,58604.65,2026-07-02,settled
STL90751332,RZP8393717165,72777.76,2026-07-13,settled
STL12917311,RZP7494630201,16944.74,2026-07-12,settled
STL74138054,RZP6357078311,9125.04,2026-07-08,settled
STL78038494,RZP9666464245,43042.31,2026-07-03,settled
STL67861335,RZP1406186139,54645.66,2026-07-11,settled
STL21713010,RZP8491324542,51615.97,2026-07-05,settled
STL72058457,RZP3340023500,43678.50,2026-07-08,settled
STL76409861,RZP6063760064,53580.27,2026-07-09,settled
STL40717034,RZP7609461765,29678.96,2026-07-01,settled
STL85910136,RZP9876515546,56044.64,2026-07-10,settled
STL15719551,RZP1709624308,33353.90,2026-07-02,settled
STL55812644,RZP9938685142,12253.65,2026-07-13,settled
STL97825871,RZP5253909050,63927.03,2026-07-06,reversed
STL92833948,RZP3313205293,36379.75,2026-07-11,settled
STL42624513,RZP8687015846,58526.89,2026-07-05,settled
STL75751340,RZP6561692070,52468.08,2026-07-05,settled
STL27673668,RZP6492166284,74061.52,2026-07-11,settled
STL82494849,RZP8606346821,36121.39,2026-07-07,settled
STL55729498,RZP8620928447,42837.98,2026-07-14,settled
STL30144023,RZP1052776893,3925.62,2026-07-06,settled
STL75255584,RZP3245624960,14642.28,2026-07-04,settled
STL93402670,RZP1555707002,61176.15,2026-07-03,settled
STL35960277,RZP7673831101,42812.35,2026-07-01,settled
STL71488707,RZP7479329648,74768.74,2026-07-13,settled
STL80773291,RZP7548444903,62911.74,2026-07-01,settled
STL57542933,RZP3350677102,48250.07,2026-07-12,settled
STL51183538,RZP4655073624,66245.50,2026-07-01,settled
STL78235099,RZP9083977480,10019.60,2026-07-05,settled
STL95745280,RZP7073431287,10678.30,2026-07-12,settled
STL42256463,RZP1049065981,71745.73,2026-07-13,settled
STL86744869,RZP9709413415,53214.41,2026-07-15,settled
STL36768222,RZP5806422688,43753.28,2026-07-12,settled
STL54097476,RZP3097088483,27002.93,2026-07-10,settled
STL16928569,RZP5670476750,5433.67,2026-07-09,reversed
STL26514861,RZP1772825941,41826.77,2026-07-13,settled
STL66305264,RZP8228216402,53337.34,2026-07-01,settled
STL32688740,RZP2576821891,47793.63,2026-07-04,settled
STL37686167,RZP7098849168,36373.18,2026-07-05,settled
STL85447701,RZP5110025709,46905.64,2026-07-06,settled
STL30966164,RZP6218168908,44951.97,2026-07-10,settled
STL90897289,RZP5932325004,1937.51,2026-07-13,pending
STL24714183,RZP5539334777,44504.39,2026-07-05,settled
STL36884441,RZP4827896162,34622.74,2026-07-06,settled
STL12932319,RZP7723241230,44690.07,2026-07-15,settled
STL17293304,RZP4828384170,5977.96,2026-07-10,settled
STL97413861,RZP2571495371,30122.55,2026-07-08,settled
STL19575640,RZP6744039057,47529.87,2026-07-10,settled
STL71660432,RZP2794918033,29626.69,2026-07-12,settled
STL40699959,RZP1784595168,25835.25,2026-07-11,settled
STL31586275,RZP5909963945,73188.80,2026-07-13,pending
STL48007152,RZP8933878586,9923.74,2026-07-01,settled
STL56343358,RZP6216726786,12880.40,2026-07-07,settled
STL11020743,RZP9220693336,31263.64,2026-07-14,settled
STL61517501,RZP8383352784,39339.94,2026-07-10,settled
STL46345478,RZP8292722149,12364.42,2026-07-15,settled
STL57858864,RZP9327611847,9499.90,2026-07-04,settled
STL84082005,RZP9869896388,56815.46,2026-07-02,settled
STL63415922,RZP9880355951,47390.50,2026-07-01,pending
STL91790169,RZP7240100770,53728.42,2026-07-15,settled
STL11400593,RZP1522001184,43387.66,2026-07-13,settled
STL34975977,RZP3504022374,35573.95,2026-07-01,settled
STL36121315,RZP3636467652,39968.01,2026-07-12,settled
STL27233998,RZP5494654399,68812.72,2026-07-10,pending
STL52885916,RZP1303220952,48403.82,2026-07-06,settled
STL64190094,RZP3701782831,35185.65,2026-07-12,reversed
STL28537291,RZP9322260188,39719.99,2026-07-05,settled
STL32200073,RZP8824998372,25194.00,2026-07-04,settled
STL23716693,RZP8703361611,59026.14,2026-07-02,settled
STL26142893,RZP5570561030,6640.24,2026-07-01,settled
STL74224760,RZP2582891447,52075.56,2026-07-07,settled
STL14644911,RZP2981675903,46342.53,2026-07-02,settled
STL78688875,RZP3544653158,3443.87,2026-07-07,settled
STL80674637,RZP2946630982,22545.46,2026-07-14,settled
STL61271005,RZP6453642031,62833.71,2026-07-10,reversed
STL65568711,RZP5501759051,33147.40,2026-07-07,settled
STL49113784,RZP7222657338,68733.81,2026-07-07,settled
STL23718799,RZP9531942618,61975.15,2026-07-05,settled
STL15044401,RZP3723700483,8005.54,2026-07-06,settled
STL43035177,RZP3769718490,43383.20,2026-07-11,settled
STL92738032,RZP8567302458,70986.20,2026-07-02,settled
STL37588517,RZP9116428507,12204.23,2026-07-02,settled
STL14086791,RZP4175917932,66415.75,2026-07-14,settled
STL54255493,RZP7276145318,61281.90,2026-07-08,settled
STL39111600,RZP3946789798,54022.92,2026-07-02,settled
STL28657358,RZP8895742805,7559.22,2026-07-01,pending
STL13048008,RZP8666520990,13622.22,2026-07-02,settled
STL88279855,RZP6945208293,47938.79,2026-07-01,settled
STL13563649,RZP3661104446,57740.81,2026-07-10,settled
STL50463479,RZP8321459188,69449.80,2026-07-02,settled
STL25691788,RZP1055183168,2880.92,2026-07-08,settled
STL50118515,RZP2502349980,13656.21,2026-07-03,settled
STL14218828,RZP3486692500,723.81,2026-07-06,settled
STL32461327,RZP6844498879,59322.21,2026-07-01,settled
STL39028805,RZP1668151109,19376.57,2026-07-06,settled
STL60044865,RZP9769207015,53608.66,2026-07-08,settled
STL75992475,RZP8387211804,34612.38,2026-07-07,settled
STL12967862,RZP5099075791,26796.09,2026-07-11,pending
STL64878236,RZP1194294443,55536.76,2026-07-06,settled
STL73104323,RZP6896190289,34204.59,2026-07-09,settled
STL87271115,RZP8772041834,12254.85,2026-07-02,settled
STL14941784,RZP9726908278,51423.60,2026-07-15,settled
STL91990543,RZP4570098110,2400.59,2026-07-06,settled
STL44426532,RZP7938743236,67885.72,2026-07-01,settled
STL68768724,RZP2540667951,39006.73,2026-07-02,settled
STL66673212,RZP3360311082,4747.47,2026-07-15,settled
STL54253684,RZP2928216289,36958.31,2026-07-07,settled
STL30137388,RZP3172727263,40702.02,2026-07-10,settled
STL18301201,RZP3396505830,36422.98,2026-07-11,settled
STL61903356,RZP1334835872,26141.76,2026-07-11,settled
STL59746896,RZP5392377329,66580.25,2026-07-14,settled
STL47654696,RZP9952834998,55372.57,2026-07-08,settled
STL33489197,RZP1496754718,17689.22,2026-07-09,settled
STL32438040,RZP2843323174,54911.11,2026-07-14,pending
STL81817250,RZP6419765847,4484.80,2026-07-09,settled
STL78085083,RZP1931927104,46921.41,2026-07-06,pending
STL27879790,RZP3403749684,17802.50,2026-07-03,settled
STL98388886,RZP5581970919,21019.30,2026-07-08,settled
STL83208168,RZP8103623449,66097.26,2026-07-10,settled
STL53702158,RZP2982853903,65787.43,2026-07-14,settled
STL24097501,RZP1870313974,5154.91,2026-07-12,settled
STL64914054,RZP6195400294,59927.57,2026-07-14,settled
STL57576084,RZP1015106179,64838.72,2026-07-05,settled
STL70984401,RZP3200242051,57626.03,2026-07-05,settled
STL78835430,RZP1988919578,7013.08,2026-07-10,pending
STL88295005,RZP2844253694,20437.89,2026-07-12,settled
STL98349411,RZP8518591825,37946.59,2026-07-01,settled
STL67521898,RZP3395324414,19444.64,2026-07-09,settled
STL57061319,RZP6762536666,53341.16,2026-07-05,settled
STL69716139,RZP1307692154,43587.27,2026-07-06,settled
STL54733393,RZP5312619071,69959.13,2026-07-11,settled
STL83210641,RZP6188310258,57428.97,2026-07-07,settled
STL99673502,RZP3582120318,26964.92,2026-07-06,reversed
STL12752966,RZP6536109918,43788.46,2026-07-06,settled
STL14429834,RZP9550652216,17879.90,2026-07-15,settled
STL16368984,RZP7226758780,40195.38,2026-07-11,settled
STL97518125,RZP6716813732,51092.96,2026-07-12,settled
STL94490004,RZP4063773386,44670.34,2026-07-12,settled
STL60397533,RZP5032951893,35679.28,2026-07-08,reversed
STL51706698,RZP8525393148,14233.83,2026-07-03,settled
STL56887820,RZP8677949129,56512.97,2026-07-02,settled
STL55117017,RZP3682719160,66824.15,2026-07-06,settled
STL82326441,RZP2374515132,66634.55,2026-07-11,settled
STL10388983,RZP8301026311,14916.33,2026-07-12,settled
STL91390501,RZP6994940029,1103.30,2026-07-14,settled
STL76598671,RZP8172098253,1797.65,2026-07-05,reversed
STL59993801,RZP5607412480,62986.84,2026-07-11,pending
STL60235093,RZP1898413659,18696.13,2026-07-13,pending
STL30042306,RZP4758704679,11502.16,2026-07-08,settled
STL99108527,RZP5637400815,59513.44,2026-07-01,settled
STL38155104,RZP7363409651,31036.10,2026-07-15,settled
STL40243036,RZP7161325632,1613.81,2026-07-04,settled
STL80877336,RZP6036958650,19837.23,2026-07-13,settled
STL83217535,RZP8272708551,46664.61,2026-07-15,settled
STL64259913,RZP8391721236,37274.47,2026-07-09,pending
STL13462025,RZP6084673903,22943.36,2026-07-09,settled
STL40839382,RZP8325043570,55315.79,2026-07-14,settled
STL63878721,RZP9070520735,37726.30,2026-07-03,settled
STL65338281,RZP5446280742,63256.49,2026-07-07,settled
STL29557879,RZP9654071754,36403.72,2026-07-07,settled
STL65189596,RZP3284446225,2924.35,2026-07-12,settled
STL81028353,RZP8670988033,4286.22,2026-07-12,settled
STL43413144,RZP9561438586,34353.19,2026-07-03,settled
STL24574295,RZP7345544996,59735.09,2026-07-08,pending
STL44190049,RZP6985966312,27444.45,2026-07-05,settled
STL70340936,RZP7150970643,2674.82,2026-07-10,settled
STL18976593,RZP4372228799,20143.46,2026-07-14,settled
STL30499966,RZP5175019827,29006.16,2026-07-11,settled
STL39198277,RZP4926398275,29277.66,2026-07-07,settled
STL24271532,RZP4408903107,34485.75,2026-07-03,settled
STL14873097,RZP1831710846,72393.96,2026-07-13,pending
STL17950318,RZP8527398522,66543.09,2026-07-14,settled
STL35831787,RZP6076427534,70091.13,2026-07-07,settled
STL45704013,RZP7329335818,21863.49,2026-07-03,settled
STL37938721,RZP3277030169,36286.69,2026-07-09,settled
STL42815948,RZP5781701657,59098.06,2026-07-01,settled
STL42846895,RZP3979487804,34639.03,2026-07-12,settled
STL24271459,RZP4478949331,16224.59,2026-07-02,settled
STL64100881,RZP4708066087,55285.89,2026-07-11,settled
STL48726450,RZP4080287751,73022.87,2026-07-13,settled
STL34271843,RZP8810183052,59923.83,2026-07-11,settled
STL11907415,RZP8411916248,13704.14,2026-07-11,settled
STL29400890,RZP4100410478,16701.56,2026-07-10,settled
STL39394291,RZP9173043235,58292.70,2026-07-04,settled
STL86056500,RZP3380630664,22929.14,2026-07-02,settled
STL32476935,RZP6753417333,7285.15,2026-07-05,settled
STL93796495,RZP4318260785,2417.65,2026-07-10,settled
STL10305695,RZP2240950598,41296.46,2026-07-05,settled
STL85554415,RZP7844995269,38294.97,2026-07-09,settled
STL53514076,RZP7515993285,1889.17,2026-07-15,settled
STL52038976,RZP8764011369,71920.09,2026-07-03,settled
STL39231308,RZP8631325372,60351.58,2026-07-05,settled
STL58928532,RZP8527349508,47120.46,2026-07-14,settled
STL67009139,RZP6718222000,37979.42,2026-07-01,settled
STL86704340,RZP3343259163,1974.61,2026-07-14,settled
STL93095842,RZP4848269096,49507.37,2026-07-03,reversed
STL43933878,RZP1554004364,37809.59,2026-07-05,settled
STL83483941,RZP9645976273,1932.01,2026-07-10,settled
STL62239020,RZP3848077598,64402.84,2026-07-03,settled
STL32765482,RZP7121024157,65101.44,2026-07-12,settled
STL36947169,RZP1203929653,4147.52,2026-07-01,settled
STL35005684,RZP3693808016,34127.03,2026-07-13,settled
STL27112303,RZP7459350727,34148.56,2026-07-05,settled
STL84358037,RZP2184869617,12912.54,2026-07-07,settled
STL96490768,RZP6675458919,54689.18,2026-07-14,settled
STL59018458,RZP9658463073,66883.05,2026-07-07,settled
STL51376621,RZP1277084731,19863.20,2026-07-07,pending
STL94895802,RZP2969204700,4709.70,2026-07-09,settled
STL39459808,RZP3338680636,50721.09,2026-07-14,settled
STL36138432,RZP1046000830,63867.29,2026-07-15,settled
STL24461271,RZP3384842301,44741.46,2026-07-13,settled
STL35175572,RZP7362280769,71891.89,2026-07-10,settled
STL73688669,RZP6516823940,1834.66,2026-07-10,settled
STL46569088,RZP1507192529,63044.26,2026-07-03,reversed
STL30456532,RZP3441219208,41332.27,2026-07-09,settled
STL34365090,RZP4249197072,65925.49,2026-07-11,settled
STL26596590,RZP7703819127,34603.10,2026-07-02,settled
STL51294087,RZP4164800403,5725.40,2026-07-12,settled
STL78824758,RZP2436908247,3630.90,2026-07-03,settled
STL25028385,RZP3306002042,27958.89,2026-07-08,settled
STL15679986,RZP5967868455,70987.56,2026-07-06,settled
STL65633923,RZP9930762604,24151.17,2026-07-13,settled
STL64621853,RZP1753522118,61807.96,2026-07-07,settled
STL71915863,RZP1009073541,5195.79,2026-07-09,settled
STL76883655,RZP9331214954,16756.81,2026-07-04,pending
STL12152237,RZP9361799107,30069.43,2026-07-10,settled
STL82943202,RZP4387264700,54223.75,2026-07-06,settled
STL65051176,RZP5173539954,37469.39,2026-07-04,settled
STL87177603,RZP7107765863,28596.23,2026-07-13,settled
STL56295469,RZP4833396332,37898.90,2026-07-10,settled
STL18737868,RZP6532808048,2797.69,2026-07-03,settled
STL80419142,RZP1882762883,35118.06,2026-07-11,settled
STL62608499,RZP4829551639,39653.90,2026-07-12,settled
STL98823684,RZP9832676598,34031.94,2026-07-03,settled
STL70938874,RZP8096865506,33613.12,2026-07-05,settled
STL79761220,RZP6921464846,2142.32,2026-07-08,reversed
STL78088066,RZP7999911001,57622.42,2026-07-12,settled
STL97971854,RZP4092010765,26290.48,2026-07-14,settled
STL98971926,RZP7167562259,1547.53,2026-07-10,settled
STL69920296,RZP3278683165,21234.46,2026-07-14,reversed
STL97468432,RZP2443318324,59836.46,2026-07-10,settled
STL29978882,RZP8419749935,58404.17,2026-07-01,settled
STL55415535,RZP4276351039,19165.73,2026-07-06,settled
STL25105237,RZP3242123688,62064.62,2026-07-08,pending
STL72373944,RZP8295865261,37738.64,2026-07-12,settled
STL20204415,RZP5694439775,50690.49,2026-07-14,settled
STL85818580,RZP8846653297,35417.61,2026-07-13,settled
STL98121354,RZP5747292964,59722.01,2026-07-02,pending
STL22101995,RZP1345209162,18095.68,2026-07-04,settled
STL99833848,RZP8870862988,56649.51,2026-07-06,settled
STL27599240,RZP8812593243,4929.10,2026-07-03,pending
STL51490896,RZP3839183551,72895.91,2026-07-06,settled
STL24558146,RZP1037928817,32523.52,2026-07-01,settled
STL14359240,RZP4998362151,61801.40,2026-07-07,settled
STL24630143,RZP3088803757,13088.21,2026-07-12,settled
STL14942280,RZP8552462195,58163.49,2026-07-02,settled
STL68571795,RZP1164313410,44944.56,2026-07-06,settled
STL50061405,RZP1459800041,62960.05,2026-07-11,settled
STL74003316,RZP8524236872,13960.10,2026-07-13,settled
STL71563006,RZP8407833077,58682.62,2026-07-10,settled
STL37696190,RZP2331017102,16623.55,2026-07-03,settled
STL70239202,RZP3490689384,15905.41,2026-07-13,settled
STL31777281,RZP9253786068,39281.41,2026-07-04,settled
STL80740294,RZP5753990519,20282.38,2026-07-05,settled
STL67544693,RZP1024772260,58476.81,2026-07-04,settled
STL41991397,RZP3112945105,17521.20,2026-07-02,settled
STL54191329,RZP6727019251,55007.09,2026-07-11,settled
STL61415792,RZP3485044295,72816.75,2026-07-07,settled
STL36031180,RZP3564059351,37804.62,2026-07-14,settled
STL16105160,RZP5973240119,45742.16,2026-07-03,settled
STL81466893,RZP3979862624,55683.28,2026-07-07,settled
STL64569208,RZP1610046667,24478.13,2026-07-12,settled
STL78548059,RZP1577469204,7034.00,2026-07-09,settled
STL76595366,RZP7214043851,52903.88,2026-07-10,settled
STL13980231,RZP7490420245,51280.33,2026-07-05,settled
STL63660910,RZP4492695244,52379.98,2026-07-12,settled
STL18036728,RZP8792907661,26791.35,2026-07-11,settled
STL83186496,RZP7682946011,65376.23,2026-07-09,settled
STL57142552,RZP7464194379,69775.96,2026-07-04,settled
STL43331239,RZP6031997439,73294.18,2026-07-11,settled
STL46228556,RZP2786399092,16049.35,2026-07-07,settled
STL32338959,RZP9134679349,23617.03,2026-07-02,settled
STL45948650,RZP3963406853,14533.91,2026-07-03,settled
STL21990808,RZP9465553285,61791.04,2026-07-14,settled
STL43002489,RZP1841099081,2089.14,2026-07-10,settled
STL15722327,RZP3220691279,37917.49,2026-07-11,settled
STL79596863,RZP6945728232,53102.20,2026-07-15,settled
STL20394529,RZP2607178587,61952.83,2026-07-15,settled
STL53298009,RZP4753696734,33311.88,2026-07-11,settled
STL37568520,RZP6001648993,64159.21,2026-07-08,settled
STL26393519,RZP6274884185,73150.42,2026-07-08,settled
STL27296700,RZP8062791807,62226.97,2026-07-13,settled
STL55690294,RZP2578014738,11068.68,2026-07-05,settled
STL76876044,RZP7408705307,74095.36,2026-07-01,settled
STL59964097,RZP1305829255,44732.98,2026-07-03,settled
STL76240612,RZP4771700556,47386.60,2026-07-14,settled
STL47169633,RZP9180203758,13179.99,2026-07-05,settled
STL49650344,RZP5121529498,18779.77,2026-07-03,settled
STL15594788,RZP3851839348,12407.44,2026-07-02,settled
STL37038879,RZP6571918661,26715.42,2026-07-03,settled
STL11016358,RZP3982492367,42431.84,2026-07-02,settled
STL91830476,RZP2903196357,48020.96,2026-07-09,settled
STL10416997,RZP4374674565,26398.67,2026-07-05,settled
STL67227960,RZP7880903123,43621.59,2026-07-02,settled
STL83677191,RZP2504979985,43871.58,2026-07-14,settled
STL33569051,RZP6465384067,44405.23,2026-07-12,settled
STL82975834,RZP3697368099,57469.36,2026-07-10,settled
STL95622066,RZP6930721496,25796.01,2026-07-15,settled
STL52694510,RZP7456358646,19081.76,2026-07-12,settled
STL82742034,RZP4991379250,73765.21,2026-07-11,settled
STL90436654,RZP6843815044,865.24,2026-07-14,settled
STL53351495,RZP4095572481,23191.74,2026-07-14,settled
STL25802192,RZP2416983837,69550.13,2026-07-06,pending
STL50632221,RZP2305255671,15847.19,2026-07-10,reversed
STL91715751,RZP4585285530,47070.88,2026-07-09,settled
STL20776680,RZP2010188178,29140.67,2026-07-15,settled
STL85686878,RZP5533921266,10329.85,2026-07-07,settled
STL58607023,RZP1937145239,13590.46,2026-07-06,settled
STL13766474,RZP3888145791,59917.07,2026-07-15,settled
STL61986593,RZP1622518030,69627.59,2026-07-08,settled
STL15059637,RZP5101751387,64940.65,2026-07-08,settled
STL67964749,RZP5026998075,62184.19,2026-07-07,settled
STL92777433,RZP4638758794,46018.02,2026-07-06,settled
STL81543670,RZP3464761545,37304.01,2026-07-14,settled
STL48304256,RZP2276027271,49998.57,2026-07-14,settled
STL63508647,RZP5811161965,63326.43,2026-07-13,settled
STL34284173,RZP6867221299,37900.36,2026-07-11,pending
STL75842162,RZP7940878005,34000.51,2026-07-12,settled
STL89867547,RZP9781163431,73545.65,2026-07-13,pending
STL80413026,RZP8129370857,29479.55,2026-07-05,settled
STL36323326,RZP3505142610,7090.32,2026-07-03,settled
STL75069335,RZP5371960751,72957.22,2026-07-13,reversed
STL73329640,RZP5285280676,27677.72,2026-07-06,settled
STL22481192,RZP4778128150,22125.84,2026-07-14,settled
STL36302665,RZP7435826794,68932.50,2026-07-13,settled
STL97258420,RZP1734996197,59420.62,2026-07-13,settled
STL63792708,RZP1356271664,17584.31,2026-07-15,reversed
STL61705758,RZP1112794026,26866.61,2026-07-02,settled
STL37800034,RZP5081641048,20593.95,2026-07-11,settled
STL10344303,RZP8964640525,25820.71,2026-07-13,settled
STL19007611,RZP3127657677,33308.49,2026-07-01,settled
STL34001126,RZP4052062236,9699.68,2026-07-05,reversed
STL75025252,RZP3896918354,51556.56,2026-07-04,pending
STL12773350,RZP9829614192,48011.23,2026-07-01,settled
STL96739198,RZP1620742389,26968.40,2026-07-11,settled
STL51889341,RZP7356537389,800.86,2026-07-11,pending
STL10456602,RZP5814938396,33023.59,2026-07-14,settled
STL71448654,RZP6047128978,19060.54,2026-07-15,settled
STL59066128,RZP1221459606,29030.15,2026-07-08,settled
STL82977041,RZP4300794369,24760.00,2026-07-10,settled
STL19108209,RZP4265928226,59895.05,2026-07-11,reversed
STL46046979,RZP4880791466,48343.78,2026-07-03,settled
STL55954851,RZP1980116906,9922.97,2026-07-05,settled
STL31715954,RZP9284496534,6954.59,2026-07-07,settled
STL56281415,RZP3333025865,14441.60,2026-07-13,settled
STL66297945,RZP2860445869,54687.20,2026-07-08,pending
STL97742426,RZP3351124252,19640.68,2026-07-11,settled
STL28850770,RZP4015479599,3910.47,2026-07-03,settled
STL55096698,RZP7326148494,50149.29,2026-07-15,settled
STL25706272,RZP7692416881,51923.55,2026-07-08,settled
STL86194735,RZP3120902141,41538.55,2026-07-06,reversed
STL70915814,RZP7385863902,5313.93,2026-07-05,settled
STL62262983,RZP2461470723,72699.80,2026-07-04,settled
STL45748660,RZP4159448434,25460.31,2026-07-06,pending
STL25146261,RZP7830361496,28695.40,2026-07-11,settled
STL72271729,RZP2139609219,41207.29,2026-07-13,settled
STL17557221,RZP8864025097,23759.65,2026-07-12,settled
STL78977411,RZP5908838558,58137.92,2026-07-13,settled
STL29347898,RZP2602857356,74393.26,2026-07-14,settled
STL99805607,RZP7655372248,27091.78,2026-07-12,settled
STL35429494,RZP8253523668,36744.51,2026-07-15,settled
STL93445313,RZP3094196107,28059.17,2026-07-01,settled
STL11442173,RZP1822744149,57081.88,2026-07-05,settled
STL68519640,RZP9675693783,9256.74,2026-07-10,settled
STL71816584,RZP5094929449,62534.53,2026-07-06,settled
STL14812340,RZP7941228499,6636.21,2026-07-12,settled
STL10863799,RZP9522879842,18684.21,2026-07-09,reversed
STL62870172,RZP5907274267,17928.65,2026-07-05,reversed
STL55072595,RZP6361554008,48343.43,2026-07-09,settled
STL27105448,RZP8879525611,43896.96,2026-07-03,settled
STL21555280,RZP6333405410,63235.68,2026-07-14,settled
STL18152372,RZP1816145258,47910.78,2026-07-11,reversed
STL93131441,RZP6319961232,70005.29,2026-07-09,settled
STL43752783,RZP7940314306,42397.67,2026-07-06,settled
STL53259586,RZP1456606388,43391.09,2026-07-11,settled
STL52940967,RZP8111191488,17226.39,2026-07-04,settled
STL58421567,RZP2942859338,12328.51,2026-07-03,reversed
STL24951020,RZP6552194255,16926.52,2026-07-15,settled
STL76648409,RZP5099990661,2770.54,2026-07-04,settled
STL56415810,RZP1576275913,52467.90,2026-07-13,settled
STL93583876,RZP7903709349,50718.85,2026-07-06,settled
STL61670311,RZP1668538102,57909.31,2026-07-15,settled
STL10963691,RZP1179980106,68047.79,2026-07-11,settled
STL45411876,RZP4826509216,13553.58,2026-07-09,settled
STL23821034,RZP2438130372,68926.65,2026-07-11,settled
STL31173338,RZP1572823571,59433.40,2026-07-11,settled
STL61715208,RZP8001112710,72278.65,2026-07-02,settled
STL20160511,RZP5789422023,11772.29,2026-07-08,settled
STL44368862,RZP8488434439,55733.92,2026-07-05,settled
STL18724766,RZP1008661237,47658.25,2026-07-05,settled
STL37326368,RZP6464693977,45559.82,2026-07-12,settled
STL68628561,RZP6468612466,73158.80,2026-07-11,settled
STL13984759,RZP7040579235,28842.71,2026-07-03,settled
STL84482974,RZP6373431675,32846.77,2026-07-02,settled
STL44828170,RZP8773546379,73840.09,2026-07-10,settled
STL60208296,RZP2495484186,15181.88,2026-07-13,reversed
STL88071161,RZP7334030288,59485.20,2026-07-10,settled
STL25830294,RZP9786854538,33833.87,2026-07-11,settled
STL99700332,RZP3125084227,57618.55,2026-07-03,settled
STL81460650,RZP7313648688,17686.85,2026-07-05,settled
STL93464414,RZP3233909618,74874.21,2026-07-03,reversed
STL42063108,RZP4016308777,47751.65,2026-07-04,settled
STL74046810,RZP3232089953,55290.90,2026-07-03,settled
STL17518690,RZP1791765834,40295.38,2026-07-12,settled
STL54793672,RZP6859578069,1510.30,2026-07-06,settled
STL85040406,RZP4974460167,5225.96,2026-07-03,settled
STL39099216,RZP2991918962,48763.34,2026-07-04,settled
STL24305393,RZP7769996878,8452.21,2026-07-07,settled
STL31780784,RZP7478611197,49316.04,2026-07-13,pending
STL14686359,RZP6319567867,37168.49,2026-07-05,settled
STL28439928,RZP6136463901,60227.22,2026-07-11,settled
STL62120729,RZP4095876030,48900.16,2026-07-15,settled
STL36636781,RZP5667961988,74512.37,2026-07-15,settled
STL73430999,RZP5078543414,16514.54,2026-07-12,settled
STL79078311,RZP6171196416,72978.62,2026-07-13,settled
STL97518165,RZP9913070889,74692.45,2026-07-10,settled
STL32251361,RZP2101969620,45560.00,2026-07-07,settled
STL80114635,RZP8833624009,15267.32,2026-07-10,settled
STL37651781,RZP7937506534,2622.54,2026-07-01,settled
STL93028933,RZP7621352858,7992.58,2026-07-10,settled
STL45268854,RZP9913370628,37837.95,2026-07-10,settled
STL61062905,RZP1802132550,70075.87,2026-07-08,settled
STL87488773,RZP6703151155,65823.41,2026-07-13,settled
STL84899260,RZP8340196696,67813.79,2026-07-08,settled
STL89974753,RZP6969444479,47403.48,2026-07-15,settled
STL72954347,RZP4572624069,29551.48,2026-07-07,settled
STL80641323,RZP9454792413,13155.69,2026-07-14,settled
STL79067939,RZP5673181221,19303.71,2026-07-02,settled
STL32959320,RZP3356668998,65965.13,2026-07-01,settled
STL30094705,RZP1606782223,18755.91,2026-07-01,settled
STL81499334,RZP9082572759,32429.65,2026-07-06,settled
STL92831140,RZP1563307902,34584.67,2026-07-02,settled
STL57779970,RZP7956156986,45022.53,2026-07-07,settled
STL59710508,RZP3294688377,46584.67,2026-07-03,settled
STL66242071,RZP3387891264,21989.35,2026-07-05,settled
STL35307028,RZP4212617255,40673.48,2026-07-04,settled
STL81214067,RZP9894795891,4772.04,2026-07-07,settled
STL62035978,RZP7519727542,38001.79,2026-07-05,settled
STL23044889,RZP5064162365,23175.16,2026-07-08,settled
STL13432671,RZP8677089628,57758.20,2026-07-01,settled
STL21052201,RZP2655042314,62232.84,2026-07-07,settled
STL98983888,RZP5059502085,5461.54,2026-07-11,settled
STL51646904,RZP7206480277,71512.35,2026-07-13,settled
STL60369810,RZP9475504077,41954.74,2026-07-08,settled
STL14988907,RZP2695154066,53327.71,2026-07-15,settled
STL94039968,RZP8875612315,29741.01,2026-07-01,settled
STL64788966,RZP3466789569,18833.85,2026-07-12,settled
STL18327299,RZP6264323673,46636.53,2026-07-09,settled
STL23891461,RZP4236880156,53042.13,2026-07-13,pending
STL63955034,RZP8811265881,51716.46,2026-07-13,settled
STL27073410,RZP4259889309,51135.81,2026-07-10,settled
STL39233152,RZP9573252585,37821.06,2026-07-12,settled
STL84572844,RZP9000859320,8253.43,2026-07-03,settled
STL99949389,RZP8877444318,12617.73,2026-07-06,settled
STL82553061,RZP3422182038,42718.85,2026-07-14,settled
STL94673310,RZP4609915427,13994.80,2026-07-04,settled
STL89206277,RZP8480299706,1349.88,2026-07-07,settled
STL11385579,RZP2208518731,53299.01,2026-07-12,settled
STL36768569,RZP1877208569,69139.62,2026-07-10,settled
STL43265405,RZP1590595106,28748.97,2026-07-08,settled
STL68801935,RZP4463500791,18510.51,2026-07-10,settled
STL68088962,RZP1697412682,68012.95,2026-07-05,settled
STL67699732,RZP5359582487,58088.92,2026-07-13,settled
STL74418331,RZP8903212516,10505.78,2026-07-12,settled
STL12916275,RZP8017321885,15562.75,2026-07-04,settled
STL55358959,RZP9108603060,12487.38,2026-07-02,settled
STL69848398,RZP7494295446,16219.93,2026-07-12,settled
STL33726895,RZP4518177016,17436.13,2026-07-11,settled
STL51242696,RZP6120284315,38118.12,2026-07-02,settled
STL47394442,RZP3575119409,44102.75,2026-07-12,settled
STL22507696,RZP2147210900,11094.74,2026-07-15,settled
STL42482494,RZP1725404212,8185.67,2026-07-06,settled
STL54276449,RZP4265268036,20582.89,2026-07-12,settled
STL39111161,RZP5096274235,12498.32,2026-07-10,settled
STL92643949,RZP9882052250,32786.27,2026-07-01,settled
STL90499630,RZP7409767228,8246.44,2026-07-13,settled
STL52453462,RZP7296296960,71818.97,2026-07-02,settled
STL10446180,RZP1936995928,12883.70,2026-07-14,settled
STL40139076,RZP7754013674,7088.58,2026-07-11,settled
STL76128827,RZP8284910970,32577.58,2026-07-01,reversed
STL26810201,RZP6783186815,28652.42,2026-07-07,settled
STL67318164,RZP5671505977,54443.52,2026-07-10,settled
STL47241745,RZP9505277990,36627.79,2026-07-11,settled
STL32042901,RZP6957660257,33049.43,2026-07-09,settled
STL54714192,RZP7810017952,59334.00,2026-07-09,settled
STL86966061,RZP5961762755,7902.44,2026-07-05,settled
STL36685669,RZP2368624595,72001.95,2026-07-15,pending
STL30145535,RZP1880998311,68370.82,2026-07-02,settled
STL65190671,RZP7862229324,53274.23,2026-07-01,settled
STL95430740,RZP5306063987,31869.55,2026-07-08,settled
STL30534124,RZP8826851692,8362.65,2026-07-06,settled
STL77030804,RZP8496676691,51194.14,2026-07-06,settled
STL89161204,RZP4650013087,25123.43,2026-07-02,settled
STL24370481,RZP2855123934,1117.21,2026-07-09,settled
STL21176055,RZP3193781673,36352.52,2026-07-10,settled
STL15998983,RZP7915155988,7083.74,2026-07-06,settled
STL25445960,RZP6310688903,38392.28,2026-07-09,settled
STL16481098,RZP4320036885,17803.63,2026-07-08,settled
STL73692856,RZP6926016542,15912.58,2026-07-12,settled
STL25768533,RZP6632731554,27581.58,2026-07-04,settled
STL11844638,RZP5956953243,61872.77,2026-07-13,settled
STL84371273,RZP1899096367,30048.62,2026-07-04,settled
STL33130596,RZP3848227219,2175.86,2026-07-03,settled
STL33932371,RZP5696703644,19954.94,2026-07-09,settled
STL51020952,RZP8329844566,73109.26,2026-07-12,settled
STL11000092,RZP8577843205,59678.25,2026-07-01,reversed
STL14416599,RZP4418150911,70181.15,2026-07-01,settled
STL97118688,RZP4323666789,16711.69,2026-07-06,settled
STL76791660,RZP1197451689,29989.64,2026-07-07,settled
STL53666860,RZP2116274384,59724.98,2026-07-05,settled
STL45950066,RZP3269069059,31939.34,2026-07-06,settled
STL82325460,RZP7599779355,72045.70,2026-07-09,settled
STL57946109,RZP4078148444,64167.30,2026-07-07,settled
STL66948362,RZP2614569295,41050.48,2026-07-04,settled
STL92838528,RZP9231028203,43444.61,2026-07-15,settled
STL60297789,RZP8215154708,18134.31,2026-07-14,settled
STL96467712,RZP1385657489,1682.37,2026-07-11,settled
STL75633669,RZP6496054316,70758.50,2026-07-04,settled
STL25214279,RZP2982155000,29327.96,2026-07-04,settled
STL96120830,RZP9353051125,3191.66,2026-07-07,settled
STL19317495,RZP9691572571,14888.17,2026-07-06,settled
STL10545853,RZP3035744928,28775.70,2026-07-08,settled
STL83386229,RZP7461361091,9650.50,2026-07-14,reversed
STL86724177,RZP5358071269,73344.45,2026-07-09,settled
STL80720244,RZP9441556624,65847.23,2026-07-11,settled
STL13911355,RZP4889761307,15548.29,2026-07-05,settled
STL39681939,RZP1822536398,61312.92,2026-07-11,settled
STL83686217,RZP3418778312,61346.65,2026-07-11,settled
STL82211782,RZP4678506911,26620.52,2026-07-10,settled
STL86476937,RZP4206011215,34289.91,2026-07-06,settled
STL86715884,RZP6405751774,72020.12,2026-07-06,settled
STL70905581,RZP6973614644,4823.34,2026-07-12,settled
STL23575841,RZP3917844895,41438.93,2026-07-06,settled
STL61719617,RZP8501277126,44261.71,2026-07-03,settled
STL10947084,RZP6693343066,44753.02,2026-07-02,settled
STL68149447,RZP1966888858,34361.43,2026-07-14,settled
STL18648397,RZP4545894483,34746.43,2026-07-11,settled
STL86987792,RZP5732138877,26650.10,2026-07-03,settled
STL74562374,RZP7430678811,5801.13,2026-07-07,settled
STL85165988,RZP5563018598,67630.14,2026-07-01,settled
STL55247029,RZP1858932011,1694.86,2026-07-01,settled
STL33630872,RZP5854334880,54783.88,2026-07-03,settled
STL29307578,RZP7910439839,3291.19,2026-07-05,settled
STL14793584,RZP5128043220,34172.56,2026-07-13,settled
STL37915295,RZP1719780744,56061.52,2026-07-15,settled
STL11250812,RZP1854571069,10444.00,2026-07-03,settled
STL86437444,RZP5348443137,52341.79,2026-07-07,settled
STL52537935,RZP9229222408,46367.29,2026-07-13,settled
STL24774041,RZP5183755567,46427.04,2026-07-14,settled
STL76094650,RZP5860327143,15200.07,2026-07-15,settled
STL79151638,RZP3301175286,36708.45,2026-07-14,settled
STL24937373,RZP1851804844,24611.42,2026-07-01,settled
STL33466548,RZP7625566268,64382.00,2026-07-07,settled
STL57937270,RZP9476215612,60420.09,2026-07-11,settled
STL73069443,RZP1955466961,61955.29,2026-07-02,settled
STL25699005,RZP2314844703,43774.38,2026-07-13,settled
STL82933587,RZP6048193674,72118.27,2026-07-15,settled
STL83944762,RZP5820707213,70038.66,2026-07-09,settled
STL88874216,RZP7310339622,33139.25,2026-07-09,settled
STL13588414,RZP1076226722,64636.58,2026-07-08,settled
STL19717253,RZP5188462066,64114.62,2026-07-10,pending
STL54054142,RZP2579230079,56115.08,2026-07-06,settled
STL91904044,RZP8998701237,4463.49,2026-07-12,pending
STL50262298,RZP3145626734,39175.35,2026-07-12,settled
STL37140392,RZP1104984016,20242.37,2026-07-01,settled
STL37151869,RZP6691888184,34298.92,2026-07-06,settled
STL76639928,RZP2845875398,62290.31,2026-07-09,settled
STL11837545,RZP2613794868,8804.95,2026-07-13,settled
STL77468813,RZP9450232374,55886.56,2026-07-05,reversed
STL23316648,RZP1221696347,14835.21,2026-07-07,settled
STL82772367,RZP3794051161,45260.15,2026-07-02,settled
STL67054128,RZP1283289245,2257.09,2026-07-05,settled
STL69566993,RZP8132980658,62781.98,2026-07-14,settled
STL18950831,RZP7469607751,49810.16,2026-07-06,reversed
STL51877637,RZP3156709122,39933.27,2026-07-14,settled
STL10931114,RZP6370871025,34180.28,2026-07-08,settled
STL86742766,RZP6827830492,35747.24,2026-07-05,settled
STL96841005,RZP1834105458,5473.12,2026-07-14,settled
STL36129742,RZP5359034353,51654.20,2026-07-06,pending
STL90267489,RZP9415186200,62149.43,2026-07-15,pending
STL83826394,RZP4915257665,28590.75,2026-07-12,settled
STL82751701,RZP7675956756,4080.94,2026-07-11,settled
STL95879311,RZP2448449241,18545.89,2026-07-07,settled
STL32031067,RZP1141131770,41971.66,2026-07-14,settled
STL89819263,RZP9450687115,17546.80,2026-07-02,reversed
STL27332490,RZP6862920746,17906.31,2026-07-09,settled
STL47855659,RZP9424057322,34330.02,2026-07-15,settled
STL21201866,RZP4100395865,62673.19,2026-07-14,settled
STL12855211,RZP8927901031,9684.80,2026-07-05,settled
STL90791519,RZP8353947896,42525.14,2026-07-01,pending
STL33881026,RZP8489946422,50325.97,2026-07-07,settled
STL13154978,RZP3661587320,26496.12,2026-07-07,settled
STL39696922,RZP1777956948,42422.20,2026-07-04,settled
STL23082934,RZP5535691593,47992.12,2026-07-01,settled
STL81954780,RZP5959736235,49042.41,2026-07-05,settled
STL23691162,RZP3895535559,14374.77,2026-07-13,settled
STL42701647,RZP5111602541,47172.39,2026-07-10,settled
STL78884484,RZP5768094561,1009.57,2026-07-02,settled
STL49700583,RZP3320801752,67076.58,2026-07-11,settled
STL86506195,RZP2886870434,52548.08,2026-07-12,settled
STL23153974,RZP9096020800,34258.71,2026-07-04,reversed
STL51850732,RZP8733129984,45284.01,2026-07-07,settled
STL79117979,RZP6228480081,33064.32,2026-07-15,settled
STL17020005,RZP6389177633,32606.03,2026-07-01,settled
STL60442967,RZP4071483203,2646.49,2026-07-06,settled
STL75258733,RZP9058552894,41330.40,2026-07-07,settled
STL44671112,RZP3615903317,18882.38,2026-07-06,settled
STL86443749,RZP1677942904,31169.14,2026-07-07,settled
STL51422604,RZP4937330250,2430.27,2026-07-07,settled
STL84726038,RZP9248520962,74898.68,2026-07-11,settled
STL61556281,RZP8155321918,15060.89,2026-07-10,settled
STL55014786,RZP8229474363,6232.41,2026-07-03,settled
STL95743764,RZP5886151815,72543.12,2026-07-09,settled
STL44271680,RZP8981576848,25455.07,2026-07-05,settled
STL26961954,RZP1016484488,11755.43,2026-07-01,reversed
STL99093739,RZP7002382182,7812.54,2026-07-12,settled
STL45135816,RZP9095481986,63234.26,2026-07-03,settled
STL86576584,RZP7972821255,13647.91,2026-07-01,settled
STL26254014,RZP3447781366,5419.09,2026-07-11,settled
STL78538495,RZP9794925952,6201.67,2026-07-01,settled
STL70802362,RZP5802545723,54859.35,2026-07-10,settled
STL39436733,RZP7805745017,67387.80,2026-07-07,settled
STL78349575,RZP4602756961,879.48,2026-07-14,settled
STL87842253,RZP2986773900,11585.30,2026-07-05,settled
STL39419828,RZP6880284932,6930.18,2026-07-11,settled
STL99746613,RZP2262003579,71961.77,2026-07-15,settled
STL31425070,RZP1048418480,28690.92,2026-07-15,settled
STL43599966,RZP7334500909,48685.65,2026-07-09,settled
STL27872163,RZP6868587088,72023.20,2026-07-08,settled
STL94507348,RZP6132989083,40586.92,2026-07-09,settled
STL91181379,RZP1522713644,56867.17,2026-07-02,settled
STL98018173,RZP7928917961,65433.23,2026-07-03,settled
STL60980053,RZP5196206060,26038.02,2026-07-06,settled
STL81789730,RZP3327106942,48173.05,2026-07-08,settled
STL11944383,RZP3658963313,66655.61,2026-07-04,settled
STL97936214,RZP6451211160,48621.19,2026-07-07,reversed
STL91794012,RZP6336147893,9400.53,2026-07-14,settled
STL93650068,RZP2239534867,29282.99,2026-07-08,settled
STL80215481,RZP5751366455,15299.18,2026-07-04,settled
STL77878056,RZP1225235378,55728.06,2026-07-03,settled
STL29382108,RZP6142044865,69802.53,2026-07-14,settled
STL83525272,RZP5888445909,45388.07,2026-07-15,settled
STL15868959,RZP9582815791,18320.90,2026-07-14,settled
STL30049084,RZP6788039585,73826.48,2026-07-04,settled
STL74440933,RZP4572245480,54773.20,2026-07-02,settled
STL27128090,RZP6000519526,61503.50,2026-07-11,settled
STL22563750,RZP2971198743,15669.08,2026-07-11,settled
STL36556319,RZP3438768221,21425.11,2026-07-08,settled
STL50111251,RZP9316609031,43167.21,2026-07-04,settled
STL14187584,RZP5027928464,6286.72,2026-07-02,settled
STL44100881,RZP3075462510,69680.35,2026-07-15,settled
STL29036775,RZP1191237069,41075.84,2026-07-02,settled
STL93884075,RZP2364582405,55118.20,2026-07-04,settled
STL90772485,RZP4860075997,42342.22,2026-07-07,settled
STL86625483,RZP7154120953,71302.16,2026-07-13,settled
STL10847304,RZP8700802495,21045.59,2026-07-14,settled
STL95090989,RZP4430676547,56389.91,2026-07-04,settled
STL84413448,RZP5224950031,59806.95,2026-07-15,settled
STL84608123,RZP9239010902,62908.55,2026-07-15,reversed
STL10608260,RZP8214674122,57662.60,2026-07-01,settled
STL15028625,RZP8679232444,14380.22,2026-07-12,settled
STL58438711,RZP4401896171,18136.85,2026-07-08,settled
STL39958838,RZP3746317213,2363.30,2026-07-05,settled
STL31148865,RZP6174162427,66823.54,2026-07-04,settled
STL30531509,RZP4826492627,29045.77,2026-07-12,settled
STL77573618,RZP6045849677,10029.79,2026-07-11,settled
STL30766764,RZP5603945749,10680.90,2026-07-08,settled
STL64522557,RZP6012792578,69975.86,2026-07-12,settled
STL20460308,RZP3272127173,55205.38,2026-07-14,settled
STL74082055,RZP5973319056,49140.51,2026-07-15,settled
STL61760093,RZP5379942591,71473.74,2026-07-08,settled
STL84664486,RZP5213417143,3762.42,2026-07-05,settled
STL46939015,RZP8661202977,19277.80,2026-07-10,settled
STL37812984,RZP5780027794,69274.29,2026-07-14,settled
STL78183324,RZP5665996245,29728.17,2026-07-15,settled
STL38692049,RZP1525289999,24234.89,2026-07-01,settled
STL91734809,RZP3536398089,22216.83,2026-07-08,settled
STL12064402,RZP9247849179,22930.65,2026-07-11,settled
STL66813149,RZP8271480813,51670.51,2026-07-12,settled
STL67448939,RZP3933050644,8018.00,2026-07-01,settled
STL77122647,RZP4668522545,15161.10,2026-07-12,settled
STL70210270,RZP8858766173,52357.36,2026-07-03,settled
STL46687079,RZP8060097083,37735.81,2026-07-13,pending
STL41243240,RZP3535351634,21564.17,2026-07-04,settled
STL42444023,RZP4918602800,51068.36,2026-07-03,settled
STL39182644,RZP9872437496,20309.19,2026-07-15,settled
STL77671943,RZP3306940725,73031.70,2026-07-02,settled
STL91541438,RZP7135343382,36975.01,2026-07-13,settled
STL54832374,RZP4215284742,51893.76,2026-07-04,settled
STL92021866,RZP2444342997,14840.85,2026-07-11,settled
STL51321212,RZP2520258359,51368.09,2026-07-12,settled
STL95049442,RZP7910006877,13766.46,2026-07-03,settled
STL89151743,RZP3866755218,6885.19,2026-07-06,settled
STL50942877,RZP9389900382,38050.61,2026-07-12,reversed
STL89094966,RZP5032334601,12923.10,2026-07-11,settled
STL23881462,RZP3463183235,23608.40,2026-07-04,settled
STL50068214,RZP6015546219,42559.98,2026-07-04,settled
STL73035498,RZP5517571428,55545.02,2026-07-08,settled
STL11557250,RZP6936078258,47608.85,2026-07-08,settled
STL76151542,RZP7712353536,51482.52,2026-07-03,pending
STL46920106,RZP5631292306,26841.95,2026-07-11,settled
STL41884515,RZP9730871840,61079.03,2026-07-07,settled
STL29055219,RZP9372757146,41782.11,2026-07-12,settled
STL13633056,RZP1046163618,12609.78,2026-07-15,settled
STL47470286,RZP9390725864,32154.03,2026-07-10,settled
STL35845654,RZP1359866941,21811.99,2026-07-03,settled
STL31810655,RZP3214080278,24933.46,2026-07-10,settled
STL37296885,RZP4962457585,40587.94,2026-07-10,settled
STL64421457,RZP4138750794,36234.37,2026-07-09,settled
STL97360918,RZP1932846334,55846.04,2026-07-02,settled
STL91987797,RZP4071014902,63808.68,2026-07-03,settled
STL65093914,RZP2851305881,45694.66,2026-07-04,pending
STL73619512,RZP3663444028,59099.52,2026-07-03,settled
STL24536830,RZP8982335947,72274.44,2026-07-09,settled
STL42830348,RZP7851045975,30520.99,2026-07-13,settled
STL94195455,RZP9038253771,47197.42,2026-07-12,settled
STL25560384,RZP1229795618,45634.88,2026-07-12,settled
STL75149035,RZP2437505980,23056.31,2026-07-08,settled
STL82923013,RZP2128989501,58755.59,2026-07-07,settled
STL16931154,RZP5759135728,22996.82,2026-07-01,settled
STL14097211,RZP4176114204,72606.49,2026-07-13,settled
STL21215453,RZP4330621455,45545.44,2026-07-12,settled
STL27662714,RZP1811507547,53011.76,2026-07-14,settled
STL76895710,RZP3156696866,33782.77,2026-07-10,settled
STL68755000,RZP8252816758,52630.16,2026-07-05,settled
STL21337856,RZP4136177781,55329.15,2026-07-12,settled
STL45688526,RZP7825883668,15485.77,2026-07-09,pending
STL23342054,RZP8045164605,764.05,2026-07-04,settled
STL58368776,RZP7223423289,3649.73,2026-07-02,settled
STL52806362,RZP4833102044,43055.16,2026-07-13,settled
STL16467218,RZP4256964945,29507.09,2026-07-01,settled
STL90136436,RZP8081661918,22907.07,2026-07-14,settled
STL66156622,RZP8054772637,14203.19,2026-07-07,settled
STL67473172,RZP9461834634,3781.26,2026-07-07,settled
STL12508912,RZP9661038671,15882.62,2026-07-14,settled
STL78524204,RZP3590013765,3230.20,2026-07-04,settled
STL27883205,RZP5163217597,14378.58,2026-07-03,settled
STL10926856,RZP4478550244,53950.83,2026-07-14,settled
STL88773001,RZP3627411783,20305.69,2026-07-11,reversed
STL50308304,RZP6212001597,11029.20,2026-07-02,settled
STL35883336,RZP8630958773,2258.11,2026-07-12,settled
STL77688256,RZP4474387813,42646.48,2026-07-04,settled
STL60321442,RZP4714448882,25296.54,2026-07-09,settled
STL18303370,RZP7579621342,31954.78,2026-07-11,settled
STL75524073,RZP7822053923,67123.21,2026-07-12,settled
STL24140690,RZP1765502506,12954.37,2026-07-01,reversed
STL19797079,RZP9260707155,56027.01,2026-07-05,settled
STL64543706,RZP3115340169,47572.27,2026-07-11,settled
STL74714670,RZP4052954032,24190.08,2026-07-02,settled
STL80097494,RZP2549619910,56409.43,2026-07-03,pending
STL37677056,RZP4008689653,37435.06,2026-07-01,settled
STL64295203,RZP8299171232,53439.81,2026-07-08,settled
STL42865053,RZP7471586644,72678.16,2026-07-08,settled
STL49309860,RZP8109955309,16231.85,2026-07-04,settled
STL31464176,RZP3020547090,36325.96,2026-07-11,settled
STL74877052,RZP2404788861,8200.21,2026-07-02,pending
STL25733412,RZP1043242776,63977.02,2026-07-11,settled
STL50046269,RZP6253598941,42354.96,2026-07-10,settled
STL97531453,RZP6319880399,14067.86,2026-07-02,settled
STL59793666,RZP3070798449,8428.06,2026-07-02,settled
STL77046255,RZP6191004361,54158.85,2026-07-12,settled
STL24024381,RZP8458824572,37438.23,2026-07-03,settled
STL55905289,RZP3145887668,19565.30,2026-07-06,settled
STL98655223,RZP1561619778,12192.66,2026-07-09,settled
STL61855634,RZP8369881493,25986.50,2026-07-06,pending
STL69477569,RZP5537967771,30609.86,2026-07-08,settled
STL60987459,RZP7942947828,4398.80,2026-07-12,settled
STL76698823,RZP3482396015,9911.48,2026-07-14,settled
STL78690958,RZP9948948971,63784.13,2026-07-11,settled
STL80542438,RZP7583655883,6480.77,2026-07-02,settled
STL47015631,RZP3609024939,62616.86,2026-07-14,settled
STL24130724,RZP6513148025,2163.68,2026-07-14,settled
STL74787744,RZP7776963271,49764.54,2026-07-05,settled
STL65804273,RZP1918920620,31407.66,2026-07-06,settled
STL45894863,RZP2276236347,50712.00,2026-07-10,settled
STL14742547,RZP4437638887,639.10,2026-07-05,settled
STL66830777,RZP2871060473,40437.26,2026-07-07,settled
STL13070678,RZP1253084472,45067.57,2026-07-14,settled
STL90605482,RZP1380141147,26365.75,2026-07-08,settled
STL88110995,RZP2009733703,51570.57,2026-07-04,settled
STL45040122,RZP3242036621,37168.46,2026-07-13,reversed
STL20595135,RZP1255640911,12264.20,2026-07-07,settled
STL23453152,RZP1616423848,32266.43,2026-07-08,settled
STL55800887,RZP5902099884,70437.59,2026-07-14,settled
STL45490770,RZP6652127439,31472.87,2026-07-02,settled
STL31861832,RZP7667700338,55618.68,2026-07-05,settled
STL21393670,RZP6146956894,62615.92,2026-07-08,pending
STL22896972,RZP7995844776,50402.80,2026-07-10,settled
STL16170301,RZP9248046539,8913.84,2026-07-07,settled
STL68724936,RZP9347090313,71461.02,2026-07-10,settled
STL36852294,RZP7583085793,54958.63,2026-07-02,pending
STL66315301,RZP1644630523,65226.98,2026-07-03,settled
STL43999405,RZP6456678307,13674.26,2026-07-13,settled
STL77945312,RZP7302604314,16766.62,2026-07-02,settled
STL83117704,RZP5820378022,55854.28,2026-07-10,settled
STL52192439,RZP9927795683,51862.90,2026-07-10,settled
STL26851835,RZP6318455479,16201.10,2026-07-14,settled
STL62692263,RZP4126931245,17203.52,2026-07-13,settled
STL50620877,RZP9288425606,5927.03,2026-07-12,settled
STL41221821,RZP6649481727,54824.23,2026-07-11,settled
STL39449714,RZP5694617194,10371.77,2026-07-08,settled
STL65616876,RZP2641432015,15070.73,2026-07-14,settled
STL78391115,RZP4279916677,49365.41,2026-07-01,settled
STL14922900,RZP6498346695,58100.73,2026-07-08,settled
STL17435952,RZP4544364423,17620.98,2026-07-12,settled
STL30433459,RZP5184054736,68508.02,2026-07-03,settled
STL70916922,RZP2128713445,72787.12,2026-07-04,settled
STL82920205,RZP8240555337,62694.39,2026-07-08,settled
STL41479920,RZP7670243809,71300.41,2026-07-02,settled
STL79060560,RZP4788308237,33272.45,2026-07-04,settled
STL49684512,RZP3381646593,5631.31,2026-07-03,settled
STL85258542,RZP8750666705,58176.37,2026-07-07,settled
STL24826090,RZP3074372935,27571.70,2026-07-14,settled
STL29504200,RZP2794879800,65008.96,2026-07-15,settled
STL57120828,RZP3053548361,8773.70,2026-07-08,settled
STL20209484,RZP3477585120,9141.52,2026-07-07,settled
STL40256864,RZP2087303699,49624.98,2026-07-03,settled
STL20248176,RZP1875258405,72718.40,2026-07-15,settled
STL64464708,RZP3384083537,61740.72,2026-07-03,settled
STL85899286,RZP7393732992,19356.84,2026-07-13,settled
STL10145801,RZP6300607425,49333.65,2026-07-12,settled
STL60263183,RZP6327931863,24611.88,2026-07-13,settled
STL62670144,RZP7861020478,17729.26,2026-07-02,settled
STL14623108,RZP2173609562,33329.02,2026-07-03,settled
STL58746010,RZP6463653220,70407.92,2026-07-08,settled
STL18898648,RZP8241744354,29162.75,2026-07-14,reversed
STL47598487,RZP5422953582,55658.26,2026-07-12,settled
STL27314345,RZP1055254339,31666.45,2026-07-08,settled
STL99874179,RZP8494634323,10492.53,2026-07-14,settled
STL20523679,RZP6820149016,50652.87,2026-07-08,settled
STL71389663,RZP7232435041,40281.65,2026-07-07,settled
STL14420773,RZP3603226158,12881.57,2026-07-11,settled
STL11198019,RZP7245025436,12489.25,2026-07-02,settled
STL42576819,RZP8432663268,30869.27,2026-07-03,settled
STL46602561,RZP5125050927,17085.92,2026-07-14,settled
STL99334534,RZP1511713354,33314.83,2026-07-12,settled
STL86654142,RZP6300539676,16602.86,2026-07-11,settled
STL22108094,RZP5111730750,34812.51,2026-07-08,settled
STL84831723,RZP1908811930,29324.33,2026-07-08,settled
STL86331921,RZP9230296484,38031.02,2026-07-12,settled
STL46206485,RZP1706087750,16172.86,2026-07-08,settled
STL74825166,RZP9598391762,71342.72,2026-07-07,settled
STL69847857,RZP4306964267,34471.11,2026-07-05,settled
STL94352542,RZP6207190637,32104.78,2026-07-15,pending
STL90361394,RZP7638970971,12052.21,2026-07-09,settled
STL88400641,RZP2978664640,9908.51,2026-07-14,settled
STL34684260,RZP3581693010,63339.09,2026-07-05,reversed
STL21121877,RZP1808644367,3114.76,2026-07-15,settled
STL83458776,RZP7419751815,24553.45,2026-07-05,settled
STL61204257,RZP5479267516,21221.26,2026-07-07,settled
STL19362905,RZP7429576379,44399.84,2026-07-15,settled
STL81918425,RZP2872567668,37522.90,2026-07-14,settled
STL77536523,RZP1975581580,49630.10,2026-07-11,settled
STL31197304,RZP5705283453,52549.03,2026-07-01,settled
STL53001719,RZP6582591087,66851.60,2026-07-09,reversed
STL31593455,RZP4146796542,49362.21,2026-07-07,settled
STL39156896,RZP2301072326,32109.13,2026-07-05,settled
STL21698661,RZP9822814329,13964.71,2026-07-01,settled
STL36190686,RZP9749791813,19923.12,2026-07-11,settled
STL65151578,RZP6321174377,3920.64,2026-07-05,settled
STL87164566,RZP4080249396,46281.98,2026-07-01,settled
STL68808628,RZP9216867868,57047.28,2026-07-12,settled
STL18220248,RZP5631337741,20535.29,2026-07-15,settled
STL94910225,RZP3800558911,16691.53,2026-07-06,reversed
STL14969146,RZP2068046073,69448.48,2026-07-12,settled
STL68522192,RZP4926676276,31554.64,2026-07-14,pending
STL18337172,RZP9559132106,1977.91,2026-07-06,settled
STL91788943,RZP8108208295,46374.54,2026-07-06,settled
STL82194560,RZP4340126881,34417.56,2026-07-10,settled
STL78093611,RZP4747309869,35876.15,2026-07-11,settled
STL52985540,RZP8292249558,13950.43,2026-07-06,settled
STL74266373,RZP2944852529,36127.32,2026-07-03,settled
STL19200451,RZP8624508120,66919.97,2026-07-11,reversed
STL37889696,RZP2721886916,3375.15,2026-07-10,settled
STL66686642,RZP8999696128,33996.11,2026-07-14,settled
STL87961878,RZP4877263193,18130.31,2026-07-07,settled
STL60076287,RZP9737874336,66371.51,2026-07-06,settled
STL71946384,RZP9687743578,57398.40,2026-07-05,reversed
STL70059776,RZP3809854155,57777.52,2026-07-03,settled
STL94836532,RZP3197436453,55813.64,2026-07-04,settled
STL75733077,RZP6538703597,17310.91,2026-07-05,reversed
STL17030244,RZP7739127875,35505.28,2026-07-11,settled
STL71839630,RZP7771065861,26825.95,2026-07-02,settled
STL55481326,RZP3272452599,58531.94,2026-07-03,settled
STL52842504,RZP7032817733,15504.90,2026-07-12,reversed
STL24609529,RZP7726537890,45323.85,2026-07-05,settled
STL96662893,RZP7758889508,20411.30,2026-07-10,settled
STL17622114,RZP9551204879,50950.69,2026-07-08,settled
STL13558608,RZP5037798344,17546.48,2026-07-02,settled
STL79634768,RZP7333510134,34737.52,2026-07-14,settled
STL18147739,RZP7785446735,39027.89,2026-07-06,settled
STL77176544,RZP1735888343,17227.39,2026-07-10,settled
STL43569749,RZP8553112838,35346.32,2026-07-03,settled
STL45415645,RZP3279791190,12967.70,2026-07-14,settled
STL78808502,RZP6903126892,27044.19,2026-07-10,reversed
STL46152919,RZP5879986988,73042.25,2026-07-07,settled
STL32838452,RZP5768459468,57392.25,2026-07-02,settled
STL42389595,RZP7446355231,29175.59,2026-07-08,settled
STL62222696,RZP9439600419,22825.44,2026-07-04,settled
STL62736741,RZP8793326047,60385.22,2026-07-03,settled
STL70851317,RZP8952539476,22199.56,2026-07-12,settled
STL46260563,RZP1202047881,24343.25,2026-07-02,settled
STL51663795,RZP2439622619,61472.55,2026-07-13,settled
STL31097223,RZP6570373764,61215.00,2026-07-08,settled
STL83670555,RZP3804554224,47374.11,2026-07-05,settled
STL53137197,RZP2290719288,1742.86,2026-07-09,settled
STL19475530,RZP4139143119,12391.79,2026-07-14,pending
STL62013608,RZP9311053254,9797.48,2026-07-08,settled
STL58176692,RZP9762113365,65465.17,2026-07-03,settled
STL13977921,RZP4435293304,61108.92,2026-07-08,settled
STL52859035,RZP2240231474,68836.55,2026-07-04,settled
STL72078535,RZP2774628423,36217.85,2026-07-09,settled
STL23300232,RZP5024947275,3616.70,2026-07-05,settled
STL18897725,RZP3027910932,29475.55,2026-07-08,settled
STL59987814,RZP3521601954,14222.10,2026-07-03,settled
STL10462918,RZP9283187110,54893.44,2026-07-01,settled
STL30094749,RZP7562855431,11466.37,2026-07-15,pending
STL50727906,RZP4681499860,71035.64,2026-07-15,settled
STL27687148,RZP6941818286,55319.26,2026-07-07,pending
STL63714593,RZP9232151988,29225.39,2026-07-08,settled
STL26369021,RZP1281903547,47360.96,2026-07-02,settled
STL25862805,RZP5535719338,59189.50,2026-07-01,settled
STL36911168,RZP1372227306,7184.96,2026-07-15,settled
STL86010158,RZP7441151847,42881.66,2026-07-07,settled
STL52844352,RZP7106766101,30227.46,2026-07-02,settled
STL47890884,RZP6173942150,30394.48,2026-07-14,settled
STL95320770,RZP5036280384,23486.12,2026-07-12,settled
STL45311133,RZP6143694872,20117.86,2026-07-08,settled
STL40981524,RZP8051283796,16190.40,2026-07-02,settled
STL88514495,RZP9122284596,8906.40,2026-07-08,settled
STL39448924,RZP6330710675,40259.87,2026-07-13,settled
STL54227963,RZP3478940001,40425.61,2026-07-05,settled
STL69772630,RZP5591725617,63915.93,2026-07-12,settled
STL98732634,RZP1908459040,14424.47,2026-07-06,settled
STL25372142,RZP5736197251,49926.80,2026-07-12,settled
STL54438382,RZP4647797507,39480.10,2026-07-05,settled
STL66937033,RZP9972153533,18494.42,2026-07-06,settled
STL92218293,RZP9161806186,25941.90,2026-07-12,settled
STL32599802,RZP9922180172,62852.01,2026-07-11,settled
STL44905944,RZP3349689476,52281.56,2026-07-13,settled
STL23596622,RZP6125954569,69187.90,2026-07-03,settled
STL37860241,RZP5820448898,63419.07,2026-07-14,settled
STL48294101,RZP6665159648,56163.91,2026-07-10,settled
STL66317377,RZP9156527614,34187.14,2026-07-03,settled
STL84082682,RZP3606735113,69341.94,2026-07-04,settled
STL42385743,RZP3245577736,7098.69,2026-07-12,settled
STL93899820,RZP6358045657,56401.39,2026-07-11,settled
STL98486477,RZP4424324949,31669.99,2026-07-07,settled
STL30188465,RZP6495146097,37095.38,2026-07-02,settled
STL10073117,RZP6380145199,39246.22,2026-07-13,settled
STL75441993,RZP5910110341,64748.35,2026-07-03,settled
STL94946730,RZP2349406919,72360.81,2026-07-06,settled
STL86829631,RZP9572389939,30927.67,2026-07-06,settled
STL40092362,RZP9348903497,52493.92,2026-07-04,pending
STL91165232,RZP1778068163,17416.11,2026-07-04,settled
STL31590418,RZP7656396707,35931.34,2026-07-15,settled
STL18559981,RZP9142577799,36008.67,2026-07-12,settled
STL99748903,RZP3534211575,64198.47,2026-07-01,settled
STL21710526,RZP8365529848,39757.47,2026-07-13,settled
STL75970674,RZP2632786090,40824.21,2026-07-05,settled
STL69625397,RZP3589609319,60888.55,2026-07-13,settled
STL95682794,RZP5517226989,6680.77,2026-07-03,settled
STL60320365,RZP9635325734,45018.28,2026-07-06,settled
STL85776544,RZP2388438102,10984.82,2026-07-04,settled
STL65000947,RZP3024328956,37825.97,2026-07-02,settled
STL94686715,RZP7634421476,26755.06,2026-07-14,settled
STL97317744,RZP2065477404,16381.90,2026-07-08,settled
STL57759672,RZP9412720049,37766.10,2026-07-06,settled
STL53122268,RZP4116574332,67936.50,2026-07-08,settled
STL30603533,RZP2983672651,17417.66,2026-07-07,settled
STL37590015,RZP4193579876,2404.35,2026-07-04,settled
STL28315945,RZP7375355204,55411.07,2026-07-12,settled
STL94577206,RZP1808677956,33563.15,2026-07-03,settled
STL29378957,RZP9252205817,14474.73,2026-07-01,settled
STL38027525,RZP6066305584,32755.53,2026-07-01,pending
STL64471123,RZP1473337600,23222.51,2026-07-06,settled
STL16159129,RZP8201657412,32236.64,2026-07-02,settled
STL14976948,RZP4355813211,60381.47,2026-07-02,settled
STL28462715,RZP9627624666,12318.73,2026-07-12,pending
STL67085807,RZP3403283611,5456.92,2026-07-06,settled
STL67615231,RZP8997418957,73436.51,2026-07-07,settled
STL29720859,RZP7782954171,47939.89,2026-07-10,settled
STL33662050,RZP3639562517,8184.49,2026-07-07,settled
STL74660894,RZP9884239160,66149.09,2026-07-04,settled
STL53163063,RZP2392578489,73201.07,2026-07-10,settled
STL67069281,RZP8194023175,31136.57,2026-07-13,settled
STL56150365,RZP1792406808,42405.30,2026-07-01,settled
STL54794195,RZP1533960292,38199.88,2026-07-10,settled
STL51373213,RZP7394745338,1029.92,2026-07-02,settled
STL47691414,RZP5178604256,43468.67,2026-07-01,settled
STL90197611,RZP7800411181,4125.03,2026-07-05,settled
STL14478770,RZP3546553387,74071.60,2026-07-13,settled
STL58767001,RZP3415200001,49267.40,2026-07-08,settled
STL70887307,RZP9984030846,40020.96,2026-07-07,settled
STL83512844,RZP6216640516,57756.96,2026-07-01,pending
STL97730855,RZP3922662676,842.96,2026-07-08,settled
STL95976176,RZP4392849534,64833.97,2026-07-11,settled
STL76968371,RZP4918891148,69039.75,2026-07-11,settled
STL24657945,RZP7964420564,64997.80,2026-07-13,settled
STL65870993,RZP3469569280,19940.48,2026-07-05,settled
STL35020518,RZP4048090198,67838.47,2026-07-08,settled
STL32461373,RZP6642708009,56316.01,2026-07-13,settled
STL52914348,RZP8163167364,44913.22,2026-07-07,settled
STL35058624,RZP1205735266,74636.71,2026-07-11,settled
STL69193052,RZP1176369928,10777.53,2026-07-01,settled
STL87099818,RZP8592552300,40161.14,2026-07-11,settled
STL98222615,RZP7322691495,25123.32,2026-07-06,settled
STL45392447,RZP7759218405,976.88,2026-07-02,settled
STL87630954,RZP9807858188,41105.16,2026-07-09,settled
STL25894291,RZP7020642055,53787.51,2026-07-14,settled
STL80980044,RZP8989870040,9338.17,2026-07-09,settled
STL78557897,RZP3539302505,8414.29,2026-07-04,settled
STL27493820,RZP8368576255,37295.14,2026-07-11,reversed
STL87719053,RZP7161399268,10228.22,2026-07-01,settled
STL34664775,RZP6283507492,30868.32,2026-07-11,settled
STL17176785,RZP2825310322,11471.97,2026-07-02,settled
STL15713836,RZP5244088731,22632.93,2026-07-14,reversed
STL58111940,RZP8032584042,49278.58,2026-07-12,settled
STL62226408,RZP4393607063,60368.05,2026-07-07,settled
STL66236096,RZP9618430956,66459.66,2026-07-07,settled
STL69702849,RZP5419801487,38860.33,2026-07-02,settled
STL40749632,RZP4123450065,4510.49,2026-07-02,settled
STL14929963,RZP7541418750,62297.76,2026-07-11,settled
STL59536806,RZP5791491914,21057.76,2026-07-08,settled
STL56009159,RZP9457591461,63433.19,2026-07-03,settled
STL39248539,RZP2779910645,31682.15,2026-07-05,settled
STL53015526,RZP5841604071,27094.10,2026-07-04,settled
STL43471718,RZP6327112399,19151.27,2026-07-11,settled
STL71854161,RZP5118899075,62008.31,2026-07-14,settled
STL31488992,RZP6391197367,35227.59,2026-07-02,settled
STL23028371,RZP5192423776,49958.25,2026-07-03,settled
STL63177575,RZP1280540492,64453.73,2026-07-12,settled
STL21037085,RZP8705963913,70362.79,2026-07-15,settled
STL24960060,RZP4843064487,34218.99,2026-07-02,settled
STL87420166,RZP3840364562,27782.69,2026-07-14,settled
STL26314358,RZP7249131725,4116.50,2026-07-05,settled
STL61545284,RZP8764389284,1401.72,2026-07-15,settled
STL46811576,RZP8217238379,69469.51,2026-07-03,settled
STL54517960,RZP5472333042,23602.12,2026-07-11,reversed
STL41272998,RZP6356417479,528.22,2026-07-04,reversed
STL99484309,RZP6865624655,12737.80,2026-07-04,settled
STL38274894,RZP3535906014,68086.29,2026-07-13,settled
STL54519864,RZP7794142030,67491.49,2026-07-13,settled
STL44311090,RZP2211769923,62559.28,2026-07-04,settled
STL32615236,RZP1259956929,57117.44,2026-07-01,settled
STL53723253,RZP9643085877,35767.56,2026-07-10,settled
STL24327745,RZP5550022301,74575.53,2026-07-04,settled
STL22396885,RZP1989872698,15198.55,2026-07-06,settled
STL57594407,RZP7244939749,45582.19,2026-07-06,settled
STL31010543,RZP2563276537,73452.27,2026-07-14,settled
STL28689791,RZP1053780353,50579.66,2026-07-08,settled
STL54983649,RZP5542777202,71545.98,2026-07-13,settled
STL61951154,RZP3533477420,38514.77,2026-07-05,settled
STL24582701,RZP1335350463,4929.50,2026-07-10,settled
STL45654893,RZP9662348994,28215.29,2026-07-08,settled
STL85786140,RZP3195475289,50247.34,2026-07-13,settled
STL54784210,RZP5222538505,73747.17,2026-07-13,settled
STL94289287,RZP1892175710,61821.89,2026-07-06,settled
STL75818175,RZP3991528284,26389.26,2026-07-11,settled
STL32932239,RZP7187800042,67829.14,2026-07-08,settled
STL45438669,RZP1718887876,17568.83,2026-07-10,settled
STL17575494,RZP6982124095,68121.68,2026-07-10,settled
STL61361533,RZP4702361794,36406.78,2026-07-05,settled
STL37626181,RZP9128820465,9698.62,2026-07-12,settled
STL66146977,RZP7225877191,22099.79,2026-07-12,settled
STL52088474,RZP3745457620,25951.82,2026-07-15,settled
STL33866225,RZP9932365625,69462.87,2026-07-04,settled
STL14999505,RZP2907890425,62248.05,2026-07-02,reversed
STL89953100,RZP4998656050,36463.44,2026-07-11,settled
STL42705658,RZP5333009936,66088.66,2026-07-03,settled
STL12459062,RZP8667609693,74213.21,2026-07-13,settled
STL25194209,RZP1261399943,11264.36,2026-07-06,settled
STL89009893,RZP8950573593,58974.66,2026-07-02,settled
STL52803305,RZP3045102506,33143.36,2026-07-12,settled
STL53908553,RZP9306613605,42527.08,2026-07-08,settled
STL78715354,RZP7650227343,33517.47,2026-07-12,settled
STL64396768,RZP5592764774,1402.72,2026-07-11,settled
STL43146793,RZP3015835496,73560.33,2026-07-04,settled
STL12665487,RZP4555408315,51222.19,2026-07-09,settled
STL91271137,RZP7550043232,72176.81,2026-07-09,settled
STL76001106,RZP8996039244,8999.49,2026-07-02,settled
STL54671170,RZP6434194365,74875.97,2026-07-07,settled
STL44413545,RZP5462755741,48852.94,2026-07-09,settled
STL26288992,RZP3738900744,59630.38,2026-07-09,settled
STL67075357,RZP6059762573,40020.81,2026-07-10,settled
STL86315836,RZP5933645448,60834.27,2026-07-02,settled
STL61430193,RZP1200793449,63014.61,2026-07-08,settled
STL54493493,RZP4604169265,73236.05,2026-07-15,settled
STL86522141,RZP1802690946,21634.76,2026-07-07,settled
STL28578023,RZP9578388062,29509.05,2026-07-09,settled
STL21461053,RZP3027520221,13375.20,2026-07-09,settled
STL73830493,RZP5713824027,13127.04,2026-07-01,settled
STL59803545,RZP8830461508,37087.44,2026-07-08,settled
STL70862510,RZP9168266836,21818.24,2026-07-07,reversed
STL84836134,RZP4367289409,35976.77,2026-07-08,settled
STL87083309,RZP4974182654,73580.04,2026-07-12,settled
STL96551818,RZP5738455979,35874.17,2026-07-03,settled
STL25063426,RZP9378307592,16602.42,2026-07-05,settled
STL24947264,RZP3391665989,11180.58,2026-07-06,settled
STL44954629,RZP8492914483,35818.40,2026-07-01,settled
STL46592694,RZP9181843256,51019.98,2026-07-08,settled
STL51790494,RZP9310958762,47253.89,2026-07-03,settled
STL39617857,RZP8389326831,48710.55,2026-07-06,settled
STL59152278,RZP8943645600,33268.43,2026-07-08,settled
STL82221951,RZP6175348293,63663.52,2026-07-06,settled
STL71977968,RZP3475678519,21735.25,2026-07-11,settled
STL73323698,RZP8394408253,20748.51,2026-07-12,settled
STL26299272,RZP5145260536,8946.12,2026-07-08,settled
STL49329526,RZP7301527061,20252.76,2026-07-10,settled
STL91915661,RZP3908281627,5596.66,2026-07-10,settled
STL75684585,RZP7450184446,12704.34,2026-07-05,settled
STL44970507,RZP6358129812,51731.72,2026-07-03,settled
STL78128910,RZP3756089642,22619.31,2026-07-01,settled
STL26773479,RZP7552859825,56287.88,2026-07-14,settled
STL17583144,RZP5855605194,50058.44,2026-07-09,settled
STL10706312,RZP3779798671,57073.49,2026-07-07,settled
STL93184327,RZP7255107858,35245.19,2026-07-11,settled
STL98393710,RZP1909308096,20027.46,2026-07-03,settled
STL84352009,RZP6312974972,60452.35,2026-07-06,settled
STL14587918,RZP1724920897,19058.43,2026-07-02,settled
STL65635119,RZP2715523894,5587.85,2026-07-15,settled
STL65044235,RZP1676047395,65071.45,2026-07-15,settled
STL20607284,RZP9460522459,22792.49,2026-07-12,settled
STL65864403,RZP1027271239,13866.26,2026-07-02,settled
STL63167996,RZP3594921532,8152.86,2026-07-13,settled
STL19192196,RZP3726289216,72126.57,2026-07-13,settled
STL71363812,RZP9729790084,26373.03,2026-07-14,settled
STL60371504,RZP8517664054,7959.59,2026-07-04,settled
STL50246214,RZP4787892674,27921.82,2026-07-01,settled
STL72432046,RZP7115945125,72478.56,2026-07-13,settled
STL95225865,RZP8484903265,72684.68,2026-07-05,settled
STL97429522,RZP2337295283,23488.37,2026-07-08,settled
STL19735027,RZP4939447721,58190.30,2026-07-14,settled
STL47828666,RZP5448393478,19518.43,2026-07-02,settled
STL82207079,RZP6415780814,13904.53,2026-07-01,settled
STL43034353,RZP5514491160,40156.51,2026-07-11,settled
STL24678711,RZP5639296557,67396.97,2026-07-05,settled
STL59386293,RZP8330608859,66977.14,2026-07-02,settled
STL93804267,RZP3782188898,33671.30,2026-07-03,settled
STL80055957,RZP4619584847,18085.07,2026-07-10,settled
STL51860966,RZP7861220377,69887.34,2026-07-06,settled
STL65963010,RZP6576763981,69068.66,2026-07-01,settled
STL12947360,RZP2682321222,53060.60,2026-07-06,settled
STL36725847,RZP6718386472,8670.76,2026-07-03,settled
STL37784045,RZP2386089888,22327.15,2026-07-15,settled
STL67161502,RZP5586697625,28177.33,2026-07-06,pending
STL82177752,RZP4801053993,2910.90,2026-07-02,settled
STL25924978,RZP4536878287,58339.04,2026-07-04,settled
STL35429761,RZP2500493518,46099.77,2026-07-14,settled
STL81012764,RZP2377142646,13932.60,2026-07-08,settled
STL81318173,RZP1804557597,3485.00,2026-07-01,settled
STL52939958,RZP4322233185,29099.46,2026-07-01,settled
STL95758290,RZP3884494006,19347.23,2026-07-07,settled
STL80979534,RZP3449142215,7883.37,2026-07-10,settled
STL65870599,RZP3369546522,22131.59,2026-07-07,reversed
STL99965548,RZP2076343427,53327.92,2026-07-03,settled
STL20782081,RZP1707242348,11092.62,2026-07-01,settled
STL21848331,RZP9039383947,68396.36,2026-07-04,settled
STL48045115,RZP2759682817,9979.79,2026-07-07,pending
STL71177915,RZP2545326634,12207.43,2026-07-12,reversed
STL20865413,RZP5515015754,31251.82,2026-07-07,settled
STL51246696,RZP5564570138,17147.55,2026-07-04,settled
STL15809144,RZP3547672267,35446.63,2026-07-15,settled
STL48013916,RZP6049590132,28843.54,2026-07-05,settled
STL20355956,RZP2014128816,56150.70,2026-07-09,settled
STL83847719,RZP4437569809,17748.19,2026-07-05,settled
STL29196573,RZP3253297763,6990.56,2026-07-01,settled
STL70030582,RZP8318812732,74917.88,2026-07-12,settled
STL35280389,RZP7961932703,60092.84,2026-07-12,settled
STL92161908,RZP4180065629,51627.02,2026-07-01,settled
STL73530346,RZP8668326927,28636.08,2026-07-13,pending
STL52386800,RZP3896538580,31839.64,2026-07-11,settled
STL73977067,RZP7942629083,51487.20,2026-07-15,settled
STL37254845,RZP5088666917,17626.53,2026-07-08,settled
STL90742112,RZP8522769101,6254.75,2026-07-13,settled
STL96712221,RZP4284366124,64132.60,2026-07-01,pending
STL22272490,RZP7711410370,16969.34,2026-07-10,settled
STL47385258,RZP8040046705,37927.45,2026-07-10,settled
STL53563380,RZP2044573716,23745.48,2026-07-10,settled
STL43726500,RZP1375697050,67750.21,2026-07-15,settled
STL21908083,RZP9932724522,73815.10,2026-07-08,settled
STL25982192,RZP3780742797,5469.14,2026-07-07,reversed
STL12549880,RZP2877287204,3651.35,2026-07-11,settled
STL36389336,RZP2496593070,21325.87,2026-07-15,settled
STL86851987,RZP3118519630,40798.40,2026-07-02,settled
STL58771134,RZP4118282638,22325.75,2026-07-07,settled
STL90947751,RZP2003966547,23889.37,2026-07-04,settled
STL51512297,RZP3369305560,46090.15,2026-07-02,settled
STL65166830,RZP3361923184,38161.83,2026-07-09,settled
STL20370954,RZP4535780913,45987.21,2026-07-13,settled
STL46490295,RZP1893165694,52515.94,2026-07-03,settled
STL76980956,RZP3127958496,13966.78,2026-07-04,settled
STL45127441,RZP3131359401,62538.09,2026-07-10,settled
STL10176075,RZP5319946029,32579.35,2026-07-04,settled
STL58789023,RZP4709315603,51521.87,2026-07-04,settled
STL97059278,RZP3067635059,27442.53,2026-07-05,settled
STL39068668,RZP9067895627,2774.66,2026-07-13,settled
STL52877373,RZP7602908750,40323.07,2026-07-06,settled
STL84893109,RZP1225281867,35344.42,2026-07-04,settled
STL43316006,RZP3965017100,42799.42,2026-07-10,settled
STL43817910,RZP4768971565,17914.90,2026-07-05,reversed
STL75694038,RZP8350384902,62221.89,2026-07-13,settled
STL60162748,RZP1199762265,58350.69,2026-07-06,settled
STL52217539,RZP7066267665,28507.84,2026-07-06,settled
STL18268662,RZP8880186865,33892.41,2026-07-15,settled
STL13409779,RZP7007120883,29040.59,2026-07-15,settled
STL55119729,RZP7150116885,59084.44,2026-07-03,settled
STL46502180,RZP8382494022,15601.05,2026-07-05,settled
STL89938289,RZP3950384825,62388.78,2026-07-09,settled
STL63197220,RZP3463990919,73303.78,2026-07-13,settled
STL88577085,RZP8684325052,25999.91,2026-07-03,settled
STL54596500,RZP8965221225,68000.40,2026-07-05,pending
STL88960190,RZP7754571433,16861.13,2026-07-05,reversed
STL90552456,RZP5369152506,68921.48,2026-07-12,settled
STL28458598,RZP6831030525,30398.86,2026-07-15,settled
STL35042738,RZP2664416298,28141.03,2026-07-07,settled
STL31980274,RZP8588769565,13000.29,2026-07-10,settled
STL87675137,RZP3571904962,63619.01,2026-07-07,settled
STL27272302,RZP5634177353,13373.76,2026-07-03,settled
STL94790719,RZP9395294304,36752.54,2026-07-11,settled
STL98203816,RZP1010115401,72641.43,2026-07-09,settled
STL27083565,RZP4956654409,32214.80,2026-07-02,settled
STL54575066,RZP3666500636,69619.09,2026-07-13,settled
STL61094713,RZP2784923817,1483.67,2026-07-11,settled
STL78227286,RZP4162014755,41715.36,2026-07-07,settled
STL95899843,RZP8079919564,50745.70,2026-07-11,settled
STL29009846,RZP1623408541,73486.01,2026-07-04,settled
STL52826881,RZP5461761747,27412.83,2026-07-10,settled
STL94245755,RZP6000111501,16351.99,2026-07-09,settled
STL18960467,RZP6412695831,18885.37,2026-07-05,pending
STL88582576,RZP7794468346,42206.15,2026-07-03,reversed
STL38143615,RZP4533237956,26049.36,2026-07-05,settled
STL44311757,RZP1940246473,26701.13,2026-07-10,settled
STL74526697,RZP7457248418,64958.27,2026-07-09,settled
STL27170426,RZP6739101545,37845.50,2026-07-11,pending
STL49957816,RZP3346569443,74238.29,2026-07-02,settled
STL99119044,RZP8913474386,26049.38,2026-07-03,settled
STL18115890,RZP7619972357,45851.99,2026-07-02,settled
STL74259389,RZP1883143945,74282.18,2026-07-07,settled
STL39105795,RZP2815152068,51705.61,2026-07-13,settled
STL87731293,RZP3714326854,9762.70,2026-07-02,settled
STL58723900,RZP5426543084,60312.38,2026-07-07,settled
STL64508531,RZP4887686435,27259.10,2026-07-04,settled
STL13330289,RZP9560069539,24460.19,2026-07-09,settled
STL43584015,RZP9630482562,817.61,2026-07-10,pending
STL93881231,RZP7614024489,15405.74,2026-07-07,settled
STL22958759,RZP3462289417,28583.29,2026-07-03,reversed
STL66486006,RZP1876613526,48366.64,2026-07-08,reversed
STL62189103,RZP2452127464,19309.95,2026-07-07,settled
STL14253367,RZP7253365428,5891.85,2026-07-04,pending
STL24280343,RZP7100142170,10570.77,2026-07-12,settled
STL89575745,RZP2990636931,10488.93,2026-07-02,settled
STL88675126,RZP6931131419,28763.05,2026-07-03,settled
STL54430783,RZP4012767672,15345.44,2026-07-02,settled
STL79701720,RZP2334584949,73020.09,2026-07-06,settled
STL72117013,RZP8924675684,9882.22,2026-07-11,settled
STL51999994,RZP2313552042,68605.76,2026-07-02,settled
STL17870601,RZP3632148318,38390.54,2026-07-15,settled
STL69314946,RZP4942099283,5421.58,2026-07-10,settled
STL36184828,RZP2679603225,39824.41,2026-07-05,settled
STL65486690,RZP6022993811,7625.11,2026-07-06,settled
STL25719084,RZP9568350644,60130.88,2026-07-14,settled
STL55283701,RZP2730059192,67239.30,2026-07-15,settled
STL62348398,RZP7982623683,23848.74,2026-07-02,settled
STL18562123,RZP8597243689,12660.71,2026-07-06,reversed
STL75479349,RZP7567948114,14627.17,2026-07-06,settled
STL95656500,RZP3062994753,7725.52,2026-07-04,settled
STL15881443,RZP9398861586,68538.29,2026-07-04,reversed
STL75340467,RZP5291526188,56102.14,2026-07-08,settled
STL92420626,RZP7127056267,17990.42,2026-07-02,settled
STL49107858,RZP8251009913,3296.80,2026-07-11,settled
STL54386555,RZP8990644058,48581.46,2026-07-08,settled
STL25783147,RZP6297464722,14738.33,2026-07-02,settled
STL70216892,RZP1923900025,35879.39,2026-07-03,settled
STL81942460,RZP7217550774,16987.60,2026-07-15,settled
STL46608405,RZP5055409024,4983.50,2026-07-01,settled
STL86487490,RZP7264335871,19023.98,2026-07-03,settled
STL40491858,RZP7826352269,45354.70,2026-07-06,settled
STL67061186,RZP9263135031,59193.19,2026-07-11,settled
STL43628663,RZP4987399370,59406.02,2026-07-09,settled
STL94655387,RZP4416745626,66533.90,2026-07-04,reversed
STL44696142,RZP5760919464,44202.22,2026-07-01,reversed
STL29797369,RZP3338035570,60559.38,2026-07-02,pending
STL97966375,RZP8131923452,51216.30,2026-07-12,settled
STL55930192,RZP3303186241,70884.95,2026-07-06,settled
STL17709878,RZP9822459571,18525.59,2026-07-11,settled
STL52131215,RZP3100426903,53510.42,2026-07-08,reversed
STL48947295,RZP8912935292,15902.51,2026-07-10,settled
STL28595489,RZP2059151220,45077.90,2026-07-11,settled
STL63860725,RZP6362001299,15310.46,2026-07-12,settled
STL33473742,RZP5323395110,48091.05,2026-07-05,settled
STL84019202,RZP3512900290,59305.98,2026-07-07,settled
STL50993781,RZP4274724446,20141.95,2026-07-04,pending
STL37457064,RZP6361343908,49757.99,2026-07-10,settled
STL98215833,RZP9194196378,48939.12,2026-07-15,settled
STL28081314,RZP1640979105,61017.90,2026-07-13,settled
STL81362450,RZP1106472872,42602.28,2026-07-03,settled
STL86595432,RZP3843230247,31575.48,2026-07-13,settled
STL12000224,RZP1910924450,11355.07,2026-07-01,settled
STL98154565,RZP7136727496,31160.44,2026-07-06,settled
STL71384865,RZP5939456147,6654.50,2026-07-02,settled
STL69589132,RZP9369885242,35528.75,2026-07-12,settled
STL59028567,RZP6972224708,70323.31,2026-07-07,settled
STL87736262,RZP3090237817,14647.39,2026-07-04,settled
STL30978044,RZP9836317278,60001.87,2026-07-03,settled
STL78749270,RZP6388926512,58050.92,2026-07-12,settled
STL16093116,RZP9531919269,9399.88,2026-07-08,settled
STL99398378,RZP5718502718,30710.82,2026-07-03,reversed
STL74398125,RZP4027526473,51922.87,2026-07-08,settled
STL63196481,RZP2590770430,23446.55,2026-07-08,settled
STL65125778,RZP5730209740,37157.44,2026-07-02,settled
STL82536810,RZP9483773007,1700.80,2026-07-14,settled
STL90312157,RZP3533528221,5465.19,2026-07-04,settled
STL57726845,RZP7117754787,25431.07,2026-07-05,settled
STL87346846,RZP1249166485,34177.97,2026-07-04,settled
STL46328716,RZP8532520509,22157.28,2026-07-02,settled
STL19980384,RZP7836656538,21165.98,2026-07-12,settled
STL45878126,RZP1109170808,73906.53,2026-07-12,pending
STL30747337,RZP6743581077,6636.88,2026-07-03,pending
STL88390358,RZP1519978813,34681.55,2026-07-06,settled
STL79444170,RZP5159594821,56332.35,2026-07-03,settled
STL57615106,RZP9489709081,20871.20,2026-07-14,settled
STL20302264,RZP5881812661,61122.92,2026-07-15,settled
STL16986310,RZP4296793876,19425.01,2026-07-06,settled
STL58366780,RZP6434388578,51990.34,2026-07-14,pending
STL28521675,RZP9625348670,12129.72,2026-07-14,settled
STL99966671,RZP6112012137,51719.20,2026-07-06,pending
STL76749487,RZP3028462480,20681.31,2026-07-04,settled
STL69517329,RZP5009988820,65028.34,2026-07-09,settled
STL97314737,RZP5573962195,50848.76,2026-07-15,settled
STL82720610,RZP7004437224,11806.32,2026-07-14,settled
STL60501401,RZP4038777992,23366.26,2026-07-12,settled
STL46218615,RZP4054088518,62234.84,2026-07-08,settled
STL69220157,RZP9961153645,16158.97,2026-07-03,settled
STL16808353,RZP5600953105,46188.08,2026-07-06,settled
STL81569760,RZP2638844388,17026.27,2026-07-01,settled
STL79882458,RZP5517532851,40718.42,2026-07-09,settled
STL33536332,RZP4969115197,53530.01,2026-07-05,settled
STL87715605,RZP7253642881,2971.69,2026-07-14,settled
STL88249073,RZP2318766528,13243.17,2026-07-04,settled
STL86391152,RZP9778256009,46866.18,2026-07-08,settled
STL89618031,RZP2897103072,65783.73,2026-07-01,settled
STL31081555,RZP5975495777,69970.18,2026-07-03,settled
STL35804743,RZP2160900885,39483.50,2026-07-14,pending
STL89434545,RZP8646236268,52200.35,2026-07-09,settled
STL89896025,RZP6150481898,4298.98,2026-07-07,settled
STL68504692,RZP7354822256,31060.63,2026-07-01,settled
STL45077368,RZP1618007085,17298.12,2026-07-08,settled
STL59269072,RZP5091107475,32076.25,2026-07-15,settled
STL86225604,RZP2960059942,8230.54,2026-07-08,settled
STL87970151,RZP1929342747,3171.14,2026-07-10,settled
STL85050422,RZP5650955203,46151.81,2026-07-14,pending
STL66936428,RZP3290101581,47206.51,2026-07-04,settled
STL46450619,RZP3690058119,15612.42,2026-07-11,settled
STL61448510,RZP7691841063,66276.90,2026-07-12,reversed
STL53094912,RZP3611803582,60077.31,2026-07-08,settled
STL58650776,RZP8274633140,35154.19,2026-07-10,settled
STL38418851,RZP5660584367,16148.94,2026-07-12,settled
STL53143704,RZP6566504900,29177.08,2026-07-09,settled
STL45767359,RZP2657635896,61840.28,2026-07-10,pending
STL92760675,RZP7490290050,22210.59,2026-07-06,reversed
STL88583267,RZP5795033864,71769.26,2026-07-08,settled
STL19782015,RZP1276466636,46086.82,2026-07-02,settled
STL42297865,RZP3457537178,53267.87,2026-07-06,settled
STL27551586,RZP3801672762,13041.10,2026-07-02,settled
STL75188533,RZP1160385771,16771.58,2026-07-14,settled
STL52351832,RZP7426901412,68165.98,2026-07-14,settled
STL23307600,RZP1673671104,67555.14,2026-07-12,settled
STL11762000,RZP5788478677,5241.33,2026-07-01,settled
STL46039426,RZP7550139546,23104.06,2026-07-04,settled
STL63583459,RZP6430485172,70279.65,2026-07-08,settled
STL99520336,RZP9180758909,48199.77,2026-07-06,settled
STL73960898,RZP7016703050,29538.04,2026-07-09,settled
STL89438978,RZP9175757940,42233.61,2026-07-07,settled
STL23591973,RZP2843253517,50322.31,2026-07-01,settled
STL97952978,RZP6427059484,16514.73,2026-07-06,settled
STL34517538,RZP7076426728,43561.05,2026-07-11,settled
STL99953759,RZP7318463853,13958.38,2026-07-06,pending
STL76543529,RZP5061737765,36824.74,2026-07-06,settled
STL50994840,RZP7423448074,16371.86,2026-07-04,settled
STL78717416,RZP9548572472,31291.77,2026-07-07,settled
STL30879088,RZP5855169649,5221.50,2026-07-03,settled
STL92836863,RZP1789810148,35659.25,2026-07-01,settled
STL53081518,RZP1182852834,73593.08,2026-07-15,settled
STL93872717,RZP9732070589,10443.43,2026-07-01,settled
STL98941541,RZP9836953698,29898.50,2026-07-03,settled
STL24453401,RZP4133380148,28082.78,2026-07-11,settled
STL99330247,RZP3510839232,24651.33,2026-07-02,settled
STL14798315,RZP9733048540,36164.44,2026-07-11,pending
STL43983232,RZP9427279074,26957.31,2026-07-15,settled
STL16273521,RZP4971661385,26589.47,2026-07-13,settled
STL18079655,RZP6673825968,41260.57,2026-07-06,settled
STL89728236,RZP9255176775,6995.62,2026-07-10,settled
STL75472957,RZP7518970293,29269.53,2026-07-14,settled
STL64383490,RZP8023357726,73180.76,2026-07-04,settled
STL88405961,RZP6126037320,36696.66,2026-07-06,settled
STL80160252,RZP3821521247,36939.54,2026-07-13,settled
STL52723076,RZP2557063795,7589.22,2026-07-05,settled
STL74894333,RZP6739306742,8758.07,2026-07-09,settled
STL50425690,RZP1725036551,32630.08,2026-07-15,settled
STL38694357,RZP9126688524,45253.58,2026-07-13,settled
STL30560577,RZP6656045746,2341.00,2026-07-03,pending
STL39982753,RZP8318784703,26513.55,2026-07-05,pending
STL23237796,RZP3935137863,3454.97,2026-07-08,reversed
STL46469057,RZP1650421655,49692.24,2026-07-14,pending
STL19513051,RZP8112195365,37079.66,2026-07-09,settled
STL96134684,RZP7722043379,10554.26,2026-07-10,settled
STL56691860,RZP1244151121,64240.88,2026-07-08,reversed
STL73117198,RZP2746789163,26798.75,2026-07-12,settled
STL11755133,RZP3836423251,52412.71,2026-07-02,settled
STL80646997,RZP9089772580,2260.82,2026-07-13,settled
STL20293588,RZP8604576329,63470.80,2026-07-11,settled
STL34684475,RZP6452066842,71910.25,2026-07-06,settled
STL49822568,RZP9620185445,41648.49,2026-07-15,settled
STL83005924,RZP1989401796,1728.75,2026-07-10,settled
STL95511909,RZP8856990236,3784.46,2026-07-06,settled
STL84376063,RZP1031600655,18922.21,2026-07-15,settled
STL53932169,RZP1459884583,1792.61,2026-07-12,settled
STL18454252,RZP7195580664,22258.21,2026-07-01,settled
STL18010458,RZP1598210433,15005.07,2026-07-13,settled
STL43209344,RZP9700420758,65227.72,2026-07-14,settled
STL33950102,RZP5593031498,73466.94,2026-07-04,settled
STL23762567,RZP7380227723,2105.53,2026-07-02,settled
STL98905694,RZP1628081307,36781.05,2026-07-07,settled
STL47228655,RZP6993185041,40804.09,2026-07-11,settled
STL48493069,RZP3494129851,65994.37,2026-07-15,settled
STL35068505,RZP8975785971,72279.64,2026-07-01,settled
STL30086148,RZP3125886704,9246.78,2026-07-06,settled
STL78940216,RZP1215109597,898.26,2026-07-02,settled
STL68014632,RZP6832317836,71229.84,2026-07-15,settled
STL51663806,RZP4138389137,17717.77,2026-07-06,settled
STL80345971,RZP3791714419,27059.36,2026-07-08,settled
STL51083228,RZP5550509093,46319.76,2026-07-04,settled
STL66832862,RZP3499341716,32670.69,2026-07-06,settled
STL33111549,RZP2698433945,72409.64,2026-07-03,pending
STL63317182,RZP2010227455,20259.50,2026-07-09,settled
STL36794390,RZP1221088367,21320.87,2026-07-05,settled
STL68208254,RZP7859670746,33452.55,2026-07-06,settled
STL45584224,RZP2067991032,23597.04,2026-07-05,settled
STL87255554,RZP9464013070,5127.19,2026-07-07,settled
STL24956315,RZP3094397121,23396.99,2026-07-13,settled
STL55852776,RZP8334747974,20839.48,2026-07-11,settled
STL29347463,RZP8616097483,30066.11,2026-07-06,settled
STL79218993,RZP4767243127,14471.19,2026-07-14,settled
STL93750090,RZP8061072376,47389.59,2026-07-04,settled
STL56993293,RZP6994611702,55022.86,2026-07-02,settled
STL77145516,RZP2357258373,11483.72,2026-07-13,reversed
STL27866587,RZP2824566875,38064.31,2026-07-09,settled
STL25790662,RZP2378177605,10092.63,2026-07-10,settled
STL88383612,RZP7444935990,29902.33,2026-07-13,settled
STL87271371,RZP8560936972,44897.87,2026-07-06,settled
STL92091154,RZP5976159420,47469.20,2026-07-11,settled
STL67246006,RZP9789042402,52179.63,2026-07-02,settled
STL91885596,RZP6477943864,54549.35,2026-07-03,settled
STL77731571,RZP6195790140,59776.06,2026-07-11,settled
STL45567543,RZP7716124296,13384.42,2026-07-12,settled
STL53635509,RZP5961803454,64946.21,2026-07-03,settled
STL43306967,RZP2538912644,12054.05,2026-07-02,settled
STL62780947,RZP2367360047,47401.27,2026-07-14,settled
STL28780764,RZP1740835294,47680.92,2026-07-09,settled
STL42875807,RZP7646947955,36262.15,2026-07-05,settled
STL63910218,RZP6588497489,29321.52,2026-07-13,settled
STL55488835,RZP2294609093,16162.42,2026-07-14,settled
STL58307308,RZP1457632732,887.04,2026-07-05,settled
STL48983895,RZP9504724761,61469.12,2026-07-13,settled
STL85604484,RZP9055656801,47915.85,2026-07-05,settled
STL22225702,RZP4035639663,12474.98,2026-07-11,settled
STL12028751,RZP6630271942,52306.06,2026-07-15,settled
STL98562616,RZP6492834969,10803.36,2026-07-05,settled
STL30032813,RZP1637884643,20721.93,2026-07-02,settled
STL80878068,RZP5352303549,20571.73,2026-07-13,reversed
STL34991216,RZP5778781449,12605.82,2026-07-08,settled
STL47181449,RZP1377307524,62729.10,2026-07-07,settled
STL18855990,RZP4750456348,64050.76,2026-07-01,settled
STL30705405,RZP7680484812,63327.91,2026-07-06,settled
STL99446326,RZP8190081923,48471.54,2026-07-15,settled
STL42894936,RZP5709027191,32214.55,2026-07-06,settled
STL48733661,RZP3492035635,35222.28,2026-07-08,settled
STL12845714,RZP7389486339,25716.42,2026-07-02,settled
STL10881653,RZP3558781873,39061.90,2026-07-15,settled
STL32201578,RZP9954402334,55675.80,2026-07-11,settled
STL99352836,RZP9842716249,2782.42,2026-07-07,reversed
STL96975241,RZP3577979652,35206.32,2026-07-09,settled
STL55277425,RZP3644104389,5201.70,2026-07-04,settled
STL50122421,RZP1294298383,43157.70,2026-07-12,settled
STL35206834,RZP2037717924,21334.27,2026-07-09,settled
STL98765289,RZP1991999034,20980.12,2026-07-12,settled
STL66586109,RZP5425892323,1281.13,2026-07-08,settled
STL50399304,RZP5593270450,7586.43,2026-07-13,settled
STL20253630,RZP7867273057,56334.54,2026-07-15,settled
STL76706518,RZP1702792762,13896.53,2026-07-01,settled
STL54331052,RZP5181004226,68792.19,2026-07-09,settled
STL69761934,RZP6038570990,64831.24,2026-07-15,settled
STL57231543,RZP4472796373,55806.30,2026-07-01,settled
STL74874074,RZP1399699943,72533.03,2026-07-09,settled
STL45220074,RZP1322809882,6295.58,2026-07-02,settled
STL16944370,RZP1953402564,50062.29,2026-07-10,settled
STL21480563,RZP2023176784,68124.59,2026-07-05,settled
STL58982141,RZP5657649364,30911.42,2026-07-04,pending
STL70431696,RZP3260679659,68220.01,2026-07-03,settled
STL31740393,RZP7992381732,70367.74,2026-07-03,settled
STL18482360,RZP4535693127,49247.23,2026-07-05,settled
STL33707597,RZP6268130459,52077.47,2026-07-04,settled
STL60238229,RZP8184021069,46573.61,2026-07-09,settled
STL98304696,RZP1424143426,43040.41,2026-07-14,settled
STL79800523,RZP8448666187,22392.79,2026-07-04,settled
STL82202022,RZP3576532483,36676.62,2026-07-09,settled
STL41218269,RZP9644152643,61445.08,2026-07-12,settled
STL54976751,RZP5073155376,25526.21,2026-07-05,settled
STL17531619,RZP5696548897,28755.17,2026-07-09,settled
STL34476690,RZP6322707571,10752.93,2026-07-13,settled
STL99719331,RZP3961484472,6277.35,2026-07-12,settled
STL23305397,RZP4334108335,3683.95,2026-07-03,settled
STL75033648,RZP2958768739,62519.36,2026-07-15,settled
STL75645462,RZP4623960580,23472.33,2026-07-07,settled
STL37341878,RZP9405436792,67675.07,2026-07-05,settled
STL31927225,RZP6967593734,49951.61,2026-07-02,settled
STL86366816,RZP8734551143,50455.11,2026-07-15,settled
STL94271251,RZP8967002108,9507.65,2026-07-04,settled
STL50323741,RZP7185710340,32580.91,2026-07-14,settled
STL68348074,RZP9063480483,22830.28,2026-07-13,settled
STL51861461,RZP8120625032,7982.46,2026-07-07,settled
STL47286705,RZP3826539594,68433.05,2026-07-05,pending
STL33954930,RZP4707665198,6090.39,2026-07-08,settled
STL64765007,RZP8948455799,5462.55,2026-07-08,reversed
STL46881253,RZP5504695792,43213.53,2026-07-04,settled
STL59510172,RZP8405611782,17362.42,2026-07-02,settled
STL54278019,RZP4798831007,37263.09,2026-07-07,pending
STL10653759,RZP2716422919,9576.21,2026-07-06,settled
STL60023458,RZP1484002611,65235.33,2026-07-12,settled
STL23410159,RZP8626180528,868.39,2026-07-03,settled
STL73892444,RZP1313766891,36133.28,2026-07-08,settled
STL60638442,RZP5964247971,23106.90,2026-07-07,settled
STL43199341,RZP1802558618,21444.84,2026-07-02,settled
STL80321404,RZP8007827470,67366.09,2026-07-06,settled
STL88726417,RZP3252763333,45817.71,2026-07-01,settled
STL35849020,RZP3181276317,41214.70,2026-07-05,settled
STL73617767,RZP3408017966,11005.78,2026-07-10,settled
STL57842971,RZP6107213380,4359.02,2026-07-09,settled
STL95259065,RZP2686488674,10100.72,2026-07-10,pending
STL28805580,RZP8951986696,68143.44,2026-07-07,settled
STL95158390,RZP3894354174,40705.18,2026-07-04,settled
STL72379893,RZP6811431142,57551.37,2026-07-10,settled
STL77339500,RZP8478607503,64567.73,2026-07-03,settled
STL41592244,RZP1652594754,53636.33,2026-07-05,settled
STL54249071,RZP5025240961,68136.99,2026-07-08,reversed
STL32994633,RZP5259726276,34734.30,2026-07-07,settled
STL74731404,RZP7890366162,40163.88,2026-07-07,settled
STL74100114,RZP2872032592,45423.59,2026-07-07,settled
STL71097179,RZP9862360888,29228.61,2026-07-03,settled
STL48220213,RZP7253228578,15234.66,2026-07-10,settled
STL69953058,RZP2809998995,27963.06,2026-07-13,settled
STL89588557,RZP9675837468,39058.25,2026-07-12,settled
STL83576196,RZP6430258727,6986.12,2026-07-06,reversed
STL55526489,RZP4948246581,66989.89,2026-07-11,reversed
STL70476308,RZP6597867782,26421.92,2026-07-11,settled
STL54589439,RZP2966500767,10593.97,2026-07-01,settled
STL66127131,RZP9927618780,39007.18,2026-07-13,pending
STL48761035,RZP2127966460,40017.94,2026-07-07,settled
STL83229212,RZP5116559225,37674.58,2026-07-01,settled
STL91883846,RZP3898400928,35625.03,2026-07-10,settled
STL71767610,RZP7553503798,68317.54,2026-07-15,settled
STL31726408,RZP7224806815,21074.66,2026-07-02,settled
STL56344519,RZP3716924538,15466.24,2026-07-10,settled
STL81667846,RZP6702787349,35473.20,2026-07-15,settled
STL41743500,RZP4510969640,32621.40,2026-07-05,settled
STL67367571,RZP4173917498,66921.55,2026-07-08,settled
STL39464877,RZP4063640737,43779.29,2026-07-06,settled
STL67004600,RZP5417903963,66538.12,2026-07-14,settled
STL58510264,RZP8255477214,54632.55,2026-07-10,settled
STL16263500,RZP2009264953,16650.47,2026-07-12,settled
STL27141273,RZP6466941890,23548.50,2026-07-13,settled
STL41488594,RZP8974174332,36267.97,2026-07-10,settled
STL13657993,RZP5784705619,24344.15,2026-07-15,pending
STL99294689,RZP7877574678,42378.46,2026-07-02,settled
STL69506413,RZP9319987092,41881.38,2026-07-01,settled
STL61677853,RZP6703476099,28420.42,2026-07-03,settled
STL60094372,RZP6851517562,69336.34,2026-07-14,settled
STL65435931,RZP5776077972,70567.23,2026-07-09,settled
STL48080929,RZP9049737799,9923.93,2026-07-10,settled
STL12059611,RZP1715209196,71931.25,2026-07-10,pending
STL67569334,RZP5798341982,17045.94,2026-07-14,settled
STL72611795,RZP4847786569,56189.19,2026-07-14,settled
STL78140811,RZP4457488981,15523.91,2026-07-10,settled
STL20999047,RZP5886208179,39896.81,2026-07-04,settled
STL14303988,RZP2274746271,11323.38,2026-07-02,settled
STL20924873,RZP6002305186,665.80,2026-07-12,settled
STL19278000,RZP7607141234,25102.41,2026-07-08,settled
STL35499383,RZP5630801355,42516.09,2026-07-12,settled
STL57818844,RZP2301167959,9916.26,2026-07-13,settled
STL42006663,RZP7215764225,42518.66,2026-07-04,settled
STL20845744,RZP8473921939,47420.26,2026-07-06,settled
STL35979617,RZP9931708887,71606.13,2026-07-13,settled
STL59387766,RZP7927464592,26345.97,2026-07-06,settled
STL91388675,RZP8076661389,9601.28,2026-07-14,settled
STL75663681,RZP1829326917,54120.56,2026-07-10,settled
STL69217565,RZP8251003829,3834.80,2026-07-13,settled
STL90119779,RZP9151939381,61574.44,2026-07-12,settled
STL52501540,RZP3791027186,63956.51,2026-07-14,settled
STL10450795,RZP2947497217,44733.91,2026-07-10,settled
STL46697370,RZP8127148156,54523.20,2026-07-10,settled
STL77180608,RZP9477947267,51880.37,2026-07-01,reversed
STL22825399,RZP8441627106,2001.49,2026-07-12,settled
STL58574991,RZP9521982936,8215.09,2026-07-14,settled
STL79468597,RZP1874399893,38731.72,2026-07-09,settled
STL33407129,RZP2817333546,37883.07,2026-07-11,settled
STL97720360,RZP9798613995,74603.68,2026-07-11,settled
STL78056464,RZP4407284549,54688.44,2026-07-06,settled
STL10707905,RZP2700971035,22608.59,2026-07-10,pending
STL39143166,RZP1208252665,46026.14,2026-07-04,settled
STL41637859,RZP7580385337,39548.01,2026-07-09,settled
STL29804022,RZP7627754407,70089.42,2026-07-01,settled
STL83630711,RZP6206880281,5027.62,2026-07-15,settled
STL76339333,RZP9898728604,8022.80,2026-07-12,settled
STL35829274,RZP7589274763,16076.16,2026-07-10,settled
STL45104446,RZP9468902807,37704.66,2026-07-03,settled
STL83490011,RZP1595676380,63433.36,2026-07-14,settled
STL32287138,RZP7876945776,64556.51,2026-07-01,settled
STL19106880,RZP5599936845,71639.52,2026-07-11,settled
STL18541871,RZP1649518377,6375.84,2026-07-12,settled
STL70814164,RZP5509995137,6404.52,2026-07-15,settled
STL47326499,RZP3548745099,38681.21,2026-07-03,settled
STL76679708,RZP1784732766,16286.37,2026-07-06,settled
STL34325939,RZP7770593436,65782.33,2026-07-02,settled
STL27509088,RZP1889347996,74232.08,2026-07-12,settled
STL34057553,RZP7556522291,43120.08,2026-07-06,settled
STL76951647,RZP7229869819,49555.02,2026-07-09,settled
STL20400956,RZP5666387271,73312.87,2026-07-05,settled
STL82936603,RZP6366452952,3267.31,2026-07-13,settled
STL73026472,RZP1105593729,51497.47,2026-07-06,settled
STL38960412,RZP7207913874,65856.20,2026-07-05,settled
STL30459595,RZP2655226179,41995.50,2026-07-03,settled
STL95592608,RZP8249826023,46196.68,2026-07-11,settled
STL68674942,RZP2438639839,7342.93,2026-07-06,settled
STL14813349,RZP1228587581,11572.25,2026-07-04,settled
STL64411846,RZP3721242972,9230.59,2026-07-06,settled
STL54753520,RZP8644311151,9529.67,2026-07-09,settled
STL75438341,RZP9267267763,56905.42,2026-07-14,settled
STL94795600,RZP8050382148,12919.19,2026-07-14,settled
STL63646299,RZP9406221899,43046.93,2026-07-02,pending
STL88743710,RZP8303746040,8024.26,2026-07-03,settled
STL38197129,RZP2459578621,68516.61,2026-07-13,settled
STL90444404,RZP1240140248,19740.34,2026-07-03,settled
STL46155867,RZP1354289787,27323.53,2026-07-08,settled
STL42403652,RZP7671837060,49951.72,2026-07-05,settled
STL14633255,RZP7660345250,35947.07,2026-07-03,settled
STL29538047,RZP4419410162,22355.90,2026-07-06,settled
STL86767229,RZP7072268003,58548.10,2026-07-12,settled
STL28791400,RZP9599541618,13423.35,2026-07-03,pending
STL85597784,RZP2220270866,62704.05,2026-07-12,settled
STL85485324,RZP7866493470,65421.38,2026-07-05,settled
STL37885429,RZP7917008472,19772.58,2026-07-14,settled
STL29413370,RZP9670121816,50654.46,2026-07-13,settled
STL96836098,RZP4561537381,28136.86,2026-07-03,settled
STL25368078,RZP2806638735,17104.51,2026-07-08,settled
STL42196046,RZP2860465961,60231.08,2026-07-04,pending
STL22436179,RZP4607993830,71660.06,2026-07-05,settled
STL50150882,RZP3363382168,49020.51,2026-07-13,settled
STL32426569,RZP3710389652,10635.40,2026-07-03,reversed
STL62466791,RZP6126906498,6675.87,2026-07-03,settled
STL49468102,RZP5329305403,2180.37,2026-07-01,settled
STL37004790,RZP6269576833,62462.44,2026-07-07,settled
STL68976931,RZP8628947857,19353.07,2026-07-02,settled
STL34060788,RZP2231317910,37915.09,2026-07-12,settled
STL76306105,RZP1872745172,39956.12,2026-07-06,settled
STL30270011,RZP9384283025,2598.02,2026-07-12,settled
STL65068702,RZP5717261756,43721.76,2026-07-07,settled
STL33572537,RZP8240609570,25931.44,2026-07-12,settled
STL82219195,RZP6479772149,23072.86,2026-07-05,settled
STL40376732,RZP9894264989,8366.83,2026-07-07,settled
STL80392240,RZP7682327733,3992.87,2026-07-06,settled
STL52180686,RZP7225005492,71390.08,2026-07-13,settled
STL66975494,RZP7695630064,3165.49,2026-07-04,settled
STL56748995,RZP9682559090,29725.28,2026-07-07,settled
STL49488658,RZP9547488052,45399.15,2026-07-01,settled
STL46387450,RZP2715434253,22607.95,2026-07-07,settled
STL39428308,RZP8017976079,29455.32,2026-07-06,settled
STL95974538,RZP2917569367,49938.66,2026-07-05,settled
STL85593030,RZP8257099732,60871.37,2026-07-11,settled
STL24117184,RZP8291396965,38235.77,2026-07-15,settled
STL60084701,RZP5299171297,48438.46,2026-07-06,settled
STL98010774,RZP3778416511,21815.26,2026-07-14,settled
STL96574438,RZP3717980944,5722.28,2026-07-07,pending
STL66734057,RZP8721628525,56592.39,2026-07-13,settled
STL17271654,RZP5069522255,13364.44,2026-07-01,settled
STL62733960,RZP2953834492,44122.44,2026-07-04,settled
STL56283187,RZP2462939513,6060.44,2026-07-01,reversed
STL78603933,RZP5989911257,60413.47,2026-07-09,pending
STL16444869,RZP5708128989,67128.81,2026-07-03,pending
STL11605110,RZP7990838061,60649.07,2026-07-14,settled
STL72722957,RZP1704485464,16908.07,2026-07-02,settled
STL40613187,RZP4985601978,32317.77,2026-07-09,settled
STL14593302,RZP4364114312,25202.86,2026-07-15,settled
STL59818238,RZP2028208174,28831.67,2026-07-01,settled
STL12102223,RZP1939222850,66336.45,2026-07-05,settled
STL49830164,RZP8464448485,15184.11,2026-07-11,settled
STL60516941,RZP3176215494,25931.78,2026-07-05,settled
STL69949857,RZP3075003588,3466.76,2026-07-12,settled
STL71160970,RZP5254263850,33894.99,2026-07-12,settled
STL81247910,RZP4838109500,8246.60,2026-07-10,settled
STL29281243,RZP6840643166,36920.73,2026-07-04,settled
STL28793884,RZP8791807809,13395.12,2026-07-11,pending
STL10982858,RZP2200488846,60733.98,2026-07-13,settled
STL71572062,RZP7155948235,12316.08,2026-07-13,settled
STL66807216,RZP5682227896,37530.26,2026-07-02,settled
STL73695246,RZP5594447367,57343.95,2026-07-10,settled
STL37095431,RZP6497881941,74433.94,2026-07-15,settled
STL14014272,RZP3259805261,58047.30,2026-07-01,settled
STL20433775,RZP5902556142,28068.28,2026-07-09,settled
STL69164819,RZP2243449857,43945.63,2026-07-05,settled
STL12742587,RZP9766069895,34354.44,2026-07-14,settled
STL82306697,RZP4346026267,64724.99,2026-07-06,settled
STL20773209,RZP3825372336,46177.74,2026-07-04,settled
STL51004065,RZP1692900833,55106.75,2026-07-09,settled
STL66201522,RZP9056867510,58854.29,2026-07-14,settled
STL62035882,RZP5629230107,61481.89,2026-07-02,settled
STL10625592,RZP8227184788,7614.03,2026-07-01,settled
STL82598543,RZP6792865332,12010.21,2026-07-08,settled
STL83743822,RZP1063882570,38371.75,2026-07-12,settled
STL45527060,RZP4799971222,11510.85,2026-07-14,settled
STL86045247,RZP3147351265,29696.34,2026-07-14,settled
STL96724029,RZP3339998989,8379.99,2026-07-11,pending
STL23831157,RZP9545668045,1100.80,2026-07-13,settled
STL81648058,RZP6216128818,1884.24,2026-07-09,settled
STL15023809,RZP5785225459,20903.86,2026-07-11,settled
STL50299345,RZP5434893876,63907.49,2026-07-15,settled
STL37358937,RZP2987951705,62808.86,2026-07-13,settled
STL65619277,RZP1161744076,35949.44,2026-07-15,settled
STL51269401,RZP1412720524,54807.83,2026-07-02,settled
STL33515798,RZP7097191911,48520.38,2026-07-01,reversed
STL48635706,RZP1212655292,29959.73,2026-07-04,settled
STL65040907,RZP1301413430,27524.26,2026-07-03,settled
STL48843516,RZP1158247555,61105.49,2026-07-08,settled
STL85027630,RZP7340406570,27774.99,2026-07-04,settled
STL91158781,RZP8345978555,5822.83,2026-07-08,reversed
STL36359460,RZP6455040306,44767.93,2026-07-05,settled
STL10369240,RZP6786049722,9992.90,2026-07-02,reversed
STL29663741,RZP2117292358,21019.74,2026-07-12,settled
STL67895682,RZP4900757199,25592.66,2026-07-07,settled
STL26450049,RZP1330782432,12769.92,2026-07-04,settled
STL95435408,RZP8591832588,50340.02,2026-07-06,pending
STL96253131,RZP8727865718,47395.06,2026-07-14,settled
STL81990718,RZP3511910731,66307.89,2026-07-12,pending
STL33586265,RZP5160850457,28708.11,2026-07-02,settled
STL45877042,RZP5074288018,49394.80,2026-07-02,settled
STL45340693,RZP7941720898,68471.77,2026-07-02,settled
STL84022776,RZP9354725863,12179.66,2026-07-10,settled
STL74165645,RZP3682179086,57430.07,2026-07-11,settled
STL17360965,RZP8816613101,3556.39,2026-07-07,settled
STL70390771,RZP9475228296,25129.42,2026-07-13,settled
STL12241168,RZP4450846697,57137.93,2026-07-15,settled
STL51218029,RZP6232359896,6038.03,2026-07-11,settled
STL46282165,RZP2673142928,72851.02,2026-07-14,settled
STL14966723,RZP2282093337,44367.26,2026-07-02,settled
STL42915409,RZP6210158419,11851.24,2026-07-10,settled
STL47219365,RZP6629985438,20029.83,2026-07-12,settled
STL96243545,RZP2685217993,30482.98,2026-07-10,reversed
STL14882905,RZP9859046348,49217.94,2026-07-07,reversed
STL68324003,RZP9470094523,35646.33,2026-07-02,settled
STL69372424,RZP2438584895,38643.10,2026-07-07,settled
STL40578723,RZP6649700301,1734.67,2026-07-10,settled
STL23414490,RZP8236625158,5914.62,2026-07-12,settled
STL17568884,RZP8340099132,34635.78,2026-07-07,settled
STL87897123,RZP6442888627,34705.04,2026-07-14,settled
STL91728985,RZP5925403647,4676.84,2026-07-10,pending
STL13298373,RZP6309384962,41083.65,2026-07-15,settled
STL14382356,RZP7636793866,30512.61,2026-07-10,settled
STL31030803,RZP2320209324,67127.37,2026-07-14,settled
STL14207555,RZP1166182881,65650.52,2026-07-08,settled
STL90037153,RZP9627481869,50036.80,2026-07-03,settled
STL54258452,RZP3370214986,14402.48,2026-07-02,settled
STL31141902,RZP7004420584,21326.29,2026-07-14,settled
STL97573473,RZP5897158445,10056.24,2026-07-12,settled
STL79002791,RZP7690026562,58633.09,2026-07-03,reversed
STL59440487,RZP4950307105,11085.61,2026-07-02,settled
STL80202195,RZP3029732809,74762.73,2026-07-12,settled
STL18630365,RZP6560088577,16055.03,2026-07-03,settled
STL57079843,RZP4019171198,55874.10,2026-07-11,settled
STL21127679,RZP1701078605,18379.45,2026-07-09,settled
STL84338760,RZP1588097152,14357.48,2026-07-07,settled
STL30015215,RZP4702324451,36542.45,2026-07-10,settled
STL20326375,RZP5129478722,44234.19,2026-07-13,settled
STL41778964,RZP9911329062,42802.64,2026-07-07,settled
STL25598434,RZP7731234658,64418.73,2026-07-03,settled
STL94299475,RZP6053619892,51413.61,2026-07-07,settled
STL74533810,RZP3388539602,41523.55,2026-07-03,settled
STL78633149,RZP4519045785,33980.55,2026-07-15,settled
STL59633035,RZP2742329915,28352.72,2026-07-12,settled
STL94425913,RZP6875766291,23490.56,2026-07-02,pending
STL49207134,RZP5098838577,65902.78,2026-07-14,settled
STL96798985,RZP2187359637,43006.09,2026-07-03,settled
STL72654052,RZP6643435536,67351.03,2026-07-07,settled
STL16739878,RZP1784337139,2281.66,2026-07-08,settled
STL92476890,RZP6307703592,8410.86,2026-07-06,reversed
STL15454740,RZP3651030484,68948.75,2026-07-15,settled
STL22874870,RZP7088268349,72941.38,2026-07-14,pending
STL91923368,RZP5150983544,18052.21,2026-07-01,settled
STL76991570,RZP8417143675,20029.45,2026-07-08,settled
STL48023482,RZP3255992861,51569.72,2026-07-06,settled
STL85594147,RZP8149805821,12892.22,2026-07-10,settled
STL20011884,RZP6584552029,18203.96,2026-07-02,settled
STL45651383,RZP7530439239,41989.96,2026-07-03,reversed
STL31587520,RZP4661941389,41412.42,2026-07-05,settled
STL35349271,RZP3971709213,34540.01,2026-07-09,settled
STL57608618,RZP6672357218,53499.91,2026-07-13,settled
STL63796676,RZP3789372578,59536.10,2026-07-09,settled
STL83550461,RZP1906196621,61398.04,2026-07-08,settled
STL63825487,RZP9570364459,43371.39,2026-07-14,settled
STL47508743,RZP9765487317,58733.22,2026-07-09,settled
STL17603812,RZP4698119141,67945.34,2026-07-03,settled
STL87926851,RZP2621990911,43124.46,2026-07-13,settled
STL30897506,RZP7578984869,32614.72,2026-07-03,settled
STL42002808,RZP8628603366,18204.20,2026-07-02,settled
STL82001727,RZP7249109908,68997.28,2026-07-03,settled
STL30027622,RZP3831788593,21093.78,2026-07-04,settled
STL68088262,RZP1599190144,70391.55,2026-07-15,settled
STL23977621,RZP3497540589,74980.90,2026-07-14,settled
STL26316077,RZP9940452109,54679.01,2026-07-07,settled
STL85506423,RZP8474948477,26753.45,2026-07-06,pending
STL30224364,RZP8049064132,43342.65,2026-07-13,settled
STL11655896,RZP3925158297,19444.46,2026-07-10,settled
STL66809428,RZP3924700076,51086.64,2026-07-10,settled
STL27150794,RZP9610406324,11484.59,2026-07-03,settled
STL23950799,RZP6448316778,61437.36,2026-07-12,settled
STL23087136,RZP2223665734,56962.48,2026-07-12,settled
STL31548293,RZP2172707624,71186.33,2026-07-15,reversed
STL83815119,RZP1667770832,9357.95,2026-07-07,reversed
STL76662121,RZP9140137123,13807.44,2026-07-07,settled
STL24953096,RZP3412836818,31446.10,2026-07-05,settled
STL97976094,RZP7788606640,71389.72,2026-07-06,settled
STL99460221,RZP4508358083,3147.49,2026-07-12,settled
STL97393186,RZP1348849508,71166.74,2026-07-13,settled
STL58532725,RZP4050771140,13362.92,2026-07-10,settled
STL37192391,RZP6629913550,56214.98,2026-07-03,settled
STL46886643,RZP3144781268,73127.67,2026-07-01,settled
STL75769687,RZP3435867338,52422.25,2026-07-08,settled
STL50265133,RZP1986441467,54685.89,2026-07-15,settled
STL60918794,RZP9623365510,44682.10,2026-07-11,settled
STL98242071,RZP2718941787,9095.56,2026-07-09,reversed
STL36362137,RZP9402465408,48670.93,2026-07-14,settled
STL44617672,RZP6765748353,51844.96,2026-07-06,settled
STL27723022,RZP1116919347,71626.51,2026-07-12,settled
STL84870708,RZP7808135331,53177.47,2026-07-03,settled
STL34145523,RZP3112684876,52615.56,2026-07-14,settled
STL98786055,RZP6225579412,10261.15,2026-07-09,settled
STL45412428,RZP3378247866,15013.22,2026-07-06,settled
STL64139232,RZP8878253700,25816.76,2026-07-07,settled
STL76666036,RZP9195127843,38202.52,2026-07-04,settled
STL62127652,RZP8651205525,26130.54,2026-07-10,settled
STL68800797,RZP8357059814,30224.93,2026-07-11,settled
STL98126056,RZP2255903097,45656.23,2026-07-08,settled
STL50648543,RZP8606030911,31080.29,2026-07-05,settled
STL28461026,RZP6012217942,48272.45,2026-07-08,settled
STL74157929,RZP3411562298,45577.85,2026-07-14,settled
STL91128261,RZP6364950198,12195.14,2026-07-10,settled
STL27958451,RZP4375319020,24583.53,2026-07-10,settled
STL30056531,RZP3023235513,1770.10,2026-07-09,settled
STL28221649,RZP1696705873,74296.26,2026-07-03,reversed
STL27729758,RZP4834689308,49614.71,2026-07-14,settled
STL10936049,RZP1973604824,33831.95,2026-07-07,settled
STL22118106,RZP8645207796,46952.08,2026-07-02,settled
STL68356861,RZP6615983560,17132.89,2026-07-03,settled
STL75453429,RZP4612168543,19544.71,2026-07-01,settled
STL80512724,RZP4643521573,24500.81,2026-07-09,settled
STL74122817,RZP7335595769,49032.30,2026-07-06,settled
STL95373917,RZP6579779424,11288.87,2026-07-01,pending
STL81533209,RZP2659542405,60844.04,2026-07-11,settled
STL40944945,RZP7308862328,49229.43,2026-07-08,settled
STL28892239,RZP6236629334,20711.50,2026-07-14,settled
STL26355739,RZP3090316731,13830.87,2026-07-09,settled
STL84095884,RZP9687514170,45300.02,2026-07-13,settled
STL67879290,RZP9441106275,38860.00,2026-07-15,settled
STL44665589,RZP9074959380,67975.96,2026-07-08,settled
STL77920478,RZP2730382279,851.92,2026-07-05,settled
STL58060781,RZP3557017961,59361.81,2026-07-11,settled
STL95752856,RZP3026800941,66507.08,2026-07-14,settled
STL24570116,RZP5499090640,55081.80,2026-07-03,settled
STL29814990,RZP6893167206,73771.70,2026-07-13,settled
STL71124923,RZP1104906255,18740.77,2026-07-08,settled
STL39611798,RZP9807141210,55599.83,2026-07-01,settled
STL95350476,RZP4647241972,5231.96,2026-07-06,settled
STL46276819,RZP3318091500,35598.24,2026-07-10,settled
STL39407665,RZP4131572244,51024.48,2026-07-08,settled
STL14956822,RZP2466538300,45914.56,2026-07-10,settled
STL42617458,RZP7444343537,28260.13,2026-07-13,pending
STL96452444,RZP3570350903,64007.61,2026-07-02,settled
STL44261627,RZP4528661143,32922.93,2026-07-10,settled
STL72761740,RZP7970201757,73117.36,2026-07-12,settled
STL68770286,RZP7064518450,44474.79,2026-07-05,settled
STL84941168,RZP9590781732,45160.13,2026-07-03,settled
STL38243618,RZP4303373458,49884.32,2026-07-09,settled
STL64689300,RZP1835046420,39839.53,2026-07-09,settled
STL49537855,RZP8808191168,19165.45,2026-07-11,settled
STL76165757,RZP4042699861,32312.73,2026-07-06,settled
STL53224679,RZP2039245097,18696.84,2026-07-13,reversed
STL40395619,RZP2143226860,5405.63,2026-07-02,settled
STL96041462,RZP7618354564,59011.82,2026-07-11,settled
STL67096487,RZP8861745803,28404.11,2026-07-07,settled
STL76927800,RZP2374911007,15185.68,2026-07-13,settled
STL11067974,RZP2379097773,4191.13,2026-07-06,settled
STL19798274,RZP4922489088,52082.43,2026-07-04,settled
STL25848645,RZP6746974343,68240.77,2026-07-13,settled
STL52181984,RZP2821460610,38811.70,2026-07-07,settled
STL23015964,RZP4622545857,27238.96,2026-07-01,settled
STL48043501,RZP6170452916,8726.03,2026-07-05,settled
STL86708409,RZP5314408852,4115.24,2026-07-13,settled
STL12963186,RZP9998549229,10230.56,2026-07-10,reversed
STL86829711,RZP1928030156,39882.74,2026-07-04,settled
STL29272495,RZP3272981491,44699.71,2026-07-09,settled
STL39687893,RZP2953760363,38501.79,2026-07-05,settled
STL56346849,RZP6798421597,24609.22,2026-07-03,settled
STL34461495,RZP2193378953,5384.71,2026-07-01,settled
STL48801784,RZP1572353457,42631.42,2026-07-14,settled
STL26588648,RZP9797102584,9126.34,2026-07-08,settled
STL26553229,RZP7051338445,9343.90,2026-07-03,pending
STL24826245,RZP7927950813,24533.70,2026-07-11,settled
STL84059354,RZP9031229072,42898.12,2026-07-08,settled
STL50946544,RZP3965157605,60603.59,2026-07-13,settled
STL34648400,RZP9527091489,23826.22,2026-07-03,settled
STL44297151,RZP8978533723,29441.09,2026-07-15,settled
STL60536025,RZP2691911008,68753.92,2026-07-11,settled
STL31217083,RZP2566960641,2236.26,2026-07-05,settled
STL32577599,RZP7059004982,20729.87,2026-07-08,settled
STL94188755,RZP6120627986,14361.32,2026-07-09,settled
STL83379415,RZP5818143357,30639.52,2026-07-03,settled
STL18852895,RZP8706637401,44309.94,2026-07-03,settled
STL25826147,RZP5509824667,3713.53,2026-07-06,settled
STL55265544,RZP8494547983,49331.81,2026-07-09,settled
STL56549341,RZP7837998103,10353.57,2026-07-13,settled
STL45182600,RZP7147558500,31079.29,2026-07-06,settled
STL38705261,RZP2253067850,17098.11,2026-07-13,settled
STL56592939,RZP3998091152,6987.08,2026-07-15,pending
STL78082899,RZP6167253991,71059.77,2026-07-10,settled
STL14655493,RZP4102810266,1383.97,2026-07-05,settled
STL69369552,RZP1322351541,18774.47,2026-07-06,settled
STL39225148,RZP5686001149,25595.42,2026-07-08,settled
STL19562516,RZP5888040120,31982.75,2026-07-13,settled
STL36581485,RZP7063201345,30880.75,2026-07-05,pending
STL11026602,RZP8439048964,22466.80,2026-07-08,pending
STL10851257,RZP2650831268,47658.12,2026-07-11,settled
STL60475340,RZP8789492851,10673.10,2026-07-10,settled
STL52057772,RZP9216877519,23756.75,2026-07-05,settled
STL92616532,RZP6367328793,32916.33,2026-07-01,settled
STL29338898,RZP8701076984,46912.27,2026-07-12,settled
STL36268818,RZP7225596472,10424.64,2026-07-11,settled
STL81127293,RZP2287623084,37219.41,2026-07-12,settled
STL72071682,RZP3068007538,47226.44,2026-07-15,settled
STL48363648,RZP3727056634,46979.74,2026-07-02,settled
STL54422159,RZP8974175026,33623.95,2026-07-03,settled
STL11263412,RZP4168695303,41690.45,2026-07-09,settled
STL39354443,RZP5265651507,62528.92,2026-07-08,settled
STL54004355,RZP2050581388,69654.05,2026-07-13,settled
STL19731485,RZP3951594483,47023.03,2026-07-11,settled
STL31918943,RZP6667987217,65934.64,2026-07-03,settled
STL35980604,RZP3768263341,62003.31,2026-07-05,settled
STL43055730,RZP6992679395,15036.26,2026-07-01,settled
STL17686107,RZP8026399093,18008.37,2026-07-15,settled
STL83834957,RZP8866009894,1743.79,2026-07-04,settled
STL52869611,RZP7049530959,56470.43,2026-07-07,settled
STL61697458,RZP1315619761,66554.89,2026-07-08,settled
STL11952669,RZP2253732424,58766.19,2026-07-02,reversed
STL77365762,RZP2375745837,2562.08,2026-07-12,settled
STL93410225,RZP1911373050,30767.98,2026-07-02,settled
STL61257392,RZP9424743710,44287.42,2026-07-02,settled
STL73763377,RZP5088589918,7192.04,2026-07-12,pending
STL99515976,RZP7749076651,20425.50,2026-07-04,settled
STL82870353,RZP9082249559,25791.60,2026-07-13,settled
STL17266411,RZP9363202861,24657.83,2026-07-14,settled
STL92364868,RZP1746037541,38171.40,2026-07-13,settled
STL52402900,RZP5752750352,1184.54,2026-07-14,settled
STL70779921,RZP6361144788,30141.31,2026-07-06,settled
STL98190902,RZP6409756226,21077.25,2026-07-07,settled
STL24000603,RZP7299482425,7896.03,2026-07-12,settled
STL29182726,RZP9017739343,44992.55,2026-07-13,settled
STL77054390,RZP3007267468,4149.69,2026-07-04,settled
STL75953544,RZP4665927028,28894.41,2026-07-02,settled
STL62921716,RZP9012964731,71496.79,2026-07-11,reversed
STL34159266,RZP8744882085,21000.80,2026-07-13,settled
STL78801845,RZP9518524934,42964.60,2026-07-08,settled
STL26779994,RZP3517685021,19665.63,2026-07-08,settled
STL59899441,RZP7312258096,41327.16,2026-07-07,settled
STL42236255,RZP4255914897,46035.94,2026-07-11,settled
STL75264320,RZP1688894653,43057.40,2026-07-10,settled
STL25132415,RZP8223117031,7404.37,2026-07-11,settled
STL11370078,RZP5578602607,73058.39,2026-07-06,settled
STL17734634,RZP3442428958,13443.43,2026-07-15,settled
STL50602354,RZP4398250825,44507.21,2026-07-12,settled
STL48873150,RZP5290392241,72419.42,2026-07-06,reversed
STL30020648,RZP4463742154,14940.41,2026-07-06,settled
STL94788782,RZP7297285532,52781.05,2026-07-01,settled
STL19043051,RZP9910509619,11570.01,2026-07-07,settled
STL60792779,RZP9587551470,61355.12,2026-07-06,settled
STL37945099,RZP6758404906,34130.62,2026-07-11,settled
STL97286750,RZP4106677731,8252.56,2026-07-08,settled
STL16098023,RZP1433689712,32161.50,2026-07-06,settled
STL49647408,RZP5692386503,62501.19,2026-07-06,settled
STL93517915,RZP4110335359,63117.67,2026-07-15,settled
STL14395807,RZP4328311457,49205.96,2026-07-04,settled
STL28587479,RZP8675664595,45903.93,2026-07-12,settled
STL68248912,RZP8569468988,11740.48,2026-07-14,settled
STL43138304,RZP2268198343,41572.17,2026-07-09,settled
STL82062301,RZP8265834251,41001.57,2026-07-13,settled
STL34859854,RZP6068118585,51397.20,2026-07-02,settled
STL26068122,RZP6831390197,20018.25,2026-07-03,settled
STL27968754,RZP7186743457,63016.30,2026-07-03,settled
STL40522824,RZP9937272146,66068.34,2026-07-12,settled
STL16740197,RZP1939915527,60406.18,2026-07-12,settled
STL29787684,RZP8555242692,48381.18,2026-07-09,settled
STL53699584,RZP2993144653,57749.52,2026-07-06,settled
STL77796578,RZP9169652942,6998.83,2026-07-06,settled
STL71166744,RZP8712252224,63016.04,2026-07-01,settled
STL78312321,RZP7274637347,7839.16,2026-07-12,settled
STL12307458,RZP5997739709,19629.95,2026-07-13,settled
STL99829309,RZP4523325607,69659.31,2026-07-13,pending
STL76487310,RZP1192827869,29610.59,2026-07-14,settled
STL43495416,RZP4072442924,64976.69,2026-07-03,settled
STL33156305,RZP5823128922,65320.18,2026-07-04,settled
STL87686886,RZP2818572538,39306.96,2026-07-10,settled
STL79524101,RZP1522240599,45655.25,2026-07-09,settled
STL47134654,RZP5895068613,13389.08,2026-07-15,reversed
STL41782201,RZP9068161730,50217.42,2026-07-06,settled
STL59037166,RZP2720627470,47604.30,2026-07-11,settled
STL46525990,RZP2277688277,60949.39,2026-07-08,settled
STL35140847,RZP9596653373,26784.79,2026-07-10,settled
STL81339972,RZP1173417196,6642.97,2026-07-08,settled
STL38018594,RZP9324262230,526.34,2026-07-05,settled
STL38129989,RZP5663801308,63512.22,2026-07-07,settled
STL20685512,RZP4196586790,14881.32,2026-07-10,settled
STL38607656,RZP6054391163,4278.87,2026-07-09,settled
STL83309452,RZP7244670452,57746.57,2026-07-03,settled
STL66771729,RZP8006577194,7116.89,2026-07-07,settled
STL53643792,RZP7610209308,10482.83,2026-07-11,settled
STL78209692,RZP4230490578,46924.61,2026-07-11,settled
STL38672861,RZP9417898010,60762.89,2026-07-15,settled
STL97991892,RZP9920295949,48534.87,2026-07-10,settled
STL84764600,RZP8849655851,36148.68,2026-07-11,reversed
STL26343891,RZP8255415721,63541.05,2026-07-04,settled
STL85048321,RZP1180573200,53614.37,2026-07-09,settled
STL64426605,RZP3077895812,33163.61,2026-07-06,pending
STL63039291,RZP3954020838,33842.20,2026-07-07,settled
STL42232378,RZP5771575572,70240.50,2026-07-05,settled
STL37747762,RZP8354747441,5935.78,2026-07-04,settled
STL40413516,RZP5162903287,66920.19,2026-07-11,settled
STL97112002,RZP7959741749,9820.13,2026-07-10,settled
STL35708194,RZP6122110529,9406.83,2026-07-09,settled
STL89063693,RZP9304502200,69505.26,2026-07-05,settled
STL34390750,RZP2520601313,58537.79,2026-07-08,settled
STL83357939,RZP9469064524,74835.14,2026-07-13,settled
STL54926188,RZP6642047446,2359.20,2026-07-07,settled
STL72579321,RZP6631408741,42261.67,2026-07-02,settled
STL38211372,RZP4262692170,10090.22,2026-07-01,settled
STL99167928,RZP1723960319,8494.55,2026-07-07,settled
STL59483515,RZP3764023878,51334.24,2026-07-13,settled
STL12456582,RZP2905877592,44753.07,2026-07-04,pending
STL39778113,RZP5326119360,14058.75,2026-07-09,settled
STL71214195,RZP5529105757,30509.22,2026-07-08,settled
STL19163334,RZP9252417606,71433.89,2026-07-08,settled
STL78152161,RZP3754491436,877.10,2026-07-12,settled
STL82853764,RZP8280954053,12644.71,2026-07-03,pending
STL42560305,RZP5025070544,72174.78,2026-07-02,settled
STL15360735,RZP8928570600,920.56,2026-07-08,settled
STL77660514,RZP4501446994,8214.77,2026-07-11,settled
STL45733729,RZP6109155930,19751.12,2026-07-09,settled
STL93245732,RZP1741026891,71767.04,2026-07-03,settled
STL19294513,RZP5215519541,51669.27,2026-07-10,settled
STL25554265,RZP5193435351,69507.05,2026-07-10,settled
STL28028246,RZP2134123763,36752.18,2026-07-04,settled
STL40626642,RZP8208903084,36397.89,2026-07-07,settled
STL23853815,RZP5073499937,52160.59,2026-07-04,settled
STL90222589,RZP5178391171,59847.23,2026-07-03,settled
STL35278591,RZP2453176190,27744.17,2026-07-04,settled
STL28633862,RZP1673301501,17779.63,2026-07-09,settled
STL99386494,RZP4883440982,73044.00,2026-07-15,settled
STL29687245,RZP5682923514,40795.74,2026-07-03,settled
STL11122908,RZP5470274866,63031.20,2026-07-03,pending
STL57708716,RZP5700774530,49733.72,2026-07-10,settled
STL31961696,RZP9497440581,28112.81,2026-07-05,settled
STL26692878,RZP3524699378,67513.40,2026-07-13,settled
STL59625009,RZP9535934569,37608.93,2026-07-05,settled
STL16698934,RZP6241468593,40255.47,2026-07-05,settled
STL13957046,RZP7759781156,61715.56,2026-07-07,settled
STL18397164,RZP2670036982,53002.80,2026-07-04,settled
STL96126771,RZP8236361108,19670.84,2026-07-14,settled
STL31711516,RZP5758939153,63170.82,2026-07-03,settled
STL17026662,RZP7499979945,12481.66,2026-07-08,settled
STL39302953,RZP6209647296,40040.17,2026-07-12,settled
STL70070401,RZP3288797367,10488.08,2026-07-14,settled
STL39104712,RZP4206735573,47640.37,2026-07-01,settled
STL52900260,RZP9769785826,37104.34,2026-07-01,settled
STL32653379,RZP1833991923,47807.18,2026-07-06,reversed
STL46614518,RZP7721795431,31341.72,2026-07-14,settled
STL33822574,RZP7870737796,43261.88,2026-07-15,settled
STL53243358,RZP9005656287,39696.12,2026-07-14,reversed
STL54701544,RZP3625472662,35132.25,2026-07-05,reversed
STL17247426,RZP9130280665,24254.99,2026-07-09,settled
STL31020395,RZP6007220626,56653.85,2026-07-10,settled
STL87584345,RZP1854701643,54697.73,2026-07-12,reversed
STL66207943,RZP8812457588,73527.15,2026-07-15,reversed
STL37334106,RZP1872156767,42767.65,2026-07-03,settled
STL88845892,RZP4705414652,72831.19,2026-07-01,settled
STL20428461,RZP1982011314,57258.72,2026-07-09,reversed
STL10851951,RZP5484140663,8303.85,2026-07-02,settled
STL63290222,RZP8803739992,29943.30,2026-07-03,settled
STL98607345,RZP4317315247,32838.38,2026-07-07,settled
STL97908995,RZP3489524042,61753.87,2026-07-11,settled
STL28202094,RZP7728340058,40334.54,2026-07-13,settled
STL88870241,RZP4612858179,73366.58,2026-07-14,settled
STL94687154,RZP4285945322,13981.96,2026-07-01,settled
STL50218573,RZP3489007575,11035.72,2026-07-13,settled
STL85091911,RZP4392640827,24312.40,2026-07-10,settled
STL62457569,RZP6523540741,22955.89,2026-07-10,settled
STL40117728,RZP4999620208,36521.13,2026-07-09,settled
STL78622351,RZP5140380028,47306.76,2026-07-11,settled
STL14079788,RZP9798289219,46054.03,2026-07-09,settled
STL15756715,RZP7654891733,69648.12,2026-07-11,settled
STL85153004,RZP8243193820,8115.44,2026-07-14,settled
STL26849074,RZP3078934540,27842.32,2026-07-11,settled
STL69078199,RZP6809476815,72694.46,2026-07-04,settled
STL61950919,RZP2423973123,48798.33,2026-07-10,settled
STL79707569,RZP5517201089,72553.61,2026-07-13,settled
STL16616517,RZP4925602403,45140.33,2026-07-06,settled
STL73362712,RZP6225296401,19917.17,2026-07-12,settled
STL58781560,RZP2568334904,54632.19,2026-07-02,settled
STL41694617,RZP2590382399,72386.06,2026-07-01,settled
STL94776987,RZP9441999412,45383.85,2026-07-13,settled
STL54095081,RZP9996903027,73977.88,2026-07-01,settled
STL65832475,RZP1744279636,12145.40,2026-07-08,settled
STL58838377,RZP4181592077,34923.56,2026-07-10,settled
STL53091709,RZP5162060546,35515.77,2026-07-07,settled
STL34331410,RZP8708728501,50836.41,2026-07-05,settled
STL61005009,RZP3463819175,23051.93,2026-07-04,settled
STL91930381,RZP4516133201,48849.73,2026-07-15,settled
STL48093356,RZP3098578259,14408.56,2026-07-02,settled
STL39538723,RZP2326582038,58673.22,2026-07-15,settled
STL52339954,RZP4127119760,7415.24,2026-07-14,settled
STL89414224,RZP9364920252,7986.86,2026-07-04,settled
STL46057928,RZP4028089278,72730.09,2026-07-08,settled
STL56755957,RZP9724399990,53047.80,2026-07-01,pending
STL24336334,RZP4195279456,70194.76,2026-07-04,settled
STL65502448,RZP2502227409,12532.64,2026-07-03,settled
STL76226744,RZP1018770589,11477.15,2026-07-04,settled
STL25755285,RZP6423750090,64733.87,2026-07-02,settled
STL91972935,RZP9616029981,32005.20,2026-07-14,settled
STL11862210,RZP5346656222,50754.00,2026-07-14,reversed
STL47095573,RZP6560129869,49705.60,2026-07-02,settled
STL59888721,RZP5872669601,74820.55,2026-07-06,settled
STL99460547,RZP2755318059,43432.66,2026-07-02,settled
STL17787027,RZP4685546928,57345.93,2026-07-07,settled
STL87036318,RZP4343748592,35430.73,2026-07-09,settled
STL60165713,RZP7855553994,51359.44,2026-07-02,settled
STL48323962,RZP4614617257,13219.35,2026-07-07,settled
STL98514011,RZP5650566007,42109.38,2026-07-14,settled
STL13741017,RZP6708976350,5181.89,2026-07-11,settled
STL72182980,RZP7009686555,53610.33,2026-07-06,settled
STL13706170,RZP8984839904,64997.84,2026-07-13,settled
STL58779318,RZP7878818522,65104.30,2026-07-15,settled
STL10510117,RZP3027554916,31315.98,2026-07-12,settled
STL73040981,RZP8072646787,40353.08,2026-07-08,settled
STL53111517,RZP5844700324,15823.91,2026-07-14,reversed
STL26235817,RZP5906830717,67029.32,2026-07-05,settled
STL71791460,RZP1796176498,33119.76,2026-07-07,settled
STL75466889,RZP3802410262,62898.61,2026-07-05,settled
STL51283560,RZP8201977556,30100.07,2026-07-07,settled
STL15968073,RZP4706462983,41324.47,2026-07-03,settled
STL72313438,RZP1892202360,18673.57,2026-07-13,settled
STL17499483,RZP5995667352,25215.85,2026-07-03,settled
STL17367600,RZP7012843640,30317.38,2026-07-15,settled
STL16264794,RZP7383890366,74527.88,2026-07-13,settled
STL69633763,RZP4751372582,72735.02,2026-07-12,settled
STL31652673,RZP4915915700,29595.01,2026-07-15,reversed
STL77544374,RZP9706866318,37714.12,2026-07-10,settled
STL50169234,RZP5341685819,68445.46,2026-07-10,settled
STL36637470,RZP5895723294,56158.29,2026-07-01,settled
STL72717139,RZP2854915879,15555.78,2026-07-05,settled
STL76877501,RZP3257857675,48813.11,2026-07-09,settled
STL69703357,RZP4532173418,28030.77,2026-07-05,settled
STL77376391,RZP5509294947,10760.05,2026-07-15,settled
STL35308976,RZP2151339127,1520.88,2026-07-12,reversed
STL94761786,RZP8948239995,71697.30,2026-07-05,settled
STL35974662,RZP2138143901,68343.70,2026-07-04,settled
STL51661505,RZP3846592873,30561.60,2026-07-07,settled
STL20113072,RZP8732369154,34210.69,2026-07-04,reversed
STL42970120,RZP4106156846,11877.54,2026-07-15,settled
STL65102361,RZP5170235520,25164.52,2026-07-06,settled
STL12468271,RZP3373814054,28672.14,2026-07-05,settled
STL37101146,RZP1827752234,3679.35,2026-07-02,settled
STL73058492,RZP1240990002,47431.94,2026-07-01,settled
STL17863981,RZP5406906896,44985.17,2026-07-01,settled
STL98834351,RZP4226189821,53576.07,2026-07-02,settled
STL87735343,RZP6103578149,60626.46,2026-07-15,settled
STL90951928,RZP3109110489,3342.94,2026-07-03,settled
STL78476884,RZP2725314932,67872.45,2026-07-06,settled
STL89772506,RZP8924753743,12583.75,2026-07-01,settled
STL93579731,RZP2961709893,27984.49,2026-07-05,settled
STL23331723,RZP3109018921,4924.23,2026-07-12,settled
STL57111340,RZP6201447936,55018.86,2026-07-09,settled
STL88493777,RZP8625962975,7152.76,2026-07-05,settled
STL99249401,RZP6121328003,19696.68,2026-07-14,settled
STL53196957,RZP2899868676,31948.12,2026-07-11,settled
STL93028281,RZP8803237251,35508.09,2026-07-02,settled
STL57530179,RZP6009452772,51355.25,2026-07-04,reversed
STL89884158,RZP6933150768,64126.14,2026-07-13,settled
STL48301522,RZP9814505869,6247.61,2026-07-14,settled
STL87422596,RZP3351762983,66126.79,2026-07-11,settled
STL95566412,RZP8144880989,46016.98,2026-07-15,settled
STL77600346,RZP8019246525,50527.21,2026-07-14,settled
STL62408380,RZP6905714777,57542.59,2026-07-10,settled
STL14772547,RZP8876219703,69209.84,2026-07-08,settled
STL36085631,RZP8417131388,14222.02,2026-07-14,settled
STL92672769,RZP5942796012,35016.69,2026-07-10,settled
STL30428651,RZP8232523707,61422.80,2026-07-08,settled
STL96216933,RZP4654980450,52975.75,2026-07-03,settled
STL94380849,RZP7545029775,65116.51,2026-07-15,settled
STL78662670,RZP9276176628,3480.12,2026-07-11,settled
STL83077607,RZP6856000716,15956.76,2026-07-02,settled
STL41555368,RZP9976901533,15873.68,2026-07-13,settled
STL62476756,RZP8160641932,72125.40,2026-07-05,settled
STL83034212,RZP3016353438,35966.48,2026-07-09,reversed
STL91188491,RZP2793250554,15406.52,2026-07-15,settled
STL43263373,RZP9652228183,32394.22,2026-07-14,settled
STL40023267,RZP7338377088,1423.79,2026-07-15,pending
STL83365847,RZP3182777545,61241.26,2026-07-14,settled
STL55194229,RZP3231639630,74200.06,2026-07-04,settled
STL77119614,RZP6337625868,62093.08,2026-07-07,settled
STL85637167,RZP4295130591,43972.93,2026-07-08,settled
STL12535132,RZP8991503807,63003.82,2026-07-04,settled
STL72873761,RZP1986647743,16849.74,2026-07-05,settled
STL27655789,RZP8466111803,11820.80,2026-07-04,settled
STL31911949,RZP2302407938,60274.03,2026-07-03,settled
STL90805956,RZP3484190616,56696.32,2026-07-01,settled
STL84194922,RZP2590061000,63635.09,2026-07-07,reversed
STL14214362,RZP3292900762,20593.51,2026-07-10,settled
STL80638891,RZP3070301340,52142.55,2026-07-12,settled
STL62116494,RZP9259573484,20013.92,2026-07-01,settled
STL97571512,RZP4204550998,49758.38,2026-07-03,settled
STL12276349,RZP4592099037,56809.29,2026-07-11,settled
STL45456758,RZP1928259302,22889.97,2026-07-11,reversed
STL32165081,RZP4466096192,5491.17,2026-07-14,settled
STL74493656,RZP3420063650,17061.08,2026-07-07,settled
STL26250163,RZP1109562211,13827.50,2026-07-15,settled
STL19197831,RZP7032714895,67697.03,2026-07-01,settled
STL39872119,RZP5407418053,23175.56,2026-07-07,pending
STL78973779,RZP5483308751,67421.98,2026-07-04,settled
STL64855245,RZP9688612692,70363.64,2026-07-11,settled
STL56001399,RZP8183812977,9010.66,2026-07-11,settled
STL84779822,RZP3290930907,31696.71,2026-07-02,settled
STL29989700,RZP3076510954,39375.34,2026-07-05,settled
STL74209875,RZP1394235376,19199.06,2026-07-05,settled
STL24790674,RZP6921027858,14268.00,2026-07-10,settled
STL79942848,RZP6791027463,26058.47,2026-07-13,settled
STL12066517,RZP1565838870,27360.67,2026-07-02,settled
STL70021607,RZP3452196668,15223.60,2026-07-01,pending
STL62098293,RZP9822808459,55778.62,2026-07-05,settled
STL34217029,RZP4043505811,29456.75,2026-07-15,settled
STL21607575,RZP7534242021,73164.31,2026-07-04,settled
STL34532913,RZP6643040635,16783.18,2026-07-10,settled
STL83186915,RZP1186146421,19140.09,2026-07-15,pending
STL26143959,RZP4067919621,37906.56,2026-07-15,settled
STL76262931,RZP9100749273,23722.99,2026-07-03,settled
STL30647550,RZP5814645976,64176.69,2026-07-07,settled
STL71047698,RZP8315637075,64415.20,2026-07-12,settled
STL31654325,RZP2326508192,25743.24,2026-07-06,settled
STL17777983,RZP4151737190,33735.78,2026-07-15,settled
STL30843490,RZP7447472936,41395.42,2026-07-08,settled
STL94809946,RZP1117263624,22110.05,2026-07-13,settled
STL99699727,RZP8573118097,38040.50,2026-07-02,settled
STL91644298,RZP9202102595,5975.06,2026-07-02,settled
STL10743465,RZP6818596587,64102.35,2026-07-04,settled
STL53346548,RZP4647084833,46233.28,2026-07-07,reversed
STL41521310,RZP7494427799,38683.45,2026-07-02,settled
STL62518269,RZP5351850734,12148.39,2026-07-02,settled
STL28400814,RZP8308554033,42845.48,2026-07-07,settled
STL82633735,RZP3483827971,3874.09,2026-07-06,settled
STL77253402,RZP7935843605,25619.90,2026-07-02,settled
STL86044409,RZP2470508648,73326.32,2026-07-11,settled
STL41217887,RZP7835064131,24027.45,2026-07-11,settled
STL69255753,RZP2295434789,66301.20,2026-07-14,pending
STL74059068,RZP5642462942,21824.02,2026-07-07,settled
STL37827473,RZP1831314297,9306.43,2026-07-08,settled
STL30035110,RZP1160488198,54532.98,2026-07-05,settled
STL63721182,RZP4847730548,34799.04,2026-07-05,settled
STL49378163,RZP2973737493,8813.58,2026-07-04,settled
STL64218119,RZP2187592160,45674.07,2026-07-04,settled
STL18470613,RZP8839710218,67014.54,2026-07-08,settled
STL91920005,RZP5918148433,6551.16,2026-07-02,settled
STL79876471,RZP8182207815,57163.55,2026-07-01,settled
STL18522518,RZP2670209278,61779.57,2026-07-09,settled
STL40783635,RZP9952048706,69903.42,2026-07-07,settled
STL87812909,RZP2509825605,7263.06,2026-07-14,settled
STL82764766,RZP2233452270,54753.66,2026-07-14,settled
STL62154482,RZP6666908720,45760.61,2026-07-02,settled
STL64606840,RZP8244972669,52176.48,2026-07-06,settled
STL73373435,RZP7261069753,54367.98,2026-07-04,settled
STL61448991,RZP2548844313,6066.47,2026-07-06,settled
STL20202604,RZP5473935534,43639.02,2026-07-06,settled
STL51075050,RZP9876996888,74465.47,2026-07-04,settled
STL57080846,RZP2007501471,6116.28,2026-07-06,settled
STL21728894,RZP2603690509,11973.46,2026-07-13,settled
STL51041277,RZP9606253502,38924.93,2026-07-13,settled
STL41381348,RZP8882946902,19493.15,2026-07-08,settled
STL39316293,RZP2180413464,26705.24,2026-07-12,settled
STL15246661,RZP1734907971,3898.13,2026-07-04,settled
STL42584132,RZP1525677083,57285.84,2026-07-05,settled
STL52614720,RZP9515510547,33883.69,2026-07-05,settled
STL41194360,RZP2633544205,58697.56,2026-07-14,settled
STL25103503,RZP5602675870,58369.51,2026-07-06,settled
STL75682810,RZP9287057448,22050.49,2026-07-11,settled
STL45555495,RZP2923274793,67300.75,2026-07-06,settled
STL89680169,RZP7127387421,58059.06,2026-07-05,settled
STL30259880,RZP2930718638,39349.03,2026-07-04,settled
STL20493527,RZP6878560310,70686.47,2026-07-10,settled
STL20059485,RZP4968635883,16294.94,2026-07-01,settled
STL76107524,RZP3645550726,10477.97,2026-07-03,settled
STL22388090,RZP7465682673,19208.53,2026-07-15,settled
STL72763722,RZP3039937426,62920.76,2026-07-04,settled
STL46085783,RZP7309067253,34161.13,2026-07-02,settled
STL75792455,RZP6222218814,38807.88,2026-07-09,reversed
STL38047424,RZP5472982281,37206.84,2026-07-07,settled
STL22716418,RZP7073973467,71127.90,2026-07-12,settled
STL25245600,RZP1461434876,26567.87,2026-07-13,settled
STL29021231,RZP1919252356,7187.94,2026-07-03,settled
STL98189010,RZP5037010859,28723.56,2026-07-10,settled
STL61606933,RZP2496521991,22713.63,2026-07-09,settled
STL19029034,RZP9150728001,26845.45,2026-07-01,settled
STL45069153,RZP3435707682,53025.94,2026-07-07,settled
STL60068443,RZP9643039540,13884.28,2026-07-15,pending
STL38945604,RZP5072187547,38177.59,2026-07-01,reversed
STL33320642,RZP5938524693,2831.63,2026-07-10,settled
STL93471826,RZP6609505682,47085.78,2026-07-15,settled
STL23417244,RZP3483301247,69914.03,2026-07-06,settled
STL86898920,RZP8811974799,69736.58,2026-07-14,reversed
STL62122549,RZP8380922117,43764.87,2026-07-07,settled
STL76749698,RZP8412044740,18948.41,2026-07-07,settled
STL34673455,RZP7298051668,46909.78,2026-07-11,settled
STL35245107,RZP8518755959,46722.82,2026-07-14,settled
STL20313372,RZP1969449751,66237.52,2026-07-14,settled
STL29019782,RZP3167771879,30118.08,2026-07-15,settled
STL49228199,RZP6821910354,52692.50,2026-07-08,settled
STL49945150,RZP5111732824,21285.98,2026-07-05,settled
STL75838904,RZP3644452962,50631.34,2026-07-10,settled
STL48891546,RZP2838212078,69752.62,2026-07-01,settled
STL38705725,RZP5855505105,54307.59,2026-07-14,settled
STL47795161,RZP2640402387,22393.66,2026-07-11,settled
STL32599162,RZP4774062825,25096.11,2026-07-04,settled
STL13737226,RZP7235218683,16879.93,2026-07-15,settled
STL68115874,RZP3415582507,8878.65,2026-07-09,settled
STL72802894,RZP8952403751,12072.26,2026-07-04,settled
STL53626546,RZP7640767377,30887.26,2026-07-07,settled
STL75664009,RZP8876168673,65486.59,2026-07-06,settled
STL93182100,RZP2951778308,1127.38,2026-07-02,settled
STL95078826,RZP1583308750,50336.13,2026-07-01,settled
STL32645646,RZP1365097623,11180.88,2026-07-07,settled
STL22857845,RZP8311045279,42190.42,2026-07-04,settled
STL19377308,RZP3634581757,38869.35,2026-07-06,settled
STL70926492,RZP9473703517,8458.37,2026-07-03,pending
STL52448479,RZP7182077478,62819.08,2026-07-11,settled
STL72661490,RZP3112421295,6890.94,2026-07-12,settled
STL54888996,RZP6654048442,69132.43,2026-07-05,settled
STL18830219,RZP8741193643,4581.77,2026-07-10,settled
STL35231339,RZP1406907715,11926.75,2026-07-11,settled
STL69427400,RZP5067400473,60319.20,2026-07-05,settled
STL85990720,RZP9598488806,14826.28,2026-07-13,settled
STL98208325,RZP4005591724,29104.21,2026-07-03,settled
STL74757170,RZP7416890880,26825.81,2026-07-15,settled
STL34698623,RZP1325299430,50911.42,2026-07-09,settled
STL36567299,RZP7116980518,30434.42,2026-07-04,settled
STL65958370,RZP8028547105,74740.13,2026-07-12,settled
STL65127958,RZP1327569745,42604.34,2026-07-03,settled
STL59535555,RZP5555672620,42072.48,2026-07-15,settled
STL18852915,RZP2160179042,40094.53,2026-07-11,settled
STL23581521,RZP1766829608,2101.16,2026-07-14,settled
STL39722157,RZP9353316047,70531.09,2026-07-07,settled
STL29209744,RZP3398926888,54306.38,2026-07-08,settled
STL21987653,RZP8566352759,50207.95,2026-07-03,settled
STL64609958,RZP3791857792,64112.56,2026-07-06,settled
STL86338714,RZP8576810359,1444.86,2026-07-01,settled
STL93642093,RZP8600723288,13109.52,2026-07-06,settled
STL50029698,RZP7697713977,15243.60,2026-07-03,settled
STL83609531,RZP2705297819,7618.75,2026-07-15,settled
STL56571587,RZP1041675032,2400.42,2026-07-09,settled
STL80953929,RZP5137172195,60441.79,2026-07-03,settled
STL21062367,RZP8271325310,24779.65,2026-07-09,pending
STL14353181,RZP5114434189,6473.55,2026-07-13,settled
STL16269153,RZP7474113339,44063.94,2026-07-04,settled
STL95624361,RZP3632461954,66585.55,2026-07-12,settled
STL94149004,RZP1359678897,52851.20,2026-07-13,settled
STL48890188,RZP9230811646,72195.00,2026-07-10,settled
STL33202743,RZP9243077762,21949.54,2026-07-02,settled
STL98879533,RZP3848221832,62470.64,2026-07-12,settled
STL19891479,RZP7510464725,27054.58,2026-07-04,settled
STL72096216,RZP1141506956,60899.76,2026-07-14,settled
STL64639795,RZP6146514431,28629.69,2026-07-11,settled
STL11361006,RZP9196096398,60736.90,2026-07-03,settled
STL42737271,RZP4151039967,6178.38,2026-07-02,settled
STL70400681,RZP8506717500,11589.38,2026-07-15,pending
STL82612215,RZP4646282906,16237.65,2026-07-11,settled
STL16693689,RZP4119821134,20759.98,2026-07-12,settled
STL66676860,RZP7807399340,34310.45,2026-07-04,settled
STL15395591,RZP7524687552,914.03,2026-07-01,settled
STL20306233,RZP1160955572,23100.01,2026-07-03,settled
STL77119320,RZP4242550727,15329.81,2026-07-09,settled
STL46764766,RZP4944085554,31384.42,2026-07-06,settled
STL47999725,RZP2119731304,10487.93,2026-07-05,settled
STL47388792,RZP5759761714,63480.32,2026-07-06,settled
STL37856880,RZP9907336486,25528.85,2026-07-02,pending
STL73997080,RZP5291569923,70072.89,2026-07-14,settled
STL34231364,RZP8386991846,72523.94,2026-07-02,settled
STL95800828,RZP6591038760,10665.65,2026-07-03,settled
STL37547287,RZP2291930285,58993.05,2026-07-13,settled
STL14480164,RZP5616387964,32079.13,2026-07-10,settled
STL30957223,RZP1407024125,21101.07,2026-07-13,settled
STL86523196,RZP1232644413,24356.56,2026-07-08,pending
STL81248558,RZP4458561683,16931.54,2026-07-09,settled
STL75454785,RZP9368441828,25847.35,2026-07-09,settled
STL17742362,RZP6508953195,66326.54,2026-07-01,settled
STL20964744,RZP6516661865,66712.95,2026-07-11,settled
STL59905491,RZP4547599045,40681.55,2026-07-10,settled
STL12485811,RZP7453787423,10512.07,2026-07-02,settled
STL26149750,RZP2297295374,20073.06,2026-07-15,settled
STL66165333,RZP1014043229,56077.99,2026-07-03,settled
STL89011369,RZP7059050795,39905.65,2026-07-09,settled
STL65348591,RZP6016294470,50177.76,2026-07-08,settled
STL83191073,RZP3676815058,49430.76,2026-07-12,settled
STL89400640,RZP5666371719,64344.55,2026-07-08,settled
STL91823338,RZP8945159978,18544.14,2026-07-15,pending
STL51210371,RZP8564009287,20426.00,2026-07-09,settled
STL68725569,RZP9164319224,58856.83,2026-07-06,settled
STL82924070,RZP9628187213,59739.17,2026-07-06,settled
STL89699345,RZP6845987005,70844.56,2026-07-12,settled
STL92469330,RZP2544413647,60477.88,2026-07-15,settled
STL17426570,RZP2823068546,73105.20,2026-07-03,settled
STL57965463,RZP2409438438,54462.08,2026-07-05,settled
STL45871828,RZP4054087031,6813.95,2026-07-01,reversed
STL16694723,RZP3569722379,21371.89,2026-07-01,settled
STL69272211,RZP1495338179,28475.48,2026-07-10,settled
STL86564131,RZP6436088184,45132.85,2026-07-12,pending
STL34180247,RZP9257219107,13335.81,2026-07-12,settled
STL60966208,RZP1440866732,67052.17,2026-07-04,settled
STL24740381,RZP8066167622,29151.33,2026-07-09,settled
STL32925834,RZP6612307265,73363.25,2026-07-10,settled
STL97909784,RZP1208785402,61042.64,2026-07-01,settled
STL72458631,RZP8289212520,12370.89,2026-07-13,settled
STL52222214,RZP3383331379,36978.33,2026-07-03,settled
STL82673252,RZP8846797777,44299.61,2026-07-11,settled
STL62274120,RZP3558070091,37030.12,2026-07-15,settled
STL19982037,RZP6303380496,3403.72,2026-07-11,settled
STL11499757,RZP3599911457,63609.40,2026-07-06,settled
STL91488404,RZP7986432443,18554.74,2026-07-08,settled
STL95310421,RZP5772827781,15215.29,2026-07-03,settled
STL34827279,RZP6446319396,53302.96,2026-07-11,pending
STL21983617,RZP8863128081,47908.06,2026-07-04,settled
STL92342710,RZP8540250413,68512.21,2026-07-06,settled
STL33559749,RZP7120264303,26678.56,2026-07-14,settled
STL11294689,RZP4536696963,29435.44,2026-07-01,settled
STL53528399,RZP8986617486,58561.63,2026-07-08,settled
STL50750934,RZP8415124854,17539.91,2026-07-05,settled
STL69319593,RZP4466709887,54429.10,2026-07-10,settled
STL28500190,RZP7813898088,42047.70,2026-07-03,reversed
STL97118551,RZP9148064715,8566.19,2026-07-06,settled
STL42542841,RZP2762549480,11212.47,2026-07-14,settled
STL86327090,RZP2490242444,17762.60,2026-07-07,settled
STL45252234,RZP1290934132,19687.69,2026-07-09,settled
STL77757703,RZP2784941397,70533.45,2026-07-04,settled
STL12610868,RZP9079001925,37084.68,2026-07-01,settled
STL25454302,RZP7747423487,10117.11,2026-07-12,settled
STL12813830,RZP5060938850,13354.59,2026-07-13,settled
STL61567040,RZP6134241134,59938.38,2026-07-09,settled
STL84946680,RZP8421960057,48848.67,2026-07-15,settled
STL38779982,RZP6074802395,63386.51,2026-07-05,pending
STL14443428,RZP8221295771,74460.02,2026-07-06,settled
STL58656813,RZP2420998059,61810.29,2026-07-12,settled
STL91640944,RZP1996234975,28449.97,2026-07-12,settled
STL45303311,RZP9252695946,9600.98,2026-07-11,pending
STL65522671,RZP8070149593,5202.76,2026-07-10,settled
STL95992451,RZP3886556616,20224.41,2026-07-04,settled
STL68407118,RZP2939389472,71441.19,2026-07-06,settled
STL43319557,RZP6218063810,53871.18,2026-07-03,settled
STL94569859,RZP3629402347,31244.78,2026-07-05,settled
STL51275753,RZP7579606959,28519.18,2026-07-05,settled
STL32555671,RZP5669015536,62510.38,2026-07-09,settled
STL77560361,RZP8814311396,38354.29,2026-07-10,settled
STL18113001,RZP7885056968,3742.50,2026-07-13,settled
STL97513494,RZP2179156519,912.75,2026-07-13,settled
STL75889353,RZP7202879915,5704.56,2026-07-12,settled
STL17872866,RZP9496808393,47727.17,2026-07-05,settled
STL20771474,RZP4228638176,13719.56,2026-07-03,settled
STL42224773,RZP9375653924,27726.13,2026-07-02,settled
STL48078080,RZP6932034824,60606.39,2026-07-10,settled
STL61193370,RZP3066770841,40008.51,2026-07-15,settled
STL64909646,RZP4262614859,30779.64,2026-07-12,settled
STL50693207,RZP6227046160,16062.24,2026-07-15,settled
STL57850111,RZP2724622525,53326.36,2026-07-10,settled
STL16963986,RZP1995694887,51488.61,2026-07-13,settled
STL90169259,RZP3337589670,63427.71,2026-07-15,settled
STL86378602,RZP6295669542,60925.03,2026-07-02,settled
STL14144375,RZP4557164013,47636.44,2026-07-01,reversed
STL85621910,RZP6441919715,19198.02,2026-07-14,settled
STL80624331,RZP5306899362,46368.68,2026-07-07,settled
STL24788485,RZP9479503098,33545.43,2026-07-11,pending
STL61562678,RZP8427644763,5381.12,2026-07-15,settled
STL39265818,RZP9832077152,68742.13,2026-07-04,settled
STL51013170,RZP5424263300,10851.79,2026-07-14,settled
STL78592132,RZP9760609574,53712.27,2026-07-08,settled
STL90771151,RZP3867261857,56714.00,2026-07-13,settled
STL84189328,RZP4978638053,34682.36,2026-07-06,settled
STL20730923,RZP4147842449,46678.48,2026-07-14,settled
STL94335805,RZP8977265570,24232.64,2026-07-02,settled
STL89243428,RZP2890964718,67503.94,2026-07-05,settled
STL51958630,RZP8636955790,8973.07,2026-07-15,settled
STL68147182,RZP4009896847,34589.42,2026-07-14,settled
STL20440583,RZP8685104191,19385.86,2026-07-11,settled
STL17377867,RZP4874106052,56326.35,2026-07-13,settled
STL61980994,RZP4300773578,27752.05,2026-07-10,pending
STL24074092,RZP7271156216,46375.21,2026-07-01,settled
STL65154850,RZP5674898592,72664.98,2026-07-05,settled
STL70324953,RZP8984587234,37365.07,2026-07-08,settled
STL25089603,RZP2612257559,5290.35,2026-07-14,settled
STL51785474,RZP1353239555,27709.15,2026-07-12,settled
STL47966374,RZP6301142665,37233.61,2026-07-02,settled
STL27607983,RZP1635287084,11311.86,2026-07-14,settled
STL58233570,RZP6928546974,18477.18,2026-07-06,settled
STL15937860,RZP5045561553,13473.94,2026-07-08,settled
STL86442071,RZP8581891316,54874.02,2026-07-09,settled
STL64484376,RZP4767160726,58213.72,2026-07-03,settled
STL75527308,RZP7071536934,21217.46,2026-07-15,settled
STL95596429,RZP2889395973,35249.74,2026-07-06,settled
STL25495741,RZP3128062954,21641.29,2026-07-09,settled
STL95548674,RZP3736645770,59664.03,2026-07-03,settled
STL64252448,RZP9895675097,45387.01,2026-07-07,settled
STL71832203,RZP6447403415,14100.42,2026-07-09,settled
STL57767782,RZP6032178997,64794.44,2026-07-09,settled
STL67360475,RZP3553757833,5791.92,2026-07-04,settled
STL43572997,RZP7036343430,58745.03,2026-07-14,settled
STL26210104,RZP2819890710,40610.92,2026-07-14,reversed
STL80906168,RZP1412090452,49119.58,2026-07-01,settled
STL79204668,RZP7512827545,70814.07,2026-07-02,settled
STL61722494,RZP8510416166,64529.13,2026-07-14,settled
STL80458212,RZP6165085672,36251.04,2026-07-11,settled
STL41411644,RZP9640982046,3204.51,2026-07-11,settled
STL94825727,RZP2242655074,9382.72,2026-07-14,settled
STL51104252,RZP3238162017,49415.16,2026-07-09,pending
STL85623623,RZP5479652535,11151.98,2026-07-02,settled
STL19680227,RZP4201075995,67145.23,2026-07-09,settled
STL78033109,RZP3395378830,8707.81,2026-07-02,reversed
STL78527949,RZP5748260780,41500.26,2026-07-04,reversed
STL62286197,RZP5024414345,27606.42,2026-07-13,settled
STL57865345,RZP5501786315,67600.56,2026-07-07,settled
STL52111160,RZP7703957637,74860.15,2026-07-08,settled
STL87396877,RZP8761469117,20762.55,2026-07-02,settled
STL45634947,RZP5647317243,36445.76,2026-07-10,settled
STL51154241,RZP7658867789,26709.88,2026-07-08,settled
STL36224350,RZP8704767279,41893.53,2026-07-01,reversed
STL13477562,RZP5954207902,74437.45,2026-07-07,settled
STL32086535,RZP9373764519,47348.30,2026-07-12,settled
STL86548496,RZP1468603718,1387.47,2026-07-03,settled
STL93499701,RZP8048036048,67576.69,2026-07-15,reversed
STL48513358,RZP6184096117,27845.16,2026-07-12,settled
STL33730171,RZP8793205440,22910.57,2026-07-07,settled
STL78525356,RZP7361889627,993.80,2026-07-07,settled
STL12466248,RZP6632773945,67012.74,2026-07-02,settled
STL82936904,RZP2750079430,25258.36,2026-07-11,settled
STL68105476,RZP5526221176,34022.09,2026-07-12,settled
STL23654808,RZP4872405446,37140.63,2026-07-02,settled
STL11690927,RZP8047907245,71206.63,2026-07-05,settled
STL50695005,RZP5145330871,59626.54,2026-07-10,settled
STL66043832,RZP6771618081,9517.63,2026-07-14,settled
STL45279525,RZP5235541974,43453.60,2026-07-10,settled
STL78901038,RZP2224336336,57352.20,2026-07-05,settled
STL39737951,RZP4927347350,52836.10,2026-07-06,settled
STL15062191,RZP4486755506,7160.98,2026-07-01,settled
STL27060284,RZP2071176641,6688.95,2026-07-13,settled
STL27198316,RZP2332767300,19508.46,2026-07-07,settled
STL64530866,RZP6532349731,70351.90,2026-07-03,settled
STL63675938,RZP1527472654,61792.86,2026-07-14,settled
STL80593346,RZP1248872076,23686.48,2026-07-02,settled
STL60418290,RZP6937704752,65286.71,2026-07-15,settled
STL60672881,RZP6662799283,72300.20,2026-07-11,settled
STL39717276,RZP9241197574,60950.97,2026-07-01,settled
STL39864339,RZP7976505315,64507.08,2026-07-11,settled
STL16174382,RZP6021252581,2553.27,2026-07-11,reversed
STL29511249,RZP6134427499,65913.57,2026-07-14,settled
STL43206194,RZP7587519811,53589.56,2026-07-15,settled
STL89041639,RZP6556436206,5494.21,2026-07-14,settled
STL23111164,RZP4110258855,37809.07,2026-07-06,settled
STL64477927,RZP6054647130,60115.04,2026-07-07,settled
STL37366112,RZP2280682265,8496.02,2026-07-09,settled
STL64510880,RZP3521837268,10194.17,2026-07-08,settled
STL58310598,RZP6330015657,64952.11,2026-07-06,settled
STL60283960,RZP8612441673,57650.01,2026-07-15,settled
STL54474221,RZP3753406032,32981.49,2026-07-04,settled
STL42193192,RZP5920497609,55499.14,2026-07-03,settled
STL42539759,RZP7866732238,7230.63,2026-07-09,settled
STL44831935,RZP3189407062,11566.30,2026-07-13,reversed
STL71214909,RZP2763419718,38983.88,2026-07-14,settled
STL99049395,RZP8638860823,46900.04,2026-07-05,reversed
STL38774443,RZP9173418640,43961.18,2026-07-01,settled
STL74510689,RZP3483852029,54326.74,2026-07-05,settled
STL28077736,RZP2948263065,10145.94,2026-07-03,settled
STL32815018,RZP1210806141,12133.07,2026-07-08,settled
STL67756952,RZP3547223225,4462.90,2026-07-05,settled
STL76942163,RZP3968732915,69531.33,2026-07-12,settled
STL84061255,RZP4517213563,25905.17,2026-07-12,settled
STL32711457,RZP4167339238,25283.54,2026-07-11,settled
STL11716086,RZP8741405405,70461.61,2026-07-06,settled
STL70156330,RZP3800334254,63674.68,2026-07-08,settled
STL29989430,RZP3561565685,71344.98,2026-07-12,settled
STL60662998,RZP1687187319,65842.19,2026-07-13,settled
STL16293604,RZP2570864585,45369.66,2026-07-02,settled
STL90716776,RZP5855535478,12219.86,2026-07-13,settled
STL39277781,RZP8284073512,22185.58,2026-07-03,settled
STL68981830,RZP5763954598,53367.48,2026-07-05,settled
STL45243676,RZP7196966433,55196.96,2026-07-02,settled
STL33290783,RZP4704171119,20968.67,2026-07-12,pending
STL62056495,RZP1867562781,21220.70,2026-07-05,settled
STL76422705,RZP6977525103,48639.65,2026-07-13,settled
STL85701885,RZP3840412106,64041.58,2026-07-14,settled
STL13904897,RZP7993819504,64551.74,2026-07-07,settled
STL62969681,RZP3918554632,45401.10,2026-07-11,settled
STL94778817,RZP2846695402,35874.74,2026-07-01,settled
STL34054008,RZP6601867087,24744.18,2026-07-04,settled
STL92602298,RZP9561936242,8511.62,2026-07-10,settled
STL20546948,RZP3175651815,35590.05,2026-07-01,settled
STL16892773,RZP9704383251,35856.97,2026-07-11,settled
STL21419363,RZP9694228701,21750.20,2026-07-05,settled
STL61111619,RZP7826758231,2032.36,2026-07-07,settled
STL27860289,RZP9757061274,30130.46,2026-07-09,settled
STL62193136,RZP2503121322,62963.95,2026-07-08,settled
STL48249537,RZP5076150500,35611.52,2026-07-05,settled
STL22909427,RZP1490869240,68136.53,2026-07-06,settled
STL69873575,RZP1845279868,70283.12,2026-07-04,settled
STL13764654,RZP1448394850,27521.27,2026-07-13,settled
STL40368869,RZP3280772748,1834.75,2026-07-01,settled
STL76549837,RZP1234359689,48433.20,2026-07-03,settled
STL21858406,RZP3610963545,63451.75,2026-07-07,reversed
STL62533835,RZP1989523093,52498.67,2026-07-15,settled
STL33369425,RZP7258105807,58545.58,2026-07-11,settled
STL19973272,RZP7502348893,65712.21,2026-07-14,settled
STL62076839,RZP6208403262,67788.44,2026-07-13,settled
STL16734269,RZP9528732541,67545.16,2026-07-15,settled
STL29394179,RZP4315743127,67093.26,2026-07-03,settled
STL68876111,RZP8548620154,13019.79,2026-07-06,settled
STL84142649,RZP2477770938,38625.08,2026-07-11,settled
STL86006452,RZP4574419893,57222.03,2026-07-15,settled
STL47241089,RZP2727768349,48220.03,2026-07-09,settled
STL58546204,RZP4077556665,61794.18,2026-07-15,settled
STL65461567,RZP9235424353,29223.34,2026-07-02,settled
STL40476715,RZP5597262809,6356.17,2026-07-11,settled
STL11339009,RZP7748429750,15146.24,2026-07-09,settled
STL38690942,RZP3707395289,7010.15,2026-07-05,settled
STL84073296,RZP2975276611,39912.51,2026-07-07,settled
STL95581670,RZP4841042335,44791.23,2026-07-02,settled
STL45787268,RZP1278979168,61966.04,2026-07-09,settled
STL95886468,RZP9616721857,20935.80,2026-07-12,settled
STL17425900,RZP4661549914,72302.12,2026-07-08,settled
STL76575651,RZP7545569932,58364.07,2026-07-02,settled
STL58859474,RZP7386352266,3207.75,2026-07-08,settled
STL51057715,RZP3522139422,49801.54,2026-07-14,settled
STL26287660,RZP3508653107,4049.03,2026-07-10,pending
STL36618219,RZP3013362475,5217.48,2026-07-11,settled
STL84148525,RZP1495076257,35157.11,2026-07-11,settled
STL62871125,RZP2496303800,11952.85,2026-07-05,settled
STL71367643,RZP6320115677,29986.05,2026-07-11,settled
STL13495099,RZP6126458065,65834.79,2026-07-01,settled
STL13262588,RZP5170813887,16948.59,2026-07-07,settled
STL55969427,RZP6395817441,18084.46,2026-07-14,settled
STL60346941,RZP1117237338,65884.00,2026-07-08,settled
STL17504883,RZP4755890043,58741.28,2026-07-01,settled
STL76158673,RZP4834464625,48889.92,2026-07-13,settled
STL76080806,RZP5114549022,63676.79,2026-07-06,settled
STL11797966,RZP2784758296,41505.07,2026-07-03,reversed
STL78601835,RZP9694236922,65482.16,2026-07-08,pending
STL82415473,RZP8925224884,47604.27,2026-07-01,pending
STL75558700,RZP2091573715,73725.39,2026-07-02,settled
STL82537851,RZP5741459197,24836.40,2026-07-01,settled
STL57136592,RZP8656891324,21038.31,2026-07-11,settled
STL93077045,RZP4756260967,40040.05,2026-07-13,settled
STL73710256,RZP4064711771,18309.75,2026-07-12,settled
STL57996006,RZP7366007984,43729.34,2026-07-04,settled
STL80466148,RZP9535157385,74076.18,2026-07-10,settled
STL97311360,RZP7721088315,15616.97,2026-07-06,settled
STL67075728,RZP9396884047,55202.35,2026-07-03,settled
STL23212915,RZP3786931829,70522.69,2026-07-09,settled
STL77418191,RZP3707013363,49985.48,2026-07-11,settled
STL25747531,RZP4085550927,17291.48,2026-07-04,settled
STL36660705,RZP6190830242,4166.46,2026-07-08,settled
STL39508245,RZP8952782076,34664.13,2026-07-03,settled
STL40306132,RZP8570131074,57142.67,2026-07-01,settled
STL15005295,RZP6740988827,60126.29,2026-07-03,settled
STL27206881,RZP3102241403,31498.41,2026-07-11,settled
STL38933690,RZP6029149881,22872.15,2026-07-03,reversed
STL33981636,RZP2235685421,68696.79,2026-07-04,settled
STL88703005,RZP3424843951,5611.46,2026-07-13,settled
STL66735659,RZP7554803559,36853.67,2026-07-12,pending
STL14894860,RZP4401573612,45321.11,2026-07-11,settled
STL86934791,RZP5212057345,66350.81,2026-07-04,settled
STL33646361,RZP8608265328,42497.34,2026-07-03,settled
STL95674926,RZP1566194766,70015.96,2026-07-06,settled
STL74200733,RZP2245033297,43255.25,2026-07-09,settled
STL44748528,RZP9350926956,21881.78,2026-07-01,settled
STL34900734,RZP6488540612,6043.56,2026-07-05,settled
STL89164920,RZP1971888397,25263.51,2026-07-04,settled
STL85279293,RZP6680879402,44758.24,2026-07-12,pending
STL98429450,RZP3901796894,38582.46,2026-07-13,settled
STL84311410,RZP8970258559,2116.75,2026-07-14,settled
STL49491631,RZP8352307139,33889.00,2026-07-01,settled
STL79386899,RZP9061380385,46163.40,2026-07-13,settled
STL32897636,RZP3519243506,56860.83,2026-07-07,settled
STL11664152,RZP9398700623,61833.10,2026-07-11,pending
STL93944156,RZP2251225707,42457.19,2026-07-10,reversed
STL45371425,RZP1312933167,11586.79,2026-07-10,settled
STL31980092,RZP6896819130,12029.38,2026-07-15,settled
STL85409053,RZP6391572395,33095.48,2026-07-15,settled
STL97276121,RZP6873110926,14378.69,2026-07-15,pending
STL43915776,RZP5955116415,8639.49,2026-07-07,settled
STL51384303,RZP2549693250,9299.63,2026-07-09,settled
STL95910412,RZP2700002857,52660.36,2026-07-13,settled
STL33834879,RZP3925621610,18524.39,2026-07-08,settled
STL51013767,RZP2275155460,2484.58,2026-07-08,settled
STL86535615,RZP6494451212,13909.08,2026-07-10,settled
STL88493421,RZP4846835600,40836.90,2026-07-01,settled
STL49303646,RZP5023860071,17717.16,2026-07-07,settled
STL69648000,RZP5399600121,12413.56,2026-07-03,settled
STL31069914,RZP7086319171,26320.06,2026-07-15,settled
STL80592212,RZP6440776288,38403.72,2026-07-09,settled
STL73263560,RZP4716414506,17059.26,2026-07-07,settled
STL63124684,RZP4490094223,29806.12,2026-07-01,settled
STL46965029,RZP1771774810,43644.05,2026-07-08,settled
STL10636028,RZP2638481615,67573.89,2026-07-02,settled
STL17872454,RZP9377750921,29444.00,2026-07-12,settled
STL81149536,RZP9225215121,25037.71,2026-07-05,pending
STL82751830,RZP3459788151,20457.72,2026-07-09,settled
STL49371151,RZP4962163038,39157.22,2026-07-12,settled
STL43464305,RZP6302368780,34026.34,2026-07-11,settled
STL54201076,RZP4782808120,16120.21,2026-07-02,settled
STL51833635,RZP1799156163,13238.90,2026-07-12,settled
STL25661988,RZP7060247848,14985.16,2026-07-05,settled
STL51087924,RZP2636957258,73089.63,2026-07-09,settled
STL52889263,RZP9840903987,69237.26,2026-07-08,settled
STL41537171,RZP8886785975,28007.26,2026-07-08,settled
STL34907429,RZP4024291049,15364.34,2026-07-12,settled
STL14393557,RZP9773364425,63389.75,2026-07-06,settled
STL16589366,RZP2414054150,30248.61,2026-07-05,settled
STL77907996,RZP2876657706,5853.20,2026-07-04,settled
STL42891532,RZP1254209906,38618.49,2026-07-13,settled
STL37134697,RZP8732686400,10907.10,2026-07-07,settled
STL42791876,RZP1941105018,32874.87,2026-07-15,settled
STL88213528,RZP1213633868,47295.64,2026-07-15,settled
STL55264038,RZP6673751940,4492.94,2026-07-02,settled
STL89083928,RZP9146408007,68882.65,2026-07-03,settled
STL59163162,RZP8057256589,11653.00,2026-07-01,settled
STL36697141,RZP6472566643,10434.47,2026-07-15,settled
STL53042719,RZP7372911048,9343.32,2026-07-11,settled
STL79972515,RZP2219460880,7415.06,2026-07-09,settled
STL68774773,RZP4590423490,16086.46,2026-07-01,settled
STL67768955,RZP5584193081,66152.47,2026-07-01,settled
STL89936836,RZP2082493792,59966.31,2026-07-05,settled
STL10104135,RZP8370674741,18189.77,2026-07-03,settled
STL64299436,RZP5189593189,40256.40,2026-07-02,settled
STL33062057,RZP3252262370,34372.44,2026-07-06,settled
STL43861977,RZP5381262366,30014.31,2026-07-03,settled
STL43927264,RZP5069371057,11735.78,2026-07-06,settled
STL54942577,RZP2323890928,55478.41,2026-07-05,settled
STL15871005,RZP4324869428,26375.09,2026-07-02,settled
STL42522192,RZP9932185571,67970.63,2026-07-15,settled
STL66088358,RZP1800625357,3464.52,2026-07-10,settled
STL70169043,RZP5916109591,73151.82,2026-07-14,settled
STL28106384,RZP3411030468,37520.26,2026-07-15,settled
STL34727978,RZP9670856917,69254.51,2026-07-07,pending
STL97938735,RZP5254215023,68390.63,2026-07-02,settled
STL27487636,RZP1166403928,7658.41,2026-07-15,settled
STL41415521,RZP3195478768,23672.90,2026-07-15,settled
STL85268530,RZP9405393496,17885.20,2026-07-08,settled
STL24168547,RZP1644661427,17211.02,2026-07-09,settled
STL92325772,RZP4679211513,25396.90,2026-07-08,settled
STL53450546,RZP8438660579,27395.91,2026-07-03,settled
STL91741763,RZP4448041182,46906.71,2026-07-02,settled
STL35825654,RZP5872860805,33539.49,2026-07-01,settled
STL52653730,RZP3968179935,64574.46,2026-07-06,settled
STL91544074,RZP7070764459,57460.99,2026-07-12,settled
STL65572620,RZP2737684747,22788.59,2026-07-05,settled
STL62957949,RZP1227544020,6440.22,2026-07-01,settled
STL66214589,RZP5735755621,29718.08,2026-07-14,settled
STL42575469,RZP1602701908,73836.34,2026-07-09,settled
STL63699959,RZP5048013212,51725.48,2026-07-01,settled
STL79432876,RZP9806359697,13079.79,2026-07-11,pending
STL49796475,RZP3276660290,58335.59,2026-07-15,settled
STL83063168,RZP4642736742,72380.78,2026-07-03,settled
STL87382334,RZP9103901354,59102.62,2026-07-04,reversed
STL78731672,RZP1813516620,8084.78,2026-07-06,settled
STL77843401,RZP3747283564,56811.10,2026-07-10,settled
STL77628298,RZP1243219835,3063.61,2026-07-13,reversed
STL11292015,RZP4560994202,14573.94,2026-07-12,settled
STL23122546,RZP8988834665,41354.30,2026-07-01,settled
STL67898521,RZP2596127840,37626.30,2026-07-01,pending
STL17586107,RZP4843798780,70461.21,2026-07-11,settled
STL47665512,RZP3441808541,16682.01,2026-07-06,settled
STL77866762,RZP1845477031,25272.61,2026-07-12,settled
STL57395992,RZP1676220116,74762.88,2026-07-13,settled
STL55132604,RZP4082789249,50372.14,2026-07-14,settled
STL63986524,RZP7270360487,53446.09,2026-07-09,settled
STL53929586,RZP9061615990,65019.40,2026-07-13,settled
STL99390270,RZP3198996581,49308.57,2026-07-04,settled
STL98013809,RZP8625307235,5600.83,2026-07-14,reversed
STL77483781,RZP2410688654,68372.54,2026-07-15,settled
STL42348666,RZP3257711918,9422.58,2026-07-09,reversed
STL79781516,RZP1353679498,73885.88,2026-07-11,settled
STL16770321,RZP2388650841,53569.64,2026-07-14,settled
STL74018411,RZP3509269249,19826.88,2026-07-12,settled
STL44647379,RZP4793278865,69141.08,2026-07-10,settled
STL54163422,RZP7882301046,62764.68,2026-07-05,settled
STL20957586,RZP3733780172,24684.86,2026-07-13,settled
STL77187530,RZP6555540744,12282.75,2026-07-01,settled
STL93568775,RZP2313042822,47410.01,2026-07-06,settled
STL21281365,RZP2316333341,20681.69,2026-07-05,settled
STL51379419,RZP3912659475,48216.66,2026-07-14,settled
STL51051169,RZP3948154414,42484.52,2026-07-09,settled
STL26497586,RZP7172607733,23829.08,2026-07-03,settled
STL12665116,RZP9293333507,44074.39,2026-07-03,settled
STL52988028,RZP6400398502,45015.23,2026-07-13,settled
STL87821046,RZP4381958315,8219.91,2026-07-14,settled
STL46662047,RZP7970005322,27102.78,2026-07-07,settled
STL95914779,RZP3994931671,28898.70,2026-07-14,settled
STL69977974,RZP8121176116,59659.40,2026-07-10,reversed
STL79757399,RZP3641139705,39851.89,2026-07-05,settled
STL28314049,RZP6557196017,67484.49,2026-07-04,settled
STL60479270,RZP4619623602,44939.09,2026-07-13,settled
STL42823207,RZP9299757653,33447.19,2026-07-09,settled
STL57458790,RZP3301610601,16015.55,2026-07-11,settled
STL85179486,RZP4848511613,36695.13,2026-07-14,settled
STL13110670,RZP7505693643,37657.60,2026-07-05,settled
STL44130373,RZP4649258528,38923.43,2026-07-15,settled
STL31001513,RZP5691652718,42294.81,2026-07-12,settled
STL13879756,RZP6662211914,41707.52,2026-07-02,settled
STL87052108,RZP7654474836,20693.38,2026-07-12,settled
STL20443908,RZP9817780073,31374.14,2026-07-02,settled
STL24680743,RZP9852227549,4148.38,2026-07-10,reversed
STL24015628,RZP2160051378,32696.06,2026-07-06,settled
STL91156554,RZP7560389844,72486.98,2026-07-14,settled
STL85411164,RZP4580989585,19017.11,2026-07-01,settled
STL64657165,RZP4980010109,60322.33,2026-07-03,settled
STL89528254,RZP9832382243,18695.05,2026-07-04,settled
STL92751260,RZP4972865038,51682.75,2026-07-13,settled
STL27524181,RZP6200099224,15725.29,2026-07-03,settled
STL93629323,RZP8296159199,63585.47,2026-07-04,settled
STL64442482,RZP7696498138,51576.00,2026-07-14,settled
STL62963056,RZP4712908198,6842.72,2026-07-11,pending
STL70917200,RZP2459797120,67082.40,2026-07-13,settled
STL32502892,RZP4599219091,19373.12,2026-07-12,settled
STL81856498,RZP6927479280,46139.13,2026-07-03,settled
STL66201142,RZP9368951150,73113.94,2026-07-03,settled
STL44976988,RZP8334486096,61651.71,2026-07-03,settled
STL57388903,RZP2372367640,2074.93,2026-07-12,reversed
STL26724727,RZP2557256960,52391.23,2026-07-14,settled
STL49379107,RZP4351780785,28823.43,2026-07-03,settled
STL39406132,RZP5586305039,50851.61,2026-07-10,settled
STL47950463,RZP4408485949,57558.39,2026-07-10,settled
STL21969490,RZP1685062777,15203.30,2026-07-05,settled
STL13315946,RZP5058691146,29247.76,2026-07-09,settled
STL70052793,RZP9743665547,2673.56,2026-07-07,settled
STL37130963,RZP1980457671,73304.30,2026-07-08,settled
STL69584522,RZP3598862507,51090.12,2026-07-06,settled
STL61248326,RZP5209680864,65470.25,2026-07-04,settled
STL23723755,RZP8481409303,28989.75,2026-07-11,settled
STL82352664,RZP4143070103,43062.75,2026-07-08,settled
STL17634247,RZP2346922426,4235.60,2026-07-08,settled
STL51552962,RZP8538522997,55594.31,2026-07-01,settled
STL95885298,RZP2344527948,57909.89,2026-07-03,settled
STL47332193,RZP3645190427,53640.65,2026-07-01,settled
STL86061476,RZP4747855538,72797.57,2026-07-01,settled
STL35574404,RZP8188100401,9329.17,2026-07-12,settled
STL73254279,RZP3388708199,39411.31,2026-07-01,settled
STL98307414,RZP7687184154,24216.01,2026-07-04,settled
STL45387579,RZP6073675245,44106.68,2026-07-05,settled
STL10861718,RZP4215771198,69786.26,2026-07-07,settled
STL47575488,RZP7884755744,14292.11,2026-07-02,settled
STL26666744,RZP6423156524,71723.98,2026-07-14,settled
STL71949493,RZP4529262082,66805.64,2026-07-13,settled
STL68103065,RZP5178466832,74389.64,2026-07-03,pending
STL20671079,RZP6448852377,35573.82,2026-07-04,reversed
STL38557229,RZP5359368511,49222.46,2026-07-01,settled
STL71217460,RZP9902515391,32781.60,2026-07-09,settled
STL49133487,RZP1319875330,2898.27,2026-07-10,settled
STL30026941,RZP7352900525,1049.76,2026-07-03,settled
STL38945728,RZP4125270590,59758.70,2026-07-14,settled
STL19582771,RZP6776107079,67041.65,2026-07-01,pending
STL91399503,RZP8987030580,15599.13,2026-07-06,settled
STL45572859,RZP3795222313,49415.74,2026-07-12,settled
STL61769856,RZP5783872028,30318.64,2026-07-08,settled
STL73884832,RZP8155933664,73091.95,2026-07-09,pending
STL63214873,RZP4534607014,44472.23,2026-07-14,settled
STL18978692,RZP5545850584,13671.24,2026-07-08,settled
STL67469612,RZP5948471590,13987.77,2026-07-13,settled
STL84093639,RZP3303082117,72997.12,2026-07-07,settled
STL91741916,RZP8977326384,28060.54,2026-07-03,settled
STL57043979,RZP7744664242,20772.44,2026-07-08,settled
STL69820526,RZP8101057246,73395.02,2026-07-03,settled
STL44999379,RZP9760623742,6607.76,2026-07-11,settled
STL98420360,RZP2973711860,28697.29,2026-07-01,settled
STL47940206,RZP2611216594,10614.34,2026-07-06,reversed
STL25740932,RZP9824076491,58864.88,2026-07-15,settled
STL93447742,RZP7554344012,64407.79,2026-07-11,settled
STL21297007,RZP2166877010,69195.78,2026-07-04,settled
STL81524417,RZP8279865930,42491.17,2026-07-12,settled
STL48647245,RZP6864635833,35221.61,2026-07-09,settled
STL11422855,RZP9827390296,5398.60,2026-07-02,settled
STL46684386,RZP2902586094,52200.74,2026-07-07,settled
STL59997347,RZP1339581951,21429.33,2026-07-02,settled
STL90222197,RZP3162611166,25960.10,2026-07-07,settled
STL40722721,RZP5760536144,47630.49,2026-07-10,settled
STL19433255,RZP5874842445,8801.32,2026-07-15,settled
STL59939933,RZP8792450228,41664.94,2026-07-06,settled
STL21993726,RZP7213404215,15572.88,2026-07-12,settled
STL27936791,RZP4958754554,10514.83,2026-07-14,settled
STL44737951,RZP9631473880,39651.16,2026-07-05,settled
STL73305875,RZP3967274684,42816.01,2026-07-12,settled
STL16005870,RZP2245247655,24081.49,2026-07-09,settled
STL22276469,RZP3067899309,4889.35,2026-07-06,settled
STL97884709,RZP6002496551,68504.27,2026-07-06,pending
STL55083761,RZP3267385310,22328.03,2026-07-09,reversed
STL55055113,RZP4104368865,69843.26,2026-07-02,settled
STL16481532,RZP6067025542,56427.11,2026-07-15,reversed
STL31689669,RZP9064417433,49978.13,2026-07-05,settled
STL12232081,RZP1807174408,73970.51,2026-07-14,settled
STL68993538,RZP7256048995,55962.83,2026-07-02,settled
STL79745243,RZP3645861580,41945.21,2026-07-03,settled
STL60159053,RZP9840092247,68737.22,2026-07-08,settled
STL95395947,RZP4598759233,10908.58,2026-07-13,settled
STL89400280,RZP5520310548,48713.00,2026-07-15,settled
STL26464071,RZP5899984156,70869.03,2026-07-07,settled
STL94105033,RZP2517110678,59986.70,2026-07-01,settled
STL49033844,RZP6472185711,74411.34,2026-07-14,settled
STL93612610,RZP5349767729,41935.83,2026-07-02,settled
STL75225467,RZP6733158970,43907.26,2026-07-03,settled
STL94370897,RZP9602955607,25254.11,2026-07-13,settled
STL68241151,RZP6176403894,52089.88,2026-07-01,settled
STL44105074,RZP8913735653,26227.86,2026-07-03,settled
STL21087507,RZP3824691843,24509.21,2026-07-03,settled
STL77953702,RZP2763544042,1266.90,2026-07-03,settled
STL74299148,RZP7039957787,23601.99,2026-07-14,settled
STL24111073,RZP1125791798,4063.65,2026-07-01,settled
STL82130601,RZP2728863739,51762.16,2026-07-06,settled
STL42224818,RZP8213053933,22671.01,2026-07-02,settled
STL73776280,RZP5268041890,26627.39,2026-07-08,settled
STL92207221,RZP5083437740,54581.34,2026-07-14,settled
STL29274561,RZP1979761581,63311.37,2026-07-04,settled
STL56689416,RZP2857228002,6484.42,2026-07-14,settled
STL73133849,RZP6483306674,32265.70,2026-07-05,settled
STL84746474,RZP1482881550,18648.94,2026-07-01,reversed
STL34954217,RZP6821360946,36364.25,2026-07-10,settled
STL21722969,RZP9278007251,13484.94,2026-07-12,settled
STL67695990,RZP9262244192,68819.89,2026-07-07,settled
STL29898608,RZP9816426217,34075.70,2026-07-02,reversed
STL90183178,RZP4043811098,26341.00,2026-07-11,settled
STL46048781,RZP9070061596,51943.27,2026-07-01,settled
STL26917610,RZP6002926903,70529.89,2026-07-07,settled
STL50429312,RZP6352599207,57030.61,2026-07-06,settled
STL46554970,RZP4441420454,32251.17,2026-07-01,settled
STL45555431,RZP8633387715,40661.05,2026-07-08,settled
STL59746033,RZP8312619038,26427.97,2026-07-03,settled
STL33317675,RZP2210500728,52564.39,2026-07-14,settled
STL59283011,RZP9885692677,46312.21,2026-07-02,settled
STL92594994,RZP1489020360,19294.18,2026-07-07,settled
STL13597126,RZP8870201728,47502.99,2026-07-06,settled
STL40746598,RZP3516665536,13970.45,2026-07-08,settled
STL10968781,RZP8584350472,59948.38,2026-07-10,settled
STL43711182,RZP5256511661,74096.40,2026-07-10,settled
STL72298460,RZP1644082961,2563.96,2026-07-13,settled
STL31856624,RZP2229063781,61253.69,2026-07-14,reversed
STL86560394,RZP8663811838,67846.09,2026-07-04,settled
STL76930451,RZP9288426601,36671.46,2026-07-12,settled
STL52887660,RZP6450571799,31421.41,2026-07-14,settled
STL69136292,RZP8049441942,23645.70,2026-07-02,settled
STL13834774,RZP3690714075,10280.14,2026-07-14,settled
STL47781941,RZP1418660309,17888.77,2026-07-09,settled
STL51003929,RZP2152574890,2841.95,2026-07-07,settled
STL93013789,RZP9667952241,56344.00,2026-07-15,reversed
STL41348220,RZP4734910807,73567.71,2026-07-04,settled
STL40350155,RZP8620570564,42350.78,2026-07-15,settled
STL66971876,RZP6082681041,43117.09,2026-07-08,settled
STL62880140,RZP7439460189,2819.41,2026-07-12,settled
STL71472671,RZP8674352222,36718.06,2026-07-11,settled
STL66125192,RZP8925919130,36019.11,2026-07-05,settled
STL67665720,RZP4651178503,59778.01,2026-07-07,settled
STL89741572,RZP9352270635,20039.54,2026-07-07,settled
STL32869433,RZP5129393419,4435.46,2026-07-13,pending
STL86460966,RZP4966930842,44020.68,2026-07-06,pending
STL21123747,RZP2443586985,45049.67,2026-07-10,settled
STL25115604,RZP1436611598,45418.07,2026-07-01,settled
STL62222770,RZP9800194427,73221.18,2026-07-01,settled
STL77074738,RZP9586660350,33576.46,2026-07-11,settled
STL40153085,RZP1015462670,66845.25,2026-07-06,settled
STL69830354,RZP6186672572,70202.62,2026-07-01,settled
STL93807204,RZP9023516892,39982.05,2026-07-01,settled
STL25973659,RZP2370960951,32614.03,2026-07-11,reversed
STL58481448,RZP7067964799,64726.99,2026-07-07,reversed
STL10082276,RZP1957900422,16741.19,2026-07-05,settled
STL93137249,RZP6740712576,72727.45,2026-07-12,reversed
STL59918884,RZP4878215945,27771.08,2026-07-03,settled
STL88049285,RZP9906206141,18846.62,2026-07-07,settled
STL94509328,RZP5733958957,11095.35,2026-07-08,settled
STL68035954,RZP8007540896,2719.29,2026-07-14,settled
STL43492869,RZP7017572490,58732.32,2026-07-14,settled
STL86396588,RZP4460788585,1907.11,2026-07-14,settled
STL54855279,RZP4130071384,39938.62,2026-07-06,settled
STL30395679,RZP4245561766,36732.62,2026-07-10,settled
STL65108345,RZP5097028209,63205.08,2026-07-08,settled
STL40389767,RZP3512990442,57225.69,2026-07-02,settled
STL28061173,RZP8023641300,55954.89,2026-07-07,reversed
STL98844554,RZP8406392737,31623.33,2026-07-11,settled
STL81390006,RZP5363292596,987.96,2026-07-03,settled
STL62888348,RZP7154789504,30364.87,2026-07-05,settled
STL19102656,RZP4382391143,72756.69,2026-07-15,settled
STL25460259,RZP3925562184,48652.69,2026-07-02,settled
STL81209329,RZP6232379249,19195.76,2026-07-06,settled
STL13048073,RZP1883793757,32127.15,2026-07-14,settled
STL36033365,RZP2304704031,63172.07,2026-07-13,settled
STL43779291,RZP7046757417,56556.12,2026-07-11,settled
STL46506567,RZP9715972310,48936.45,2026-07-09,settled
STL10267483,RZP6206358212,22857.25,2026-07-09,settled
STL30481130,RZP3807166937,15100.82,2026-07-05,settled
STL28762277,RZP8505196447,61825.74,2026-07-01,settled
STL46347748,RZP1244252663,18806.92,2026-07-04,settled
STL23849303,RZP8804495864,72452.71,2026-07-11,settled
STL73539966,RZP2633310909,70266.25,2026-07-06,settled
STL52616927,RZP6838919881,18832.22,2026-07-13,settled
STL40520595,RZP1683159457,57325.92,2026-07-14,settled
STL34056748,RZP2014561011,57449.91,2026-07-11,settled
STL78983526,RZP4831154095,45455.59,2026-07-01,settled
STL55612761,RZP4918593865,20489.63,2026-07-12,settled
STL17621753,RZP2887505632,50367.55,2026-07-10,settled
STL47199396,RZP1236329792,8755.45,2026-07-01,settled
STL43160881,RZP4266400036,36087.79,2026-07-02,settled
STL98587007,RZP6351955883,71760.65,2026-07-10,settled
STL21783411,RZP9647739388,27427.55,2026-07-04,settled
STL13610372,RZP9309279227,56622.89,2026-07-09,settled
STL63009975,RZP9404385273,31542.23,2026-07-01,settled
STL66601919,RZP3836567112,14566.79,2026-07-13,settled
STL35215433,RZP4857010761,67892.97,2026-07-02,settled
STL36857355,RZP3298621672,23645.27,2026-07-02,settled
STL87251169,RZP2135831237,25507.74,2026-07-03,settled
STL39670530,RZP3036811454,48150.55,2026-07-14,settled
STL53436953,RZP9625522564,1558.28,2026-07-14,settled
STL25555001,RZP4632959610,67596.98,2026-07-13,settled
STL20080999,RZP4208001028,29152.80,2026-07-05,reversed
STL99827081,RZP4595443809,49905.74,2026-07-07,settled
STL17780433,RZP6023278193,67472.60,2026-07-09,settled
STL55171003,RZP7382004228,56889.92,2026-07-10,settled
STL36664201,RZP9545687374,48096.68,2026-07-11,settled
STL43768232,RZP2447727202,52011.09,2026-07-06,settled
STL85216211,RZP6850032034,25299.00,2026-07-06,settled
STL16551011,RZP2053478308,23305.88,2026-07-05,settled
STL49553600,RZP9209236972,27383.96,2026-07-14,settled
STL86037645,RZP7664458838,11045.53,2026-07-13,settled
STL65659256,RZP7082958670,65316.07,2026-07-05,settled
STL21482568,RZP9457921541,74703.64,2026-07-12,settled
STL38540398,RZP5840960618,53480.72,2026-07-03,settled
STL50808173,RZP5060266586,56178.17,2026-07-04,settled
STL58755574,RZP2737693881,3477.46,2026-07-06,settled
STL67209590,RZP3385384970,30143.28,2026-07-12,settled
STL36036342,RZP5567796383,1981.05,2026-07-04,settled
STL41933358,RZP9241356427,29166.76,2026-07-14,settled
STL85617480,RZP3908576810,11345.96,2026-07-02,settled
STL71045633,RZP3032030917,40290.47,2026-07-12,reversed
STL64925681,RZP3941348272,62726.84,2026-07-05,settled
STL27958019,RZP8659237830,44971.23,2026-07-09,settled
STL69531427,RZP1744270008,2457.67,2026-07-14,settled
STL34198721,RZP6461468295,55772.13,2026-07-08,settled
STL50302318,RZP6156744006,34955.26,2026-07-04,settled
STL49214683,RZP7613797397,68088.12,2026-07-06,settled
STL64220728,RZP4876388066,3122.81,2026-07-10,settled
STL79244185,RZP8048810275,65621.71,2026-07-09,settled
STL37182451,RZP8692551359,31843.59,2026-07-06,settled
STL25013901,RZP5708207259,15981.55,2026-07-06,settled
STL24008221,RZP6324076716,15551.96,2026-07-06,settled
STL50799789,RZP7999351048,572.20,2026-07-11,settled
STL78216988,RZP5029841962,41837.26,2026-07-02,settled
STL79702176,RZP1971346718,8344.76,2026-07-01,settled
STL35317350,RZP6108775785,59441.22,2026-07-08,settled
STL74462748,RZP5252346522,3124.83,2026-07-03,settled
STL33075049,RZP2681646586,45978.44,2026-07-10,reversed
STL75418421,RZP9412309559,58193.75,2026-07-03,settled
STL24114417,RZP1603205075,13104.08,2026-07-02,settled
STL98483604,RZP5568842024,43236.82,2026-07-01,settled
STL80051593,RZP5585789136,14931.40,2026-07-11,settled
STL71268193,RZP5534517124,74972.20,2026-07-03,settled
STL62713421,RZP8431038794,72845.10,2026-07-15,reversed
STL71330222,RZP5648219528,37281.60,2026-07-07,settled
STL87653536,RZP2947238824,69302.97,2026-07-13,settled
STL97630141,RZP6591987194,30355.10,2026-07-03,settled
STL45912652,RZP9524018018,1057.68,2026-07-06,pending
STL63313041,RZP6501575683,68592.80,2026-07-14,settled
STL84262386,RZP2128899620,18922.16,2026-07-02,settled
STL25906873,RZP2683120631,11737.26,2026-07-02,settled
STL79127864,RZP5483504793,43243.28,2026-07-10,settled
STL32764383,RZP5295308527,11424.91,2026-07-05,pending
STL29027791,RZP6848916864,70138.14,2026-07-07,settled
STL70281541,RZP9178699276,8443.13,2026-07-13,settled
STL24265941,RZP1683002790,14175.73,2026-07-06,settled
STL17258943,RZP4148561166,52361.13,2026-07-07,settled
STL98741292,RZP8847360165,42040.44,2026-07-08,pending
STL14841900,RZP2775519219,41694.86,2026-07-04,settled
STL30030929,RZP7998565225,69641.69,2026-07-14,settled
STL72636757,RZP2210365220,38216.59,2026-07-11,settled
STL85302098,RZP4719242291,53187.04,2026-07-10,settled
STL26928020,RZP1564434600,71847.06,2026-07-13,settled
STL84407803,RZP3379140322,52721.58,2026-07-04,settled
STL67016371,RZP6268097086,9838.14,2026-07-03,settled
STL83093732,RZP2563517539,45054.66,2026-07-08,settled
STL68177485,RZP7662486954,23871.87,2026-07-11,settled
STL94326819,RZP8542719066,28840.19,2026-07-08,settled
STL23937948,RZP9584343419,55141.77,2026-07-06,settled
STL17073005,RZP5894122631,6509.80,2026-07-08,settled
STL35338291,RZP7674017947,22148.90,2026-07-14,settled
STL69498908,RZP9177740460,26225.84,2026-07-15,settled
STL29115252,RZP7387999354,54259.04,2026-07-10,settled
STL90791349,RZP6992289064,11774.73,2026-07-13,settled
STL84749069,RZP2405979011,45505.61,2026-07-06,reversed
STL87911634,RZP8178015729,10351.75,2026-07-15,settled
STL51460612,RZP9791612339,8425.28,2026-07-07,settled
STL67550857,RZP2241002809,67011.12,2026-07-02,pending
STL27367982,RZP3070787268,3939.89,2026-07-01,settled
STL46122030,RZP6055827390,17638.25,2026-07-02,settled
STL72279909,RZP7013187705,748.63,2026-07-14,settled
STL91094790,RZP9743831553,41407.86,2026-07-14,settled
STL79569770,RZP2725239836,41020.68,2026-07-10,settled
STL26376342,RZP1754159037,16167.34,2026-07-01,settled
STL61112881,RZP6180838159,55114.17,2026-07-09,settled
STL71038931,RZP3089304032,41066.52,2026-07-03,settled
STL30514164,RZP6328111217,61700.39,2026-07-04,pending
STL95092706,RZP2421846373,46872.28,2026-07-15,settled
STL27206526,RZP5298066670,35980.14,2026-07-15,settled
STL66687798,RZP2661678777,14118.45,2026-07-04,settled
STL76773846,RZP9491647272,59253.39,2026-07-10,settled
STL23364967,RZP8515792306,8103.13,2026-07-15,settled
STL97425490,RZP8127652438,71988.32,2026-07-01,reversed
STL91417004,RZP9304972753,14683.77,2026-07-10,settled
STL52293982,RZP9037064785,38606.37,2026-07-05,settled
STL93751173,RZP7061613757,50279.02,2026-07-15,pending
STL57732038,RZP4339614991,21377.72,2026-07-11,reversed
STL47518966,RZP7470108123,59526.02,2026-07-08,settled
STL22188730,RZP4979662111,47447.57,2026-07-13,settled
STL63460926,RZP8717941278,26167.78,2026-07-10,settled
STL22309313,RZP4698025508,9679.23,2026-07-01,settled
STL57791003,RZP8240871374,41505.52,2026-07-06,settled
STL92055138,RZP8208643631,14003.91,2026-07-07,settled
STL21840633,RZP4169464244,38216.76,2026-07-15,settled
STL14279213,RZP1936269247,38649.02,2026-07-09,settled
STL73815494,RZP8865799440,45696.08,2026-07-10,settled
STL49528740,RZP4696908984,53680.21,2026-07-07,settled
STL87171497,RZP5775774971,3260.63,2026-07-02,settled
STL60285636,RZP4128625791,24579.04,2026-07-11,settled
STL47852279,RZP2744994214,21513.02,2026-07-15,settled
STL88554020,RZP5265661808,46060.37,2026-07-01,reversed
STL81222187,RZP9202727330,52545.73,2026-07-03,settled
STL79960993,RZP3336513265,72534.46,2026-07-04,settled
STL68553693,RZP4654122528,1176.74,2026-07-02,settled
STL49244170,RZP6330807867,74999.17,2026-07-11,settled
STL65820179,RZP1293310725,9990.86,2026-07-11,settled
STL93584792,RZP4646995305,18372.13,2026-07-05,settled
STL93000272,RZP4949257008,65546.59,2026-07-14,settled
STL38737952,RZP7208380484,7972.53,2026-07-11,settled
STL89543965,RZP9845676228,25024.90,2026-07-12,settled
STL26880118,RZP5289560050,58041.30,2026-07-13,settled
STL11018703,RZP5488918077,40107.09,2026-07-14,settled
STL28907022,RZP1120346729,41636.58,2026-07-15,settled
STL74817429,RZP2560502746,11622.23,2026-07-15,settled
STL37726346,RZP5971407550,9027.30,2026-07-10,settled
STL85246298,RZP5332913271,9003.42,2026-07-04,settled
STL20516579,RZP4957772980,61132.77,2026-07-12,settled
STL53764065,RZP9627321151,12401.81,2026-07-15,settled
STL79227788,RZP8474684331,67294.89,2026-07-15,settled
STL59602515,RZP8407773828,60630.76,2026-07-14,settled
STL48715100,RZP7923323992,60719.64,2026-07-14,settled
STL52375735,RZP9136343175,43831.83,2026-07-08,settled
STL17474815,RZP2335705508,35297.69,2026-07-04,settled
STL73562958,RZP2635848555,55724.14,2026-07-10,settled
STL35890570,RZP3041253600,59746.97,2026-07-08,settled
STL15658535,RZP1999808569,51629.84,2026-07-05,reversed
STL56958354,RZP5760268716,27674.96,2026-07-10,settled
STL64874257,RZP3232360156,28439.73,2026-07-04,settled
STL45920948,RZP1288002861,25703.58,2026-07-08,settled
STL84943752,RZP1012309827,74545.95,2026-07-01,settled
STL34088472,RZP7931542368,6412.07,2026-07-13,settled
STL70330000,RZP4993116811,45129.64,2026-07-02,reversed
STL99065797,RZP1997987680,50085.96,2026-07-09,settled
STL28032509,RZP9425086199,26524.41,2026-07-10,pending
STL58485987,RZP1059597018,58541.56,2026-07-10,settled
STL49600674,RZP6901746164,41516.12,2026-07-03,settled
STL91624353,RZP4907708825,57891.44,2026-07-03,settled
STL44449463,RZP7901804302,31576.87,2026-07-14,settled
STL49620002,RZP9861867081,23922.41,2026-07-08,settled
STL48205125,RZP8962027840,28037.43,2026-07-06,settled
STL93476643,RZP2109335529,33227.56,2026-07-15,settled
STL13106154,RZP5816024490,9373.77,2026-07-13,settled
STL17356885,RZP6379639381,62127.49,2026-07-03,settled
STL61484043,RZP9505085936,18657.95,2026-07-09,settled
STL11816532,RZP5616915606,38273.81,2026-07-05,pending
STL97732974,RZP6307762804,73762.75,2026-07-02,settled
STL77276645,RZP2070273131,73814.50,2026-07-14,settled
STL74264910,RZP2349914821,44639.15,2026-07-07,pending
STL82998067,RZP1160420219,56302.19,2026-07-05,settled
STL55462382,RZP3234807203,41812.77,2026-07-01,settled
STL69933144,RZP6411636401,37716.35,2026-07-02,settled
STL66676320,RZP6727310405,68167.33,2026-07-15,settled
STL39582078,RZP5269819374,33001.20,2026-07-10,reversed
STL41154021,RZP2942486389,43552.02,2026-07-01,settled
STL41660789,RZP6461513451,57380.28,2026-07-15,settled
STL91195906,RZP3510608411,71179.92,2026-07-15,settled
STL72192359,RZP5732836516,58308.95,2026-07-02,settled
STL95030306,RZP9300010365,8223.81,2026-07-12,settled
STL54107402,RZP6266589423,14254.69,2026-07-11,settled
STL15609238,RZP4358766064,40546.40,2026-07-07,settled
STL19273236,RZP4961595366,11789.57,2026-07-12,settled
STL13555113,RZP5608382691,9888.73,2026-07-10,pending
STL35206094,RZP8566436223,49553.19,2026-07-03,settled
STL28074915,RZP8752438396,39223.42,2026-07-05,settled
STL18491684,RZP8563835154,62688.61,2026-07-07,settled
STL36684604,RZP4542257079,12901.16,2026-07-03,settled
STL51714724,RZP2579418510,64073.11,2026-07-07,settled
STL17709617,RZP5496980355,19383.19,2026-07-04,settled
STL48105554,RZP3371741913,13983.11,2026-07-09,settled
STL25781868,RZP3483131209,37860.59,2026-07-15,settled
STL89489729,RZP5904796921,29766.98,2026-07-06,settled
STL50122958,RZP7146077217,14876.80,2026-07-07,settled
STL31569430,RZP5675815887,8702.58,2026-07-09,settled
STL48468682,RZP3646075263,13181.48,2026-07-02,settled
STL78139448,RZP7444587053,12418.03,2026-07-12,settled
STL16690769,RZP4886562824,27752.42,2026-07-10,settled
STL66224477,RZP5705243189,21127.72,2026-07-06,pending
STL48272337,RZP1446390134,61334.37,2026-07-07,settled
STL46024638,RZP1972502718,67795.95,2026-07-12,settled
STL41946840,RZP3910783280,6482.55,2026-07-06,settled
STL49901824,RZP8626230630,5164.92,2026-07-05,settled
STL28306771,RZP9436204997,13814.83,2026-07-10,settled
STL21137101,RZP5848575020,71871.38,2026-07-15,settled
STL56670900,RZP8710344380,11623.04,2026-07-01,pending
STL95877362,RZP3740051478,30480.92,2026-07-09,settled
STL25294777,RZP3305920746,27751.58,2026-07-04,settled
STL97182566,RZP3464975279,39944.76,2026-07-07,settled
STL71670595,RZP1269576948,49365.98,2026-07-06,settled
STL78851029,RZP6915334476,31133.78,2026-07-05,settled
STL81783102,RZP4125347535,70283.13,2026-07-11,reversed
STL38920642,RZP9686824525,42460.68,2026-07-02,settled
STL44232054,RZP9683008703,35060.13,2026-07-08,reversed
STL23991925,RZP8427578361,39425.64,2026-07-01,settled
STL99288731,RZP3159497881,58661.76,2026-07-13,settled
STL16771706,RZP2648559262,51747.27,2026-07-10,settled
STL87267850,RZP8872207630,29516.02,2026-07-13,settled
STL26686406,RZP5512196250,44344.31,2026-07-11,settled
STL50592467,RZP4193531209,28001.47,2026-07-05,settled
STL64087642,RZP8961793988,1914.05,2026-07-01,settled
STL72617503,RZP4951170613,48088.15,2026-07-12,settled
STL38445777,RZP6934617493,551.54,2026-07-05,settled
STL75512214,RZP7370264712,60036.44,2026-07-07,settled
STL62594409,RZP9239428735,40164.57,2026-07-06,settled
STL59033829,RZP2950759402,8014.01,2026-07-03,settled
STL28039086,RZP9250556958,5016.18,2026-07-07,settled
STL47747012,RZP1837170502,58887.84,2026-07-01,settled
STL32996594,RZP9401892821,8175.79,2026-07-13,settled
STL83906799,RZP6863332693,60153.22,2026-07-08,settled
STL23771734,RZP4698593479,19920.44,2026-07-13,settled
STL69619737,RZP9142171938,60360.91,2026-07-01,settled
STL43939539,RZP7459547067,50586.01,2026-07-11,settled
STL55661621,RZP5689092159,73190.70,2026-07-15,settled
STL70439900,RZP8725379896,51628.03,2026-07-14,settled
STL43252079,RZP7357380596,21525.64,2026-07-02,settled
STL27152188,RZP5028688786,23563.85,2026-07-07,settled
STL15237299,RZP3096842767,57646.83,2026-07-08,settled
STL68169067,RZP9671989317,5875.99,2026-07-05,settled
STL34870336,RZP2100356167,25210.41,2026-07-06,settled
STL56899287,RZP2987895098,17858.94,2026-07-06,reversed
STL43672985,RZP6681173907,63416.91,2026-07-01,pending
STL66015266,RZP3162013062,62452.23,2026-07-13,settled
STL60736087,RZP8975286596,41831.80,2026-07-06,settled
STL98487646,RZP2602884797,46528.73,2026-07-11,settled
STL25571365,RZP7144607121,72516.62,2026-07-06,settled
STL29000472,RZP7485589887,27829.46,2026-07-05,settled
STL70349814,RZP3973530331,8915.13,2026-07-06,settled
STL17220051,RZP5321976913,19634.23,2026-07-04,settled
STL64920799,RZP4668931881,10733.71,2026-07-04,settled
STL69611267,RZP6318696208,70338.68,2026-07-10,settled
STL77262037,RZP6768310960,45818.12,2026-07-13,reversed
STL34031104,RZP3622142013,53757.00,2026-07-07,settled
STL75084661,RZP4469649363,19963.32,2026-07-12,settled
STL82144402,RZP7896596272,31480.50,2026-07-09,settled
STL19313264,RZP2315393394,60102.84,2026-07-10,settled
STL43200403,RZP3244750381,64294.39,2026-07-14,settled
STL34756755,RZP8488524884,34144.79,2026-07-14,settled
STL66808785,RZP8774772376,2343.11,2026-07-13,settled
STL90547120,RZP4988374891,15341.63,2026-07-10,reversed
STL89035763,RZP9614632998,66261.37,2026-07-04,settled
STL21507650,RZP7947883719,68095.95,2026-07-06,settled
STL48146483,RZP3785055092,4683.65,2026-07-02,settled
STL65800998,RZP4518268770,9662.27,2026-07-04,settled
STL93500889,RZP3463497508,74353.02,2026-07-02,settled
STL84954671,RZP9772381349,71027.38,2026-07-06,settled
STL63964665,RZP1460266142,26554.27,2026-07-12,settled
STL45348929,RZP3987734263,15297.16,2026-07-02,settled
STL55842323,RZP5194081855,48221.33,2026-07-04,settled
STL68050419,RZP8948459904,39830.23,2026-07-06,settled
STL53156554,RZP4716875673,48059.19,2026-07-12,settled
STL39101773,RZP6883835914,66014.11,2026-07-02,settled
STL87397073,RZP4130758449,51912.10,2026-07-02,settled
STL25803092,RZP5814084647,43096.47,2026-07-01,settled
STL80529094,RZP2694202645,51870.38,2026-07-15,pending
STL17061037,RZP6884333221,54258.90,2026-07-13,settled
STL23102455,RZP7200212348,14756.69,2026-07-09,settled
STL34859299,RZP9447060916,66467.16,2026-07-08,settled
STL73391224,RZP2693876917,49551.70,2026-07-02,settled
STL34507867,RZP1214160632,9283.86,2026-07-15,settled
STL88100019,RZP9918338001,6117.30,2026-07-01,settled
STL69809598,RZP3996893560,11913.21,2026-07-11,settled
STL18953626,RZP2543616795,6561.12,2026-07-08,settled
STL89272018,RZP9054272983,2722.87,2026-07-07,settled
STL73678024,RZP2707272205,17406.01,2026-07-12,settled
STL79333964,RZP3764702488,39597.42,2026-07-10,settled
STL21397317,RZP8109356121,10273.89,2026-07-12,settled
STL30001479,RZP5500913824,3736.60,2026-07-11,reversed
STL87453221,RZP8657075548,49607.24,2026-07-08,settled
STL14294881,RZP1236535030,5552.19,2026-07-04,pending
STL12090511,RZP6983511846,30347.99,2026-07-14,settled
STL33906194,RZP5308701373,5510.96,2026-07-09,settled
STL66834128,RZP3907380773,34220.51,2026-07-08,reversed
STL54761285,RZP1831495417,65914.29,2026-07-11,reversed
STL74213944,RZP1401728641,73305.63,2026-07-08,pending
STL71315464,RZP7818568548,48100.93,2026-07-07,settled
STL62643186,RZP8705564742,28225.10,2026-07-13,pending
STL67237068,RZP8118724337,50549.91,2026-07-07,settled
STL75974746,RZP8467178415,28108.44,2026-07-11,settled
STL40786648,RZP3888470238,73310.86,2026-07-13,settled
STL54685285,RZP4820232679,18362.15,2026-07-09,settled
STL67646926,RZP8000807942,991.47,2026-07-03,settled
STL22990684,RZP2380042073,70756.99,2026-07-02,settled
STL40885299,RZP5408826028,52641.42,2026-07-04,settled
STL87849177,RZP2227831126,67521.11,2026-07-09,settled
STL22791995,RZP7463438053,57000.68,2026-07-06,settled
STL39859863,RZP5764090522,10684.37,2026-07-10,settled
STL14022410,RZP7926757698,57017.76,2026-07-05,settled
STL19508749,RZP1954060236,53332.42,2026-07-13,settled
STL80500672,RZP9024956487,30672.92,2026-07-10,settled
STL35231795,RZP4708605445,27039.91,2026-07-11,settled
STL66550416,RZP5386240502,52149.32,2026-07-08,settled
STL51549939,RZP9295044444,33040.89,2026-07-13,settled
STL96843557,RZP1777099376,32642.96,2026-07-03,settled
STL64530213,RZP5517425099,10661.43,2026-07-09,settled
STL25256771,RZP2889305280,44636.91,2026-07-13,settled
STL92391939,RZP7873411172,7221.57,2026-07-07,settled
STL22649696,RZP4846215290,68991.57,2026-07-03,settled
STL43052262,RZP7593823107,3745.24,2026-07-14,settled
STL28292656,RZP7887725469,36470.27,2026-07-05,settled
STL19320521,RZP2425995983,41396.93,2026-07-11,settled
STL28085930,RZP8353842159,66815.21,2026-07-06,settled
STL64229961,RZP8253688093,46412.06,2026-07-09,settled
STL80732751,RZP1300142965,4630.10,2026-07-04,settled
STL61965156,RZP7447825925,60986.02,2026-07-11,settled
STL71877858,RZP5821843711,42457.43,2026-07-01,settled
STL10159801,RZP9253470372,36255.38,2026-07-12,settled
STL39050549,RZP9200079312,16093.35,2026-07-01,settled
STL31932060,RZP4309584310,7269.59,2026-07-12,settled
STL36273207,RZP7150835525,7052.90,2026-07-07,settled
STL41364094,RZP9719077061,2579.60,2026-07-11,settled
STL52283563,RZP5412256411,30959.90,2026-07-01,settled
STL12888254,RZP1637523295,60940.46,2026-07-13,reversed
STL18688111,RZP6775293558,14122.09,2026-07-06,settled
STL90611355,RZP9572554684,49801.10,2026-07-08,settled
STL75672571,RZP9350447188,55167.84,2026-07-01,settled
STL90030269,RZP7229502736,18324.41,2026-07-03,settled
STL63024090,RZP2887046215,39289.56,2026-07-13,settled
STL62953021,RZP4407848229,6907.76,2026-07-06,settled
STL47987212,RZP8213569304,30098.91,2026-07-04,settled
STL99323198,RZP7470657814,71355.70,2026-07-06,settled
STL50199913,RZP4315255399,7977.38,2026-07-11,settled
STL96577129,RZP3992203182,4310.64,2026-07-15,settled
STL63051946,RZP1053810906,61871.97,2026-07-07,settled
STL85043985,RZP9188636463,23483.85,2026-07-04,settled
STL84713348,RZP9000704831,26882.01,2026-07-08,settled
STL73517577,RZP7425524442,1878.45,2026-07-11,settled
STL71335508,RZP9430468809,32512.61,2026-07-10,settled
STL16567733,RZP3844572111,36998.54,2026-07-05,settled
STL56581929,RZP2368929708,13861.47,2026-07-09,settled
STL54759391,RZP5529870909,62327.12,2026-07-11,settled
STL89312100,RZP5381327427,64072.26,2026-07-04,settled
STL78509660,RZP9614066292,57440.75,2026-07-09,settled
STL58372382,RZP7713018809,67061.27,2026-07-02,settled
STL63273710,RZP7527648320,20803.52,2026-07-06,settled
STL17876259,RZP3452433662,10855.42,2026-07-02,settled
STL12614510,RZP4459041081,73136.44,2026-07-13,settled
STL21159651,RZP1954537325,9798.48,2026-07-04,settled
STL43948523,RZP3137507466,73347.28,2026-07-07,settled
STL39935290,RZP7662459946,7733.66,2026-07-04,settled
STL29207764,RZP8802762451,16724.46,2026-07-07,reversed
STL11889398,RZP1020053819,40266.80,2026-07-12,settled
STL45225746,RZP8606102365,39536.72,2026-07-02,settled
STL96221224,RZP7243172391,52231.73,2026-07-08,settled
STL74142265,RZP5830470599,5287.55,2026-07-01,settled
STL29497465,RZP1962371542,27035.46,2026-07-12,settled
STL74003383,RZP5691987092,69454.90,2026-07-09,pending
STL70719605,RZP6113301509,5993.55,2026-07-13,settled
STL83909838,RZP6323368469,68552.88,2026-07-01,reversed
STL22470928,RZP6202017883,22233.19,2026-07-13,settled
STL57959758,RZP4600035039,66500.21,2026-07-05,settled
STL80488856,RZP1980432707,52218.02,2026-07-03,settled
STL28138910,RZP8335804380,41769.67,2026-07-11,settled
STL23051623,RZP7098599458,23023.86,2026-07-14,settled
STL84777007,RZP5878706464,57289.39,2026-07-12,settled
STL42841400,RZP2869146971,34784.37,2026-07-14,settled
STL71070189,RZP6002078344,660.58,2026-07-07,settled
STL75905583,RZP7622092432,22831.74,2026-07-15,settled
STL50251854,RZP2824993617,46931.31,2026-07-02,settled
STL91155978,RZP9440952157,29667.96,2026-07-04,settled
STL56825449,RZP9710824963,3861.32,2026-07-14,settled
STL40655922,RZP5970608512,58113.01,2026-07-15,settled
STL32777189,RZP5234644463,64126.56,2026-07-05,settled
STL99063008,RZP2461923754,7592.38,2026-07-02,settled
STL51934006,RZP5946712383,47021.04,2026-07-11,settled
STL23617698,RZP7938834631,27956.78,2026-07-08,settled
STL38833978,RZP6403774259,21585.96,2026-07-07,settled
STL38857058,RZP1701593223,9251.89,2026-07-14,settled
STL48153914,RZP9879440194,31332.30,2026-07-11,settled
STL53625385,RZP8335258191,60099.31,2026-07-14,settled
STL29610265,RZP2397405937,24215.32,2026-07-15,settled
STL57807098,RZP7598402379,38441.28,2026-07-13,settled
STL46780582,RZP4633660628,20223.28,2026-07-05,settled
STL96789632,RZP5120004493,11897.80,2026-07-13,settled
STL19576043,RZP5863041785,47414.11,2026-07-12,settled
STL75023164,RZP3772636814,14501.21,2026-07-04,settled
STL30746239,RZP5050256703,63367.88,2026-07-04,settled
STL65680609,RZP1818440615,67936.68,2026-07-08,settled
STL44227061,RZP3345691473,51403.86,2026-07-10,settled
STL63413934,RZP6151937341,47575.45,2026-07-11,settled
STL86591334,RZP5525643841,73096.19,2026-07-02,settled
STL23350172,RZP7524635023,43347.77,2026-07-10,settled
STL78038903,RZP7406579219,18446.44,2026-07-05,settled
STL97260464,RZP8338325092,51206.16,2026-07-13,settled
STL47321075,RZP5722918703,38487.23,2026-07-15,settled
STL52756327,RZP6594560174,52805.53,2026-07-04,settled
STL53309767,RZP7109455389,6128.32,2026-07-10,settled
STL39586040,RZP7296815395,21190.89,2026-07-14,settled
STL29047652,RZP1777748641,68397.03,2026-07-05,settled
STL47746670,RZP7950497861,12291.89,2026-07-09,settled
STL40067619,RZP1990305666,45310.97,2026-07-06,settled
STL45042983,RZP1009019882,35121.47,2026-07-13,settled
STL28991936,RZP7011703161,18545.93,2026-07-11,settled
STL10730778,RZP2460576163,12533.83,2026-07-10,settled
STL59035141,RZP5048325525,67422.00,2026-07-13,settled
STL25888112,RZP2117121725,67577.25,2026-07-11,settled
STL39384006,RZP2768843874,3612.24,2026-07-15,settled
STL64347747,RZP5408111967,74308.59,2026-07-07,settled
STL83487391,RZP1069027317,67581.02,2026-07-11,settled
STL51273847,RZP7867414708,36901.13,2026-07-02,settled
STL61593446,RZP7856425170,52369.60,2026-07-13,reversed
STL32733181,RZP3491955912,12980.69,2026-07-01,settled
STL98214212,RZP5103162544,55093.98,2026-07-13,settled
STL26234545,RZP2729567415,10147.93,2026-07-03,settled
STL88222933,RZP4050941750,57177.74,2026-07-09,settled
STL26360005,RZP5677615118,32918.05,2026-07-15,pending
STL75995916,RZP7462238078,44743.15,2026-07-11,settled
STL28374880,RZP4640655106,15667.13,2026-07-04,settled
STL64151667,RZP1893610716,54479.80,2026-07-07,settled
STL55784113,RZP4257583307,17091.51,2026-07-08,settled
STL74611183,RZP4482719690,24224.63,2026-07-12,settled
STL95073501,RZP1565404666,57559.83,2026-07-06,settled
STL85659071,RZP3964388640,43274.46,2026-07-14,settled
STL19966994,RZP5346187502,59499.60,2026-07-02,settled
STL94298106,RZP7050681917,3801.19,2026-07-13,settled
STL82315471,RZP5464297388,72328.62,2026-07-10,settled
STL75124912,RZP8527926157,55037.63,2026-07-03,settled
STL78880796,RZP8488903450,6976.59,2026-07-01,settled
STL26178675,RZP6731159892,66044.54,2026-07-07,settled
STL99094808,RZP8463086219,32636.37,2026-07-13,settled
STL55905032,RZP2114317366,62375.91,2026-07-02,settled
STL95525640,RZP4212203479,43767.41,2026-07-09,settled
STL15474970,RZP7301287567,9143.79,2026-07-15,settled
STL42867893,RZP4580902579,14128.47,2026-07-06,settled
STL54564789,RZP6946068612,45720.16,2026-07-05,settled
STL81498611,RZP1338258951,55027.12,2026-07-14,settled
STL38306585,RZP7177253689,4265.15,2026-07-11,settled
STL35636783,RZP7932865042,64737.79,2026-07-13,settled
STL38937334,RZP6372734694,31638.52,2026-07-13,settled
STL76558294,RZP7606444698,52398.22,2026-07-09,settled
STL31834820,RZP6702700881,64769.41,2026-07-15,settled
STL75742909,RZP5262048955,13168.59,2026-07-02,settled
STL19484050,RZP7730566825,11414.84,2026-07-06,settled
STL34996298,RZP9312993975,29403.59,2026-07-09,settled
STL12989960,RZP2619437043,52144.40,2026-07-04,settled
STL78021161,RZP2789254431,16728.70,2026-07-08,settled
STL25821079,RZP8136780826,17309.08,2026-07-03,settled
STL14495818,RZP9551160273,24309.44,2026-07-08,settled
STL65737690,RZP1237867213,61439.23,2026-07-07,settled
STL23776553,RZP7215110267,9343.66,2026-07-08,settled
STL15496767,RZP7221138169,71426.89,2026-07-12,settled
STL19533894,RZP3962338947,20975.47,2026-07-14,settled
STL56344116,RZP8728786271,47920.28,2026-07-01,settled
STL57682731,RZP2307763245,49886.24,2026-07-12,reversed
STL88428644,RZP7097756759,11597.87,2026-07-08,settled
STL96028436,RZP4095476665,51287.42,2026-07-09,settled
STL70697931,RZP2093747847,66731.40,2026-07-03,settled
STL21302574,RZP6292656672,24911.64,2026-07-15,settled
STL76763043,RZP8719808269,67566.02,2026-07-01,pending
STL65954896,RZP6975112197,52475.13,2026-07-02,settled
STL60925964,RZP7270955446,51846.19,2026-07-01,settled
STL70377107,RZP7285100154,7838.31,2026-07-02,settled
STL13632821,RZP1018658620,5518.59,2026-07-03,settled
STL91202896,RZP3312534709,59680.25,2026-07-14,settled
STL13008243,RZP4869045960,67359.79,2026-07-02,settled
STL33585198,RZP1561033336,54983.67,2026-07-14,settled
STL24284340,RZP8814095579,16820.82,2026-07-06,settled
STL95681561,RZP5973365056,34670.57,2026-07-07,settled
STL84870921,RZP5187948804,29845.83,2026-07-13,settled
STL91215263,RZP5492922930,2009.06,2026-07-14,settled
STL10034722,RZP3992397591,39648.66,2026-07-07,settled
STL68978194,RZP3775094726,3416.09,2026-07-12,settled
STL10780283,RZP5388083146,30806.30,2026-07-03,settled
STL60331463,RZP2449001997,66601.86,2026-07-13,settled
STL97550053,RZP6528675352,21763.44,2026-07-01,settled
STL38122857,RZP9927594570,4777.53,2026-07-14,settled
STL60611218,RZP4707279480,29994.55,2026-07-05,settled
STL96683389,RZP9526732296,45555.44,2026-07-09,settled
STL49122760,RZP3058886402,35239.02,2026-07-10,settled
STL18873909,RZP6187391882,35858.68,2026-07-14,settled
STL30945115,RZP4300760409,71110.28,2026-07-15,settled
STL64339565,RZP6188781811,22385.97,2026-07-05,settled
STL12645626,RZP3456413958,35586.90,2026-07-05,settled
STL73392845,RZP3964203509,19707.78,2026-07-14,settled
STL46213632,RZP7168099428,50002.09,2026-07-02,settled
STL80847814,RZP1136169040,57159.21,2026-07-01,settled
STL47652279,RZP9171407544,47723.42,2026-07-15,settled
STL40560609,RZP1585320794,73631.66,2026-07-03,settled
STL75319770,RZP3561629386,43323.05,2026-07-07,settled
STL50831043,RZP7285025763,64009.92,2026-07-02,settled
STL22816522,RZP7031946448,33400.45,2026-07-12,settled
STL96548887,RZP3979266089,71200.96,2026-07-12,settled
STL87556403,RZP3358506487,70790.97,2026-07-03,settled
STL80782607,RZP5642224446,46626.88,2026-07-15,pending
STL44796709,RZP4475657014,13095.67,2026-07-14,settled
STL55114543,RZP6237376063,32969.78,2026-07-01,settled
STL36018096,RZP1917538985,60162.99,2026-07-14,settled
STL92636608,RZP7617792765,64959.77,2026-07-15,settled
STL44748681,RZP9094859824,18403.88,2026-07-12,settled
STL99667571,RZP1515048668,62522.69,2026-07-02,settled
STL13861862,RZP6108275915,13937.56,2026-07-13,settled
STL11047240,RZP6670216326,67851.63,2026-07-12,settled
STL97776492,RZP2137214462,48681.31,2026-07-07,settled
STL71053371,RZP6546859752,60968.08,2026-07-11,settled
STL22447447,RZP9869805865,45410.44,2026-07-03,settled
STL65592149,RZP2239673672,60522.62,2026-07-15,settled
STL28963260,RZP4500781228,73780.66,2026-07-03,settled
STL66718851,RZP7190510734,28048.66,2026-07-01,settled
STL43552306,RZP4167298652,73368.12,2026-07-07,settled
STL10009388,RZP6681845487,36951.65,2026-07-01,pending
STL63742264,RZP9856518357,33587.13,2026-07-06,settled
STL69225428,RZP9021941226,66798.63,2026-07-09,pending
STL15847459,RZP3039279525,13941.86,2026-07-14,settled
STL65911641,RZP2896308983,60879.53,2026-07-12,settled
STL24979554,RZP6175873038,46538.79,2026-07-02,settled
STL64160389,RZP4016996491,64182.27,2026-07-09,reversed
STL41755622,RZP5150625811,8476.78,2026-07-02,settled
STL94013415,RZP8730150450,72626.76,2026-07-06,settled
STL55049791,RZP5650178544,48536.79,2026-07-09,settled
STL92405160,RZP1465705342,40777.10,2026-07-07,settled
STL12804937,RZP5988675273,61199.25,2026-07-08,settled
STL28693863,RZP6389648951,14141.35,2026-07-06,settled
STL46032304,RZP9987064419,54481.56,2026-07-04,settled
STL66794283,RZP4566526494,29777.34,2026-07-02,settled
STL97784655,RZP5272659048,57768.20,2026-07-01,settled
STL72823339,RZP5771636117,3036.71,2026-07-13,settled
STL60622451,RZP3347416190,61058.90,2026-07-05,settled
STL75018642,RZP4994825020,37937.49,2026-07-02,settled
STL83819509,RZP1131637889,40057.92,2026-07-03,settled
STL72548391,RZP4264911503,49750.51,2026-07-09,settled
STL31307557,RZP6933257157,4074.40,2026-07-04,settled
STL28586774,RZP1163469499,71838.56,2026-07-02,settled
STL79293166,RZP7114054134,52930.90,2026-07-03,settled
STL69255859,RZP9144641040,54467.31,2026-07-14,settled
STL66465899,RZP6879251501,40036.20,2026-07-06,settled
STL28853261,RZP3145882783,62286.34,2026-07-02,settled
STL50374399,RZP5104972079,72718.66,2026-07-01,settled
STL17006048,RZP6719756422,33861.44,2026-07-02,settled
STL66334114,RZP2739755884,22726.09,2026-07-12,settled
STL33891297,RZP4170160337,23631.29,2026-07-07,settled
STL68155333,RZP5049106328,12861.72,2026-07-08,settled
STL86438765,RZP2595712127,52391.45,2026-07-06,settled
STL12002856,RZP9063243195,5772.51,2026-07-09,pending
STL90166199,RZP4720358355,803.55,2026-07-02,pending
STL85934342,RZP4609517287,28289.87,2026-07-10,settled
STL83886279,RZP4095681282,3763.93,2026-07-04,settled
STL41707572,RZP2505707075,46381.33,2026-07-03,settled
STL17423236,RZP7714263988,57320.80,2026-07-01,settled
STL83932265,RZP1923810879,20668.83,2026-07-13,settled
STL74137343,RZP3547059044,2639.25,2026-07-06,settled
STL73765142,RZP9200147452,43966.91,2026-07-14,settled
STL11026216,RZP2430677435,71473.63,2026-07-10,settled
STL58799048,RZP3604991420,32602.61,2026-07-05,settled
STL49320311,RZP6157964035,24363.57,2026-07-08,settled
STL76495738,RZP7916793182,21874.63,2026-07-01,settled
STL29837619,RZP4739459349,47107.76,2026-07-08,pending
STL52808737,RZP4427153264,68009.72,2026-07-07,settled
STL17466373,RZP9497566239,24068.70,2026-07-05,settled
STL52986242,RZP6171846709,46716.41,2026-07-07,settled
STL57984755,RZP5582823940,34218.65,2026-07-02,settled
STL12426412,RZP2970019599,30054.72,2026-07-05,settled
STL20443308,RZP9632590108,58838.89,2026-07-10,settled
STL59193931,RZP2752065915,62267.24,2026-07-03,settled
STL94583139,RZP2763515620,6352.42,2026-07-10,pending
STL50734662,RZP6486345845,21422.09,2026-07-11,settled
STL96969593,RZP9725550881,5916.72,2026-07-09,settled
STL74830809,RZP7449607767,59724.03,2026-07-08,settled
STL79013223,RZP9042699745,33320.35,2026-07-09,settled
STL28696828,RZP2911979713,34807.47,2026-07-15,settled
STL87817329,RZP8591060151,63442.11,2026-07-03,settled
STL33811694,RZP8933945089,14132.73,2026-07-05,settled
STL56418606,RZP3119803089,60521.82,2026-07-10,settled
STL82602318,RZP4877658273,53193.15,2026-07-10,settled
STL45566111,RZP1404960131,34797.55,2026-07-03,settled
STL30626125,RZP8131455756,22762.26,2026-07-02,settled
STL77804320,RZP7747167293,10754.13,2026-07-11,settled
STL96464447,RZP1221676593,35345.88,2026-07-13,settled
STL54965270,RZP2761091683,17858.33,2026-07-06,settled
STL27160231,RZP5727741730,39372.56,2026-07-13,settled
STL53735066,RZP6294288263,41471.32,2026-07-02,settled
STL74697129,RZP9469945302,16550.59,2026-07-15,settled
STL69270597,RZP3470689625,24773.20,2026-07-08,reversed
STL83435357,RZP3136844280,60452.12,2026-07-03,settled
STL43099853,RZP3023063838,65377.02,2026-07-14,settled
STL12952291,RZP1410129871,40759.36,2026-07-12,settled
STL78944067,RZP2287148777,1743.82,2026-07-09,settled
STL48175976,RZP2357479830,4217.82,2026-07-04,settled
STL41080809,RZP8225741241,6367.09,2026-07-11,settled
STL77765190,RZP2793445925,20394.08,2026-07-08,settled
STL33284663,RZP6876730395,18582.48,2026-07-15,settled
STL88131905,RZP1697222939,66816.53,2026-07-12,settled
STL38031908,RZP6195886552,15029.60,2026-07-11,settled
STL92848703,RZP5898662915,48887.92,2026-07-09,settled
STL35873158,RZP1978115726,73689.21,2026-07-10,settled
STL40164323,RZP5818286771,53674.63,2026-07-13,reversed
STL59664794,RZP6830867063,2732.33,2026-07-10,settled
STL50347727,RZP9752866700,72868.54,2026-07-01,settled
STL24553443,RZP4470228643,62023.48,2026-07-02,settled
STL92746886,RZP7794087982,7131.43,2026-07-03,settled
STL51791137,RZP7479918773,21943.17,2026-07-01,settled
STL63684540,RZP2563601145,31375.51,2026-07-08,settled
STL22134078,RZP9036291986,63026.05,2026-07-09,settled
STL66849273,RZP3573091816,68377.00,2026-07-09,settled
STL20866138,RZP5435473617,32229.72,2026-07-05,settled
STL78770890,RZP7985675478,61381.17,2026-07-09,reversed
STL21373720,RZP2159885799,62964.89,2026-07-13,settled
STL73533500,RZP5395825348,13457.35,2026-07-02,settled
STL55233421,RZP1247291426,71568.26,2026-07-14,settled
STL37693007,RZP5431434520,31237.24,2026-07-11,settled
STL35587594,RZP6709047877,23052.31,2026-07-14,settled
STL83072295,RZP2047225988,71607.23,2026-07-06,settled
STL89230112,RZP6001877883,60215.23,2026-07-06,settled
STL58139173,RZP9605366115,10154.75,2026-07-02,settled
STL48561656,RZP1601113419,65845.37,2026-07-14,settled
STL59720070,RZP8901559463,34083.63,2026-07-12,settled
STL32034262,RZP6849957222,62770.87,2026-07-03,settled
STL64129615,RZP1002713886,3921.36,2026-07-06,settled
STL29023738,RZP7111396382,19279.31,2026-07-03,settled
STL26475826,RZP9079493927,36056.05,2026-07-03,reversed
STL31901903,RZP5651768066,74938.40,2026-07-09,settled
STL96244314,RZP2612307844,45042.98,2026-07-09,settled
STL45899440,RZP3412273600,24274.13,2026-07-08,settled
STL34818695,RZP1485852193,5410.41,2026-07-07,settled
STL71449547,RZP2070168808,2501.36,2026-07-13,settled
STL13133720,RZP6554995700,34872.62,2026-07-15,settled
STL47919353,RZP1819253670,53804.49,2026-07-09,settled
STL12458919,RZP6813162860,7307.39,2026-07-12,settled
STL49594225,RZP1770480897,62132.17,2026-07-04,settled
STL49142872,RZP9906519015,72985.45,2026-07-15,settled
STL81171981,RZP9986432562,64510.10,2026-07-15,settled
STL73066631,RZP5073408648,68287.34,2026-07-12,settled
STL58567046,RZP9444763362,13304.55,2026-07-10,settled
STL21282229,RZP5901855460,41420.73,2026-07-07,settled
STL84081712,RZP2200394668,70724.50,2026-07-01,settled
STL19159721,RZP4682466170,25477.73,2026-07-11,settled
STL71167464,RZP1974569877,53108.72,2026-07-05,settled
STL90590672,RZP8450041619,49074.26,2026-07-02,settled
STL97166965,RZP7925771792,42156.65,2026-07-15,settled
STL70063491,RZP2112014146,36871.78,2026-07-07,settled
STL40396847,RZP7196997698,31320.61,2026-07-14,settled
STL78350342,RZP6636109871,36689.01,2026-07-07,settled
STL77616303,RZP9576673728,19046.31,2026-07-13,settled
STL59984618,RZP7386811370,39843.49,2026-07-08,reversed
STL10142112,RZP2951346321,48118.69,2026-07-03,settled
STL34928985,RZP5101030554,28382.02,2026-07-08,settled
STL56306069,RZP6421925348,12431.23,2026-07-12,settled
STL87267518,RZP8426796879,30121.59,2026-07-11,settled
STL77118962,RZP3303931999,69947.13,2026-07-02,settled
STL55853005,RZP6434595041,36196.20,2026-07-13,settled
STL42609677,RZP4847513935,2214.06,2026-07-03,settled
STL83197932,RZP5970181532,38391.62,2026-07-14,settled
STL39586634,RZP8385505320,21672.01,2026-07-04,settled
STL83532711,RZP1290680533,39195.52,2026-07-15,settled
STL23384402,RZP5757857074,51385.89,2026-07-10,settled
STL62698373,RZP9050165478,18363.93,2026-07-12,pending
STL46278860,RZP5093296976,2086.08,2026-07-14,settled
STL80991051,RZP4085205047,5846.95,2026-07-12,settled
STL48676092,RZP4888055350,20174.70,2026-07-02,pending
STL58816297,RZP8169652310,40830.53,2026-07-06,settled
STL80276331,RZP1352339683,2460.61,2026-07-13,settled
STL85539670,RZP4500684941,67827.55,2026-07-09,settled
STL44598333,RZP4358871487,58677.63,2026-07-14,settled
STL96123585,RZP7217854594,34566.02,2026-07-03,reversed
STL49742688,RZP6594352061,5618.98,2026-07-09,settled
STL81227403,RZP7332834814,23726.26,2026-07-09,settled
STL95590035,RZP5632271702,16147.79,2026-07-10,settled
STL38479433,RZP7220441558,27684.14,2026-07-08,settled
STL42860147,RZP5987970057,24518.34,2026-07-01,settled
STL66766278,RZP5060081002,68954.91,2026-07-14,pending
STL31369764,RZP1734182868,17181.16,2026-07-06,settled
STL68925077,RZP6591927761,18714.64,2026-07-01,settled
STL87071907,RZP9080766148,72224.45,2026-07-15,settled
STL64183721,RZP7257914651,62909.04,2026-07-04,settled
STL99722619,RZP8657638151,47033.50,2026-07-04,settled
STL75833918,RZP7343928179,51382.27,2026-07-07,settled
STL41583718,RZP2003974175,4786.31,2026-07-06,settled
STL43282649,RZP8118137854,58525.04,2026-07-12,settled
STL69703221,RZP7741449139,795.47,2026-07-14,settled
STL21813825,RZP2009317340,34702.55,2026-07-13,settled
STL97300409,RZP4764125171,26744.99,2026-07-15,settled
STL47202014,RZP5105807576,51451.29,2026-07-07,settled
STL77505520,RZP7698253853,65611.25,2026-07-02,settled
STL61214452,RZP7627958969,14029.48,2026-07-15,settled
STL91103186,RZP8467706552,3486.93,2026-07-09,settled
STL99393215,RZP3996507604,4768.53,2026-07-12,settled
STL70386008,RZP8330160983,56781.70,2026-07-11,settled
STL87340546,RZP7134352352,1759.57,2026-07-15,settled
STL71004646,RZP1189594548,32879.81,2026-07-06,settled
STL98433612,RZP3293289689,66011.33,2026-07-02,settled
STL89069644,RZP3830203183,36540.93,2026-07-11,settled
STL33099318,RZP2742618570,56891.51,2026-07-05,settled
STL37069776,RZP2234051509,17953.37,2026-07-06,settled
STL41717341,RZP1947866994,7765.05,2026-07-13,settled
STL10762307,RZP2554686151,41778.93,2026-07-10,settled
STL42280747,RZP5091156068,611.43,2026-07-06,settled
STL80940305,RZP5729438874,18106.73,2026-07-09,settled
STL83983011,RZP9833381471,21951.75,2026-07-15,settled
STL19101244,RZP3757124531,11449.02,2026-07-15,pending
STL42223009,RZP7881789697,7395.05,2026-07-05,settled
STL63015631,RZP7385424494,46578.20,2026-07-10,settled
STL23962369,RZP6217691158,38677.16,2026-07-06,settled
STL17961369,RZP6368048249,74026.23,2026-07-10,settled
STL87074737,RZP4012419787,52028.33,2026-07-01,settled
STL81809727,RZP7451305385,58684.76,2026-07-12,settled
STL77534222,RZP2121448210,30831.53,2026-07-02,settled
STL73729439,RZP9359039660,67303.84,2026-07-03,settled
STL47852887,RZP1550624593,14504.33,2026-07-10,settled
STL73833925,RZP4725131667,41035.01,2026-07-12,settled
STL41501634,RZP2687433681,54451.92,2026-07-04,settled
STL40369856,RZP6959096557,35801.60,2026-07-03,settled
STL13823233,RZP6668676826,56880.39,2026-07-12,settled
STL96087267,RZP9874836844,6820.78,2026-07-15,settled
STL91467062,RZP8658110214,71839.32,2026-07-15,settled
STL55976801,RZP4992380832,71832.98,2026-07-11,settled
STL40523650,RZP8673971451,19835.79,2026-07-08,settled
STL62549676,RZP8269166804,65408.36,2026-07-07,settled
STL69661898,RZP9126222350,59945.96,2026-07-01,settled
STL94975906,RZP3301691543,5756.57,2026-07-12,settled
STL85417756,RZP9968534064,22160.51,2026-07-09,settled
STL18782995,RZP4143335405,73860.41,2026-07-12,settled
STL13127956,RZP3262043800,26310.47,2026-07-13,settled
STL81438028,RZP3547412200,62581.91,2026-07-10,settled
STL16767531,RZP4849655205,64078.91,2026-07-14,settled
STL56062057,RZP3151271937,27343.93,2026-07-06,settled
STL39102902,RZP9564167653,66569.30,2026-07-07,settled
STL33022349,RZP1612023937,60295.79,2026-07-13,settled
STL91767275,RZP8279585701,13002.77,2026-07-02,pending
STL24183423,RZP3097440798,35606.87,2026-07-10,settled
STL64542263,RZP3316631273,56207.26,2026-07-12,settled
STL33660460,RZP7176703993,23988.67,2026-07-04,settled
STL84722976,RZP1329024489,20578.94,2026-07-10,settled
STL84172879,RZP4623032406,50375.47,2026-07-09,settled
STL59084263,RZP9592696377,25939.60,2026-07-09,settled
STL46878825,RZP2748836777,1894.56,2026-07-07,settled
STL21910636,RZP8960549290,43824.84,2026-07-03,settled
STL37466847,RZP5351585770,24174.10,2026-07-01,settled
STL99231121,RZP2260363816,64469.94,2026-07-01,settled
STL48816900,RZP7103217717,72063.31,2026-07-13,settled
STL12442178,RZP6613921625,42294.91,2026-07-01,settled
STL99218683,RZP3104596714,73430.35,2026-07-12,settled
STL19087680,RZP6866976974,47424.92,2026-07-02,settled
STL73900081,RZP8013226008,38066.43,2026-07-14,settled
STL79508892,RZP7885821515,46213.88,2026-07-10,settled
STL68169687,RZP9300343727,35818.87,2026-07-01,reversed
STL76623939,RZP1535559599,46402.22,2026-07-15,settled
STL43706811,RZP6249701362,58202.37,2026-07-04,settled
STL15783301,RZP1246771915,12872.32,2026-07-11,settled
STL29175900,RZP8110054933,29974.58,2026-07-15,settled
STL91755523,RZP3296561639,71084.94,2026-07-13,settled
STL50003269,RZP5640785576,44959.57,2026-07-06,settled
STL69643077,RZP1340843799,17058.38,2026-07-05,settled
STL88175885,RZP2322331781,18824.02,2026-07-07,pending
STL21381032,RZP6123481237,21482.26,2026-07-02,settled
STL95377369,RZP4129005354,4919.24,2026-07-15,settled
STL92620334,RZP9355830578,8380.88,2026-07-01,settled
STL44787630,RZP6481215072,29035.35,2026-07-01,settled
STL56086149,RZP5689529608,30177.64,2026-07-04,settled
STL58465780,RZP6330405542,48037.13,2026-07-02,settled
STL42475177,RZP7138711034,65333.92,2026-07-07,settled
STL35288812,RZP5695432332,59069.91,2026-07-06,settled
STL11875835,RZP9178050223,47346.17,2026-07-07,settled
STL31257157,RZP3081821325,2650.77,2026-07-11,settled
STL23537607,RZP9912394689,33994.22,2026-07-03,settled
STL66862582,RZP2398288554,34995.65,2026-07-04,settled
STL93842238,RZP3201171190,61264.01,2026-07-06,settled
STL19420351,RZP4408682285,68466.49,2026-07-01,settled
STL13803370,RZP1539076365,61701.70,2026-07-06,settled
STL13862559,RZP7098746030,1821.82,2026-07-09,settled
STL75184410,RZP9803662851,6577.82,2026-07-08,settled
STL77256486,RZP3412023572,49239.47,2026-07-12,reversed
STL95899313,RZP4131575764,12673.49,2026-07-07,settled
STL41569450,RZP7991219212,7583.31,2026-07-15,settled
STL72207767,RZP4001236185,68506.06,2026-07-11,settled
STL51464343,RZP5632313163,65819.05,2026-07-15,settled
STL31868923,RZP9639189838,23683.57,2026-07-03,settled
STL77949185,RZP7521667967,74945.18,2026-07-08,settled
STL21065704,RZP2205259030,50662.02,2026-07-04,settled
STL78728191,RZP3323481836,58757.62,2026-07-15,settled
STL10090331,RZP8392293648,29117.92,2026-07-02,settled
STL96722819,RZP7663309821,26306.53,2026-07-01,settled
STL44295656,RZP3769413993,2231.48,2026-07-01,settled
STL41667840,RZP9172974132,57613.82,2026-07-01,settled
STL96210380,RZP2977184333,65851.28,2026-07-04,settled
STL34775420,RZP3131662763,11003.26,2026-07-07,settled
STL33623696,RZP6780438503,53334.45,2026-07-09,settled
STL65679570,RZP5945122241,11941.64,2026-07-05,settled
STL63763410,RZP7550503261,52844.25,2026-07-15,settled
STL40640252,RZP3029665156,3865.65,2026-07-01,settled
STL53154591,RZP5471158508,68224.22,2026-07-10,settled
STL31585723,RZP1048567099,9958.35,2026-07-11,settled
STL62066045,RZP7368641722,46965.38,2026-07-06,settled
STL18289151,RZP3344724103,5703.10,2026-07-05,settled
STL59606051,RZP6671098848,45388.35,2026-07-09,settled
STL90244451,RZP1002331874,70046.26,2026-07-08,settled
STL95593031,RZP9851726961,26190.97,2026-07-07,settled
STL74069425,RZP2182674121,46859.11,2026-07-04,settled
STL29373250,RZP1702440934,27373.38,2026-07-05,settled
STL41692245,RZP8260715250,1488.59,2026-07-08,settled
STL35125332,RZP3989415429,45351.07,2026-07-08,settled
STL27479054,RZP5406481595,61643.84,2026-07-15,pending
STL14706073,RZP4124917052,72155.60,2026-07-11,settled
STL46866075,RZP2888766939,35434.62,2026-07-11,settled
STL20008306,RZP4836070340,59157.31,2026-07-09,settled
STL51154570,RZP9245135247,71253.38,2026-07-09,pending
STL26342891,RZP2444054827,13112.85,2026-07-13,settled
STL81722941,RZP7172183272,13218.82,2026-07-14,settled
STL46772637,RZP2960432117,68893.31,2026-07-12,settled
STL28158524,RZP4808776399,59295.20,2026-07-08,settled
STL54340910,RZP9090425089,13936.13,2026-07-12,pending
STL41957026,RZP2734465520,11772.55,2026-07-02,settled
STL27082542,RZP9189853166,59104.09,2026-07-10,settled
STL21432787,RZP1230249217,11615.22,2026-07-10,settled
STL41690501,RZP9730449971,28104.48,2026-07-08,settled
STL26397066,RZP2984593158,68658.92,2026-07-14,settled
STL37939985,RZP3629953169,26650.90,2026-07-02,settled
STL12763625,RZP1619530409,60154.96,2026-07-08,settled
STL66357793,RZP2196158442,70035.71,2026-07-09,settled
STL27456155,RZP6807413890,14509.95,2026-07-02,settled
STL76164688,RZP6514301702,28530.40,2026-07-10,settled
STL92580658,RZP4513783102,49237.67,2026-07-13,settled
STL73155598,RZP8295428906,7746.09,2026-07-05,settled
STL16532056,RZP2521367039,39696.38,2026-07-01,settled
STL24368701,RZP5027818352,13808.59,2026-07-01,settled
STL59694974,RZP2621593120,26432.37,2026-07-04,settled
STL76952744,RZP6584835127,70769.95,2026-07-07,settled
STL74777625,RZP3838517397,69530.37,2026-07-12,settled
STL29653080,RZP3587885883,1142.20,2026-07-15,settled
STL75433002,RZP8749951970,43183.58,2026-07-04,settled
STL86755111,RZP3247481011,24144.90,2026-07-15,settled
STL99548878,RZP1941822192,25099.76,2026-07-02,settled
STL71765566,RZP5867793105,18385.44,2026-07-03,settled
STL80140337,RZP4962639828,42079.32,2026-07-11,settled
STL22707317,RZP8969600302,60893.18,2026-07-14,settled
STL43027552,RZP8842204961,47629.53,2026-07-04,settled
STL91674162,RZP8134021229,56442.52,2026-07-14,settled
STL28119954,RZP3180575643,21277.22,2026-07-03,settled
STL43937141,RZP1166098686,15936.88,2026-07-14,settled
STL41654599,RZP4071763922,21317.77,2026-07-05,pending
STL32921098,RZP1093019873,11055.62,2026-07-12,settled
STL52922557,RZP1931813889,18359.66,2026-07-07,settled
STL46720845,RZP4956994379,69738.26,2026-07-15,reversed
STL38084257,RZP9375661256,18516.58,2026-07-07,settled
STL49680924,RZP6121173714,13759.27,2026-07-14,pending
STL58762794,RZP5071218314,6090.57,2026-07-11,settled
STL60722054,RZP1364658477,34214.27,2026-07-08,settled
STL15170943,RZP6259851903,59989.91,2026-07-03,settled
STL26206185,RZP4282333775,44684.85,2026-07-06,settled
STL99702232,RZP2362618431,7119.18,2026-07-12,settled
STL97024833,RZP2548678342,7392.95,2026-07-05,settled
STL82246104,RZP3977267325,24463.86,2026-07-14,settled
STL24305904,RZP7418301077,18676.84,2026-07-11,settled
STL13990903,RZP9931774282,60894.58,2026-07-08,pending
STL43942549,RZP7721328100,74814.79,2026-07-13,settled
STL98382911,RZP7853880208,54454.43,2026-07-04,settled
STL94085593,RZP2191665650,72348.08,2026-07-07,settled
STL67217417,RZP2723498065,20902.69,2026-07-04,settled
STL76451708,RZP4324575173,5806.85,2026-07-11,settled
STL99343256,RZP5683007179,47648.75,2026-07-05,settled
STL19572128,RZP6844786270,74775.96,2026-07-07,settled
STL15268085,RZP1091353954,11798.37,2026-07-02,settled
STL20413322,RZP2263341689,40331.71,2026-07-07,settled
STL22056566,RZP8672648109,47425.68,2026-07-15,settled
STL86493396,RZP9187540554,54283.23,2026-07-06,settled
STL23802526,RZP2786207807,54422.39,2026-07-14,settled
STL70047877,RZP3289167186,36646.31,2026-07-06,settled
STL45405879,RZP2224447441,43331.53,2026-07-05,settled
STL14338261,RZP1684044771,34934.81,2026-07-02,settled
STL63293861,RZP1668381922,7797.29,2026-07-09,settled
STL42404976,RZP3390240440,26402.38,2026-07-15,settled
STL35777348,RZP7626054990,35931.15,2026-07-14,settled
STL40992782,RZP1212395658,63582.69,2026-07-03,settled
STL64504899,RZP8189425483,21556.25,2026-07-15,settled
STL22715558,RZP4141665122,40569.01,2026-07-12,reversed
STL92663590,RZP9564060935,12570.28,2026-07-12,settled
STL23161945,RZP2398806247,58533.66,2026-07-06,settled
STL45184829,RZP5483592897,41655.15,2026-07-03,settled
STL53288621,RZP5996896017,13303.44,2026-07-11,settled
STL52034305,RZP1740770012,18550.92,2026-07-09,settled
STL19341217,RZP7584358217,61102.55,2026-07-14,settled
STL34103306,RZP1342194370,44315.17,2026-07-09,settled
STL88336154,RZP7196428511,59582.32,2026-07-03,settled
STL96500924,RZP5723304144,29107.30,2026-07-02,settled
STL49293937,RZP2108351802,54387.25,2026-07-02,settled
STL81696670,RZP8224344340,62484.03,2026-07-07,settled
STL94891561,RZP6055530331,59808.81,2026-07-08,settled
STL87149951,RZP3075362821,18171.82,2026-07-10,settled
STL52284567,RZP3228402372,2874.67,2026-07-13,settled
STL77057321,RZP4994713549,49450.83,2026-07-13,settled
STL71207189,RZP5017720320,24666.10,2026-07-14,settled
STL18380124,RZP7307173065,58052.19,2026-07-14,settled
STL95335171,RZP8902351211,32365.99,2026-07-10,settled
STL79703656,RZP1167134213,53662.59,2026-07-13,settled
STL29036823,RZP5771414558,69576.33,2026-07-02,settled
STL84674996,RZP6878098571,66276.79,2026-07-12,settled
STL43607993,RZP4373550354,35106.00,2026-07-03,settled
STL99015917,RZP1042481110,9267.46,2026-07-08,settled
STL32571736,RZP6473167257,14468.13,2026-07-12,settled
STL10408648,RZP6950306892,34678.50,2026-07-02,settled
STL29470520,RZP1414678103,50939.98,2026-07-06,settled
STL33966966,RZP7597996327,70473.17,2026-07-02,settled
STL29530531,RZP6490579087,3352.03,2026-07-03,settled
STL37459613,RZP5418737410,45450.91,2026-07-11,settled
STL17090950,RZP7353638232,68245.31,2026-07-10,settled
STL29967552,RZP6106588685,630.23,2026-07-15,pending
STL91972671,RZP6702549932,12256.32,2026-07-14,settled
STL13175428,RZP1797508632,20958.61,2026-07-07,settled
STL81183879,RZP5014843134,18246.50,2026-07-14,settled
STL19787090,RZP9214594061,53797.32,2026-07-02,settled
STL37867988,RZP2297031421,74320.75,2026-07-12,settled
STL52020240,RZP8706781098,72614.85,2026-07-04,reversed
STL16805868,RZP4155883619,10004.76,2026-07-11,settled
STL83019778,RZP5865554777,50400.30,2026-07-13,settled
STL83588980,RZP4160451096,55943.24,2026-07-12,reversed
STL77194545,RZP7263566321,1179.44,2026-07-03,settled
STL21578418,RZP3267482279,33217.72,2026-07-07,reversed
STL63964216,RZP6536866413,2604.99,2026-07-10,settled
STL18533850,RZP6458278562,29306.11,2026-07-12,settled
STL39233159,RZP5357436824,67748.35,2026-07-01,settled
STL49592252,RZP8087369999,31034.51,2026-07-06,settled
STL23972180,RZP7818870353,58057.57,2026-07-15,settled
STL83812434,RZP2362346361,44509.98,2026-07-07,reversed
STL49734257,RZP2958147674,12898.25,2026-07-11,settled
STL24219003,RZP9573266288,74897.43,2026-07-04,reversed
STL12456946,RZP6712812624,39752.30,2026-07-02,reversed
STL98680278,RZP7196957287,66829.33,2026-07-10,reversed
STL40019721,RZP9815020270,45178.68,2026-07-14,settled
STL50766875,RZP8879002701,44584.70,2026-07-09,settled
STL86417828,RZP1885738390,63508.36,2026-07-13,settled
STL18870325,RZP1284448229,64483.63,2026-07-05,settled
STL39418084,RZP9424701836,38900.67,2026-07-12,settled
STL43005982,RZP3688996563,71214.10,2026-07-11,settled
STL62143240,RZP1406394502,24497.88,2026-07-07,settled
STL19232076,RZP9331894992,72828.50,2026-07-02,settled
STL62491448,RZP5813294457,73100.16,2026-07-06,settled
STL59302897,RZP8359345713,66100.44,2026-07-02,settled
STL45252715,RZP7650335767,63845.70,2026-07-06,settled
STL75716091,RZP3858387914,62487.94,2026-07-09,settled
STL99753485,RZP7413483748,6971.36,2026-07-03,settled
STL93318446,RZP7125697460,63941.17,2026-07-01,settled
STL67269701,RZP1679775895,20032.56,2026-07-08,settled
STL25940510,RZP9729982247,12184.56,2026-07-09,settled
STL80828569,RZP1313643390,48764.07,2026-07-06,settled
STL96977458,RZP4949715766,8299.44,2026-07-14,settled
STL41058595,RZP8114405625,2029.81,2026-07-09,reversed
STL29497594,RZP8865323104,29144.48,2026-07-02,settled
STL29996714,RZP2537468258,66426.49,2026-07-14,settled
STL13906571,RZP6049696837,73497.10,2026-07-09,reversed
STL73280496,RZP1144440319,16562.70,2026-07-14,settled
STL63981512,RZP2550425631,18008.24,2026-07-09,settled
STL37937587,RZP4854570434,17339.71,2026-07-07,settled
STL76528415,RZP4774798572,57196.45,2026-07-15,settled
STL91883092,RZP7584730597,41197.35,2026-07-11,settled
STL45660991,RZP1587160112,27911.73,2026-07-12,settled
STL61170471,RZP1704980543,1613.70,2026-07-01,reversed
STL83438256,RZP4403105235,74910.12,2026-07-02,settled
STL19360882,RZP4389918146,23424.79,2026-07-14,settled
STL26834553,RZP7286331822,44314.99,2026-07-08,settled
STL46493821,RZP6521455884,56466.42,2026-07-14,settled
STL30761756,RZP6532553805,8976.06,2026-07-11,settled
STL92021157,RZP7257415394,27011.49,2026-07-15,settled
STL45257940,RZP9273095975,56420.65,2026-07-09,settled
STL59601296,RZP9458262482,70841.93,2026-07-03,settled
STL93272898,RZP4968039634,70929.51,2026-07-11,settled
STL32062935,RZP3605959759,72669.04,2026-07-02,settled
STL74249118,RZP3395237035,4409.99,2026-07-14,settled
STL70366677,RZP5057517840,41809.14,2026-07-06,settled
STL57679697,RZP8461720259,54464.56,2026-07-07,settled
STL24521015,RZP7701866920,50815.57,2026-07-07,settled
STL84610594,RZP6313921470,36929.48,2026-07-14,pending
STL14337677,RZP4336999453,4924.93,2026-07-10,settled
STL66137195,RZP5913020068,31370.90,2026-07-15,settled
STL86635858,RZP4610947195,25766.86,2026-07-07,settled
STL93061227,RZP4455292153,25076.06,2026-07-05,settled
STL19817171,RZP2778320552,14573.53,2026-07-06,settled
STL81509891,RZP1990196813,74471.75,2026-07-03,settled
STL33976414,RZP3431267294,53942.94,2026-07-11,settled
STL99062195,RZP8077692721,1740.12,2026-07-05,settled
STL87930625,RZP2556601809,17417.58,2026-07-04,settled
STL95133330,RZP1171840882,53140.84,2026-07-04,settled
STL54852112,RZP7402836356,28584.78,2026-07-14,settled
STL76537401,RZP9934963240,21209.05,2026-07-11,settled
STL65487225,RZP9660869976,26295.74,2026-07-07,settled
STL91899686,RZP7844043569,15633.07,2026-07-11,settled
STL83953529,RZP8039288956,14590.69,2026-07-09,settled
STL28881997,RZP8229916046,65687.86,2026-07-07,settled
STL75271974,RZP5860167420,17826.48,2026-07-13,settled
STL13496882,RZP5870268894,58414.26,2026-07-12,settled
STL10969787,RZP3190619653,59582.14,2026-07-07,settled
STL10326238,RZP4860979335,61348.04,2026-07-11,settled
STL56169734,RZP5420324271,50356.25,2026-07-09,settled
STL75695918,RZP7259814068,60118.21,2026-07-03,settled
STL11515129,RZP7417919889,60872.25,2026-07-09,reversed
STL20734531,RZP9792240602,52938.72,2026-07-01,settled
STL64866540,RZP6944395456,23431.91,2026-07-10,settled
STL38905003,RZP1757836999,37402.16,2026-07-02,settled
STL26215399,RZP8404623971,3195.56,2026-07-06,settled
STL11494105,RZP4445946077,73148.61,2026-07-07,pending
STL28147169,RZP9930660587,3464.59,2026-07-02,settled
STL16817369,RZP6645930781,16158.46,2026-07-12,settled
STL42879423,RZP7115189196,11618.04,2026-07-14,settled
STL78309936,RZP1046583007,14264.15,2026-07-07,pending
STL60009613,RZP8950438883,55516.37,2026-07-13,settled
STL98858674,RZP1016673996,26222.07,2026-07-04,settled
STL10753570,RZP5275375467,15089.79,2026-07-06,settled
STL15429877,RZP8303655837,20101.95,2026-07-07,settled
STL25386579,RZP2863273706,47809.88,2026-07-03,settled
STL51995247,RZP6976163118,55421.30,2026-07-11,settled
STL13029672,RZP9955017329,38490.48,2026-07-09,settled
STL18528983,RZP5178155941,55849.86,2026-07-06,settled
STL23121267,RZP8691065312,9142.46,2026-07-15,settled
STL73241140,RZP6032818497,63804.78,2026-07-05,settled
STL86071767,RZP9922764539,67238.36,2026-07-08,settled
STL50294432,RZP3890669427,46191.25,2026-07-12,pending
STL13339687,RZP7232995309,18321.74,2026-07-13,settled
STL82468141,RZP2642768997,23206.36,2026-07-01,settled
STL18221972,RZP6021848069,14035.27,2026-07-05,settled
STL73156467,RZP9515506639,60545.86,2026-07-04,settled
STL40011624,RZP6707178905,28042.87,2026-07-13,settled
STL47890683,RZP2813154635,68038.00,2026-07-06,settled
STL44678200,RZP3983101985,9975.22,2026-07-02,settled
STL27841208,RZP4263038323,41820.31,2026-07-11,settled
STL45346197,RZP6651020291,71680.70,2026-07-09,settled
STL96113520,RZP3032542142,56490.39,2026-07-01,settled
STL83334481,RZP4050237649,13757.16,2026-07-12,settled
STL24655989,RZP1975595901,37451.83,2026-07-04,settled
STL39380137,RZP6994344436,63329.16,2026-07-15,settled
STL91572233,RZP2254084898,45830.71,2026-07-06,settled
STL72881956,RZP2312983354,59674.93,2026-07-14,settled
STL23623919,RZP4695579393,50698.91,2026-07-09,settled
STL60154896,RZP7188307752,38679.70,2026-07-10,settled
STL21616191,RZP5478350104,53108.82,2026-07-01,reversed
STL43938611,RZP6029910451,51230.47,2026-07-10,settled
STL92515295,RZP8608715454,25455.87,2026-07-06,settled
STL33891547,RZP3324410531,32243.82,2026-07-12,settled
STL53168319,RZP7752414915,69429.88,2026-07-08,settled
STL71934298,RZP9633352837,68333.78,2026-07-13,settled
STL75227723,RZP6896471678,41675.23,2026-07-14,settled
STL48325967,RZP9185970495,9922.25,2026-07-03,settled
STL44795990,RZP7671984156,57524.76,2026-07-06,settled
STL70443135,RZP3956801637,35895.80,2026-07-10,settled
STL95433781,RZP8965482218,53195.04,2026-07-11,settled
STL38708002,RZP9461783045,66102.28,2026-07-06,settled
STL98033535,RZP9947359933,69761.10,2026-07-02,settled
STL61017988,RZP2976693115,39809.44,2026-07-14,settled
STL94549834,RZP2325128304,52054.50,2026-07-03,settled
STL81889391,RZP4638912568,60332.82,2026-07-01,settled
STL16666225,RZP8776600131,40557.63,2026-07-01,reversed
STL17020462,RZP2793157028,56895.33,2026-07-06,pending
STL85201148,RZP6479773898,55090.92,2026-07-06,settled
STL72427865,RZP7279296550,56903.42,2026-07-08,settled
STL78809674,RZP2787821955,18803.56,2026-07-09,settled
STL37832994,RZP3563549922,25944.98,2026-07-05,settled
STL42936171,RZP8125438038,24681.32,2026-07-02,pending
STL44187325,RZP6448698071,5753.76,2026-07-10,pending
STL58827147,RZP1073032938,20342.48,2026-07-11,settled
STL88707822,RZP6489799265,8409.73,2026-07-05,settled
STL45124986,RZP5926465723,68278.61,2026-07-09,settled
STL50601849,RZP1195472006,19397.44,2026-07-10,settled
STL70664852,RZP2952011578,41692.51,2026-07-11,settled
STL47603939,RZP5712724787,54461.01,2026-07-13,settled
STL20628847,RZP7454461401,62623.38,2026-07-15,settled
STL32701719,RZP5937791279,35678.54,2026-07-01,settled
STL19855438,RZP5638256548,56428.27,2026-07-05,settled
STL60728925,RZP8270895831,12813.99,2026-07-05,settled
STL15220638,RZP4375183488,16668.50,2026-07-06,settled
STL74228674,RZP3234611748,47127.40,2026-07-09,settled
STL38408562,RZP2982979741,4246.21,2026-07-07,settled
STL68331462,RZP6769479646,38117.65,2026-07-04,settled
STL74992426,RZP1271730355,32883.38,2026-07-07,settled
STL75978123,RZP1801648461,1544.01,2026-07-03,settled
STL22795568,RZP3103352406,1601.45,2026-07-11,settled
STL45332312,RZP5518813344,67246.10,2026-07-12,settled
STL80460439,RZP1857462274,64894.08,2026-07-07,settled
STL17061921,RZP2711552716,20039.58,2026-07-14,settled
STL27678691,RZP9168157468,13784.02,2026-07-08,reversed
STL45966906,RZP4874572470,44043.12,2026-07-06,settled
STL82429164,RZP6114259949,70170.08,2026-07-09,settled
STL66706417,RZP5515457407,694.82,2026-07-12,settled
STL20152046,RZP2643608667,27997.50,2026-07-09,settled
STL20492341,RZP3808312666,36789.81,2026-07-03,settled
STL15459004,RZP5732185158,8368.05,2026-07-02,settled
STL34744872,RZP7760554363,35470.07,2026-07-08,settled
STL81943213,RZP7591612789,37903.85,2026-07-15,reversed
STL60683363,RZP8941003769,57846.61,2026-07-03,settled
STL71115319,RZP7608153267,26211.73,2026-07-09,settled
STL69433192,RZP6175700623,28040.42,2026-07-08,settled
STL30928435,RZP6275816824,68859.99,2026-07-07,settled
STL90170142,RZP8168309836,16696.43,2026-07-12,reversed
STL38385335,RZP4396702901,26854.32,2026-07-01,settled
STL38260831,RZP2487772005,2054.73,2026-07-10,settled
STL30426602,RZP1152859029,28561.96,2026-07-05,settled
STL64057586,RZP8404113972,58655.10,2026-07-05,reversed
STL68925994,RZP8998526782,66294.82,2026-07-15,settled
STL91796254,RZP4585049537,3841.53,2026-07-05,settled
STL83889672,RZP9871195857,35350.51,2026-07-06,pending
STL69821324,RZP1706114977,51920.14,2026-07-09,settled
STL45496015,RZP7676965974,69915.82,2026-07-02,settled
STL33216537,RZP9245658375,70926.91,2026-07-07,settled
STL58070969,RZP1873201611,24239.02,2026-07-09,settled
STL17299184,RZP9097539918,6655.30,2026-07-11,settled
STL30071352,RZP7567796507,55539.18,2026-07-01,settled
STL34948359,RZP2674722942,70650.04,2026-07-09,settled
STL12116951,RZP9283032908,24809.05,2026-07-05,settled
STL40901399,RZP5136216089,45605.70,2026-07-11,settled
STL60454028,RZP6321546247,55226.67,2026-07-14,settled
STL48659080,RZP7449773997,71679.91,2026-07-02,settled
STL91524118,RZP3484150715,43999.19,2026-07-07,settled
STL49886271,RZP5139978359,24982.55,2026-07-08,settled
STL26617902,RZP4143856669,63197.97,2026-07-05,settled
STL14511426,RZP3024163842,69683.99,2026-07-15,settled
STL24599424,RZP7352199325,6405.88,2026-07-04,settled
STL68914237,RZP1795579814,18316.04,2026-07-10,reversed
STL35727027,RZP1508924953,66262.87,2026-07-03,settled
STL56300738,RZP6901798608,34998.21,2026-07-11,settled
STL58337355,RZP8168642999,30830.71,2026-07-15,settled
STL97363169,RZP8340650878,47805.99,2026-07-06,settled
STL61374135,RZP1445460233,46808.73,2026-07-07,reversed
STL60738755,RZP6504891350,52645.50,2026-07-07,settled
STL11133661,RZP8244129781,32020.07,2026-07-14,pending
STL90727321,RZP4595818171,37737.53,2026-07-08,settled
STL70332302,RZP1996714127,28718.17,2026-07-03,settled
STL46831833,RZP3364255319,22316.04,2026-07-03,settled
STL63461642,RZP2322051984,54150.90,2026-07-06,settled
STL29768893,RZP6488274284,12732.63,2026-07-05,settled
STL71305539,RZP5978449790,39521.24,2026-07-14,reversed
STL78405004,RZP9224916527,6375.51,2026-07-12,settled
STL79039857,RZP3365680051,61836.75,2026-07-07,settled
STL84591120,RZP9882006182,21236.19,2026-07-10,settled
STL69347950,RZP4993447075,907.07,2026-07-08,reversed
STL57794571,RZP7844674517,56844.57,2026-07-13,settled
STL10957697,RZP6500806663,67885.82,2026-07-12,settled
STL63671813,RZP2312834599,21412.72,2026-07-12,settled
STL46281375,RZP8242590036,59816.95,2026-07-02,settled
STL51177727,RZP4492278817,43799.07,2026-07-10,reversed
STL21400802,RZP2356617758,58124.26,2026-07-11,pending
STL66313698,RZP6815177620,53799.83,2026-07-14,settled
STL11246473,RZP1334744286,44729.12,2026-07-09,settled
STL99131349,RZP2754947472,62086.78,2026-07-12,settled
STL62326080,RZP9573814270,49347.93,2026-07-15,settled
STL18115447,RZP8697345343,23590.81,2026-07-05,settled
STL50563223,RZP9057385123,12853.86,2026-07-07,settled
STL10872248,RZP7635473142,16922.83,2026-07-10,settled
STL42559181,RZP9138769588,8123.34,2026-07-05,settled
STL75424864,RZP8836710138,62510.07,2026-07-03,pending
STL62651319,RZP8033214556,32080.46,2026-07-07,settled
STL18644892,RZP2839999414,38232.93,2026-07-12,settled
STL27705074,RZP7190276026,550.36,2026-07-07,settled
STL47012987,RZP4122981163,53332.62,2026-07-07,settled
STL43977489,RZP9174259566,59279.44,2026-07-06,settled
STL56215826,RZP3608006164,5732.23,2026-07-01,settled
STL59405006,RZP5932707784,35141.33,2026-07-12,settled
STL26290355,RZP3478695797,26150.87,2026-07-11,pending
STL19908131,RZP4459372544,14874.34,2026-07-11,settled
STL40634319,RZP9133917071,44091.38,2026-07-12,settled
STL71048056,RZP9847505152,55957.34,2026-07-15,settled
STL11623978,RZP6238746566,52845.11,2026-07-15,settled
STL48366253,RZP5058172647,12800.93,2026-07-01,settled
STL66647323,RZP9619565662,17356.21,2026-07-01,settled
STL91293269,RZP1229352711,50193.42,2026-07-08,settled
STL33851602,RZP6920114673,55182.63,2026-07-05,settled
STL85484449,RZP5481232849,69847.48,2026-07-11,settled
STL11731095,RZP2557023069,40314.31,2026-07-06,settled
STL71079408,RZP9978518649,71451.21,2026-07-11,settled
STL79389829,RZP2616448429,71799.42,2026-07-04,reversed
STL18146268,RZP2982544301,15828.15,2026-07-02,reversed
STL46484083,RZP7450493016,53346.78,2026-07-07,settled
STL86866717,RZP3423086220,5100.97,2026-07-09,settled
STL92349233,RZP2241634686,6265.30,2026-07-14,settled
STL69976098,RZP6423516654,30079.76,2026-07-02,settled
STL63194565,RZP1531898944,45439.01,2026-07-05,settled
STL54241559,RZP6415031531,18046.33,2026-07-13,settled
STL83286377,RZP1978142717,9334.80,2026-07-06,settled
STL97362118,RZP8389693983,55114.29,2026-07-07,settled
STL69583637,RZP4722925897,64285.11,2026-07-13,settled
STL81598167,RZP3583907963,33205.83,2026-07-08,settled
STL81321141,RZP4845332433,18323.68,2026-07-10,settled
STL67392300,RZP8902114913,11942.45,2026-07-06,settled
STL99283886,RZP2799244557,51640.08,2026-07-11,pending
STL46995986,RZP1435305495,44408.99,2026-07-04,settled
STL52091721,RZP6940070601,16750.07,2026-07-02,settled
STL57573080,RZP9715198114,47150.38,2026-07-06,settled
STL36607759,RZP2637280868,8097.32,2026-07-07,settled
STL55769312,RZP9328142690,22862.76,2026-07-14,settled
STL83212334,RZP5633956194,45382.77,2026-07-14,settled
STL25759090,RZP3176472875,7840.64,2026-07-11,pending
STL62592989,RZP3166254447,52841.53,2026-07-01,settled
STL98242667,RZP7922302140,26476.73,2026-07-05,settled
STL31183715,RZP5660589433,44878.19,2026-07-02,settled
STL41645597,RZP5409514899,4467.64,2026-07-09,settled
STL51147664,RZP5638675403,50392.57,2026-07-13,settled
STL63586934,RZP4143419271,52761.39,2026-07-07,settled
STL84883523,RZP9161684793,3873.36,2026-07-13,pending
STL59715122,RZP4579402178,33674.47,2026-07-10,settled
STL53335214,RZP2449047673,45468.85,2026-07-08,settled
STL19582229,RZP2017815838,24771.28,2026-07-06,settled
STL42510936,RZP2723893745,15447.67,2026-07-03,settled
STL98787915,RZP6249311455,57843.99,2026-07-03,settled
STL84930512,RZP2702635521,26889.45,2026-07-14,settled
STL65452283,RZP8058849082,18803.40,2026-07-13,settled
STL18125697,RZP3612702072,28782.10,2026-07-15,settled
STL49413474,RZP8279577736,60865.17,2026-07-06,settled
STL45481411,RZP1173601852,57229.69,2026-07-04,settled
STL43822301,RZP2416011033,42068.26,2026-07-07,settled
STL97939599,RZP4335878112,31085.57,2026-07-04,settled
STL14324134,RZP7273337794,12056.54,2026-07-04,settled
STL67982400,RZP6583376103,63825.31,2026-07-09,settled
STL29547415,RZP1141831430,14890.84,2026-07-06,settled
STL87771867,RZP3817598550,1894.38,2026-07-04,settled
STL86258818,RZP3809436845,22321.14,2026-07-13,settled
STL90936925,RZP2942212433,13240.67,2026-07-07,settled
STL83373659,RZP6189916516,15244.28,2026-07-14,settled
STL57543646,RZP5399581163,12208.42,2026-07-06,settled
STL99423512,RZP7093841668,69597.15,2026-07-09,settled
STL36478233,RZP7152329891,70763.95,2026-07-03,settled
STL18740849,RZP4527947584,67540.01,2026-07-06,settled
STL66058440,RZP8172065401,4358.41,2026-07-06,settled
STL66419315,RZP2623867626,13267.45,2026-07-01,settled
STL41570584,RZP9456432130,56744.74,2026-07-01,settled
STL80923966,RZP9634673210,38306.56,2026-07-11,settled
STL10035826,RZP6220665395,5649.05,2026-07-05,settled
STL48939164,RZP6936124697,44183.69,2026-07-14,settled
STL38655587,RZP8722741735,1406.50,2026-07-02,pending
STL25933621,RZP6289678427,18919.90,2026-07-13,settled
STL21678047,RZP2940904592,15228.94,2026-07-03,reversed
STL19795789,RZP5122249031,50797.62,2026-07-09,settled
STL32091096,RZP7652038754,53233.53,2026-07-10,settled
STL15116634,RZP9851544303,47291.03,2026-07-07,settled
STL60562450,RZP2069630090,29354.12,2026-07-12,settled
STL40215769,RZP3177364747,7184.99,2026-07-13,settled
STL66248802,RZP3376861895,67664.49,2026-07-05,settled
STL45522715,RZP6939076506,25282.78,2026-07-01,settled
STL74582407,RZP7646622094,5533.56,2026-07-01,settled
STL32342954,RZP3913779494,18000.87,2026-07-10,settled
STL93243271,RZP5340522065,29102.04,2026-07-13,settled
STL82551437,RZP1599433930,16468.50,2026-07-01,settled
STL98972058,RZP2299643496,72985.91,2026-07-03,reversed
STL41533557,RZP7856120565,63262.57,2026-07-15,settled
STL50045650,RZP3546395964,29105.01,2026-07-11,settled
STL31648495,RZP4275108165,1107.51,2026-07-14,settled
STL65396292,RZP5738557978,49603.76,2026-07-04,settled
STL86514596,RZP8962695259,33292.88,2026-07-11,settled
STL18192347,RZP6016326245,60453.14,2026-07-15,pending
STL64757806,RZP6372150742,14196.38,2026-07-07,reversed
STL14214307,RZP4761696781,24836.69,2026-07-03,settled
STL15644664,RZP4848703118,24338.80,2026-07-13,settled
STL66661351,RZP4246059658,64652.17,2026-07-03,settled
STL96704928,RZP6429190671,15616.98,2026-07-08,settled
STL70990839,RZP5937876622,25390.48,2026-07-13,settled
STL80459205,RZP8801332977,617.60,2026-07-02,settled
STL56941599,RZP2293936744,22984.80,2026-07-06,settled
STL65703840,RZP5769654430,7443.64,2026-07-01,settled
STL93159763,RZP5125063457,28045.03,2026-07-04,settled
STL80757997,RZP6326415525,65999.76,2026-07-13,settled
STL15095407,RZP9462750778,40888.28,2026-07-03,settled
STL70358769,RZP6610225390,54639.87,2026-07-14,settled
STL53244554,RZP7778080960,61998.61,2026-07-01,settled
STL55859862,RZP4917150323,72132.73,2026-07-14,settled
STL39038757,RZP9624355690,41103.89,2026-07-02,settled
STL24500158,RZP1900587144,52141.62,2026-07-06,settled
STL12419478,RZP1253135665,29372.64,2026-07-07,pending
STL75867688,RZP4636227602,23566.70,2026-07-13,settled
STL91690443,RZP6260584087,15878.98,2026-07-03,settled
STL57253664,RZP4775775357,18555.09,2026-07-13,settled
STL45748154,RZP6132306708,34723.07,2026-07-05,settled
STL28134771,RZP8614654166,32704.63,2026-07-04,settled
STL19255695,RZP5164141218,24229.26,2026-07-12,settled
STL68012969,RZP3881894879,21456.98,2026-07-07,settled
STL88816393,RZP5700858489,26556.13,2026-07-15,pending
STL62159818,RZP4354550399,24036.87,2026-07-04,settled
STL81375079,RZP5507538008,47465.00,2026-07-06,pending
STL24775883,RZP8083051904,45003.38,2026-07-11,reversed
STL94108104,RZP2159756966,63908.54,2026-07-11,settled
STL81509657,RZP8576744440,19560.24,2026-07-13,settled
STL61853517,RZP8892593252,40183.03,2026-07-08,settled
STL65798756,RZP2794776739,35806.02,2026-07-09,settled
STL30210136,RZP6528412331,39405.55,2026-07-13,settled
STL11053710,RZP8366213307,50356.54,2026-07-03,settled
STL75157153,RZP1323951134,3449.55,2026-07-13,settled
STL12882469,RZP7790041807,62911.04,2026-07-11,settled
STL75770619,RZP9295269363,23948.70,2026-07-14,settled
STL70475414,RZP5555027660,41204.36,2026-07-14,settled
STL72015859,RZP3216176949,41617.32,2026-07-06,settled
STL80626900,RZP1438841120,7545.83,2026-07-10,settled
STL68080775,RZP2050941765,6388.10,2026-07-14,settled
STL45784981,RZP9003106855,42819.68,2026-07-15,settled
STL38958668,RZP3877158644,2074.54,2026-07-02,settled
STL95761697,RZP9360064116,40977.48,2026-07-14,settled
STL38829551,RZP9349262040,20310.47,2026-07-08,settled
STL96599160,RZP3532927334,39703.73,2026-07-04,settled
STL53657128,RZP9852525027,43243.33,2026-07-08,settled
STL10971584,RZP6210081924,69762.40,2026-07-06,settled
STL65648320,RZP1922084911,28289.38,2026-07-15,settled
STL73968467,RZP1997216402,51709.65,2026-07-06,settled
STL25376128,RZP2707057361,29021.74,2026-07-06,settled
STL98286717,RZP2277668472,72610.12,2026-07-06,settled
STL91976371,RZP6751535242,33832.12,2026-07-02,pending
STL46973438,RZP3594768036,34447.78,2026-07-01,settled
STL24030412,RZP6223262065,61479.10,2026-07-04,settled
STL14051814,RZP3428132044,33719.93,2026-07-13,pending
STL70351294,RZP4489265160,9999.23,2026-07-11,settled
STL10275342,RZP6926805709,63730.18,2026-07-09,pending
STL81189018,RZP1995585447,23386.43,2026-07-05,settled
STL80415512,RZP6949909066,2428.30,2026-07-11,settled
STL91689097,RZP9722993710,69970.36,2026-07-07,settled
STL65542934,RZP3176444381,24106.38,2026-07-11,settled
STL36569756,RZP6435561269,26807.93,2026-07-15,settled
STL17754818,RZP1382958710,18810.72,2026-07-09,settled
STL24070060,RZP5443759552,63395.74,2026-07-15,settled
STL31748148,RZP7750200456,69763.71,2026-07-01,settled
STL51081121,RZP7941548119,34842.08,2026-07-01,settled
STL16430431,RZP4968191361,29512.55,2026-07-01,settled
STL26405048,RZP6085045823,51478.21,2026-07-06,settled
STL16349767,RZP7216670269,45916.51,2026-07-08,settled
STL52658553,RZP3829589923,61458.62,2026-07-13,settled
STL34494007,RZP9876623451,47197.00,2026-07-09,settled
STL17453358,RZP5278016190,3004.41,2026-07-06,settled
STL82506491,RZP5307145891,64451.26,2026-07-03,settled
STL89252562,RZP7169800429,16627.63,2026-07-03,settled
STL28533117,RZP9248574674,65524.92,2026-07-12,settled
STL96295058,RZP2616787577,37513.25,2026-07-01,settled
STL90491339,RZP3505166183,1583.46,2026-07-10,settled
STL60658005,RZP6750481894,32806.71,2026-07-03,pending
STL36194518,RZP8144935375,12649.62,2026-07-11,settled
STL41502274,RZP8603225903,18657.04,2026-07-09,settled
STL39961568,RZP3465196171,25240.97,2026-07-13,settled
STL49216335,RZP1580252317,29834.98,2026-07-12,settled
STL83554537,RZP1388964867,42029.13,2026-07-11,settled
STL77050300,RZP5375044139,21403.28,2026-07-04,settled
STL25232700,RZP2383939863,54569.68,2026-07-14,settled
STL81054303,RZP7685625004,34016.93,2026-07-08,settled
STL24670573,RZP3169758976,56014.64,2026-07-10,settled
STL84771312,RZP2730585129,61594.80,2026-07-07,settled
STL32222880,RZP7015566817,58592.03,2026-07-12,settled
STL85908907,RZP7746809896,59560.39,2026-07-07,settled
STL43373708,RZP8737575544,22879.30,2026-07-03,settled
STL72284538,RZP2606365836,24141.22,2026-07-04,pending
STL33988490,RZP8194054256,57629.11,2026-07-01,settled
STL61498959,RZP2823817975,2239.78,2026-07-13,reversed
STL93586666,RZP1661033102,18587.20,2026-07-08,reversed
STL61074556,RZP7953126399,38909.91,2026-07-12,settled
STL33987338,RZP4242579642,31285.50,2026-07-13,settled
STL27207159,RZP4997329298,53817.66,2026-07-10,settled
STL90346328,RZP5741086158,54601.88,2026-07-04,settled
STL22119306,RZP7186241692,69808.08,2026-07-07,settled
STL35138052,RZP9468972536,43136.66,2026-07-14,settled
STL70094499,RZP8774550979,25396.98,2026-07-10,settled
STL65992782,RZP1746365516,1399.28,2026-07-04,settled
STL31924339,RZP4005632094,14092.71,2026-07-08,settled
STL89522630,RZP9944909639,59410.19,2026-07-13,settled
STL42866401,RZP6233748238,22117.66,2026-07-09,settled
STL63813150,RZP7737658873,3449.65,2026-07-14,settled
STL82886864,RZP9385174714,41618.29,2026-07-02,settled
STL59287907,RZP7679599495,33436.74,2026-07-06,settled
STL15892805,RZP5906579123,33310.40,2026-07-11,settled
STL37472503,RZP9516763729,64983.49,2026-07-10,settled
STL30185982,RZP1718218170,19172.79,2026-07-15,settled
STL87261025,RZP8249607829,26178.47,2026-07-14,settled
STL63067531,RZP7537127248,2384.32,2026-07-02,settled
STL74553778,RZP2232034581,53536.43,2026-07-10,settled
STL47077679,RZP1521556515,15460.47,2026-07-01,pending
STL14964338,RZP9716243758,47714.67,2026-07-05,pending
STL66466287,RZP4714951605,61465.30,2026-07-08,settled
STL62411510,RZP1768980818,67192.11,2026-07-07,settled
STL75435642,RZP4476764605,67121.00,2026-07-09,settled
STL37916110,RZP4049449533,10097.19,2026-07-15,settled
STL23494908,RZP2000025413,7964.75,2026-07-06,settled
STL92726446,RZP9329853360,7306.75,2026-07-07,settled
STL84734631,RZP7498198998,38199.06,2026-07-15,settled
STL47372406,RZP5082964045,34722.18,2026-07-04,settled
STL64939279,RZP9272350174,32794.21,2026-07-06,settled
STL89029155,RZP3629175958,49769.81,2026-07-02,settled
STL44754808,RZP2603310794,33231.32,2026-07-15,settled
STL21783073,RZP4662861038,34177.18,2026-07-15,settled
STL74271703,RZP2782747113,22331.21,2026-07-01,settled
STL91825540,RZP3095902833,8829.28,2026-07-08,settled
STL66272254,RZP3284251060,73740.82,2026-07-06,settled
STL46321376,RZP6500997342,30425.03,2026-07-08,pending
STL99904987,RZP8108057356,1420.84,2026-07-14,settled
STL56755430,RZP4023835345,12836.69,2026-07-14,pending
STL93289175,RZP1798119492,17077.56,2026-07-04,settled
STL61212783,RZP6757305963,58648.93,2026-07-13,settled
STL62855703,RZP4493121673,37818.03,2026-07-15,settled
STL61469967,RZP4220365953,3667.36,2026-07-10,settled
STL69566721,RZP6906278666,50189.10,2026-07-10,settled
STL84689357,RZP5680290732,52532.98,2026-07-14,settled
STL32524924,RZP5250145142,8487.23,2026-07-09,settled
STL33348882,RZP5920725544,55272.02,2026-07-06,settled
STL23769080,RZP9824122054,22264.18,2026-07-03,settled
STL33475529,RZP3489532530,27695.75,2026-07-09,settled
STL91651740,RZP3864307279,57699.52,2026-07-09,settled
STL86216070,RZP8797913756,35054.16,2026-07-01,pending
STL91580498,RZP2332128020,66451.35,2026-07-14,settled
STL20036415,RZP2537191134,65496.97,2026-07-03,settled
STL57818717,RZP6431968097,21082.51,2026-07-15,settled
STL92816097,RZP8330899216,59355.59,2026-07-13,settled
STL90599108,RZP5961049043,31217.77,2026-07-09,settled
STL39855935,RZP3316326341,68044.09,2026-07-11,settled
STL18424463,RZP7332490738,70147.62,2026-07-05,settled
STL82939264,RZP8349671737,40605.32,2026-07-14,settled
STL62364176,RZP6629054001,10508.07,2026-07-06,settled
STL62897118,RZP2054857936,65698.45,2026-07-05,settled
STL88524702,RZP4845705131,39956.39,2026-07-13,settled
STL25700305,RZP6276774390,51051.73,2026-07-06,settled
STL19227140,RZP8120615605,20544.09,2026-07-01,settled
STL66964115,RZP2510565044,4128.74,2026-07-06,settled
STL61969848,RZP8382657549,71490.12,2026-07-10,settled
STL45673002,RZP3859377176,21872.15,2026-07-01,pending
STL85182045,RZP8510935941,42246.07,2026-07-14,settled
STL12795332,RZP5132802357,50119.34,2026-07-07,settled
STL14216463,RZP3320516346,54971.51,2026-07-11,settled
STL95954647,RZP9854427285,28807.48,2026-07-05,settled
STL96193073,RZP5276196720,23261.90,2026-07-01,settled
STL70347624,RZP7078480648,65015.85,2026-07-06,settled
STL25095530,RZP6892349406,45647.09,2026-07-05,settled
STL21517819,RZP4514021643,15376.55,2026-07-06,settled
STL26866817,RZP5396882521,69442.90,2026-07-08,settled
STL21452539,RZP3236698326,59898.30,2026-07-12,settled
STL89416324,RZP9764424485,3097.54,2026-07-06,settled
STL51025856,RZP4093633493,2956.13,2026-07-15,settled
STL45575177,RZP6035804720,70367.80,2026-07-14,settled
STL55114078,RZP6927279595,61695.49,2026-07-02,settled
STL40931982,RZP3685760051,62603.63,2026-07-13,settled
STL66379658,RZP8161243603,17353.55,2026-07-07,settled
STL93382701,RZP7304528562,27452.80,2026-07-04,pending
STL96914605,RZP4703774386,14570.06,2026-07-08,settled
STL31866406,RZP3698562582,45838.13,2026-07-02,reversed
STL84883048,RZP1802260865,17156.56,2026-07-13,settled
STL79039212,RZP1589701391,69621.29,2026-07-14,settled
STL71255747,RZP8750155871,19076.74,2026-07-12,settled
STL34420564,RZP6204557517,13263.88,2026-07-14,settled
STL48576809,RZP4405796467,30811.56,2026-07-15,settled
STL23729044,RZP5597969090,62481.86,2026-07-01,settled
STL24542202,RZP5266506730,955.89,2026-07-15,settled
STL97303617,RZP6135803490,67395.65,2026-07-07,settled
STL56280604,RZP3091490905,43251.51,2026-07-08,settled
STL42392076,RZP1100595644,66828.79,2026-07-09,settled
STL11241479,RZP7924416333,62793.05,2026-07-08,settled
STL49852264,RZP2538119509,18359.28,2026-07-15,settled
STL70005249,RZP3407096630,27953.71,2026-07-09,settled
STL21862890,RZP3620871497,41375.03,2026-07-05,reversed
STL59574763,RZP2132786480,67829.33,2026-07-02,settled
STL54664159,RZP2640019499,17835.77,2026-07-07,settled
STL11684496,RZP3413477605,39193.53,2026-07-13,settled
STL78090647,RZP8666074487,68036.22,2026-07-11,settled
STL82754180,RZP8275953657,63643.59,2026-07-13,settled
STL55866538,RZP2554039848,27513.53,2026-07-03,settled
STL34007783,RZP2758183407,50725.89,2026-07-10,settled
STL49239259,RZP6173533371,61385.12,2026-07-03,settled
STL12087152,RZP4715477780,71222.62,2026-07-11,settled
STL44544104,RZP9987838924,55077.27,2026-07-13,settled
STL18604884,RZP9495193058,37485.71,2026-07-14,settled
STL18732178,RZP4334394937,25632.64,2026-07-07,settled
STL72483639,RZP8510027271,55246.10,2026-07-06,settled
STL91298909,RZP6831310262,23565.87,2026-07-11,settled
STL12793163,RZP5481316044,27411.13,2026-07-14,settled
STL23751148,RZP6100717104,34898.19,2026-07-06,settled
STL96300090,RZP5528674657,54339.80,2026-07-02,settled
STL31716547,RZP6854562483,73215.68,2026-07-03,settled
STL19246258,RZP7729281766,66477.49,2026-07-02,settled
STL43432208,RZP8766902671,60989.19,2026-07-03,settled
STL55124482,RZP3071618158,48605.10,2026-07-11,settled
STL78519371,RZP5950083653,65097.16,2026-07-04,reversed
STL10154044,RZP1737523816,2984.37,2026-07-04,reversed
STL50977967,RZP2205948901,9905.83,2026-07-05,settled
STL61543109,RZP1059891141,66536.68,2026-07-02,settled
STL15926095,RZP4702444546,66258.97,2026-07-09,settled
STL86350455,RZP5872589903,53821.38,2026-07-08,settled
STL30152532,RZP7423886494,63880.87,2026-07-11,settled
STL13870620,RZP4958196827,33356.18,2026-07-03,settled
STL52877205,RZP5119398073,29141.36,2026-07-12,settled
STL86413184,RZP2083976811,33116.75,2026-07-07,reversed
STL18691886,RZP1835593788,16301.20,2026-07-14,reversed
STL18627194,RZP4685631940,19440.82,2026-07-05,settled
STL94183188,RZP9361533765,38166.80,2026-07-04,settled
STL96372978,RZP5262652941,63916.40,2026-07-02,settled
STL18089811,RZP8834453685,59650.94,2026-07-14,settled
STL78942255,RZP8960335838,67824.76,2026-07-15,settled
STL20071683,RZP1315184191,34652.32,2026-07-11,settled
STL72442048,RZP8888545093,6278.28,2026-07-02,settled
STL62507347,RZP3876961999,64503.11,2026-07-12,settled
STL45688957,RZP7768858315,22788.06,2026-07-02,settled
STL40781056,RZP3300797643,27887.18,2026-07-12,settled
STL42132903,RZP8089537254,64627.68,2026-07-14,settled
STL93711907,RZP8113629894,56488.56,2026-07-07,settled
STL63648131,RZP7262515791,13775.65,2026-07-07,reversed
STL45787343,RZP7022816944,36548.52,2026-07-04,settled
STL60058247,RZP4812144835,29094.07,2026-07-10,settled
STL82076248,RZP8302586695,61239.19,2026-07-14,settled
STL59442219,RZP4809479214,27529.90,2026-07-08,pending
STL23572305,RZP9653250499,55297.86,2026-07-04,settled
STL71111149,RZP5771896518,14286.40,2026-07-05,settled
STL57601184,RZP6769686489,49237.32,2026-07-05,settled
STL94763944,RZP1632881406,51906.35,2026-07-15,settled
STL16029145,RZP1381341282,13838.43,2026-07-08,settled
STL18321907,RZP6198328080,64640.23,2026-07-09,settled
STL82156607,RZP4268713302,22260.70,2026-07-05,settled
STL81451022,RZP2506878485,9819.46,2026-07-11,settled
STL78538024,RZP3590814341,7756.53,2026-07-02,settled
STL26018269,RZP5988224112,64446.26,2026-07-15,settled
STL38526385,RZP9339812601,37821.11,2026-07-08,settled
STL61562789,RZP6746823325,34660.92,2026-07-14,settled
STL60734152,RZP3213244110,59719.94,2026-07-02,settled
STL31640113,RZP4768086231,71589.22,2026-07-02,settled
STL41468129,RZP9347726341,13491.39,2026-07-07,settled
STL16050178,RZP9126185429,40387.25,2026-07-11,settled
STL23389421,RZP5016564330,74130.37,2026-07-11,settled
STL84386699,RZP8206223863,38588.21,2026-07-05,settled
STL71212377,RZP6414555491,48907.79,2026-07-03,settled
STL86701139,RZP7400670934,20086.16,2026-07-02,settled
STL66783807,RZP3107237254,37719.04,2026-07-14,settled
STL31934648,RZP5927319514,20911.18,2026-07-08,settled
STL40426837,RZP3025823779,58564.53,2026-07-10,settled
STL32745303,RZP6317342187,59919.00,2026-07-06,settled
STL61657366,RZP6886609703,67503.64,2026-07-14,settled
STL41651568,RZP6838165911,62247.19,2026-07-09,settled
STL92688042,RZP7652464007,56952.48,2026-07-12,settled
STL81794136,RZP3883446684,31027.31,2026-07-12,settled
STL83515297,RZP6241317166,40170.76,2026-07-10,settled
STL47152167,RZP2302057997,45948.11,2026-07-07,settled
STL24543265,RZP5516035019,43567.69,2026-07-13,settled
STL29270557,RZP9182543558,44957.06,2026-07-01,settled
STL55122223,RZP3562179831,6191.06,2026-07-03,pending
STL16904975,RZP5819946657,26843.06,2026-07-11,settled
STL63054344,RZP3551406911,36584.36,2026-07-09,reversed
STL26488992,RZP3261770301,43024.42,2026-07-14,settled
STL36349479,RZP1444806603,72502.39,2026-07-10,settled
STL33610977,RZP4958463801,52527.17,2026-07-09,pending
STL60874566,RZP3597900199,54082.29,2026-07-06,settled
STL53633661,RZP2535078511,31396.88,2026-07-06,settled
STL17737798,RZP3550605518,49768.39,2026-07-03,settled
STL46069270,RZP3956863811,50371.47,2026-07-13,settled
STL88817978,RZP1743962451,21551.76,2026-07-08,settled
STL81249799,RZP2784572192,15459.21,2026-07-13,settled
STL83900640,RZP7245450482,55090.91,2026-07-11,settled
STL38182016,RZP5866075091,65567.02,2026-07-01,settled
STL81344592,RZP6848258538,60510.42,2026-07-13,settled
STL39218465,RZP8008155097,68509.39,2026-07-11,settled
STL66964001,RZP1608457286,7610.91,2026-07-14,settled
STL81308766,RZP7674824067,36236.95,2026-07-10,settled
STL61128792,RZP9718344477,67156.40,2026-07-06,settled
STL71627169,RZP3789044508,19456.33,2026-07-04,reversed
STL96239314,RZP5676052179,42161.19,2026-07-15,settled
STL91693646,RZP5057378750,52724.41,2026-07-07,settled
STL55175231,RZP3957634571,11712.57,2026-07-02,settled
STL56670189,RZP7441085761,6845.38,2026-07-06,settled
STL69397749,RZP2501256162,14148.79,2026-07-13,settled
STL23706710,RZP7849891432,13671.91,2026-07-02,settled
STL62231718,RZP5774369519,67862.11,2026-07-09,settled
STL62547554,RZP9659099265,66351.95,2026-07-02,settled
STL61233557,RZP9473163280,12977.21,2026-07-12,settled
STL18835872,RZP4327896974,63394.63,2026-07-05,settled
STL55752308,RZP3384755175,72954.49,2026-07-11,settled
STL71401183,RZP5877866255,22675.03,2026-07-07,settled
STL65795728,RZP9895039022,2207.37,2026-07-03,settled
STL15813974,RZP6195148443,19227.94,2026-07-10,settled
STL32144155,RZP4724450209,19332.62,2026-07-11,settled
STL30628088,RZP3520952914,42784.52,2026-07-01,settled
STL16509993,RZP9533842262,1216.67,2026-07-13,settled
STL17096276,RZP6324545983,11099.68,2026-07-12,settled
STL85992943,RZP7443176831,7814.64,2026-07-15,settled
STL71686661,RZP9905261826,53491.69,2026-07-02,settled
STL68879508,RZP8090416197,27617.31,2026-07-01,settled
STL83287419,RZP8635597666,9644.78,2026-07-12,settled
STL30952318,RZP2860350894,26658.61,2026-07-05,reversed
STL81262542,RZP7220506171,64918.01,2026-07-08,settled
STL11235589,RZP9265474165,31974.35,2026-07-02,pending
STL33519462,RZP4143505110,40079.51,2026-07-07,settled
STL61251714,RZP3907711039,20164.89,2026-07-08,pending
STL67063383,RZP1913643393,46484.80,2026-07-07,pending
STL42342202,RZP5935852056,28546.28,2026-07-13,settled
STL48237513,RZP6815169878,71440.63,2026-07-03,settled
STL69050846,RZP3968376929,52170.68,2026-07-02,pending
STL33971249,RZP3381820614,8041.62,2026-07-08,settled
STL68366703,RZP7813805509,21488.53,2026-07-09,settled
STL24178065,RZP2802141793,31375.96,2026-07-03,settled
STL76323037,RZP6383589803,62939.84,2026-07-13,settled
STL98567508,RZP5278597810,48955.66,2026-07-07,settled
STL99116571,RZP2655137747,30396.30,2026-07-01,settled
STL34689178,RZP6714109270,30124.49,2026-07-05,reversed
STL65694045,RZP7828728762,55636.10,2026-07-09,settled
STL21969120,RZP8287186703,45381.64,2026-07-12,settled
STL80539240,RZP4710613213,8055.96,2026-07-15,settled
STL74555025,RZP5263637550,65513.42,2026-07-14,settled
STL31727977,RZP7567210467,26776.10,2026-07-11,settled
STL62891462,RZP8303200068,30850.71,2026-07-12,settled
STL98685162,RZP1453940193,31100.27,2026-07-14,settled
STL36763899,RZP7627111106,13702.40,2026-07-14,settled
STL47662052,RZP2158329197,25523.90,2026-07-01,settled
STL55921387,RZP3147487660,57670.18,2026-07-04,settled
STL39586808,RZP2437821561,60405.03,2026-07-13,settled
STL85402721,RZP5462443270,13799.68,2026-07-07,settled
STL19257341,RZP1973407726,22856.40,2026-07-07,settled
STL58518869,RZP1881697920,2781.88,2026-07-01,settled
STL59853070,RZP6897585303,26498.55,2026-07-11,settled
STL87290551,RZP7513089571,56847.66,2026-07-12,settled
STL25646323,RZP2441608320,57040.47,2026-07-10,settled
STL77614749,RZP3326593388,42988.97,2026-07-13,settled
STL21007045,RZP2135083646,44518.61,2026-07-09,settled
STL17800480,RZP4039684250,43127.01,2026-07-06,settled
STL56486964,RZP8146492298,64474.15,2026-07-08,settled
STL91039410,RZP3953969835,9045.81,2026-07-01,settled
STL66701593,RZP1110146803,74262.45,2026-07-15,settled
STL45375799,RZP5949948022,51088.48,2026-07-11,settled
STL59469782,RZP7770381816,2992.91,2026-07-01,settled
STL34634296,RZP1851625498,14263.85,2026-07-14,settled
STL20180858,RZP2444592548,72141.81,2026-07-08,settled
STL24972410,RZP8083879583,8801.70,2026-07-14,settled
STL65694169,RZP3039457259,66919.25,2026-07-07,settled
STL74170039,RZP8877825837,41421.41,2026-07-07,settled
STL32730408,RZP8318754330,14352.51,2026-07-03,settled
STL75313057,RZP6053489772,37720.04,2026-07-15,settled
STL81669376,RZP5490282843,4805.57,2026-07-03,settled
STL40994389,RZP7132039885,66697.39,2026-07-02,settled
STL27324263,RZP4708336205,50712.55,2026-07-02,settled
STL74707720,RZP7038046278,61384.14,2026-07-06,settled
STL60741052,RZP8233316873,24786.50,2026-07-12,settled
STL51280251,RZP9168184950,15624.03,2026-07-03,settled
STL87310988,RZP2347951178,6572.19,2026-07-07,settled
STL37600745,RZP2719966564,67980.38,2026-07-15,settled
STL10175799,RZP8541487759,19658.23,2026-07-08,settled
STL36698765,RZP9807723641,35543.89,2026-07-09,settled
STL20136881,RZP3813268197,7622.63,2026-07-11,settled
STL92818550,RZP2598060400,20777.26,2026-07-11,pending
STL18155490,RZP2150111350,68764.87,2026-07-09,settled
STL66079129,RZP8478301973,52183.15,2026-07-05,settled
STL31173042,RZP8679870763,15227.72,2026-07-03,settled
STL30672859,RZP5585931958,32372.64,2026-07-10,settled
STL14859922,RZP8515051879,668.86,2026-07-01,settled
STL81483072,RZP8490860098,50041.60,2026-07-08,settled
STL70476898,RZP6682933544,34508.44,2026-07-15,reversed
STL68432185,RZP7366750668,5421.47,2026-07-04,settled
STL39308629,RZP7839860685,9218.41,2026-07-06,settled
STL68459970,RZP6486624196,56904.32,2026-07-08,settled
STL54872912,RZP2729797891,73062.18,2026-07-01,settled
STL80541755,RZP9096631671,6179.10,2026-07-09,settled
STL36772043,RZP2794030880,66213.50,2026-07-05,settled
STL96705723,RZP3442596476,74534.79,2026-07-07,settled
STL20520801,RZP2401696707,2138.38,2026-07-03,settled
STL62336822,RZP2397112924,2524.25,2026-07-01,settled
STL28983103,RZP3623960525,42709.73,2026-07-14,settled
STL69541630,RZP2247605637,18180.87,2026-07-06,settled
STL85647408,RZP1142422272,27884.66,2026-07-15,settled
STL87097872,RZP7990426116,70065.99,2026-07-05,settled
STL40718522,RZP8804980185,33480.09,2026-07-12,settled
STL77310485,RZP1604381788,35642.57,2026-07-03,settled
STL89483629,RZP2497433291,14899.62,2026-07-12,settled
STL79394567,RZP6232365051,19933.02,2026-07-15,settled
STL22587924,RZP9122226757,36872.55,2026-07-10,settled
STL38287293,RZP2616967901,55536.16,2026-07-01,settled
STL13340342,RZP6986770846,28728.55,2026-07-14,settled
STL52428950,RZP4160758458,15407.51,2026-07-03,settled
STL23917526,RZP5316097957,13500.62,2026-07-04,settled
STL39203863,RZP8585567525,65810.39,2026-07-03,settled
STL62405812,RZP9481076448,5542.11,2026-07-09,settled
STL46279229,RZP3047917806,60580.60,2026-07-07,settled
STL75804038,RZP6887163882,13216.89,2026-07-15,settled
STL27632666,RZP9067968378,19602.34,2026-07-07,settled
STL35283412,RZP9983763814,57862.27,2026-07-06,settled
STL53077396,RZP5820153667,35698.17,2026-07-09,settled
STL71991269,RZP2361410660,9081.36,2026-07-15,pending
STL99229431,RZP2372969823,4973.15,2026-07-04,settled
STL18200490,RZP2335984617,20112.75,2026-07-13,settled
STL93638503,RZP2852408227,71191.15,2026-07-15,settled
STL82893836,RZP8448637663,49990.98,2026-07-14,pending
STL69878058,RZP8990953120,13413.85,2026-07-08,settled
STL94585900,RZP6500182511,16766.48,2026-07-13,settled
STL38635668,RZP4838453572,37628.04,2026-07-02,settled
STL21409636,RZP9274419863,4448.68,2026-07-15,settled
STL98360765,RZP4410033885,26450.88,2026-07-15,settled
STL25458308,RZP7757700186,53357.67,2026-07-07,settled
STL19793345,RZP2351771281,14191.94,2026-07-06,settled
STL76229947,RZP6214800976,72300.99,2026-07-03,settled
STL47197817,RZP6263212814,26777.02,2026-07-05,settled
STL92545028,RZP9919491730,64886.63,2026-07-14,settled
STL88537126,RZP6985569796,61827.88,2026-07-02,settled
STL16339223,RZP7848090570,37973.42,2026-07-08,settled
STL70297819,RZP6720096105,74756.28,2026-07-15,settled
STL50983912,RZP2243527235,37721.64,2026-07-05,settled
STL76576334,RZP1868260541,32342.24,2026-07-08,settled
STL52688984,RZP8949613826,69490.13,2026-07-07,settled
STL48212512,RZP8227785613,55576.91,2026-07-11,settled
STL28325379,RZP3660345628,64981.41,2026-07-01,settled
STL20830992,RZP8190602705,72314.42,2026-07-13,settled
STL25172216,RZP3724700790,50008.15,2026-07-13,settled
STL35940199,RZP8483941665,2116.81,2026-07-05,settled
STL87657839,RZP3167612913,35020.25,2026-07-13,settled
STL45554295,RZP1893357935,53614.12,2026-07-07,settled
STL74293132,RZP8778927211,54159.05,2026-07-08,settled
STL97108568,RZP7132461516,55334.13,2026-07-08,settled
STL46299142,RZP3690085673,38742.57,2026-07-06,settled
STL77501735,RZP5174713379,62999.72,2026-07-11,pending
STL22540266,RZP8781808184,32457.80,2026-07-01,settled
STL95510143,RZP9616722250,20696.11,2026-07-06,settled
STL17004714,RZP6002856890,65658.75,2026-07-06,settled
STL90506717,RZP7533755475,37536.44,2026-07-02,settled
STL23525516,RZP5821793167,2392.17,2026-07-10,settled
STL69473277,RZP7997333666,10483.28,2026-07-12,settled
STL74855302,RZP5680731642,74699.62,2026-07-10,settled
STL15506452,RZP7693230451,74433.82,2026-07-01,settled
STL92175245,RZP5947799132,71351.99,2026-07-01,settled
STL68558918,RZP5829594122,69943.65,2026-07-03,settled
STL34023087,RZP9397902427,21880.34,2026-07-14,settled
STL68252505,RZP4808060782,74974.52,2026-07-12,settled
STL60975999,RZP7340367905,35981.83,2026-07-13,settled
STL31462714,RZP3480653221,64034.46,2026-07-14,settled
STL54961030,RZP9056727891,11159.42,2026-07-06,settled
STL91406527,RZP8822438146,71070.41,2026-07-04,settled
STL39709238,RZP1213249628,64109.69,2026-07-13,settled
STL74250319,RZP9233101259,32853.22,2026-07-14,pending
STL35839977,RZP5188589260,64906.43,2026-07-14,settled
STL58483417,RZP1093852809,58021.50,2026-07-02,settled
STL85140878,RZP1014186105,9820.92,2026-07-02,settled
STL58429547,RZP5544439617,59474.46,2026-07-05,settled
STL56267189,RZP2142626871,58878.26,2026-07-07,settled
STL54737245,RZP1457998503,58519.49,2026-07-04,settled
STL72415804,RZP2024542722,35780.30,2026-07-02,settled
STL28449486,RZP3155252343,46248.98,2026-07-15,settled
STL53941883,RZP5024672592,5920.12,2026-07-10,settled
STL64012399,RZP8481048604,31361.69,2026-07-15,settled
STL97463492,RZP4442517732,34931.63,2026-07-09,settled
STL55988531,RZP9378655953,33277.07,2026-07-12,settled
STL99318726,RZP8383800349,50111.98,2026-07-15,settled
STL55083480,RZP5892574117,36865.08,2026-07-03,settled
STL39673294,RZP7072151414,23034.66,2026-07-07,settled
STL53764429,RZP2605398007,1417.52,2026-07-12,settled
STL62403388,RZP7315014244,74911.82,2026-07-04,settled
STL32229694,RZP4557825814,66359.62,2026-07-11,settled
STL47822197,RZP5868387535,13424.19,2026-07-10,settled
STL70502782,RZP7094395875,1058.65,2026-07-08,pending
STL89929117,RZP8103197852,23833.30,2026-07-15,settled
STL60072772,RZP3857831480,45065.07,2026-07-02,pending
STL14844145,RZP5767370114,63139.22,2026-07-08,settled
STL73672596,RZP6308339677,8688.70,2026-07-09,pending
STL40484320,RZP1248775268,17786.49,2026-07-10,settled
STL30436467,RZP6717849936,46341.45,2026-07-15,settled
STL55203242,RZP4391031428,41898.87,2026-07-04,pending
STL82546496,RZP5035753562,51011.24,2026-07-05,settled
STL52121679,RZP8387752295,49435.40,2026-07-07,settled
STL99877837,RZP9672637319,57532.48,2026-07-08,settled
STL60115867,RZP5044308800,61903.33,2026-07-10,settled
STL52810146,RZP6556177919,36714.94,2026-07-14,settled
STL28695003,RZP6746860557,19935.64,2026-07-06,settled
STL70588710,RZP3763215129,47646.01,2026-07-04,settled
STL67741265,RZP8343150902,51113.91,2026-07-08,settled
STL14507093,RZP3904676692,70397.94,2026-07-11,settled
STL40333941,RZP7728372274,16890.80,2026-07-13,settled
STL55399463,RZP8124848677,29029.15,2026-07-10,settled
STL75154738,RZP3746524224,56864.05,2026-07-04,settled
STL36304716,RZP1504652258,6167.53,2026-07-14,settled
STL26278384,RZP8750106575,2041.98,2026-07-02,settled
STL13171212,RZP1357187384,33362.98,2026-07-14,settled
STL20739561,RZP3729897436,20753.63,2026-07-13,settled
STL79137159,RZP4493145038,24916.78,2026-07-09,pending
STL77921544,RZP7096039997,48572.46,2026-07-02,settled
STL19662262,RZP1876092918,68294.21,2026-07-09,settled
STL40451559,RZP3252156496,39727.78,2026-07-06,pending
STL86993753,RZP8483168715,32693.18,2026-07-02,settled
STL58626679,RZP2554267761,26722.85,2026-07-09,settled
STL27375659,RZP7737360167,7687.34,2026-07-13,settled
STL62551119,RZP9210660829,60904.38,2026-07-07,settled
STL49010115,RZP3875116605,57258.54,2026-07-15,pending
STL48742817,RZP4986852507,47066.31,2026-07-08,reversed
STL38615412,RZP3641956433,60654.16,2026-07-04,settled
STL66278660,RZP1326625981,13204.67,2026-07-06,settled
STL42914388,RZP8640187694,35137.76,2026-07-02,settled
STL63264631,RZP8546667091,36180.82,2026-07-02,settled
STL51190832,RZP4103801478,16630.22,2026-07-08,settled
STL20746107,RZP4668811953,9815.47,2026-07-04,settled
STL79345320,RZP6920691967,44282.07,2026-07-15,settled
STL49650228,RZP8000914789,45039.24,2026-07-09,settled
STL42958088,RZP5707352871,54850.23,2026-07-08,settled
STL90476289,RZP6091061721,19962.07,2026-07-06,settled
STL19797356,RZP4845675713,63812.48,2026-07-09,settled
STL54468633,RZP2525930586,55943.64,2026-07-05,settled
STL17772004,RZP3762327862,23607.63,2026-07-07,settled
STL86690234,RZP4418322859,10974.38,2026-07-02,settled
STL36671969,RZP3254759331,28407.51,2026-07-09,settled
STL72504573,RZP6822362090,25258.74,2026-07-04,settled
STL28772414,RZP3126801368,47149.29,2026-07-09,settled
STL37341642,RZP6902707365,68467.47,2026-07-02,settled
STL45429736,RZP4474875888,2743.03,2026-07-10,settled
STL94327199,RZP8789808241,57767.81,2026-07-02,settled
STL32703195,RZP7217775162,48497.64,2026-07-12,settled
STL45776413,RZP8468278040,70592.46,2026-07-09,settled
STL43534809,RZP6307706540,22209.82,2026-07-14,reversed
STL58432469,RZP3034525360,10077.98,2026-07-15,reversed
STL31484322,RZP6505496098,23068.36,2026-07-01,settled
STL79393054,RZP1990041788,23280.24,2026-07-07,settled
STL51234719,RZP7226038325,62461.81,2026-07-13,settled
STL50031322,RZP9636973166,56105.21,2026-07-13,settled
STL64544411,RZP2110840715,58676.49,2026-07-10,settled
STL36481245,RZP5746293214,9033.64,2026-07-05,reversed
STL80257585,RZP7861571879,47513.04,2026-07-11,settled
STL13788009,RZP4958223956,65151.95,2026-07-01,settled
STL41546395,RZP2122654120,9317.20,2026-07-14,settled
STL40374151,RZP3540114135,19018.71,2026-07-06,settled
STL87011219,RZP8357029021,64528.67,2026-07-11,settled
STL41005135,RZP4384805511,18513.22,2026-07-08,settled
STL58182132,RZP7272840144,58462.05,2026-07-02,settled
STL95798748,RZP1948937453,54920.12,2026-07-14,settled
STL66672203,RZP6527650098,39349.07,2026-07-15,settled
STL45372528,RZP9258487235,69270.21,2026-07-03,settled
STL87460336,RZP7627973493,8994.49,2026-07-05,settled
STL26889016,RZP5708994795,37213.73,2026-07-14,settled
STL52008993,RZP7258759994,39990.07,2026-07-01,reversed
STL58056763,RZP7461009669,13148.02,2026-07-07,reversed
STL65979497,RZP3223359907,40886.03,2026-07-01,settled
STL99706562,RZP9860500302,48969.97,2026-07-15,settled
STL33300187,RZP8217064850,43854.67,2026-07-01,settled
STL10796939,RZP5852195828,36719.05,2026-07-09,settled
STL58830166,RZP6655802152,6353.70,2026-07-06,settled
STL90087946,RZP3816641201,69991.92,2026-07-06,settled
STL68938004,RZP3289775635,8828.13,2026-07-10,settled
STL39314398,RZP4965520663,73529.26,2026-07-04,reversed
STL96987889,RZP5535388336,15773.60,2026-07-09,reversed
STL92265987,RZP6415355245,20086.85,2026-07-09,settled
STL54031900,RZP3498367429,19731.07,2026-07-13,reversed
STL23851477,RZP6810430605,30850.10,2026-07-13,settled
STL35966045,RZP4553141974,53866.43,2026-07-05,settled
STL12783329,RZP2147765030,10006.69,2026-07-13,settled
STL15662934,RZP6581875190,24982.12,2026-07-02,settled
STL88831486,RZP6964188417,28140.36,2026-07-12,settled
STL53433857,RZP2469293337,67304.09,2026-07-01,settled
STL10573904,RZP4374454221,39407.92,2026-07-15,settled
STL75293067,RZP6052605096,14386.80,2026-07-03,settled
STL74969653,RZP9351765086,35015.53,2026-07-11,settled
STL15964812,RZP8147044593,12229.53,2026-07-14,pending
STL35423931,RZP3249712281,17906.31,2026-07-03,pending
STL84700111,RZP6829582340,9493.26,2026-07-06,reversed
STL93002593,RZP9853788295,23798.79,2026-07-08,reversed
STL76742957,RZP8593500258,8548.73,2026-07-05,settled
STL67437930,RZP5352345599,43454.50,2026-07-06,settled
STL25119324,RZP5802728633,52917.42,2026-07-07,settled
STL57213180,RZP1120100633,72524.23,2026-07-07,settled
STL60850234,RZP8513756724,58112.25,2026-07-05,reversed
STL45495029,RZP7688606771,7227.56,2026-07-07,settled
STL81569091,RZP1453094521,16062.42,2026-07-05,settled
STL48591562,RZP1544918010,19280.20,2026-07-13,settled
STL49951830,RZP4296014364,30543.80,2026-07-08,settled
STL56519153,RZP9779391910,65221.87,2026-07-07,settled
STL42633405,RZP7455092839,64302.06,2026-07-02,settled
STL76747243,RZP5284917433,14898.38,2026-07-09,settled
STL25949278,RZP3159194129,63006.20,2026-07-12,settled
STL65639036,RZP8592882148,48039.51,2026-07-08,settled
STL19553585,RZP1140187131,21963.81,2026-07-05,settled
STL41565579,RZP6567199744,61920.28,2026-07-09,settled
STL89345641,RZP1512213630,34232.49,2026-07-10,settled
STL86640725,RZP7377834977,71464.70,2026-07-08,settled
STL73257925,RZP2269300407,33446.90,2026-07-06,settled
STL38474900,RZP6248432865,63205.28,2026-07-10,settled
STL31672470,RZP3142811846,34383.19,2026-07-03,settled
STL87978240,RZP7512465222,9802.04,2026-07-11,settled
STL14342081,RZP4497167740,2676.01,2026-07-14,settled
STL67615305,RZP4233233395,1458.57,2026-07-04,settled
STL62227199,RZP9993491029,50117.59,2026-07-04,settled
STL95069961,RZP2856134478,20148.41,2026-07-07,settled
STL79823341,RZP5072724725,57263.41,2026-07-11,settled
STL93970022,RZP2684830606,6526.55,2026-07-02,settled
STL26401667,RZP7520692807,17779.91,2026-07-15,settled
STL15242805,RZP4213274467,12881.67,2026-07-08,settled
STL15692875,RZP1778883460,19693.68,2026-07-07,settled
STL21056463,RZP3152767933,58628.30,2026-07-10,settled
STL39799483,RZP2374050406,70547.88,2026-07-10,settled
STL39417237,RZP7083774420,8339.37,2026-07-08,settled
STL70974645,RZP3161637381,1309.63,2026-07-14,settled
STL92761517,RZP1029549288,55722.09,2026-07-11,settled
STL11446238,RZP3760058252,33802.79,2026-07-10,settled
STL21161254,RZP6299164332,61409.16,2026-07-15,settled
STL68866317,RZP6372894014,36016.44,2026-07-05,settled
STL53620722,RZP3728771596,2973.41,2026-07-10,settled
STL42777291,RZP3955584359,64131.21,2026-07-13,settled
STL74894729,RZP5897854817,12362.07,2026-07-10,settled
STL63728027,RZP9181643366,34978.53,2026-07-03,settled
STL38966370,RZP2434367180,74976.68,2026-07-15,settled
STL42572300,RZP5376842282,68084.83,2026-07-10,settled
STL63568546,RZP4990187462,11991.73,2026-07-14,settled
STL94521185,RZP2694519317,70728.88,2026-07-08,settled
STL35619133,RZP2088766007,47698.81,2026-07-09,settled
STL21852990,RZP1878394942,26810.93,2026-07-15,reversed
STL40556625,RZP1100806839,23925.31,2026-07-13,settled
STL19286409,RZP8349809233,55687.18,2026-07-14,settled
STL33250689,RZP5135972433,45801.17,2026-07-12,pending
STL35865956,RZP4271406666,36180.30,2026-07-05,settled
STL16455581,RZP3187736018,38513.54,2026-07-01,settled
STL86017113,RZP1737296320,7467.55,2026-07-04,settled
STL99743552,RZP5485937019,37708.38,2026-07-10,reversed
STL38654272,RZP5794660682,58367.99,2026-07-15,settled
STL84435263,RZP9121042927,9285.41,2026-07-13,settled
STL38874552,RZP6913267137,26214.56,2026-07-10,settled
STL56453084,RZP5122796224,72789.22,2026-07-05,settled
STL54545172,RZP5788746934,9760.17,2026-07-08,settled
STL67198985,RZP3700768869,69627.02,2026-07-05,settled
STL48332285,RZP4209478797,74121.28,2026-07-04,settled
STL85724175,RZP6783481339,9327.99,2026-07-09,settled
STL86134053,RZP7873634445,11619.21,2026-07-06,settled
STL15370440,RZP6751050163,27343.57,2026-07-14,settled
STL15271631,RZP8166809590,15126.95,2026-07-06,settled
STL19034683,RZP2375489059,29599.67,2026-07-12,settled
STL39510761,RZP4611071065,11801.87,2026-07-09,settled
STL34383689,RZP4659550214,30951.58,2026-07-07,settled
STL23052513,RZP1373794889,64868.50,2026-07-09,settled
STL55753342,RZP1652343126,67204.39,2026-07-14,settled
STL46803500,RZP1072778955,60387.13,2026-07-13,settled
STL79625715,RZP6998996411,9654.79,2026-07-02,pending
STL58894747,RZP1599917353,63579.07,2026-07-04,settled
STL91605547,RZP6356077885,39626.79,2026-07-01,settled
STL62772318,RZP1986427235,45830.17,2026-07-12,settled
STL58743864,RZP8712537425,22937.81,2026-07-11,settled
STL28992452,RZP8446181226,39610.42,2026-07-09,settled
STL21690100,RZP2253858705,2750.42,2026-07-12,settled
STL71128806,RZP1063377425,36898.72,2026-07-09,settled
STL67239162,RZP3948595172,31591.33,2026-07-10,settled
STL60543809,RZP5723086286,72710.05,2026-07-10,settled
STL17605519,RZP7914730523,56442.33,2026-07-06,settled
STL11030344,RZP2261468796,38343.01,2026-07-10,settled
STL80521848,RZP2972994192,1597.61,2026-07-09,settled
STL79180538,RZP9478947301,13882.65,2026-07-01,settled
STL96851348,RZP7467776722,55075.12,2026-07-02,settled
STL93008473,RZP2250048929,23808.92,2026-07-10,settled
STL56030452,RZP2507134625,53354.86,2026-07-10,settled
STL76858535,RZP1127661542,55465.98,2026-07-14,settled
STL11779774,RZP6655747960,43993.02,2026-07-10,settled
STL59993132,RZP1838128496,25077.27,2026-07-03,settled
STL51593967,RZP9678391344,32012.43,2026-07-15,settled
STL67004585,RZP1166345469,35130.92,2026-07-15,settled
STL58207686,RZP4660924085,10228.55,2026-07-08,settled
STL31040273,RZP3977215653,27262.36,2026-07-09,settled
STL85555337,RZP1535664715,17970.56,2026-07-10,settled
STL41543248,RZP3802615906,64916.06,2026-07-05,settled
STL98912060,RZP3451005985,12382.45,2026-07-14,reversed
STL79880338,RZP6638851791,46057.11,2026-07-12,settled
STL28601209,RZP4047493906,47168.11,2026-07-13,settled
STL77242782,RZP7467106715,24388.95,2026-07-06,settled
STL13688512,RZP6217995981,43131.62,2026-07-11,settled
STL60307037,RZP7953020572,67576.40,2026-07-09,settled
STL79218511,RZP7891035071,72735.99,2026-07-01,settled
STL16198029,RZP5061452304,7903.15,2026-07-04,settled
STL37920954,RZP6631354606,26470.25,2026-07-06,settled
STL75573877,RZP6255912235,22506.06,2026-07-13,settled
STL27862553,RZP2947806806,11313.12,2026-07-10,settled
STL57063469,RZP5940847548,29973.19,2026-07-08,settled
STL93203248,RZP2456222474,50577.73,2026-07-07,settled
STL52791118,RZP3841954554,64938.80,2026-07-14,settled
STL42529801,RZP2562562490,16610.56,2026-07-15,settled
STL77246547,RZP1336069787,33219.71,2026-07-12,settled
STL71663283,RZP8258211902,37374.05,2026-07-01,settled
STL97323328,RZP1589077159,72191.90,2026-07-12,pending
STL77832815,RZP3423630104,27310.37,2026-07-10,pending
STL77191418,RZP5462968603,60366.18,2026-07-01,settled
STL84582694,RZP5534979362,21577.37,2026-07-06,settled
STL35639586,RZP1768225924,64582.31,2026-07-07,settled
STL16952045,RZP1495019872,7261.04,2026-07-15,settled
STL95978451,RZP5293841406,14486.82,2026-07-09,settled
STL26745522,RZP6832418460,13700.40,2026-07-13,settled
STL99003228,RZP2158861396,67812.99,2026-07-07,settled
STL72090698,RZP6379159985,54304.67,2026-07-14,settled
STL96551756,RZP1757305041,50425.63,2026-07-01,settled
STL78927238,RZP6909837473,12150.66,2026-07-01,settled
STL95554087,RZP8915657094,55388.88,2026-07-09,settled
STL34608805,RZP8188701632,58230.05,2026-07-01,settled
STL23544314,RZP9894308703,6321.71,2026-07-13,settled
STL86233824,RZP9675409041,20679.70,2026-07-11,settled
STL15228178,RZP1547156288,3282.95,2026-07-04,settled
STL70019796,RZP9000848624,3731.07,2026-07-13,settled
STL39301128,RZP9072978781,22833.05,2026-07-07,reversed
STL75722673,RZP9182938066,1427.68,2026-07-08,settled
STL19338403,RZP9471047463,25692.77,2026-07-07,settled
STL41668661,RZP7243051607,52658.31,2026-07-07,settled
STL38451145,RZP1175617484,4383.73,2026-07-12,settled
STL71814219,RZP7543255972,63941.72,2026-07-04,settled
STL72475962,RZP4619021998,32196.52,2026-07-05,reversed
STL96361447,RZP6873359599,71273.67,2026-07-15,settled
STL72225458,RZP5199502018,65741.18,2026-07-05,reversed
STL73296898,RZP8720443400,41890.38,2026-07-05,settled
STL40454606,RZP8417812693,43662.85,2026-07-10,settled
STL16411095,RZP9755515846,27406.31,2026-07-01,settled
STL57238845,RZP2979322046,20373.37,2026-07-08,settled
STL12586803,RZP8615610670,42291.98,2026-07-09,settled
STL25918272,RZP3715871657,18558.68,2026-07-09,reversed
STL31429184,RZP9332308606,43909.94,2026-07-10,settled
STL23746292,RZP8639921512,31193.59,2026-07-15,settled
STL30038222,RZP3945689118,74291.44,2026-07-14,settled
STL38900980,RZP1729702479,15025.14,2026-07-11,settled
STL87186925,RZP1979187916,34573.95,2026-07-06,settled
STL66250899,RZP2195106251,43405.49,2026-07-12,settled
STL48835846,RZP7474231449,74492.69,2026-07-10,settled
STL14665196,RZP6268366551,32298.20,2026-07-09,settled
STL64450250,RZP8593250984,45530.80,2026-07-03,settled
STL11982755,RZP8256220336,27266.81,2026-07-03,settled
STL91949683,RZP7035793540,63784.03,2026-07-05,settled
STL18653290,RZP7812328180,68848.43,2026-07-02,settled
STL19545651,RZP2089293655,32877.46,2026-07-03,settled
STL44925104,RZP3356325184,31168.38,2026-07-15,settled
STL44517935,RZP9327988892,63820.23,2026-07-09,settled
STL85647532,RZP3493857758,13254.45,2026-07-10,settled
STL95511771,RZP8678914941,74719.52,2026-07-10,settled
STL92725479,RZP2459727075,3251.92,2026-07-07,settled
STL44845830,RZP9732296953,8955.90,2026-07-04,settled
STL27269901,RZP5405230673,56359.53,2026-07-09,settled
STL35808359,RZP8284818604,22253.60,2026-07-04,reversed
STL25578562,RZP3073486033,22509.70,2026-07-15,settled
STL43975169,RZP1731842888,4921.86,2026-07-01,settled
STL20856957,RZP5066537853,47061.45,2026-07-13,settled
STL65284136,RZP5978804406,59454.61,2026-07-05,settled
STL96274567,RZP8544878538,10439.01,2026-07-06,settled
STL99146488,RZP5137193856,15103.28,2026-07-13,settled
STL75189438,RZP4619251044,74562.89,2026-07-07,settled
STL41322048,RZP8408939222,49217.01,2026-07-13,settled
STL11673691,RZP2022317061,44028.75,2026-07-03,reversed
STL70606134,RZP1444196414,19092.69,2026-07-03,reversed
STL22957382,RZP8625317272,51531.89,2026-07-11,settled
STL38456871,RZP3583917327,66999.61,2026-07-11,settled
STL39391250,RZP9821039080,45921.13,2026-07-04,settled
STL68864146,RZP4831941431,40463.84,2026-07-05,settled
STL31229564,RZP7611994436,57306.42,2026-07-12,settled
STL50812122,RZP1417984375,24594.68,2026-07-13,settled
STL89968853,RZP9568710953,13489.58,2026-07-06,settled
STL56930359,RZP3021598245,15368.18,2026-07-15,settled
STL43866730,RZP7271729065,4230.48,2026-07-10,settled
STL16383215,RZP3357396890,27062.07,2026-07-11,settled
STL63355943,RZP5863278531,52322.96,2026-07-02,settled
STL77053980,RZP3996596068,8980.23,2026-07-04,settled
STL76102828,RZP7711463369,39218.08,2026-07-11,settled
STL69114124,RZP4205648213,11385.85,2026-07-11,settled
STL51196780,RZP3415381056,63105.81,2026-07-02,reversed
STL48374806,RZP1211722336,22192.86,2026-07-07,settled
STL65119183,RZP6077887431,8744.13,2026-07-11,settled
STL11455418,RZP5952833428,58144.96,2026-07-09,settled
STL78702685,RZP8648311638,12701.22,2026-07-04,settled
STL23042098,RZP6340733932,11329.11,2026-07-08,settled
STL68800423,RZP1498600785,12750.28,2026-07-03,settled
STL35768275,RZP2278955934,32710.30,2026-07-08,settled
STL29602406,RZP1964386641,24242.02,2026-07-02,settled
STL78464941,RZP3832633770,8377.05,2026-07-03,settled
STL42547019,RZP7012312997,42709.68,2026-07-05,settled
STL93422451,RZP5863694721,41554.22,2026-07-14,pending
STL22165450,RZP8561199922,66120.49,2026-07-11,settled
STL44285840,RZP8701306769,11760.93,2026-07-09,settled
STL40134594,RZP7808417605,37310.49,2026-07-12,settled
STL52018286,RZP4187043237,32998.36,2026-07-08,settled
STL12201968,RZP4916297093,58144.49,2026-07-13,pending
STL12318587,RZP6686734743,69404.48,2026-07-11,settled
STL21305098,RZP1287880962,53573.12,2026-07-12,settled
STL64194513,RZP5553795638,4118.07,2026-07-02,settled
STL66506182,RZP2815820416,48862.83,2026-07-03,settled
STL26660435,RZP3368916429,51318.56,2026-07-01,settled
STL13794380,RZP7450913292,48093.30,2026-07-01,settled
STL45690939,RZP3348109736,525.58,2026-07-10,settled
STL48937138,RZP6472310342,62862.89,2026-07-05,settled
STL65459350,RZP2258578199,60899.25,2026-07-03,settled
STL51260486,RZP5867721703,69616.65,2026-07-09,reversed
STL78561753,RZP6319629373,9212.69,2026-07-06,settled
STL75476994,RZP4341748280,24890.88,2026-07-12,settled
STL98257644,RZP5111442203,23488.95,2026-07-06,settled
STL34555215,RZP3076255790,74330.33,2026-07-08,settled
STL76485758,RZP1362895954,21292.39,2026-07-10,settled
STL50288578,RZP8401828320,45270.17,2026-07-08,settled
STL96352145,RZP5030742507,47090.12,2026-07-03,reversed
STL16338207,RZP2072039734,63152.24,2026-07-08,settled
STL76279210,RZP8532051002,30325.65,2026-07-09,settled
STL62978256,RZP5287000043,55993.57,2026-07-12,settled
STL75073114,RZP1272233336,22025.60,2026-07-11,pending
STL61647453,RZP4693323977,43757.24,2026-07-14,settled
STL65337219,RZP4713453204,73227.35,2026-07-13,settled
STL15044848,RZP7415523035,8168.17,2026-07-11,pending
STL67585806,RZP5753459443,54237.58,2026-07-10,reversed
STL81402731,RZP2277074076,7573.87,2026-07-04,settled
STL11404325,RZP4923471181,37356.58,2026-07-06,settled
STL90220652,RZP9757832771,49591.37,2026-07-01,settled
STL48283838,RZP3257656150,68719.66,2026-07-14,settled
STL36138780,RZP8572038389,25549.49,2026-07-04,settled
STL84637179,RZP4315873227,54943.12,2026-07-06,settled
STL90913186,RZP9855953155,25031.97,2026-07-06,settled
STL61182388,RZP4175591979,68099.50,2026-07-06,pending
STL11431477,RZP1260694617,31777.28,2026-07-13,settled
STL88427071,RZP7892193329,18249.79,2026-07-05,settled
STL72260804,RZP1091561503,21426.96,2026-07-05,settled
STL33158368,RZP8127851667,59994.69,2026-07-07,settled
STL75248549,RZP1718221777,24789.88,2026-07-11,settled
STL54773484,RZP3033995711,71930.80,2026-07-14,settled
STL44438867,RZP2373782379,25315.41,2026-07-09,settled
STL18790863,RZP8446876553,42357.10,2026-07-09,settled
STL66541152,RZP1012286134,42936.42,2026-07-11,pending
STL23185704,RZP8602037855,51335.37,2026-07-09,settled
STL92940081,RZP3340077540,15119.57,2026-07-08,pending
STL37845315,RZP3098363243,39158.13,2026-07-10,settled
STL60351614,RZP4984065149,38171.89,2026-07-13,settled
STL86961935,RZP5310312434,24926.96,2026-07-09,settled
STL23687181,RZP3503945864,6837.51,2026-07-06,settled
STL64826861,RZP3685303993,49136.96,2026-07-01,settled
STL69714552,RZP4464758521,9664.47,2026-07-02,settled
STL80914604,RZP4855641551,34850.95,2026-07-10,settled
STL32890838,RZP7014612828,65480.58,2026-07-02,settled
STL27109250,RZP7072304689,18628.95,2026-07-07,settled
STL90385705,RZP1805004194,39076.69,2026-07-14,settled
STL75914907,RZP7038227100,43902.30,2026-07-07,pending
STL36804212,RZP5640621735,51041.40,2026-07-08,settled
STL62249121,RZP9617909120,63989.48,2026-07-07,settled
STL96968167,RZP5754329742,15871.84,2026-07-03,settled
STL28707701,RZP4746177697,17987.86,2026-07-14,settled
STL80147436,RZP5995968897,73884.67,2026-07-06,settled
STL67673347,RZP7242490615,10760.15,2026-07-10,settled
STL48683937,RZP4683935600,25070.37,2026-07-12,settled
STL57665338,RZP4378889151,14062.17,2026-07-13,settled
STL74949805,RZP2099449118,47205.48,2026-07-03,settled
STL97341376,RZP2876873321,42790.57,2026-07-01,settled
STL64546398,RZP2665670746,14099.61,2026-07-06,settled
STL81113720,RZP4820055862,37785.56,2026-07-14,settled
STL67481376,RZP6120000725,14793.46,2026-07-06,settled
STL37982544,RZP2885674855,4251.72,2026-07-14,settled
STL64008708,RZP1383060868,63999.76,2026-07-03,settled
STL35198547,RZP1457261738,16287.29,2026-07-01,settled
STL29687591,RZP8560195954,23530.48,2026-07-10,settled
STL78771458,RZP2262961404,28701.73,2026-07-11,settled
STL89794211,RZP4801273661,55168.24,2026-07-15,settled
STL14617935,RZP1076081175,55137.91,2026-07-14,settled
STL53455060,RZP8235930367,69602.59,2026-07-04,settled
STL14249689,RZP2673922250,38287.75,2026-07-13,settled
STL86854285,RZP3235564720,17770.26,2026-07-02,settled
STL66258700,RZP9236181438,55256.39,2026-07-08,settled
STL50329802,RZP3941417062,72951.00,2026-07-04,settled
STL18758869,RZP9683097097,7497.09,2026-07-12,settled
STL50884443,RZP3899521378,18850.55,2026-07-09,settled
STL81895460,RZP3156385468,35006.91,2026-07-12,settled
STL32818604,RZP8708304387,15764.14,2026-07-12,settled
STL15499946,RZP6551484064,71614.71,2026-07-05,settled
STL99226958,RZP1886823531,65348.46,2026-07-05,settled
STL69497247,RZP2112455054,30906.58,2026-07-13,settled
STL54713904,RZP7421085741,52958.47,2026-07-07,settled
STL31887559,RZP3164240104,25597.79,2026-07-09,settled
STL82432275,RZP5368274169,62452.65,2026-07-06,settled
STL58021410,RZP8312328869,33031.39,2026-07-14,settled
STL42455784,RZP9972023568,52374.18,2026-07-10,settled
STL51512209,RZP9266213260,9141.00,2026-07-10,settled
STL21554106,RZP7846661048,27825.66,2026-07-01,pending
STL18160875,RZP6544503163,38307.81,2026-07-15,settled
STL47303237,RZP3638188618,36208.63,2026-07-09,settled
STL51403708,RZP3477578011,14569.13,2026-07-03,settled
STL38427073,RZP3361388464,20246.72,2026-07-14,settled
STL44057736,RZP7817973529,63708.90,2026-07-08,settled
STL98538069,RZP5473596658,4867.50,2026-07-15,settled
STL54994826,RZP5355576590,48477.75,2026-07-01,settled
STL20832250,RZP2154985210,51314.00,2026-07-04,settled
STL73313413,RZP6947129681,40694.87,2026-07-11,settled
STL54193479,RZP2383641852,45523.09,2026-07-14,settled
STL66270290,RZP3715795548,27668.49,2026-07-05,settled
STL19041276,RZP7652264884,48528.25,2026-07-02,settled
STL20538773,RZP9182704863,13625.72,2026-07-05,reversed
STL22651946,RZP2212420591,29398.28,2026-07-11,settled
STL43255264,RZP8616637400,5668.80,2026-07-04,pending
STL89711636,RZP1293834744,42809.65,2026-07-13,settled
STL80802889,RZP3749856480,53577.76,2026-07-15,settled
STL46499378,RZP8441541685,54205.62,2026-07-07,settled
STL14162994,RZP6919916546,16759.29,2026-07-08,settled
STL66316325,RZP8436801606,73285.30,2026-07-02,pending
STL69766956,RZP7104670057,55983.43,2026-07-04,settled
STL23534202,RZP8867100560,24163.42,2026-07-06,settled
STL91092477,RZP5506708724,30834.00,2026-07-06,reversed
STL14620889,RZP3013470187,32685.42,2026-07-10,settled
STL65907088,RZP4503614567,27942.66,2026-07-11,settled
STL55895833,RZP9993184118,20639.71,2026-07-01,reversed
STL85102909,RZP8140582362,17897.35,2026-07-09,settled
STL15855532,RZP9670604014,40641.97,2026-07-12,settled
STL85251955,RZP2141405441,74799.04,2026-07-14,settled
STL69637989,RZP7882014958,50501.60,2026-07-11,settled
STL37665449,RZP4046231366,855.10,2026-07-13,settled
STL69476001,RZP6491309593,19110.58,2026-07-15,settled
STL68883853,RZP3095269219,24097.10,2026-07-09,settled
STL78416141,RZP9654899332,63562.90,2026-07-06,settled
STL27339346,RZP5642618773,69368.41,2026-07-10,settled
STL62183535,RZP4406459668,19767.17,2026-07-05,settled
STL14168176,RZP1848959686,15454.37,2026-07-06,settled
STL12738143,RZP5645300925,34153.70,2026-07-02,settled
STL56512970,RZP9537381761,56238.37,2026-07-05,settled
STL23930095,RZP8932160323,48497.69,2026-07-14,settled
STL40616624,RZP8573798920,23853.86,2026-07-12,settled
STL21675412,RZP9945062264,9906.29,2026-07-05,settled
STL25835492,RZP8038199310,68118.18,2026-07-10,settled
STL26564560,RZP9922893828,2805.59,2026-07-14,settled
STL33117146,RZP5149626556,20871.17,2026-07-03,settled
STL86573538,RZP9324007332,2921.94,2026-07-06,settled
STL21675008,RZP7393250879,40539.95,2026-07-08,settled
STL31889608,RZP4611398720,67788.77,2026-07-08,settled
STL80335189,RZP7576472462,54497.53,2026-07-01,settled
STL76565050,RZP5226555608,72567.25,2026-07-10,settled
STL24829002,RZP6965188159,5530.79,2026-07-13,settled
STL36133972,RZP3538289414,15961.41,2026-07-03,settled
STL31328124,RZP4330754807,33617.71,2026-07-10,settled
STL56544270,RZP5686250332,48649.29,2026-07-15,settled
STL35483846,RZP3663727197,24391.71,2026-07-02,settled
STL68841475,RZP7043887851,30124.13,2026-07-15,settled
STL57851403,RZP3219098493,61142.71,2026-07-10,settled
STL45315666,RZP8739161742,33735.59,2026-07-12,settled
STL38328468,RZP5540467232,14136.52,2026-07-15,settled
STL97502872,RZP1338217164,66138.87,2026-07-03,settled
STL29226627,RZP7024482103,1289.53,2026-07-12,settled
STL45612474,RZP2573371450,1948.59,2026-07-11,pending
STL47991516,RZP5751360166,23442.14,2026-07-01,settled
STL52849615,RZP4241809817,21192.95,2026-07-10,settled
STL15599529,RZP3464283584,46296.95,2026-07-11,settled
STL46558491,RZP7508345778,61004.30,2026-07-06,settled
STL25285764,RZP6910112521,61328.84,2026-07-07,settled
STL36261988,RZP4349703112,65672.72,2026-07-10,settled
STL97766064,RZP9747372233,19915.92,2026-07-15,settled
STL42580577,RZP9517292154,6690.46,2026-07-02,settled
STL38584039,RZP8398132070,73099.26,2026-07-11,settled
STL33094634,RZP6005106134,562.82,2026-07-03,settled
STL71454201,RZP2059498127,19495.84,2026-07-15,settled
STL90672745,RZP4027173701,58139.29,2026-07-08,settled
STL75428279,RZP5791671050,44508.92,2026-07-07,pending
STL91032887,RZP7016762718,31608.89,2026-07-03,settled
STL47209744,RZP1950540970,1967.19,2026-07-08,settled
STL51819114,RZP1647181551,37271.68,2026-07-06,settled
STL42954882,RZP3921527895,48814.21,2026-07-12,settled
STL86158678,RZP9950055480,39387.16,2026-07-05,settled
STL73736162,RZP6933776673,41111.35,2026-07-11,settled
STL35479101,RZP8788828039,70064.49,2026-07-12,settled
STL25512386,RZP3873390813,57406.29,2026-07-11,settled
STL76268947,RZP2382324125,62688.03,2026-07-07,settled
STL56354851,RZP3605585995,23787.40,2026-07-12,settled
STL14051460,RZP5611808298,62889.07,2026-07-14,settled
STL91468625,RZP8818673092,63196.41,2026-07-03,settled
STL88230673,RZP6679319196,14134.64,2026-07-12,settled
STL33820621,RZP3503504840,19808.68,2026-07-06,settled
STL51902341,RZP2885369993,22092.91,2026-07-04,settled
STL99614433,RZP2707274830,6612.09,2026-07-13,settled
STL87954885,RZP6688882287,43986.88,2026-07-12,settled
STL78927204,RZP8099229666,15279.78,2026-07-08,settled
STL52721179,RZP6762669231,21226.25,2026-07-14,settled
STL77516420,RZP6684237496,3547.72,2026-07-05,settled
STL10378569,RZP1164438536,56063.76,2026-07-09,settled
STL45740795,RZP1626610287,50041.68,2026-07-11,settled
STL24875109,RZP2720829540,47308.07,2026-07-06,settled
STL19629598,RZP5781525796,17837.38,2026-07-03,settled
STL45224683,RZP1500228324,8935.75,2026-07-11,settled
STL26540343,RZP8077851013,71825.68,2026-07-01,settled
STL37242549,RZP7245511471,23698.81,2026-07-02,settled
STL57809882,RZP2548435356,46826.37,2026-07-14,settled
STL97154338,RZP5843721429,1370.41,2026-07-07,settled
STL45496951,RZP3305069227,63614.34,2026-07-07,settled
STL77402853,RZP5656031325,32644.79,2026-07-03,settled
STL36248260,RZP4514830868,57597.91,2026-07-02,settled
STL56817408,RZP7586101102,3703.35,2026-07-14,settled
STL97229186,RZP1609718865,73354.27,2026-07-12,settled
STL92037083,RZP8445866403,19086.68,2026-07-10,settled
STL33707331,RZP8098532401,28831.65,2026-07-01,settled
STL36342866,RZP3603958409,69502.88,2026-07-13,settled
STL83846845,RZP9683886301,20359.98,2026-07-07,settled
STL77421350,RZP2120191249,31775.78,2026-07-12,settled
STL20180118,RZP2039340361,26468.54,2026-07-07,settled
STL65674532,RZP5633936422,65947.06,2026-07-02,settled
STL73921720,RZP5929590160,1327.58,2026-07-08,settled
STL73276955,RZP9204171796,5857.70,2026-07-13,settled
STL71523489,RZP6650146795,29536.83,2026-07-08,settled
STL45938603,RZP9919028687,35149.37,2026-07-08,settled
STL24653369,RZP8812538243,28897.16,2026-07-02,settled
STL26545000,RZP2431689541,22352.66,2026-07-14,reversed
STL15431601,RZP3847186061,44407.90,2026-07-01,settled
STL66368332,RZP2511707755,37018.94,2026-07-11,settled
STL35960401,RZP2441049631,22989.28,2026-07-10,reversed
STL58917646,RZP5283079251,23736.42,2026-07-05,settled
STL72099851,RZP9272116312,27753.17,2026-07-07,settled
STL72984831,RZP2980117106,34252.12,2026-07-08,settled
STL17220733,RZP2817940731,16141.30,2026-07-14,settled
STL69585481,RZP6435902578,38621.70,2026-07-03,settled
STL69976056,RZP6505786272,72894.84,2026-07-05,settled
STL31506414,RZP1384106725,32899.56,2026-07-12,settled
STL53781905,RZP5371030248,28065.63,2026-07-04,settled
STL13817499,RZP2791674708,37145.54,2026-07-12,settled
STL70716224,RZP5300502773,7374.07,2026-07-12,settled
STL24561556,RZP7005242777,40451.38,2026-07-05,settled
STL41796721,RZP7769342363,43521.87,2026-07-13,settled
STL96437170,RZP4592808397,6550.46,2026-07-09,settled
STL96940109,RZP8396190572,64904.75,2026-07-04,settled
STL90852623,RZP2014766981,11410.09,2026-07-04,settled
STL27089453,RZP6899920286,34012.21,2026-07-14,settled
STL99925170,RZP4622849258,32621.43,2026-07-05,settled
STL59333062,RZP6719731089,51813.11,2026-07-03,settled
STL82911259,RZP2130935881,11524.49,2026-07-09,settled
STL48176560,RZP6426222971,44532.86,2026-07-07,settled
STL41896662,RZP8857999487,47470.61,2026-07-13,settled
STL14548936,RZP2669045620,45003.93,2026-07-12,pending
STL18876667,RZP2774010584,55806.32,2026-07-04,settled
STL26576253,RZP7990107211,36195.55,2026-07-15,settled
STL69862640,RZP2520174713,68168.66,2026-07-05,settled
STL20000970,RZP2917158572,28242.04,2026-07-10,settled
STL46880844,RZP4713579648,47410.16,2026-07-03,settled
STL25328450,RZP7408233497,15362.34,2026-07-07,settled
STL41022382,RZP4957450429,11438.65,2026-07-09,settled
STL77680235,RZP5975477610,17707.23,2026-07-12,settled
STL75463086,RZP8207850789,68385.60,2026-07-07,settled
STL66000303,RZP9402752879,54381.68,2026-07-04,settled
STL47373806,RZP7688048060,51032.12,2026-07-02,settled
STL95228222,RZP7372237606,67559.56,2026-07-02,settled
STL58589189,RZP4849997934,19276.81,2026-07-01,settled
STL32933751,RZP3752190352,10267.24,2026-07-01,settled
STL84075787,RZP1959494596,48846.50,2026-07-15,settled
STL28571145,RZP4280149722,46066.85,2026-07-06,settled
STL17355748,RZP7083794399,28452.86,2026-07-14,settled
STL59319417,RZP6122693438,36028.07,2026-07-08,pending
STL27484465,RZP5717011924,17701.18,2026-07-13,settled
STL55201053,RZP6498979427,29617.84,2026-07-03,settled
STL35756766,RZP8656135818,26415.09,2026-07-01,settled
STL22097496,RZP8682023540,2985.66,2026-07-06,settled
STL64358801,RZP3317132712,7250.01,2026-07-11,settled
STL70552806,RZP1380302193,7967.32,2026-07-06,settled
STL76589537,RZP7955916646,58504.63,2026-07-01,settled
STL94665098,RZP6670327534,29740.38,2026-07-15,settled
STL66894416,RZP2684722305,1551.61,2026-07-10,settled
STL33273412,RZP2538135522,67822.79,2026-07-08,settled
STL24698972,RZP8905744764,25579.33,2026-07-03,settled
STL55184991,RZP5033285708,25352.06,2026-07-05,settled
STL97204218,RZP4074339214,16858.75,2026-07-14,reversed
STL13458795,RZP9594397427,8296.70,2026-07-01,settled
STL31330685,RZP5893847048,18893.83,2026-07-14,settled
STL52791853,RZP9976597874,12178.92,2026-07-10,settled
STL98852629,RZP3770996621,17595.37,2026-07-03,settled
STL21055718,RZP6219096531,1582.08,2026-07-05,reversed
STL60961074,RZP7444206363,10150.03,2026-07-03,settled
STL34974322,RZP1670872861,21312.56,2026-07-03,settled
STL12618007,RZP7150363994,42926.43,2026-07-09,settled
STL86353346,RZP4249560928,13495.24,2026-07-13,settled
STL64864149,RZP5224379868,71751.25,2026-07-10,settled
STL64871233,RZP1537652480,39083.36,2026-07-07,settled
STL35412689,RZP1174900888,31249.08,2026-07-09,settled
STL74948835,RZP1788517273,9603.39,2026-07-10,settled
STL41602084,RZP1279733383,55144.21,2026-07-15,pending
STL13140013,RZP7820889546,20225.74,2026-07-12,settled
STL43755862,RZP8416033735,13388.09,2026-07-05,pending
STL32566390,RZP9033841191,56062.46,2026-07-04,settled
STL95975272,RZP1820670837,73907.81,2026-07-09,settled
STL25210326,RZP4701689650,7848.21,2026-07-02,settled
STL31516822,RZP6904358583,70714.73,2026-07-05,settled
STL72998256,RZP4004484834,37202.21,2026-07-12,settled
STL96810234,RZP2392504440,28457.72,2026-07-07,pending
STL35748341,RZP7049001493,30478.83,2026-07-05,settled
STL89829058,RZP1747453529,45621.84,2026-07-08,pending
STL35754346,RZP4497694488,14330.03,2026-07-01,settled
STL13176727,RZP3272396908,10387.85,2026-07-03,settled
STL34049258,RZP1199399060,71517.22,2026-07-04,settled
STL34354863,RZP2175936974,15968.26,2026-07-11,settled
STL51364717,RZP5190342284,69332.06,2026-07-05,settled
STL10226999,RZP3476426797,19476.83,2026-07-12,settled
STL95027005,RZP8125814170,40430.83,2026-07-03,settled
STL79782589,RZP6840881553,3020.22,2026-07-11,settled
STL90577383,RZP6549690147,12365.95,2026-07-09,settled
STL54467180,RZP6412508190,3587.96,2026-07-09,settled
STL88187911,RZP5006676801,28717.72,2026-07-01,settled
STL20446456,RZP9432620877,66889.92,2026-07-15,settled
STL75294487,RZP3275388036,8610.99,2026-07-09,settled
STL75035969,RZP3515865369,66990.97,2026-07-01,settled
STL78485923,RZP6187004041,1620.83,2026-07-07,settled
STL97521058,RZP2278423218,32430.40,2026-07-10,settled
STL90535052,RZP1647008550,9069.15,2026-07-05,settled
STL17581477,RZP5526109175,51072.29,2026-07-07,settled
STL75844860,RZP9364615545,49144.26,2026-07-06,settled
STL95095735,RZP3318308900,64290.39,2026-07-02,settled
STL81129661,RZP6826315505,39826.56,2026-07-15,settled
STL73845946,RZP1956487847,31781.27,2026-07-02,settled
STL46668911,RZP2407009663,24943.74,2026-07-02,settled
STL43718835,RZP7637923036,44146.60,2026-07-10,reversed
STL23856666,RZP8596278987,45472.70,2026-07-15,settled
STL79654067,RZP2780507306,1656.99,2026-07-03,settled
STL85177493,RZP2178229686,63651.20,2026-07-01,settled
STL32476705,RZP8975906469,9167.97,2026-07-06,settled
STL79490594,RZP5125402225,2430.54,2026-07-03,settled
STL76619106,RZP7133663124,65864.08,2026-07-04,settled
STL59339530,RZP6002291405,61153.87,2026-07-10,settled
STL50268684,RZP3852060864,33774.43,2026-07-13,settled
STL94503452,RZP4988375033,56858.57,2026-07-08,settled
STL69393536,RZP4033423665,35456.18,2026-07-12,settled
STL31190735,RZP9982661175,31384.99,2026-07-04,settled
STL17639951,RZP3878020307,41730.10,2026-07-09,settled
STL38013349,RZP7757582563,6733.37,2026-07-11,settled
STL42711142,RZP3602486829,43014.77,2026-07-09,settled
STL64276605,RZP8203447752,19882.43,2026-07-03,settled
STL72101101,RZP4222051513,46958.72,2026-07-02,settled
STL22390315,RZP4167238651,11678.45,2026-07-07,settled
STL40290275,RZP6254844264,54202.21,2026-07-08,settled
STL70426196,RZP4841584895,46035.38,2026-07-12,settled
STL14484757,RZP8396085372,47236.62,2026-07-01,reversed
STL30386442,RZP5546903677,702.25,2026-07-09,settled
STL11698142,RZP8136179811,5637.28,2026-07-11,settled
STL79311893,RZP8008540334,10413.68,2026-07-10,settled
STL12285307,RZP4485023841,36448.30,2026-07-08,settled
STL23332334,RZP7562288074,28959.82,2026-07-02,settled
STL76122740,RZP9053376113,43463.46,2026-07-12,settled
STL88111625,RZP7867657184,12778.71,2026-07-04,settled
STL63720332,RZP9004124593,23797.19,2026-07-09,settled
STL59044830,RZP5861829469,64630.64,2026-07-10,settled
STL95564858,RZP9759481762,52864.37,2026-07-08,settled
STL34305541,RZP9241264772,18615.30,2026-07-10,settled
STL76992183,RZP5364508273,67300.79,2026-07-09,settled
STL67790593,RZP4993904710,63703.56,2026-07-03,settled
STL62085048,RZP7309122230,8646.12,2026-07-04,settled
STL57380161,RZP9766258225,47482.27,2026-07-12,pending
STL32341047,RZP4643109611,19695.46,2026-07-11,settled
STL35033425,RZP8233657985,50769.71,2026-07-15,reversed
STL56091075,RZP1644310097,55992.46,2026-07-12,settled
STL18999031,RZP5337148987,31514.57,2026-07-03,settled
STL97061369,RZP9738324778,72861.80,2026-07-02,reversed
STL48576612,RZP7594624788,18632.75,2026-07-14,settled
STL83700965,RZP1965122806,10293.31,2026-07-10,settled
STL44655142,RZP4145374623,74460.06,2026-07-09,settled
STL51220925,RZP9826654029,62428.66,2026-07-04,settled
STL26580604,RZP6309494391,17434.97,2026-07-13,pending
STL11605433,RZP3351978047,50623.74,2026-07-14,settled
STL82704073,RZP5625202119,53043.51,2026-07-03,settled
STL51818625,RZP9215167368,47969.42,2026-07-04,settled
STL64070291,RZP9570021067,74396.11,2026-07-10,settled
STL42542167,RZP2166605339,8637.38,2026-07-12,settled
STL68952302,RZP1313268943,18778.60,2026-07-14,settled
STL44920241,RZP6200536621,63329.79,2026-07-03,settled
STL85899625,RZP2976988054,7626.21,2026-07-01,settled
STL43887849,RZP4237354276,12757.67,2026-07-15,settled
STL84255041,RZP7848274968,41354.65,2026-07-11,pending
STL70591477,RZP1416049457,44497.69,2026-07-07,settled
STL29068535,RZP6058526241,49990.65,2026-07-10,settled
STL80482215,RZP1818603331,66353.76,2026-07-11,settled
STL87207743,RZP5658542624,74963.85,2026-07-11,reversed
STL63052213,RZP5794170675,13804.03,2026-07-12,settled
STL21948986,RZP7753388790,44684.90,2026-07-15,settled
STL28411477,RZP4969899609,50732.74,2026-07-15,settled
STL87272259,RZP4968253584,55826.73,2026-07-05,settled
STL17698517,RZP7275945281,20824.14,2026-07-12,settled
STL27424909,RZP3294115126,18513.36,2026-07-04,settled
STL58468857,RZP2426527399,72673.76,2026-07-14,settled
STL62520989,RZP6798709289,15448.37,2026-07-11,settled
STL58310738,RZP1786734434,35386.27,2026-07-05,settled
STL42306457,RZP6196294531,68964.28,2026-07-08,settled
STL24496399,RZP4362655061,34328.72,2026-07-06,settled
STL64474404,RZP8832777853,48630.18,2026-07-05,settled
STL62468894,RZP1150959137,44794.48,2026-07-13,settled
STL97138408,RZP1504729135,36426.95,2026-07-03,settled
STL41829058,RZP4477792767,7569.07,2026-07-15,settled
STL91090807,RZP2231663777,12113.61,2026-07-15,settled
STL44358021,RZP2526788512,54920.51,2026-07-05,settled
STL69520866,RZP7574249203,53306.83,2026-07-04,settled
STL72179424,RZP7545718739,35330.33,2026-07-04,settled
STL49363741,RZP2062324303,15418.87,2026-07-09,settled
STL50191710,RZP5517456713,44109.37,2026-07-15,pending
STL26198473,RZP5568408912,32581.22,2026-07-10,settled
STL12975459,RZP5667742619,29049.07,2026-07-12,settled
STL42537509,RZP6595624978,4418.08,2026-07-15,settled
STL47091319,RZP9985349083,30031.41,2026-07-03,settled
STL57804163,RZP3034727592,17138.33,2026-07-01,settled
STL24274940,RZP5234476161,37133.04,2026-07-12,settled
STL87341866,RZP3718683801,10658.30,2026-07-12,settled
STL72459096,RZP1552227190,31291.99,2026-07-01,settled
STL52045107,RZP8876335861,7655.15,2026-07-09,settled
STL26160895,RZP4950712549,42224.42,2026-07-02,settled
STL87126347,RZP6082707337,31068.29,2026-07-14,settled
STL22209308,RZP3619124771,12901.19,2026-07-11,settled
STL25359560,RZP5695059044,609.72,2026-07-08,settled
STL69509726,RZP7976198192,51722.93,2026-07-09,settled
STL11446908,RZP6128268873,66588.50,2026-07-01,settled
STL25226934,RZP5139017000,25041.89,2026-07-15,settled
STL43073498,RZP6500836382,67736.54,2026-07-12,settled
STL98356175,RZP5895469359,44218.15,2026-07-06,settled
STL47387351,RZP4260926220,36053.37,2026-07-04,settled
STL37449718,RZP5927217668,17987.20,2026-07-12,settled
STL35529779,RZP3173230664,60027.38,2026-07-15,settled
STL10147286,RZP9518223086,66799.65,2026-07-12,settled
STL13776217,RZP3794663345,71228.07,2026-07-14,pending
STL46331611,RZP1876847675,58628.62,2026-07-15,settled
STL43907858,RZP1998799778,60861.68,2026-07-14,settled
STL58128721,RZP1099248093,50311.20,2026-07-05,settled
STL17124542,RZP9464343643,36929.47,2026-07-15,settled
STL76559938,RZP8163309371,8770.21,2026-07-01,settled
STL35242891,RZP2096105599,15435.33,2026-07-15,settled
STL11843251,RZP4980273734,65222.05,2026-07-14,settled
STL69027842,RZP1772508468,63754.52,2026-07-07,settled
STL90201542,RZP1957850969,53528.85,2026-07-08,settled
STL25917805,RZP9461564269,13329.43,2026-07-05,settled
STL84051712,RZP5340080914,20291.93,2026-07-03,settled
STL14807387,RZP2679124239,58596.55,2026-07-11,settled
STL24463383,RZP5531465480,36967.44,2026-07-13,settled
STL94634650,RZP2581958416,74835.16,2026-07-01,settled
STL40587363,RZP9084427417,2978.33,2026-07-15,settled
STL71157173,RZP9329871034,18942.55,2026-07-10,settled
STL69467193,RZP3474674209,20554.97,2026-07-02,settled
STL71174079,RZP9580083905,26824.04,2026-07-04,settled
STL89364140,RZP4050301939,25924.93,2026-07-11,settled
STL10470877,RZP5367559533,62729.93,2026-07-07,settled
STL26090908,RZP3555656321,50803.34,2026-07-04,settled
STL97144892,RZP3339111929,33993.93,2026-07-12,settled
STL45833197,RZP3791142271,4581.17,2026-07-14,pending
STL34924955,RZP4002968632,68344.33,2026-07-02,settled
STL65729695,RZP8511143137,35531.04,2026-07-06,settled
STL75539501,RZP4663992245,44753.38,2026-07-08,settled
STL83117599,RZP8371319661,73628.45,2026-07-13,settled
STL34302521,RZP8905044610,37992.49,2026-07-06,settled
STL23582961,RZP8631706852,49363.73,2026-07-14,reversed
STL91034844,RZP5952735505,63870.55,2026-07-12,settled
STL21040982,RZP9066647198,23669.66,2026-07-11,settled
STL63715764,RZP7299783645,46533.47,2026-07-10,settled
STL61467457,RZP1093078243,74808.50,2026-07-07,pending
STL35489225,RZP2392248765,68113.23,2026-07-04,reversed
STL49186577,RZP5090075099,50034.81,2026-07-12,settled
STL93652460,RZP1662976399,35477.05,2026-07-05,settled
STL72645513,RZP4462151363,4620.44,2026-07-08,settled
STL47092892,RZP9955231796,38519.94,2026-07-01,settled
STL54375853,RZP9119749018,32283.97,2026-07-01,settled
STL45446035,RZP3913494670,28318.17,2026-07-15,settled
STL24843978,RZP5871107480,21476.78,2026-07-10,settled
STL68537694,RZP3994452858,58059.23,2026-07-10,settled
STL31498636,RZP8533934055,14424.22,2026-07-08,settled
STL98783880,RZP2094233834,43867.42,2026-07-11,settled
STL88846361,RZP1111893352,45516.82,2026-07-12,settled
STL43840797,RZP7003598373,10951.98,2026-07-03,settled
STL34787118,RZP5883850084,72107.97,2026-07-05,pending
STL64425247,RZP9928577693,50174.84,2026-07-01,settled
STL81942653,RZP2236098235,55327.83,2026-07-03,settled
STL34344057,RZP9396637307,71786.69,2026-07-14,settled
STL36193780,RZP4216940195,57775.76,2026-07-11,settled
STL14696647,RZP5621812162,31602.78,2026-07-01,settled
STL52944385,RZP1945661083,69015.97,2026-07-03,settled
STL26537057,RZP3731502219,11253.72,2026-07-10,settled
STL64863092,RZP6568908323,25252.51,2026-07-06,settled
STL13066443,RZP5343416773,56645.06,2026-07-05,settled
STL21015414,RZP8599616037,55686.61,2026-07-01,settled
STL50536794,RZP7109862806,72534.56,2026-07-02,settled
STL95560075,RZP1568248700,55135.26,2026-07-05,settled
STL17985912,RZP5500086353,73133.05,2026-07-10,settled
STL11539615,RZP2656497410,64838.13,2026-07-04,settled
STL44953225,RZP1480526186,66798.88,2026-07-05,settled
STL55601414,RZP4818528274,43295.22,2026-07-05,settled
STL39402174,RZP4794043264,5032.00,2026-07-10,settled
STL28514952,RZP8783945481,16819.74,2026-07-14,settled
STL28559005,RZP4087070528,16460.67,2026-07-12,settled
STL32059232,RZP4052772528,2182.59,2026-07-06,settled
STL28644786,RZP5788587614,33445.24,2026-07-05,settled
STL32448383,RZP7406913885,53405.61,2026-07-08,settled
STL42201257,RZP1723869724,16599.31,2026-07-15,reversed
STL82346493,RZP8603638806,49330.77,2026-07-01,reversed
STL43842501,RZP6303853327,72525.47,2026-07-01,settled
STL65980592,RZP7969458355,6712.16,2026-07-07,settled
STL79822750,RZP2698333797,30821.21,2026-07-04,settled
STL12421892,RZP4248379701,25854.41,2026-07-14,settled
STL68131630,RZP4142963107,68850.80,2026-07-15,settled
STL50579071,RZP3616310371,13472.57,2026-07-13,settled
STL57182314,RZP4850837385,10930.98,2026-07-02,settled
STL63768384,RZP5990044533,63448.82,2026-07-11,settled
STL10554038,RZP4871225004,54415.04,2026-07-15,settled
STL48848936,RZP5060136033,57667.54,2026-07-13,settled
STL27032459,RZP6391469277,41922.19,2026-07-13,settled
STL73893558,RZP5636039055,24370.17,2026-07-09,settled
STL38935933,RZP1841476312,9495.56,2026-07-14,settled
STL83525025,RZP4225481850,32413.23,2026-07-09,settled
STL93054727,RZP7293357327,43282.31,2026-07-01,settled
STL79832877,RZP2400695875,17411.44,2026-07-14,reversed
STL74882332,RZP8728462765,45989.59,2026-07-02,settled
STL18970926,RZP9713121808,32653.46,2026-07-07,settled
STL32543416,RZP4298635055,44726.71,2026-07-03,settled
STL98203489,RZP4507221724,63401.65,2026-07-06,settled
STL98359482,RZP6378080573,14398.91,2026-07-08,settled
STL41125867,RZP2248867120,36818.49,2026-07-08,settled
STL97191136,RZP5275052490,60542.51,2026-07-02,settled
STL46822400,RZP9703442016,37413.07,2026-07-15,settled
STL45389150,RZP9953440827,45258.49,2026-07-11,settled
STL49427396,RZP9053417049,63975.06,2026-07-04,settled
STL23752970,RZP7845003222,1174.60,2026-07-06,settled
STL42476984,RZP5902690359,71354.82,2026-07-04,settled
STL55190004,RZP6975346967,21271.59,2026-07-04,reversed
STL53561957,RZP9595947379,26385.91,2026-07-10,settled
STL84615922,RZP7930121242,61181.61,2026-07-09,settled
STL93437682,RZP2215922575,30653.11,2026-07-03,settled
STL97350727,RZP4960529400,60963.37,2026-07-02,settled
STL32140463,RZP1158887936,74683.06,2026-07-14,settled
STL83715012,RZP7981077394,57119.29,2026-07-04,settled
STL53309532,RZP7573439658,30173.85,2026-07-02,settled
STL69102969,RZP7638765835,6598.29,2026-07-05,settled
STL67361937,RZP7756873738,12069.41,2026-07-15,settled
STL36225390,RZP6498654148,72758.34,2026-07-06,reversed
STL41544039,RZP7637837871,12396.39,2026-07-01,settled
STL73783961,RZP7724905086,67571.40,2026-07-13,settled
STL82519487,RZP6590312708,53720.51,2026-07-09,settled
STL34614555,RZP9596655776,20255.10,2026-07-06,settled
STL87786600,RZP8710727236,65313.47,2026-07-11,settled
STL90462263,RZP5705762224,15410.58,2026-07-09,settled
STL28082355,RZP1096405016,3714.25,2026-07-10,settled
STL81658908,RZP7657050979,38099.61,2026-07-11,settled
STL32296986,RZP8060995458,44309.00,2026-07-05,settled
STL12662692,RZP4547789215,24244.44,2026-07-04,settled
STL45739030,RZP4490762350,14119.65,2026-07-12,settled
STL66539275,RZP5402436770,65472.89,2026-07-01,settled
STL51758234,RZP4526242854,38887.59,2026-07-03,settled
STL44834491,RZP4514489277,28303.57,2026-07-12,settled
STL34065959,RZP5853938069,50320.46,2026-07-03,settled
STL95173551,RZP9431778238,19376.07,2026-07-13,settled
STL68633488,RZP2266700413,41085.36,2026-07-05,settled
STL62756521,RZP1486068287,58515.47,2026-07-15,settled
STL99309703,RZP9255377751,36408.58,2026-07-10,settled
STL13085040,RZP7987519196,62023.50,2026-07-06,settled
STL10168916,RZP4354390071,74213.34,2026-07-13,pending
STL97434553,RZP2935930035,63921.02,2026-07-06,settled
STL90833452,RZP1345654340,18220.60,2026-07-01,settled
STL67299090,RZP6130310284,42912.47,2026-07-07,settled
STL63883831,RZP8246329019,2082.15,2026-07-08,settled
STL53805532,RZP4602080228,25874.16,2026-07-13,settled
STL11398424,RZP7448781825,19772.22,2026-07-07,reversed
STL67738851,RZP1584821121,3766.84,2026-07-08,settled
STL85703480,RZP5466712681,74076.69,2026-07-05,settled
STL48656152,RZP6784307829,52464.83,2026-07-01,settled
STL53047104,RZP3116369208,73806.84,2026-07-05,settled
STL90890057,RZP4964036872,35539.19,2026-07-02,settled
STL58053907,RZP1035309194,16717.15,2026-07-02,pending
STL12409073,RZP5171005522,61752.40,2026-07-03,settled
STL43381062,RZP7712397379,45214.08,2026-07-08,settled
STL41118001,RZP8039447736,23122.74,2026-07-04,settled
STL90199288,RZP7666122085,29304.13,2026-07-11,settled
STL68737908,RZP7369939526,42297.34,2026-07-14,settled
STL37103863,RZP2354968330,19773.98,2026-07-12,settled
STL32313209,RZP4573048663,41715.42,2026-07-03,settled
STL99444295,RZP7515638892,16538.24,2026-07-10,settled
STL76077091,RZP7947690312,2883.30,2026-07-05,settled
STL22865988,RZP6614223153,54729.03,2026-07-12,settled
STL39774186,RZP4611091880,11889.58,2026-07-04,reversed
STL40204183,RZP7569103921,3251.52,2026-07-07,settled
STL11488873,RZP7239777742,69375.46,2026-07-03,settled
STL64075085,RZP3438374587,59395.58,2026-07-07,settled
STL75068298,RZP8097393224,74663.07,2026-07-11,settled
STL41123457,RZP6200818473,18054.70,2026-07-12,settled
STL22329160,RZP1650987897,39447.15,2026-07-12,settled
STL82133102,RZP4330319077,66132.61,2026-07-02,settled
STL29220143,RZP4752519255,52876.41,2026-07-02,settled
STL73342928,RZP2698726041,8859.85,2026-07-15,settled
STL37924559,RZP5123203639,51085.06,2026-07-11,settled
STL92588958,RZP4343537915,46162.63,2026-07-14,settled
STL78852994,RZP3222219628,8512.42,2026-07-04,pending
STL85683505,RZP3866643261,13418.46,2026-07-13,reversed
STL60704539,RZP7144897817,15869.91,2026-07-02,settled
STL92630684,RZP3963324816,14614.26,2026-07-06,settled
STL82570966,RZP5725657156,56261.17,2026-07-03,settled
STL10360788,RZP9131540912,45468.75,2026-07-14,settled
STL10525039,RZP9744584152,62125.25,2026-07-11,settled
STL28176954,RZP9305502799,2864.25,2026-07-07,settled
STL10476674,RZP2008441755,41701.80,2026-07-09,settled
STL78451665,RZP5299303003,68478.38,2026-07-02,settled
STL89226395,RZP9886665402,32590.80,2026-07-02,settled
STL14652375,RZP9425230216,33838.73,2026-07-07,settled
STL96619895,RZP6942685114,47021.39,2026-07-07,settled
STL86536905,RZP1365725210,71660.04,2026-07-09,settled
STL12828532,RZP6854031895,53817.51,2026-07-14,settled
STL75415974,RZP1842087750,68451.78,2026-07-06,settled
STL42910103,RZP2158500766,11503.27,2026-07-08,settled
STL42291810,RZP4126254000,29443.79,2026-07-07,settled
STL44231730,RZP6062776482,56669.26,2026-07-07,settled
STL78663747,RZP4009596757,31702.52,2026-07-15,settled
STL51286202,RZP2842895475,39502.46,2026-07-05,settled
STL79907790,RZP2867023987,2885.94,2026-07-05,settled
STL50032605,RZP3402943519,4807.70,2026-07-04,reversed
STL98536920,RZP1856458337,25657.39,2026-07-15,settled
STL19742790,RZP9615270274,54161.28,2026-07-02,settled
STL24243671,RZP8712223452,1558.33,2026-07-08,settled
STL75218395,RZP4358643734,35829.35,2026-07-07,reversed
STL68349682,RZP9571743769,25151.61,2026-07-04,settled
STL30541150,RZP5384395326,22933.88,2026-07-13,settled
STL91889353,RZP8586619000,59042.93,2026-07-14,settled
STL19510088,RZP4376685680,30449.81,2026-07-09,settled
STL66541416,RZP5715307834,50899.10,2026-07-07,reversed
STL30801601,RZP3341235566,39588.61,2026-07-11,settled
STL50598357,RZP9223915042,63925.40,2026-07-10,settled
STL30681094,RZP3326257337,40493.31,2026-07-15,settled
STL80986823,RZP9516302962,10624.87,2026-07-05,settled
STL16980807,RZP4933868190,36975.87,2026-07-15,settled
STL96529292,RZP8800224812,11633.55,2026-07-11,pending
STL51724336,RZP3372265515,49229.92,2026-07-11,reversed
STL94255861,RZP7812588059,40408.67,2026-07-05,settled
STL97874085,RZP7895255573,7888.80,2026-07-12,settled
STL63483692,RZP6034719651,47026.93,2026-07-06,settled
STL94209263,RZP1902697901,55271.92,2026-07-02,settled
STL14533608,RZP2294788502,17635.39,2026-07-13,settled
STL97610254,RZP4134537008,42312.63,2026-07-04,reversed
STL49920898,RZP3074232200,60449.27,2026-07-11,settled
STL68684887,RZP1422653670,40633.89,2026-07-01,settled
STL61676160,RZP1621343575,24567.48,2026-07-03,settled
STL36504066,RZP2703542893,52582.51,2026-07-06,pending
STL39937437,RZP6543345069,12286.33,2026-07-07,settled
STL19262806,RZP3891029981,14137.28,2026-07-09,settled
STL11998899,RZP7242660355,8196.90,2026-07-13,settled
STL24401979,RZP5619848573,9696.45,2026-07-12,settled
STL31627853,RZP9288340525,6747.77,2026-07-03,settled
STL27976074,RZP6199033747,37252.02,2026-07-05,settled
STL41026926,RZP4712064103,1921.34,2026-07-14,settled
STL74254637,RZP4441236442,14555.69,2026-07-08,settled
STL61380436,RZP2562842335,35722.35,2026-07-02,settled
STL19520606,RZP8758790416,6335.61,2026-07-04,settled
STL27774682,RZP1473213875,60085.78,2026-07-07,settled
STL14466147,RZP9013063506,6052.62,2026-07-09,settled
STL11252471,RZP8610883908,10516.79,2026-07-14,settled
STL66138326,RZP1716666139,40219.80,2026-07-15,settled
STL71433951,RZP9572802939,63417.21,2026-07-09,settled
STL63806952,RZP4095515938,44893.11,2026-07-09,settled
STL36213529,RZP7561522279,23404.64,2026-07-05,settled
STL78870570,RZP4423198820,5006.59,2026-07-05,settled
STL45683289,RZP3415948515,37651.86,2026-07-07,settled
STL52163979,RZP6322468347,41187.30,2026-07-09,settled
STL43766839,RZP4798082747,50078.31,2026-07-09,settled
STL40202191,RZP8073367682,19030.50,2026-07-15,settled
STL61321020,RZP3070734230,25465.34,2026-07-10,settled
STL82015813,RZP9422178569,18409.20,2026-07-02,settled
STL28781578,RZP2838704346,1307.54,2026-07-13,settled
STL67405358,RZP1829621429,46016.11,2026-07-11,settled
STL80292305,RZP4467304531,57097.54,2026-07-14,settled
STL95187186,RZP8006764304,29477.35,2026-07-04,settled
STL27544119,RZP4249097256,29037.51,2026-07-14,pending
STL47683749,RZP7628062687,13190.25,2026-07-09,settled
STL88918373,RZP6775668552,45965.33,2026-07-10,settled
STL34071191,RZP2601198885,37902.05,2026-07-15,settled
STL76960098,RZP9738752801,46628.65,2026-07-04,settled
STL24968484,RZP7387607079,42915.03,2026-07-10,settled
STL68279023,RZP9176605108,59268.55,2026-07-13,settled
STL46186102,RZP4309809481,65119.95,2026-07-09,settled
STL73713320,RZP5682024545,13319.92,2026-07-03,reversed
STL90586972,RZP5876748776,58052.66,2026-07-04,settled
STL65765838,RZP7080024940,34205.28,2026-07-02,settled
STL30371382,RZP5348943115,25874.40,2026-07-06,settled
STL95532165,RZP8757341686,1586.27,2026-07-05,settled
STL79555056,RZP9961462409,63560.85,2026-07-04,settled
STL64561970,RZP4229945446,61365.70,2026-07-05,settled
STL40719931,RZP9371821152,11314.21,2026-07-13,pending
STL89725276,RZP2715155243,14392.07,2026-07-02,settled
STL66857063,RZP6102944734,34799.37,2026-07-15,settled
STL33368501,RZP3900443486,18408.93,2026-07-03,settled
STL80090170,RZP8793998005,17399.54,2026-07-10,settled
STL64903122,RZP6693980037,30154.41,2026-07-07,settled
STL74949433,RZP4671376399,9231.93,2026-07-06,settled
STL15263403,RZP3283371133,9917.31,2026-07-12,settled
STL25370422,RZP4460254739,60776.01,2026-07-08,settled
STL46988977,RZP3624253543,33481.51,2026-07-09,settled
STL49517947,RZP1817657540,14279.12,2026-07-13,settled
STL13863230,RZP6961849107,46961.55,2026-07-10,pending
STL57499299,RZP8301503992,5267.28,2026-07-12,settled
STL28751442,RZP9891472594,10818.46,2026-07-02,settled
STL77274426,RZP7014506186,51823.20,2026-07-06,settled
STL13627594,RZP2880251275,25071.49,2026-07-05,pending
STL77947873,RZP9144259255,40885.98,2026-07-07,settled
STL30486849,RZP6637352245,23783.01,2026-07-05,settled
STL56110994,RZP7637888154,60823.52,2026-07-09,settled
STL13471419,RZP7938039949,14580.83,2026-07-04,settled
STL13156920,RZP3018917350,28129.26,2026-07-02,settled
STL50251543,RZP5767150338,3364.64,2026-07-03,settled
STL32201737,RZP7799677793,45573.50,2026-07-10,settled
STL21785053,RZP2166798056,9073.54,2026-07-03,settled
STL21267237,RZP9190197115,44596.01,2026-07-11,settled
STL88811783,RZP7156150908,63682.85,2026-07-06,settled
STL61398100,RZP3644470213,46307.60,2026-07-04,settled
STL36296317,RZP7861068590,13988.27,2026-07-13,pending
STL40317902,RZP2138832493,22650.36,2026-07-10,settled
STL24319594,RZP4586042076,62806.94,2026-07-06,settled
STL56245164,RZP1966920934,51706.20,2026-07-12,settled
STL73448184,RZP5061811733,56700.89,2026-07-01,settled
STL20820219,RZP3426665919,74272.36,2026-07-04,settled
STL52291774,RZP3978968017,1268.40,2026-07-04,settled
STL73171627,RZP4948558158,71396.95,2026-07-06,settled
STL34136369,RZP5496067653,35835.92,2026-07-08,settled
STL80218664,RZP7057565244,26739.74,2026-07-09,settled
STL70990320,RZP9166328659,9036.03,2026-07-06,settled
STL67527165,RZP8876564065,74778.86,2026-07-08,settled
STL70097492,RZP9646323272,7758.41,2026-07-12,settled
STL33629662,RZP5003062341,8495.10,2026-07-10,settled
STL96748375,RZP6139449116,50953.15,2026-07-01,settled
STL24346289,RZP6622840063,1049.07,2026-07-01,settled
STL65890810,RZP5173107724,39688.15,2026-07-10,settled
STL87052284,RZP5082726881,38060.64,2026-07-02,settled
STL29799170,RZP2389755996,62225.55,2026-07-03,settled
STL30259794,RZP1604875429,4817.61,2026-07-05,settled
STL24863928,RZP1881763870,71325.68,2026-07-10,settled
STL24666517,RZP7812160747,55178.04,2026-07-13,settled
STL62904575,RZP2411574423,21678.95,2026-07-11,settled
STL67469283,RZP5388366868,30436.64,2026-07-01,settled
STL10889695,RZP1641726753,11632.01,2026-07-12,settled
STL12975976,RZP8156375077,622.52,2026-07-04,settled
STL85982862,RZP9324088968,20461.23,2026-07-11,settled
STL34459957,RZP5287283136,67026.18,2026-07-11,settled
STL67770240,RZP7093182528,33145.83,2026-07-09,pending
STL97080245,RZP1468192042,47651.47,2026-07-07,reversed
STL46834775,RZP8875414584,14724.45,2026-07-11,settled
STL30434498,RZP1179874800,35447.17,2026-07-12,settled
STL90289763,RZP5736461116,51930.83,2026-07-08,settled
STL81554552,RZP2983136830,60933.65,2026-07-10,pending
STL85825889,RZP5377604860,11474.23,2026-07-09,settled
STL17204398,RZP7809974292,35050.17,2026-07-02,settled
STL11141630,RZP5767107593,71501.40,2026-07-11,pending
STL61970557,RZP8558831076,50880.83,2026-07-13,settled
STL86415823,RZP3599394028,33948.12,2026-07-07,settled
STL18057946,RZP3438830691,30180.94,2026-07-12,settled
STL98519306,RZP9026439798,24720.82,2026-07-07,settled
STL75751370,RZP4733202878,57140.91,2026-07-13,settled
STL56184665,RZP9388375853,4345.74,2026-07-15,settled
STL84692313,RZP7939312508,55258.70,2026-07-05,settled
STL56577480,RZP4357613488,52987.56,2026-07-15,settled
STL68964116,RZP9149117026,60338.26,2026-07-10,settled
STL52928178,RZP8639441437,14633.54,2026-07-14,settled
STL65925560,RZP1852138840,32649.25,2026-07-13,settled
STL51831014,RZP2911717647,46845.15,2026-07-15,settled
STL84732090,RZP3228515788,30668.64,2026-07-05,settled
STL75445848,RZP5562593349,53751.88,2026-07-13,settled
STL31845151,RZP7557252322,28328.55,2026-07-05,settled
STL25821751,RZP5889036243,38128.52,2026-07-11,settled
STL43174825,RZP2055505208,60107.48,2026-07-02,settled
STL49541343,RZP1476225616,63102.07,2026-07-14,settled
STL89177059,RZP4075819577,19956.50,2026-07-04,settled
STL71685210,RZP3534420942,59809.07,2026-07-12,settled
STL52578303,RZP3643086249,54304.67,2026-07-14,settled
STL87346737,RZP6464614077,28417.99,2026-07-07,reversed
STL25344154,RZP3875932424,55582.84,2026-07-12,settled
STL46274334,RZP2856269407,13059.64,2026-07-10,settled
STL67721491,RZP3036655062,3341.19,2026-07-01,settled
STL67824109,RZP4259564609,40170.21,2026-07-08,settled
STL41079328,RZP4557757228,69857.14,2026-07-06,pending
STL69231305,RZP2215125515,31683.50,2026-07-09,settled
STL56709860,RZP4120348548,1380.64,2026-07-01,settled
STL85654287,RZP3218377439,796.77,2026-07-14,settled
STL19915403,RZP4629304658,12968.59,2026-07-15,settled
STL52908559,RZP5691501928,59029.40,2026-07-09,settled
STL19432076,RZP2436118079,57036.84,2026-07-14,settled
STL32898765,RZP3345186726,51361.26,2026-07-12,settled
STL13994712,RZP9237833434,67405.86,2026-07-14,settled
STL83579176,RZP1340022998,74361.44,2026-07-10,settled
STL92279737,RZP8439069142,72331.69,2026-07-09,settled
STL91734449,RZP5502605209,12115.25,2026-07-03,settled
STL52373772,RZP9506273832,15629.66,2026-07-04,settled
STL30844193,RZP6541320763,13030.59,2026-07-13,settled
STL28871540,RZP3424668677,47715.06,2026-07-07,settled
STL14167756,RZP1602031131,24273.24,2026-07-09,settled
STL12532270,RZP7451910650,65633.77,2026-07-11,settled
STL86945236,RZP6022559901,52153.40,2026-07-06,reversed
STL51411266,RZP3013367681,1875.73,2026-07-13,settled
STL63001598,RZP2671461179,15071.83,2026-07-09,settled
STL36770773,RZP1261903104,21343.31,2026-07-03,settled
STL62688974,RZP1590563860,58726.16,2026-07-13,settled
STL37484932,RZP5113469354,27403.24,2026-07-06,settled
STL24852092,RZP8022715368,23588.75,2026-07-03,reversed
STL10103235,RZP1252538798,45948.34,2026-07-11,settled
STL76520220,RZP7482463235,66402.66,2026-07-11,settled
STL48468887,RZP1243115672,20389.88,2026-07-13,settled
STL11756387,RZP5505788456,16943.85,2026-07-12,settled
STL81901967,RZP1712289879,60378.79,2026-07-09,reversed
STL26074284,RZP5600750696,11627.11,2026-07-14,settled
STL20949537,RZP4646907429,52147.11,2026-07-06,settled
STL47576925,RZP5025534662,55001.83,2026-07-14,settled
STL29031501,RZP3010409194,7178.77,2026-07-12,settled
STL21616030,RZP2040457766,25407.91,2026-07-02,settled
STL76772796,RZP3015589768,67204.63,2026-07-14,settled
STL92939173,RZP8714635598,15281.47,2026-07-08,settled
STL94493959,RZP1991832025,44859.74,2026-07-02,settled
STL85000314,RZP2708508332,64744.24,2026-07-10,reversed
STL37343329,RZP9166002003,21545.10,2026-07-07,settled
STL64454230,RZP3296526984,49957.97,2026-07-12,settled
STL29026598,RZP2757901716,38662.36,2026-07-09,settled
STL57552019,RZP4253668332,44373.92,2026-07-09,settled
STL48141365,RZP5073343334,27597.23,2026-07-09,reversed
STL69358545,RZP1545653976,22786.13,2026-07-03,settled
STL28528338,RZP3117357768,33666.38,2026-07-15,settled
STL66085588,RZP9405519914,68094.36,2026-07-12,settled
STL63825994,RZP6146514161,52743.96,2026-07-03,settled
STL48287696,RZP1991838864,12198.75,2026-07-08,settled
STL81244037,RZP4555343088,31211.88,2026-07-14,pending
STL84381342,RZP3743933067,8905.10,2026-07-03,settled
STL86864986,RZP3627485100,54147.60,2026-07-15,reversed
STL14473782,RZP9561411865,44722.18,2026-07-09,reversed
STL73482490,RZP2177173316,49991.46,2026-07-15,settled
STL15038516,RZP9114346734,5298.64,2026-07-05,settled
STL86687453,RZP8476402251,58796.33,2026-07-13,settled
STL45392370,RZP5630286975,50923.27,2026-07-07,settled
STL43726394,RZP6892565421,32175.17,2026-07-03,settled
STL86464363,RZP8064625862,58371.64,2026-07-15,settled
STL67074201,RZP5280322768,48467.70,2026-07-02,reversed
STL70203756,RZP9820620666,18651.21,2026-07-14,settled
STL28495379,RZP2808511815,16199.93,2026-07-04,settled
STL46247955,RZP2869969722,57715.53,2026-07-05,settled
STL26926289,RZP7486582151,74673.05,2026-07-05,settled
STL69857441,RZP2323202998,30421.43,2026-07-14,settled
STL87488688,RZP1292734992,34513.50,2026-07-05,reversed
STL78374717,RZP1114894901,61145.91,2026-07-09,settled
STL14073160,RZP4350278757,58260.17,2026-07-12,settled
STL13670871,RZP1605603837,15909.81,2026-07-14,settled
STL21510470,RZP9991026363,40415.88,2026-07-15,settled
STL67736609,RZP8450715748,72491.86,2026-07-14,settled
STL70369365,RZP2668247132,19497.18,2026-07-06,settled
STL53440615,RZP7647058121,5708.79,2026-07-15,settled
STL48314592,RZP5056443447,11985.21,2026-07-12,settled
STL28590334,RZP6580814303,57586.06,2026-07-07,settled
STL29466895,RZP2053633420,16531.22,2026-07-06,settled
STL13695717,RZP6166460322,42141.15,2026-07-01,settled
STL18568064,RZP7910817577,22736.46,2026-07-02,settled
STL75024805,RZP7051440357,64336.97,2026-07-10,settled
STL11585823,RZP6280392812,63658.90,2026-07-15,settled
STL12093972,RZP1380663681,20401.16,2026-07-11,settled
STL51860882,RZP9582806381,13574.78,2026-07-11,settled
STL75131747,RZP7651256953,6667.68,2026-07-06,settled
STL21077745,RZP7135030324,41128.09,2026-07-08,reversed
STL71024383,RZP3592027247,74801.97,2026-07-15,settled
STL69637099,RZP2160598266,12546.08,2026-07-10,settled
STL75593929,RZP2317923785,52073.84,2026-07-03,settled
STL18211636,RZP3227464625,10946.42,2026-07-08,settled
STL63760792,RZP7772317078,26388.47,2026-07-12,settled
STL80531819,RZP2524228529,36125.82,2026-07-14,settled
STL99423281,RZP4996454615,59672.18,2026-07-14,settled
STL40860914,RZP3006192730,16043.34,2026-07-06,pending
STL88176784,RZP4322820022,64785.94,2026-07-09,settled
STL38664986,RZP1627762767,12911.76,2026-07-15,settled
STL35143995,RZP9432850141,66635.90,2026-07-06,settled
STL38543650,RZP9527721463,18765.20,2026-07-15,settled
STL68748976,RZP6104699352,12196.58,2026-07-08,settled
STL46762845,RZP6944213043,27107.22,2026-07-09,settled
STL16875301,RZP7345036844,62480.66,2026-07-02,settled
STL25845304,RZP8390631634,12938.74,2026-07-03,settled
STL39356057,RZP3708842947,5563.61,2026-07-03,settled
STL32732400,RZP4488579543,35538.52,2026-07-12,settled
STL24584120,RZP7002858454,8304.24,2026-07-07,settled
STL30314182,RZP5600924309,15090.06,2026-07-13,settled
STL12280166,RZP4578515141,15518.52,2026-07-07,settled
STL99698735,RZP7061713859,52765.60,2026-07-02,settled
STL16597648,RZP3114311975,57124.72,2026-07-09,settled
STL13522989,RZP6153203317,69103.87,2026-07-01,pending
STL86059375,RZP9106947297,72257.54,2026-07-07,settled
STL92518837,RZP5492615715,29536.09,2026-07-10,settled
STL29461451,RZP8758403661,41037.80,2026-07-09,settled
STL15675419,RZP3261538155,37861.70,2026-07-13,settled
STL47107099,RZP2611452782,73648.47,2026-07-06,reversed
STL90849579,RZP6573524274,34557.94,2026-07-04,reversed
STL23005444,RZP4133117511,65039.26,2026-07-08,settled
STL61635535,RZP3676831869,34352.38,2026-07-07,settled
STL87015244,RZP2108140123,5957.24,2026-07-04,settled
STL80698642,RZP2715645258,8658.93,2026-07-14,settled
STL60542762,RZP2848068225,28570.32,2026-07-03,settled
STL26301180,RZP3362751242,7557.03,2026-07-02,settled
STL90057445,RZP2780831544,44944.53,2026-07-05,settled
STL65446489,RZP1402302158,38228.74,2026-07-14,reversed
STL21658751,RZP4053357957,70007.72,2026-07-09,pending
STL49725601,RZP4993231184,12223.13,2026-07-02,pending
STL95205708,RZP2846721961,53276.46,2026-07-15,settled
STL67794991,RZP5979956135,24593.42,2026-07-11,settled
STL33203466,RZP9744200646,64355.30,2026-07-06,settled
STL15538231,RZP2177603399,26156.54,2026-07-14,settled
STL88218402,RZP3657059704,41172.65,2026-07-15,settled
STL77071604,RZP2751873919,53074.11,2026-07-07,settled
STL35667705,RZP4592782865,36650.86,2026-07-10,settled
STL92217107,RZP9457261985,47509.72,2026-07-06,settled
STL32355818,RZP2302227871,41708.66,2026-07-03,settled
STL19835291,RZP2438556542,52745.00,2026-07-09,settled
STL50553227,RZP8952502057,34695.35,2026-07-04,settled
STL17474155,RZP5961558655,58460.19,2026-07-11,settled
STL51243654,RZP7264495820,35649.84,2026-07-03,settled
STL32966864,RZP7151725654,17922.71,2026-07-01,settled
STL72214791,RZP8391005798,62835.50,2026-07-08,settled
STL87061479,RZP2007192464,1449.83,2026-07-02,settled
STL33367307,RZP9295110210,18731.50,2026-07-03,reversed
STL25239435,RZP8823794152,19708.67,2026-07-11,settled
STL19395470,RZP7523083519,14006.56,2026-07-07,settled
STL43337384,RZP1928539162,27715.78,2026-07-15,reversed
STL66063235,RZP3031423129,30150.54,2026-07-02,settled
STL21516323,RZP1673707631,55671.31,2026-07-04,settled
STL19006154,RZP4261200703,29879.64,2026-07-06,settled
STL48556513,RZP9333120408,19408.73,2026-07-15,settled
STL15126257,RZP3105824567,35771.91,2026-07-14,settled
STL38165279,RZP5670260654,64483.45,2026-07-12,settled
STL16204328,RZP3504270670,17118.53,2026-07-09,settled
STL83103396,RZP6885214441,34496.59,2026-07-10,reversed
STL23145445,RZP9596377061,15665.40,2026-07-09,settled
STL92114934,RZP6911226213,41236.48,2026-07-12,settled
STL20919738,RZP5392049695,23406.99,2026-07-06,reversed
STL78681119,RZP1736081128,8626.88,2026-07-08,settled
STL74217871,RZP1567130806,5658.94,2026-07-02,settled
STL90456945,RZP4902108619,42132.81,2026-07-09,pending
STL96287056,RZP7066138134,33225.87,2026-07-03,settled
STL75011973,RZP6205176145,1765.55,2026-07-11,reversed
STL54377293,RZP5158875951,61264.79,2026-07-13,settled
STL54353315,RZP9625388235,27318.55,2026-07-12,settled
STL10459152,RZP4871997268,51481.59,2026-07-01,settled
STL46975007,RZP1686490457,15551.74,2026-07-05,settled
STL96490527,RZP8842763703,3482.16,2026-07-13,pending
STL45791492,RZP4610508564,15761.20,2026-07-13,pending
STL33363058,RZP6671666706,42985.41,2026-07-14,settled
STL21210481,RZP2824247152,63788.07,2026-07-05,settled
STL35671754,RZP2900243908,38269.30,2026-07-12,pending
STL48470063,RZP6973915016,11441.24,2026-07-14,settled
STL68900892,RZP4249864004,22658.01,2026-07-14,settled
STL13072120,RZP2511456363,13742.71,2026-07-13,settled
STL58258932,RZP3234104205,35478.54,2026-07-12,pending
STL37809859,RZP7791145117,48038.87,2026-07-13,settled
STL54576867,RZP4442119003,72723.79,2026-07-06,settled
STL12970946,RZP1326967312,38971.58,2026-07-03,settled
STL46782333,RZP6685363026,38670.49,2026-07-01,settled
STL23744237,RZP6772914331,58354.37,2026-07-07,reversed
STL46728250,RZP9200146508,58466.29,2026-07-03,settled
STL78102816,RZP1647251216,42861.32,2026-07-02,settled
STL79671135,RZP6944185492,47474.11,2026-07-01,settled
STL58784138,RZP5601238715,67235.51,2026-07-07,settled
STL79811906,RZP8476790330,11129.71,2026-07-01,pending
STL97359172,RZP9208556709,9148.65,2026-07-12,settled
STL88399776,RZP2785207008,25400.36,2026-07-09,settled
STL21894653,RZP1337774612,28799.11,2026-07-09,reversed
STL46702832,RZP5288239645,17480.53,2026-07-13,settled
STL31816939,RZP7591749938,32075.71,2026-07-12,settled
STL93726413,RZP6573353634,44247.02,2026-07-08,settled
STL57964863,RZP7979978982,28852.72,2026-07-07,settled
STL84744466,RZP6987369964,1938.52,2026-07-03,pending
STL88488194,RZP9505520703,22230.62,2026-07-14,settled
STL94201161,RZP6654396790,39903.39,2026-07-15,settled
STL73166821,RZP6327489130,12232.08,2026-07-05,settled
STL85731895,RZP6425814872,35146.82,2026-07-04,settled
STL84825680,RZP2220674635,16508.64,2026-07-08,settled
STL42076387,RZP4319677548,693.68,2026-07-01,settled
STL65871754,RZP6462706053,50165.65,2026-07-01,settled
STL53867649,RZP8785671502,19362.33,2026-07-05,settled
STL85654679,RZP9785613691,11971.65,2026-07-04,settled
STL14236230,RZP3677879711,50507.70,2026-07-04,settled
STL81057233,RZP9618334441,41597.45,2026-07-01,settled
STL70074543,RZP4017037833,1623.15,2026-07-02,settled
STL69852264,RZP1114127251,56322.85,2026-07-02,settled
STL79768720,RZP9534780292,48540.93,2026-07-09,settled
STL98938152,RZP1503338583,8236.24,2026-07-10,settled
STL92824112,RZP2256288444,12418.41,2026-07-09,settled
STL55183120,RZP3392042450,53542.77,2026-07-02,settled
STL17790779,RZP5380192306,13175.56,2026-07-06,settled
STL87170132,RZP1314597900,13760.42,2026-07-05,settled
STL22082835,RZP2527558773,61300.75,2026-07-09,settled
STL61675533,RZP1295400928,66588.66,2026-07-02,settled
STL71140454,RZP4431924209,57290.31,2026-07-01,settled
STL45150315,RZP8093088224,58153.15,2026-07-01,settled
STL86102730,RZP4069611909,43827.16,2026-07-10,settled
STL26972976,RZP5933057363,18914.29,2026-07-11,settled
STL74431822,RZP8196375720,58278.63,2026-07-08,settled
STL23772773,RZP6175261010,31220.81,2026-07-12,settled
STL22346755,RZP8608819956,58103.23,2026-07-13,settled
STL35577249,RZP4702520449,12107.75,2026-07-11,pending
STL96102513,RZP8300180828,64730.38,2026-07-04,settled
STL91018658,RZP6596147038,19769.35,2026-07-11,settled
STL92877501,RZP3124520522,32207.10,2026-07-05,settled
STL17435827,RZP4121980490,27334.39,2026-07-15,settled
STL57492367,RZP6442659483,11087.85,2026-07-05,settled
STL18883684,RZP4529615275,60475.91,2026-07-07,settled
STL89108513,RZP5570205299,16484.71,2026-07-04,settled
STL43314826,RZP6494453109,18811.27,2026-07-03,settled
STL51890982,RZP8040860433,16152.48,2026-07-10,reversed
STL76790446,RZP9605108260,57521.99,2026-07-01,settled
STL69175071,RZP2021795614,3565.78,2026-07-06,settled
STL22792573,RZP4073876782,31870.02,2026-07-07,reversed
STL79875077,RZP5608088188,6754.30,2026-07-03,settled
STL51452961,RZP1057087328,2080.40,2026-07-13,settled
STL33334063,RZP3752298269,61369.23,2026-07-06,reversed
STL84787394,RZP9669084497,15404.68,2026-07-07,settled
STL21946991,RZP9555880976,27142.03,2026-07-12,settled
STL73282654,RZP3337881664,14783.76,2026-07-01,settled
STL68730620,RZP6894561436,22608.50,2026-07-01,settled
STL10644042,RZP7905984635,28759.38,2026-07-02,settled
STL52658039,RZP2348932586,55335.51,2026-07-06,settled
STL27551376,RZP4788947574,55942.92,2026-07-13,settled
STL72031070,RZP2936755326,19331.11,2026-07-09,settled
STL63531262,RZP6112677798,53315.24,2026-07-06,pending
STL14989228,RZP3916289369,72323.28,2026-07-06,settled
STL13027878,RZP9011357588,73346.99,2026-07-04,settled
STL24283617,RZP4288613697,9806.13,2026-07-07,pending
STL25955956,RZP5976243662,18223.02,2026-07-12,settled
STL74764464,RZP6676270920,66901.12,2026-07-10,settled
STL65433904,RZP6101071818,10414.59,2026-07-10,settled
STL14838693,RZP8553002925,23795.88,2026-07-08,settled
STL98908264,RZP6528788381,72717.48,2026-07-06,settled
STL55063823,RZP5752190436,9755.79,2026-07-05,settled
STL63714074,RZP2360027793,53973.70,2026-07-07,settled
STL50119013,RZP6157536180,29699.12,2026-07-05,pending
STL40532691,RZP3651968205,17990.38,2026-07-11,settled
STL16400189,RZP6108868048,23923.38,2026-07-11,pending
STL26445384,RZP4475911318,7352.41,2026-07-14,settled
STL80405670,RZP2597120365,38509.60,2026-07-01,settled
STL25586327,RZP9125733677,9684.84,2026-07-03,settled
STL13074636,RZP7085865776,51490.48,2026-07-15,settled
STL21660445,RZP7330565158,73544.11,2026-07-07,settled
STL50781927,RZP2294809087,73074.46,2026-07-03,reversed
STL47137108,RZP6313784767,44260.22,2026-07-10,settled
STL70655552,RZP7316338369,22342.96,2026-07-06,settled
STL19834876,RZP5236075319,7206.01,2026-07-02,settled
STL91709974,RZP2410713142,68594.36,2026-07-03,settled
STL38414751,RZP9777186310,3732.37,2026-07-01,settled
STL17835842,RZP8812592505,57313.39,2026-07-03,settled
STL95103759,RZP4149337748,7293.75,2026-07-12,settled
STL35556386,RZP7769777475,18603.29,2026-07-08,settled
STL81483531,RZP7743250395,12508.21,2026-07-03,settled
STL15379569,RZP7193796102,51841.45,2026-07-12,settled
STL44373881,RZP7291975298,73718.85,2026-07-04,settled
STL59371260,RZP7419418819,42841.77,2026-07-10,settled
STL47762314,RZP2505097873,64850.89,2026-07-03,settled
STL58397866,RZP2345482726,73399.49,2026-07-08,settled
STL14559011,RZP4635748298,44377.02,2026-07-08,settled
STL72461873,RZP4677125037,37901.93,2026-07-05,settled
STL91703604,RZP2310601021,40845.41,2026-07-06,settled
STL69274499,RZP6642076202,53563.93,2026-07-12,settled
STL71790456,RZP8625962172,49863.13,2026-07-11,settled
STL65527054,RZP8198053217,15817.34,2026-07-13,settled
STL87545284,RZP8132511708,54586.93,2026-07-03,settled
STL13695007,RZP6281887398,21354.26,2026-07-01,settled
STL77599811,RZP7002325259,5227.74,2026-07-01,settled
STL84581396,RZP4833996253,24007.95,2026-07-08,settled
STL67364553,RZP8495531112,16294.61,2026-07-04,settled
STL97728343,RZP1165697432,57022.58,2026-07-01,reversed
STL53901051,RZP8712873595,20090.76,2026-07-04,reversed
STL99318193,RZP7595878961,55779.33,2026-07-02,reversed
STL57274797,RZP4142432955,27422.53,2026-07-06,settled
STL72060060,RZP9186428264,55951.82,2026-07-14,settled
STL95710818,RZP1744814397,54482.16,2026-07-15,settled
STL50900605,RZP6559524388,33489.99,2026-07-15,settled
STL71196456,RZP7022116624,18254.51,2026-07-11,settled
STL96557984,RZP4018696945,6660.12,2026-07-14,settled
STL32596671,RZP5751627413,41252.48,2026-07-02,settled
STL15967458,RZP6276410031,37011.89,2026-07-13,settled
STL19871911,RZP2275581214,74330.04,2026-07-14,pending
STL90798118,RZP6040246870,19893.04,2026-07-11,settled
STL73641389,RZP6296431102,14281.50,2026-07-15,settled
STL18303450,RZP5728943081,65653.73,2026-07-07,settled
STL15368465,RZP5003792558,66704.77,2026-07-01,reversed
STL31779411,RZP4298673916,16389.90,2026-07-07,settled
STL40980281,RZP7013236576,11844.13,2026-07-04,settled
STL63937325,RZP3511929789,28229.28,2026-07-12,reversed
STL74586732,RZP7562709235,5098.94,2026-07-12,settled
STL76430397,RZP8916859335,5823.89,2026-07-10,settled
STL75030273,RZP4740176476,23177.90,2026-07-06,settled
STL81871634,RZP5468317287,44203.94,2026-07-10,settled
STL83509785,RZP3829998009,663.67,2026-07-06,settled
STL41943532,RZP7130810894,40131.24,2026-07-07,reversed
STL58449370,RZP3171378125,5355.66,2026-07-04,reversed
STL77387218,RZP8505961798,24054.99,2026-07-03,pending
STL30370571,RZP4220479048,24678.64,2026-07-13,settled
STL11715535,RZP9754446168,3860.90,2026-07-08,settled
STL91615182,RZP3321364988,11790.61,2026-07-06,settled
STL33065935,RZP6710007310,37938.20,2026-07-08,settled
